<?xml version="1.0" encoding="UTF-8"?>
<kml xmlns="http://www.opengis.net/kml/2.2"
xmlns:gx="http://www.google.com/kml/ext/2.2"
xmlns:atom="http://www.w3.org/2005/Atom">
<Document>
<open>1</open>
<visibility>1</visibility>
<name><![CDATA[Ruta del reciclador Wilbert]]></name>
<description><![CDATA[]]></description>
<routetype>10</routetype>
<atom:author><atom:name><![CDATA[Created by My Tracks from Daniel Qin]]></atom:name></atom:author>
<Style id="track">
<LineStyle><color>7f0000ff</color><width>4</width></LineStyle>
<IconStyle>
<scale>1.3</scale>
<Icon><href>https://earth.google.com/images/kml-icons/track-directional/track-0.png</href></Icon>
</IconStyle>
</Style>
<Style id="start"><IconStyle>
<scale>1.3</scale>
<Icon><href>https://maps.google.com/mapfiles/kml/paddle/grn-circle.png</href></Icon>
<hotSpot x="32" y="1" xunits="pixels" yunits="pixels"/>
</IconStyle></Style>
<Style id="end"><IconStyle>
<scale>1.3</scale>
<Icon><href>https://maps.google.com/mapfiles/kml/paddle/red-circle.png</href></Icon>
<hotSpot x="32" y="1" xunits="pixels" yunits="pixels"/>
</IconStyle></Style>
<Style id="statistics"><IconStyle>
<scale>1.3</scale>
<Icon><href>https://maps.google.com/mapfiles/kml/pushpin/ylw-pushpin.png</href></Icon>
<hotSpot x="20" y="2" xunits="pixels" yunits="pixels"/>
</IconStyle></Style>
<Style id="waypoint"><IconStyle>
<scale>1.3</scale>
<Icon><href>https://maps.google.com/mapfiles/kml/pushpin/blue-pushpin.png</href></Icon>
<hotSpot x="20" y="2" xunits="pixels" yunits="pixels"/>
</IconStyle></Style>
<Schema id="schema">
<gx:SimpleArrayField name="power" type="int">
<displayName><![CDATA[Power (W)]]></displayName>
</gx:SimpleArrayField>
<gx:SimpleArrayField name="cadence" type="int">
<displayName><![CDATA[Cadence (rpm)]]></displayName>
</gx:SimpleArrayField>
<gx:SimpleArrayField name="heart_rate" type="int">
<displayName><![CDATA[Heart rate (bpm)]]></displayName>
</gx:SimpleArrayField>
</Schema>
<Folder><name><![CDATA[Rutas]]></name>
<open>1</open>
<Placemark>
<name><![CDATA[comienzo]]></name>
<description><![CDATA[]]></description>
<TimeStamp><when>2025-02-06T14:41:27.515Z</when></TimeStamp>
<styleUrl>#start</styleUrl>
<Point>
<coordinates>-71.90341,-13.537096,3302.9001</coordinates>
</Point>
</Placemark>
<Placemark id="tour">
<name><![CDATA[Ruta del reciclador Wilbert]]></name>
<description></description>
<styleUrl>#track</styleUrl>
<gx:MultiTrack>
<altitudeMode>absolute</altitudeMode>
<gx:interpolate>0</gx:interpolate>
<gx:Track>
<when>2025-02-06T14:41:27.515Z</when>
<when>2025-02-06T14:41:28.516Z</when>
<when>2025-02-06T14:41:29.516Z</when>
<when>2025-02-06T14:41:30.516Z</when>
<when>2025-02-06T14:41:35.516Z</when>
<when>2025-02-06T14:41:38.347Z</when>
<when>2025-02-06T14:41:41.516Z</when>
<when>2025-02-06T14:41:44.516Z</when>
<when>2025-02-06T14:41:47.587Z</when>
<when>2025-02-06T14:41:50.516Z</when>
<when>2025-02-06T14:41:53.537Z</when>
<when>2025-02-06T14:41:56.472Z</when>
<when>2025-02-06T14:41:59.491Z</when>
<when>2025-02-06T14:42:02.516Z</when>
<when>2025-02-06T14:42:05.515Z</when>
<when>2025-02-06T14:42:08.516Z</when>
<when>2025-02-06T14:42:11.409Z</when>
<when>2025-02-06T14:42:14.407Z</when>
<when>2025-02-06T14:42:17.160Z</when>
<when>2025-02-06T14:42:20.271Z</when>
<when>2025-02-06T14:42:23.086Z</when>
<when>2025-02-06T14:42:25.990Z</when>
<when>2025-02-06T14:42:29.606Z</when>
<when>2025-02-06T14:42:32.315Z</when>
<when>2025-02-06T14:42:35.332Z</when>
<when>2025-02-06T14:42:38.426Z</when>
<when>2025-02-06T14:42:41.586Z</when>
<when>2025-02-06T14:42:44.516Z</when>
<when>2025-02-06T14:42:47.592Z</when>
<when>2025-02-06T14:42:50.516Z</when>
<when>2025-02-06T14:42:53.516Z</when>
<when>2025-02-06T14:42:56.610Z</when>
<when>2025-02-06T14:42:59.516Z</when>
<when>2025-02-06T14:43:02.602Z</when>
<when>2025-02-06T14:43:05.516Z</when>
<when>2025-02-06T14:43:08.332Z</when>
<when>2025-02-06T14:43:11.393Z</when>
<when>2025-02-06T14:43:14.190Z</when>
<when>2025-02-06T14:43:17.589Z</when>
<when>2025-02-06T14:43:20.590Z</when>
<when>2025-02-06T14:43:23.601Z</when>
<when>2025-02-06T14:43:26.596Z</when>
<when>2025-02-06T14:43:29.516Z</when>
<when>2025-02-06T14:43:32.550Z</when>
<when>2025-02-06T14:43:35.583Z</when>
<when>2025-02-06T14:43:38.389Z</when>
<when>2025-02-06T14:43:41.586Z</when>
<when>2025-02-06T14:43:44.516Z</when>
<when>2025-02-06T14:43:47.583Z</when>
<when>2025-02-06T14:43:50.589Z</when>
<when>2025-02-06T14:43:53.516Z</when>
<when>2025-02-06T14:43:56.589Z</when>
<when>2025-02-06T14:43:59.591Z</when>
<when>2025-02-06T14:44:02.537Z</when>
<when>2025-02-06T14:44:05.588Z</when>
<when>2025-02-06T14:44:08.516Z</when>
<when>2025-02-06T14:44:14.606Z</when>
<when>2025-02-06T14:44:17.516Z</when>
<when>2025-02-06T14:44:23.546Z</when>
<when>2025-02-06T14:44:26.516Z</when>
<when>2025-02-06T14:44:29.516Z</when>
<when>2025-02-06T14:44:32.515Z</when>
<when>2025-02-06T14:44:35.516Z</when>
<when>2025-02-06T14:44:38.516Z</when>
<when>2025-02-06T14:44:41.516Z</when>
<when>2025-02-06T14:44:44.516Z</when>
<when>2025-02-06T14:44:47.516Z</when>
<when>2025-02-06T14:44:50.516Z</when>
<when>2025-02-06T14:44:53.516Z</when>
<when>2025-02-06T14:44:56.516Z</when>
<when>2025-02-06T14:44:59.516Z</when>
<when>2025-02-06T14:45:02.515Z</when>
<when>2025-02-06T14:45:05.516Z</when>
<when>2025-02-06T14:45:08.516Z</when>
<when>2025-02-06T14:45:11.515Z</when>
<when>2025-02-06T14:45:14.516Z</when>
<when>2025-02-06T14:45:17.308Z</when>
<when>2025-02-06T14:45:20.186Z</when>
<when>2025-02-06T14:45:23.488Z</when>
<when>2025-02-06T14:45:26.516Z</when>
<when>2025-02-06T14:45:29.516Z</when>
<when>2025-02-06T14:45:32.246Z</when>
<when>2025-02-06T14:45:35.389Z</when>
<when>2025-02-06T14:45:38.513Z</when>
<when>2025-02-06T14:45:41.533Z</when>
<when>2025-02-06T14:45:44.516Z</when>
<when>2025-02-06T14:45:47.364Z</when>
<when>2025-02-06T14:45:50.516Z</when>
<when>2025-02-06T14:45:53.353Z</when>
<when>2025-02-06T14:45:56.516Z</when>
<when>2025-02-06T14:45:59.587Z</when>
<when>2025-02-06T14:46:02.591Z</when>
<when>2025-02-06T14:46:05.516Z</when>
<when>2025-02-06T14:46:08.515Z</when>
<when>2025-02-06T14:46:11.515Z</when>
<when>2025-02-06T14:46:14.515Z</when>
<when>2025-02-06T14:46:17.516Z</when>
<when>2025-02-06T14:46:20.515Z</when>
<when>2025-02-06T14:46:23.516Z</when>
<when>2025-02-06T14:46:26.516Z</when>
<when>2025-02-06T14:46:29.516Z</when>
<when>2025-02-06T14:46:32.516Z</when>
<when>2025-02-06T14:46:35.516Z</when>
<when>2025-02-06T14:46:38.516Z</when>
<when>2025-02-06T14:46:41.516Z</when>
<when>2025-02-06T14:46:44.516Z</when>
<when>2025-02-06T14:46:47.516Z</when>
<when>2025-02-06T14:46:50.390Z</when>
<when>2025-02-06T14:46:53.602Z</when>
<when>2025-02-06T14:46:56.598Z</when>
<when>2025-02-06T14:46:59.516Z</when>
<when>2025-02-06T14:47:05.570Z</when>
<when>2025-02-06T14:47:08.516Z</when>
<when>2025-02-06T14:47:11.599Z</when>
<when>2025-02-06T14:47:14.516Z</when>
<when>2025-02-06T14:47:17.593Z</when>
<when>2025-02-06T14:47:20.599Z</when>
<when>2025-02-06T14:47:23.516Z</when>
<when>2025-02-06T14:47:26.594Z</when>
<when>2025-02-06T14:47:29.610Z</when>
<when>2025-02-06T14:47:32.406Z</when>
<when>2025-02-06T14:47:35.242Z</when>
<when>2025-02-06T14:47:38.490Z</when>
<when>2025-02-06T14:47:41.515Z</when>
<when>2025-02-06T14:47:44.286Z</when>
<when>2025-02-06T14:47:47.514Z</when>
<when>2025-02-06T14:47:50.515Z</when>
<when>2025-02-06T14:47:53.473Z</when>
<when>2025-02-06T14:47:56.250Z</when>
<when>2025-02-06T14:47:59.451Z</when>
<when>2025-02-06T14:48:02.514Z</when>
<when>2025-02-06T14:48:05.236Z</when>
<when>2025-02-06T14:48:08.515Z</when>
<when>2025-02-06T14:48:11.536Z</when>
<when>2025-02-06T14:48:14.514Z</when>
<when>2025-02-06T14:48:17.515Z</when>
<when>2025-02-06T14:48:20.515Z</when>
<when>2025-02-06T14:48:23.515Z</when>
<when>2025-02-06T14:48:26.537Z</when>
<when>2025-02-06T14:48:29.515Z</when>
<when>2025-02-06T14:48:32.515Z</when>
<when>2025-02-06T14:48:35.515Z</when>
<when>2025-02-06T14:48:38.514Z</when>
<when>2025-02-06T14:48:41.515Z</when>
<when>2025-02-06T14:48:44.514Z</when>
<when>2025-02-06T14:48:47.515Z</when>
<when>2025-02-06T14:48:50.515Z</when>
<when>2025-02-06T14:48:53.515Z</when>
<when>2025-02-06T14:48:56.515Z</when>
<when>2025-02-06T14:48:59.515Z</when>
<when>2025-02-06T14:49:02.515Z</when>
<when>2025-02-06T14:49:05.515Z</when>
<when>2025-02-06T14:49:08.515Z</when>
<when>2025-02-06T14:49:11.515Z</when>
<when>2025-02-06T14:49:14.514Z</when>
<when>2025-02-06T14:49:17.515Z</when>
<when>2025-02-06T14:49:20.515Z</when>
<when>2025-02-06T14:49:23.515Z</when>
<when>2025-02-06T14:49:26.514Z</when>
<when>2025-02-06T14:49:29.515Z</when>
<when>2025-02-06T14:49:32.515Z</when>
<when>2025-02-06T14:49:35.515Z</when>
<when>2025-02-06T14:49:41.603Z</when>
<when>2025-02-06T14:49:44.303Z</when>
<when>2025-02-06T14:49:47.211Z</when>
<when>2025-02-06T14:49:50.262Z</when>
<when>2025-02-06T14:49:53.481Z</when>
<when>2025-02-06T14:49:56.514Z</when>
<when>2025-02-06T14:49:59.458Z</when>
<when>2025-02-06T14:50:02.446Z</when>
<when>2025-02-06T14:50:05.206Z</when>
<when>2025-02-06T14:50:08.515Z</when>
<when>2025-02-06T14:50:11.515Z</when>
<when>2025-02-06T14:50:14.515Z</when>
<when>2025-02-06T14:50:17.515Z</when>
<when>2025-02-06T14:50:20.514Z</when>
<when>2025-02-06T14:50:23.515Z</when>
<when>2025-02-06T14:50:26.514Z</when>
<when>2025-02-06T14:50:29.515Z</when>
<when>2025-02-06T14:50:32.515Z</when>
<when>2025-02-06T14:50:35.514Z</when>
<when>2025-02-06T14:50:38.515Z</when>
<when>2025-02-06T14:50:41.515Z</when>
<when>2025-02-06T14:50:44.515Z</when>
<when>2025-02-06T14:50:47.515Z</when>
<when>2025-02-06T14:50:50.515Z</when>
<when>2025-02-06T14:50:53.515Z</when>
<when>2025-02-06T14:50:56.515Z</when>
<when>2025-02-06T14:50:59.515Z</when>
<when>2025-02-06T14:51:02.408Z</when>
<when>2025-02-06T14:51:05.594Z</when>
<when>2025-02-06T14:51:08.515Z</when>
<when>2025-02-06T14:51:11.590Z</when>
<when>2025-02-06T14:51:14.515Z</when>
<when>2025-02-06T14:51:17.515Z</when>
<when>2025-02-06T14:51:20.515Z</when>
<when>2025-02-06T14:51:23.514Z</when>
<when>2025-02-06T14:51:26.390Z</when>
<when>2025-02-06T14:51:29.515Z</when>
<when>2025-02-06T14:51:32.515Z</when>
<when>2025-02-06T14:51:35.515Z</when>
<when>2025-02-06T14:51:38.515Z</when>
<when>2025-02-06T14:51:41.515Z</when>
<when>2025-02-06T14:51:44.514Z</when>
<when>2025-02-06T14:51:47.515Z</when>
<when>2025-02-06T14:51:50.515Z</when>
<when>2025-02-06T14:51:53.515Z</when>
<when>2025-02-06T14:51:56.515Z</when>
<when>2025-02-06T14:51:59.515Z</when>
<when>2025-02-06T14:52:02.515Z</when>
<when>2025-02-06T14:52:05.514Z</when>
<when>2025-02-06T14:52:08.515Z</when>
<when>2025-02-06T14:52:11.514Z</when>
<when>2025-02-06T14:52:14.515Z</when>
<when>2025-02-06T14:52:17.515Z</when>
<when>2025-02-06T14:52:20.515Z</when>
<when>2025-02-06T14:52:23.515Z</when>
<when>2025-02-06T14:52:26.515Z</when>
<when>2025-02-06T14:52:29.515Z</when>
<when>2025-02-06T14:52:32.515Z</when>
<when>2025-02-06T14:52:35.515Z</when>
<when>2025-02-06T14:52:38.514Z</when>
<when>2025-02-06T14:52:41.515Z</when>
<when>2025-02-06T14:52:44.515Z</when>
<when>2025-02-06T14:52:47.515Z</when>
<when>2025-02-06T14:52:50.515Z</when>
<when>2025-02-06T14:52:53.515Z</when>
<when>2025-02-06T14:52:56.515Z</when>
<when>2025-02-06T14:52:59.335Z</when>
<when>2025-02-06T14:53:02.370Z</when>
<when>2025-02-06T14:53:05.515Z</when>
<when>2025-02-06T14:53:08.514Z</when>
<when>2025-02-06T14:53:11.365Z</when>
<when>2025-02-06T14:53:14.515Z</when>
<when>2025-02-06T14:53:17.515Z</when>
<when>2025-02-06T14:53:20.369Z</when>
<when>2025-02-06T14:53:23.128Z</when>
<when>2025-02-06T14:53:26.289Z</when>
<when>2025-02-06T14:53:29.393Z</when>
<when>2025-02-06T14:53:32.515Z</when>
<when>2025-02-06T14:53:35.514Z</when>
<when>2025-02-06T14:53:38.331Z</when>
<when>2025-02-06T14:53:41.408Z</when>
<when>2025-02-06T14:53:44.514Z</when>
<when>2025-02-06T14:53:47.515Z</when>
<when>2025-02-06T14:53:50.288Z</when>
<when>2025-02-06T14:53:53.370Z</when>
<when>2025-02-06T14:53:56.512Z</when>
<when>2025-02-06T14:53:59.509Z</when>
<when>2025-02-06T14:54:02.547Z</when>
<when>2025-02-06T14:54:05.515Z</when>
<when>2025-02-06T14:54:08.242Z</when>
<when>2025-02-06T14:54:11.407Z</when>
<when>2025-02-06T14:54:14.185Z</when>
<when>2025-02-06T14:54:16.954Z</when>
<when>2025-02-06T14:54:19.808Z</when>
<when>2025-02-06T14:54:22.568Z</when>
<when>2025-02-06T14:54:25.307Z</when>
<when>2025-02-06T14:54:28.026Z</when>
<when>2025-02-06T14:54:30.767Z</when>
<when>2025-02-06T14:54:33.526Z</when>
<when>2025-02-06T14:54:36.425Z</when>
<when>2025-02-06T14:54:39.687Z</when>
<when>2025-02-06T14:54:42.453Z</when>
<when>2025-02-06T14:54:45.633Z</when>
<when>2025-02-06T14:54:48.436Z</when>
<when>2025-02-06T14:54:51.284Z</when>
<when>2025-02-06T14:54:54.447Z</when>
<when>2025-02-06T14:54:57.750Z</when>
<when>2025-02-06T14:55:00.988Z</when>
<when>2025-02-06T14:55:04.187Z</when>
<when>2025-02-06T14:55:07.013Z</when>
<when>2025-02-06T14:55:09.797Z</when>
<when>2025-02-06T14:55:12.531Z</when>
<when>2025-02-06T14:55:15.310Z</when>
<when>2025-02-06T14:55:18.437Z</when>
<when>2025-02-06T14:55:21.152Z</when>
<when>2025-02-06T14:55:24.628Z</when>
<when>2025-02-06T14:55:27.532Z</when>
<when>2025-02-06T14:55:30.386Z</when>
<when>2025-02-06T14:55:33.345Z</when>
<when>2025-02-06T14:55:36.172Z</when>
<when>2025-02-06T14:55:39.354Z</when>
<when>2025-02-06T14:55:42.189Z</when>
<when>2025-02-06T14:55:45.494Z</when>
<when>2025-02-06T14:55:48.440Z</when>
<when>2025-02-06T14:55:51.269Z</when>
<when>2025-02-06T14:55:54.151Z</when>
<when>2025-02-06T14:55:57.390Z</when>
<when>2025-02-06T14:56:00.149Z</when>
<when>2025-02-06T14:56:03.014Z</when>
<when>2025-02-06T14:56:05.773Z</when>
<when>2025-02-06T14:56:08.515Z</when>
<when>2025-02-06T14:56:11.515Z</when>
<when>2025-02-06T14:56:14.307Z</when>
<when>2025-02-06T14:56:17.515Z</when>
<when>2025-02-06T14:56:20.515Z</when>
<when>2025-02-06T14:56:23.515Z</when>
<when>2025-02-06T14:56:26.514Z</when>
<when>2025-02-06T14:56:29.515Z</when>
<when>2025-02-06T14:56:32.515Z</when>
<when>2025-02-06T14:56:35.514Z</when>
<when>2025-02-06T14:56:38.515Z</when>
<when>2025-02-06T14:56:41.515Z</when>
<when>2025-02-06T14:56:44.515Z</when>
<when>2025-02-06T14:56:47.515Z</when>
<when>2025-02-06T14:56:50.515Z</when>
<when>2025-02-06T14:56:53.515Z</when>
<when>2025-02-06T14:56:56.515Z</when>
<when>2025-02-06T14:56:59.511Z</when>
<when>2025-02-06T14:57:02.432Z</when>
<when>2025-02-06T14:57:05.514Z</when>
<when>2025-02-06T14:57:08.515Z</when>
<when>2025-02-06T14:57:11.516Z</when>
<when>2025-02-06T14:57:14.514Z</when>
<when>2025-02-06T14:57:17.514Z</when>
<when>2025-02-06T14:57:20.515Z</when>
<when>2025-02-06T14:57:23.515Z</when>
<when>2025-02-06T14:57:26.515Z</when>
<when>2025-02-06T14:57:29.515Z</when>
<when>2025-02-06T14:57:32.515Z</when>
<when>2025-02-06T14:57:35.515Z</when>
<when>2025-02-06T14:57:38.515Z</when>
<when>2025-02-06T14:57:41.225Z</when>
<when>2025-02-06T14:57:44.474Z</when>
<when>2025-02-06T14:57:47.515Z</when>
<when>2025-02-06T14:57:50.515Z</when>
<when>2025-02-06T14:57:53.514Z</when>
<when>2025-02-06T14:57:56.515Z</when>
<when>2025-02-06T14:57:59.514Z</when>
<when>2025-02-06T14:58:02.515Z</when>
<when>2025-02-06T14:58:05.326Z</when>
<when>2025-02-06T14:58:08.449Z</when>
<when>2025-02-06T14:58:11.408Z</when>
<when>2025-02-06T14:58:14.350Z</when>
<when>2025-02-06T14:58:17.252Z</when>
<when>2025-02-06T14:58:20.194Z</when>
<when>2025-02-06T14:58:23.345Z</when>
<when>2025-02-06T14:58:26.345Z</when>
<when>2025-02-06T14:58:29.312Z</when>
<when>2025-02-06T14:58:32.515Z</when>
<when>2025-02-06T14:58:35.515Z</when>
<when>2025-02-06T14:58:38.514Z</when>
<when>2025-02-06T14:58:41.515Z</when>
<when>2025-02-06T14:58:44.515Z</when>
<when>2025-02-06T14:58:47.515Z</when>
<when>2025-02-06T14:58:50.515Z</when>
<when>2025-02-06T14:58:53.515Z</when>
<when>2025-02-06T14:58:56.515Z</when>
<when>2025-02-06T14:58:59.514Z</when>
<when>2025-02-06T14:59:02.514Z</when>
<when>2025-02-06T14:59:05.515Z</when>
<when>2025-02-06T14:59:08.515Z</when>
<when>2025-02-06T14:59:11.515Z</when>
<when>2025-02-06T14:59:14.515Z</when>
<when>2025-02-06T14:59:17.514Z</when>
<when>2025-02-06T14:59:20.515Z</when>
<when>2025-02-06T14:59:23.515Z</when>
<when>2025-02-06T14:59:26.515Z</when>
<when>2025-02-06T14:59:29.514Z</when>
<when>2025-02-06T14:59:32.515Z</when>
<when>2025-02-06T14:59:35.515Z</when>
<when>2025-02-06T14:59:38.515Z</when>
<when>2025-02-06T14:59:41.514Z</when>
<when>2025-02-06T14:59:44.515Z</when>
<when>2025-02-06T14:59:47.515Z</when>
<when>2025-02-06T14:59:50.514Z</when>
<when>2025-02-06T14:59:53.514Z</when>
<when>2025-02-06T14:59:56.515Z</when>
<when>2025-02-06T14:59:59.514Z</when>
<when>2025-02-06T15:00:02.515Z</when>
<when>2025-02-06T15:00:05.515Z</when>
<when>2025-02-06T15:00:08.515Z</when>
<when>2025-02-06T15:00:11.515Z</when>
<when>2025-02-06T15:00:14.515Z</when>
<when>2025-02-06T15:00:17.515Z</when>
<when>2025-02-06T15:00:20.514Z</when>
<when>2025-02-06T15:00:23.515Z</when>
<when>2025-02-06T15:00:26.515Z</when>
<when>2025-02-06T15:00:29.515Z</when>
<when>2025-02-06T15:00:32.514Z</when>
<when>2025-02-06T15:00:35.514Z</when>
<when>2025-02-06T15:00:38.515Z</when>
<when>2025-02-06T15:00:41.346Z</when>
<when>2025-02-06T15:00:44.351Z</when>
<when>2025-02-06T15:00:47.515Z</when>
<when>2025-02-06T15:00:50.515Z</when>
<when>2025-02-06T15:00:53.515Z</when>
<when>2025-02-06T15:00:56.515Z</when>
<when>2025-02-06T15:00:59.514Z</when>
<when>2025-02-06T15:01:02.515Z</when>
<when>2025-02-06T15:01:05.515Z</when>
<when>2025-02-06T15:01:08.515Z</when>
<when>2025-02-06T15:01:11.515Z</when>
<when>2025-02-06T15:01:14.515Z</when>
<when>2025-02-06T15:01:17.515Z</when>
<when>2025-02-06T15:01:20.391Z</when>
<when>2025-02-06T15:01:23.515Z</when>
<when>2025-02-06T15:01:26.476Z</when>
<when>2025-02-06T15:01:29.515Z</when>
<when>2025-02-06T15:01:32.515Z</when>
<when>2025-02-06T15:01:35.515Z</when>
<when>2025-02-06T15:01:38.515Z</when>
<when>2025-02-06T15:01:41.515Z</when>
<when>2025-02-06T15:01:44.515Z</when>
<when>2025-02-06T15:01:47.515Z</when>
<when>2025-02-06T15:01:50.515Z</when>
<when>2025-02-06T15:01:53.515Z</when>
<when>2025-02-06T15:01:56.514Z</when>
<when>2025-02-06T15:01:59.515Z</when>
<when>2025-02-06T15:02:02.515Z</when>
<when>2025-02-06T15:02:05.515Z</when>
<when>2025-02-06T15:02:08.514Z</when>
<when>2025-02-06T15:02:11.515Z</when>
<when>2025-02-06T15:02:14.515Z</when>
<when>2025-02-06T15:02:17.346Z</when>
<when>2025-02-06T15:02:20.515Z</when>
<when>2025-02-06T15:02:23.514Z</when>
<when>2025-02-06T15:02:26.515Z</when>
<when>2025-02-06T15:02:29.515Z</when>
<when>2025-02-06T15:02:32.515Z</when>
<when>2025-02-06T15:02:35.514Z</when>
<when>2025-02-06T15:02:38.515Z</when>
<when>2025-02-06T15:02:41.515Z</when>
<when>2025-02-06T15:02:44.515Z</when>
<when>2025-02-06T15:02:47.515Z</when>
<when>2025-02-06T15:02:50.515Z</when>
<when>2025-02-06T15:02:53.514Z</when>
<when>2025-02-06T15:02:56.514Z</when>
<when>2025-02-06T15:02:59.515Z</when>
<when>2025-02-06T15:03:02.515Z</when>
<when>2025-02-06T15:03:05.515Z</when>
<when>2025-02-06T15:03:08.515Z</when>
<when>2025-02-06T15:03:10.515Z</when>
<when>2025-02-06T15:03:11.515Z</when>
<when>2025-02-06T15:03:12.514Z</when>
<when>2025-02-06T15:03:13.515Z</when>
<when>2025-02-06T15:03:14.515Z</when>
<when>2025-02-06T15:03:15.515Z</when>
<when>2025-02-06T15:03:16.514Z</when>
<when>2025-02-06T15:03:17.513Z</when>
<when>2025-02-06T15:03:18.514Z</when>
<when>2025-02-06T15:03:19.514Z</when>
<when>2025-02-06T15:03:23.433Z</when>
<when>2025-02-06T15:03:26.514Z</when>
<when>2025-02-06T15:03:29.512Z</when>
<when>2025-02-06T15:03:32.514Z</when>
<when>2025-02-06T15:03:35.514Z</when>
<when>2025-02-06T15:03:38.513Z</when>
<when>2025-02-06T15:03:41.514Z</when>
<when>2025-02-06T15:03:44.514Z</when>
<when>2025-02-06T15:03:47.514Z</when>
<when>2025-02-06T15:03:50.514Z</when>
<when>2025-02-06T15:03:53.514Z</when>
<when>2025-02-06T15:03:56.514Z</when>
<when>2025-02-06T15:03:59.513Z</when>
<when>2025-02-06T15:04:02.514Z</when>
<when>2025-02-06T15:04:05.514Z</when>
<when>2025-02-06T15:04:08.514Z</when>
<when>2025-02-06T15:04:11.514Z</when>
<when>2025-02-06T15:04:14.514Z</when>
<when>2025-02-06T15:04:17.514Z</when>
<when>2025-02-06T15:04:20.514Z</when>
<when>2025-02-06T15:04:23.514Z</when>
<when>2025-02-06T15:04:26.514Z</when>
<when>2025-02-06T15:04:29.513Z</when>
<when>2025-02-06T15:04:32.514Z</when>
<when>2025-02-06T15:04:35.514Z</when>
<when>2025-02-06T15:04:38.514Z</when>
<when>2025-02-06T15:04:41.514Z</when>
<when>2025-02-06T15:04:44.514Z</when>
<when>2025-02-06T15:04:47.514Z</when>
<when>2025-02-06T15:04:50.514Z</when>
<when>2025-02-06T15:04:53.513Z</when>
<when>2025-02-06T15:04:56.514Z</when>
<when>2025-02-06T15:04:59.514Z</when>
<when>2025-02-06T15:05:02.513Z</when>
<when>2025-02-06T15:05:05.513Z</when>
<when>2025-02-06T15:05:08.513Z</when>
<when>2025-02-06T15:05:11.514Z</when>
<when>2025-02-06T15:05:14.514Z</when>
<when>2025-02-06T15:05:17.514Z</when>
<when>2025-02-06T15:05:20.514Z</when>
<when>2025-02-06T15:05:23.514Z</when>
<when>2025-02-06T15:05:26.514Z</when>
<when>2025-02-06T15:05:29.514Z</when>
<when>2025-02-06T15:05:32.514Z</when>
<when>2025-02-06T15:05:35.514Z</when>
<when>2025-02-06T15:05:38.514Z</when>
<when>2025-02-06T15:05:41.514Z</when>
<when>2025-02-06T15:05:44.513Z</when>
<when>2025-02-06T15:05:47.514Z</when>
<when>2025-02-06T15:05:50.513Z</when>
<when>2025-02-06T15:05:53.514Z</when>
<when>2025-02-06T15:05:56.514Z</when>
<when>2025-02-06T15:05:59.514Z</when>
<when>2025-02-06T15:06:02.514Z</when>
<when>2025-02-06T15:06:05.514Z</when>
<when>2025-02-06T15:06:08.514Z</when>
<when>2025-02-06T15:06:11.513Z</when>
<when>2025-02-06T15:06:14.514Z</when>
<when>2025-02-06T15:06:17.514Z</when>
<when>2025-02-06T15:06:20.513Z</when>
<when>2025-02-06T15:06:23.514Z</when>
<when>2025-02-06T15:06:26.514Z</when>
<when>2025-02-06T15:06:29.514Z</when>
<when>2025-02-06T15:06:32.514Z</when>
<when>2025-02-06T15:06:35.514Z</when>
<when>2025-02-06T15:06:38.514Z</when>
<when>2025-02-06T15:06:41.513Z</when>
<when>2025-02-06T15:06:44.514Z</when>
<when>2025-02-06T15:06:47.514Z</when>
<when>2025-02-06T15:06:50.514Z</when>
<when>2025-02-06T15:06:53.514Z</when>
<when>2025-02-06T15:06:56.514Z</when>
<when>2025-02-06T15:06:59.514Z</when>
<when>2025-02-06T15:07:02.514Z</when>
<when>2025-02-06T15:07:05.514Z</when>
<when>2025-02-06T15:07:08.514Z</when>
<when>2025-02-06T15:07:11.514Z</when>
<when>2025-02-06T15:07:14.514Z</when>
<when>2025-02-06T15:07:17.514Z</when>
<when>2025-02-06T15:07:20.512Z</when>
<when>2025-02-06T15:07:23.514Z</when>
<when>2025-02-06T15:07:26.514Z</when>
<when>2025-02-06T15:07:29.513Z</when>
<when>2025-02-06T15:07:32.514Z</when>
<when>2025-02-06T15:07:35.514Z</when>
<when>2025-02-06T15:07:38.514Z</when>
<when>2025-02-06T15:07:41.514Z</when>
<when>2025-02-06T15:07:44.514Z</when>
<when>2025-02-06T15:07:47.514Z</when>
<when>2025-02-06T15:07:50.513Z</when>
<when>2025-02-06T15:07:53.513Z</when>
<when>2025-02-06T15:07:56.514Z</when>
<when>2025-02-06T15:07:59.513Z</when>
<when>2025-02-06T15:08:02.514Z</when>
<when>2025-02-06T15:08:05.514Z</when>
<when>2025-02-06T15:08:08.514Z</when>
<when>2025-02-06T15:08:11.513Z</when>
<when>2025-02-06T15:08:14.514Z</when>
<when>2025-02-06T15:08:17.514Z</when>
<when>2025-02-06T15:08:20.514Z</when>
<when>2025-02-06T15:08:23.514Z</when>
<when>2025-02-06T15:08:26.514Z</when>
<when>2025-02-06T15:08:29.514Z</when>
<when>2025-02-06T15:08:32.514Z</when>
<when>2025-02-06T15:08:35.514Z</when>
<when>2025-02-06T15:08:38.514Z</when>
<when>2025-02-06T15:08:41.514Z</when>
<when>2025-02-06T15:08:44.514Z</when>
<when>2025-02-06T15:08:47.514Z</when>
<when>2025-02-06T15:08:50.514Z</when>
<when>2025-02-06T15:08:53.514Z</when>
<when>2025-02-06T15:08:56.514Z</when>
<when>2025-02-06T15:08:59.514Z</when>
<when>2025-02-06T15:09:02.513Z</when>
<when>2025-02-06T15:09:05.514Z</when>
<when>2025-02-06T15:09:08.513Z</when>
<when>2025-02-06T15:09:11.514Z</when>
<when>2025-02-06T15:09:14.408Z</when>
<when>2025-02-06T15:09:17.157Z</when>
<when>2025-02-06T15:09:20.358Z</when>
<when>2025-02-06T15:09:23.413Z</when>
<when>2025-02-06T15:09:26.278Z</when>
<when>2025-02-06T15:09:29.149Z</when>
<when>2025-02-06T15:09:31.909Z</when>
<when>2025-02-06T15:09:35.420Z</when>
<when>2025-02-06T15:09:38.211Z</when>
<when>2025-02-06T15:09:41.514Z</when>
<when>2025-02-06T15:09:44.514Z</when>
<when>2025-02-06T15:09:47.514Z</when>
<when>2025-02-06T15:09:50.514Z</when>
<when>2025-02-06T15:09:53.514Z</when>
<when>2025-02-06T15:09:56.513Z</when>
<when>2025-02-06T15:09:59.514Z</when>
<when>2025-02-06T15:10:02.513Z</when>
<when>2025-02-06T15:10:05.514Z</when>
<when>2025-02-06T15:10:08.514Z</when>
<when>2025-02-06T15:10:11.514Z</when>
<when>2025-02-06T15:10:14.513Z</when>
<when>2025-02-06T15:10:17.514Z</when>
<when>2025-02-06T15:10:20.514Z</when>
<when>2025-02-06T15:10:23.514Z</when>
<when>2025-02-06T15:10:26.514Z</when>
<when>2025-02-06T15:10:29.514Z</when>
<when>2025-02-06T15:10:32.513Z</when>
<when>2025-02-06T15:10:35.514Z</when>
<when>2025-02-06T15:10:38.514Z</when>
<when>2025-02-06T15:10:41.514Z</when>
<when>2025-02-06T15:10:44.514Z</when>
<when>2025-02-06T15:10:47.514Z</when>
<when>2025-02-06T15:10:50.513Z</when>
<when>2025-02-06T15:10:53.514Z</when>
<when>2025-02-06T15:10:56.514Z</when>
<when>2025-02-06T15:10:59.513Z</when>
<when>2025-02-06T15:11:02.513Z</when>
<when>2025-02-06T15:11:05.514Z</when>
<when>2025-02-06T15:11:08.514Z</when>
<when>2025-02-06T15:11:11.514Z</when>
<when>2025-02-06T15:11:14.514Z</when>
<when>2025-02-06T15:11:17.513Z</when>
<when>2025-02-06T15:11:20.513Z</when>
<when>2025-02-06T15:11:23.513Z</when>
<when>2025-02-06T15:11:26.514Z</when>
<when>2025-02-06T15:11:29.513Z</when>
<when>2025-02-06T15:11:32.514Z</when>
<when>2025-02-06T15:11:35.514Z</when>
<when>2025-02-06T15:11:38.514Z</when>
<when>2025-02-06T15:11:41.513Z</when>
<when>2025-02-06T15:11:44.513Z</when>
<when>2025-02-06T15:11:47.513Z</when>
<when>2025-02-06T15:11:50.514Z</when>
<when>2025-02-06T15:11:53.514Z</when>
<when>2025-02-06T15:11:56.514Z</when>
<when>2025-02-06T15:11:59.514Z</when>
<when>2025-02-06T15:12:02.514Z</when>
<when>2025-02-06T15:12:05.514Z</when>
<when>2025-02-06T15:12:08.512Z</when>
<when>2025-02-06T15:12:11.514Z</when>
<when>2025-02-06T15:12:14.514Z</when>
<when>2025-02-06T15:12:17.514Z</when>
<when>2025-02-06T15:12:20.514Z</when>
<when>2025-02-06T15:12:23.513Z</when>
<when>2025-02-06T15:12:26.267Z</when>
<when>2025-02-06T15:12:29.333Z</when>
<when>2025-02-06T15:12:32.458Z</when>
<when>2025-02-06T15:12:35.514Z</when>
<when>2025-02-06T15:12:38.514Z</when>
<when>2025-02-06T15:12:41.514Z</when>
<when>2025-02-06T15:12:44.514Z</when>
<when>2025-02-06T15:12:47.514Z</when>
<when>2025-02-06T15:12:50.514Z</when>
<when>2025-02-06T15:12:53.535Z</when>
<when>2025-02-06T15:12:56.563Z</when>
<when>2025-02-06T15:12:59.437Z</when>
<when>2025-02-06T15:13:02.514Z</when>
<when>2025-02-06T15:13:05.512Z</when>
<when>2025-02-06T15:13:08.586Z</when>
<when>2025-02-06T15:13:11.513Z</when>
<when>2025-02-06T15:13:14.515Z</when>
<when>2025-02-06T15:13:17.531Z</when>
<when>2025-02-06T15:13:20.514Z</when>
<when>2025-02-06T15:13:23.519Z</when>
<when>2025-02-06T15:13:26.514Z</when>
<when>2025-02-06T15:13:29.514Z</when>
<when>2025-02-06T15:13:32.514Z</when>
<when>2025-02-06T15:13:35.513Z</when>
<when>2025-02-06T15:13:38.513Z</when>
<when>2025-02-06T15:13:41.513Z</when>
<when>2025-02-06T15:13:44.514Z</when>
<when>2025-02-06T15:13:47.514Z</when>
<when>2025-02-06T15:13:50.514Z</when>
<when>2025-02-06T15:13:53.514Z</when>
<when>2025-02-06T15:13:56.514Z</when>
<when>2025-02-06T15:13:59.514Z</when>
<when>2025-02-06T15:14:02.514Z</when>
<when>2025-02-06T15:14:05.514Z</when>
<when>2025-02-06T15:14:08.514Z</when>
<when>2025-02-06T15:14:11.514Z</when>
<when>2025-02-06T15:14:14.277Z</when>
<when>2025-02-06T15:14:15.099Z</when>
<when>2025-02-06T15:14:18.515Z</when>
<when>2025-02-06T15:14:21.514Z</when>
<when>2025-02-06T15:14:24.514Z</when>
<when>2025-02-06T15:14:27.514Z</when>
<when>2025-02-06T15:14:30.514Z</when>
<when>2025-02-06T15:14:33.519Z</when>
<when>2025-02-06T15:14:36.513Z</when>
<when>2025-02-06T15:14:39.514Z</when>
<when>2025-02-06T15:14:42.514Z</when>
<when>2025-02-06T15:14:45.513Z</when>
<when>2025-02-06T15:14:48.514Z</when>
<when>2025-02-06T15:14:51.218Z</when>
<when>2025-02-06T15:14:54.293Z</when>
<when>2025-02-06T15:14:57.520Z</when>
<when>2025-02-06T15:15:00.514Z</when>
<when>2025-02-06T15:15:03.514Z</when>
<when>2025-02-06T15:15:06.393Z</when>
<when>2025-02-06T15:15:09.135Z</when>
<when>2025-02-06T15:15:12.295Z</when>
<when>2025-02-06T15:15:15.589Z</when>
<when>2025-02-06T15:15:18.599Z</when>
<when>2025-02-06T15:15:21.514Z</when>
<when>2025-02-06T15:15:24.593Z</when>
<when>2025-02-06T15:15:27.596Z</when>
<when>2025-02-06T15:15:30.534Z</when>
<when>2025-02-06T15:15:33.593Z</when>
<when>2025-02-06T15:15:36.456Z</when>
<when>2025-02-06T15:15:39.588Z</when>
<when>2025-02-06T15:15:42.591Z</when>
<when>2025-02-06T15:15:45.514Z</when>
<when>2025-02-06T15:15:48.541Z</when>
<when>2025-02-06T15:15:51.514Z</when>
<when>2025-02-06T15:15:57.575Z</when>
<when>2025-02-06T15:16:00.514Z</when>
<when>2025-02-06T15:16:03.514Z</when>
<when>2025-02-06T15:16:06.514Z</when>
<when>2025-02-06T15:16:09.514Z</when>
<when>2025-02-06T15:16:12.539Z</when>
<when>2025-02-06T15:16:15.538Z</when>
<when>2025-02-06T15:16:18.412Z</when>
<when>2025-02-06T15:16:21.514Z</when>
<when>2025-02-06T15:16:24.514Z</when>
<when>2025-02-06T15:16:27.514Z</when>
<when>2025-02-06T15:16:30.513Z</when>
<when>2025-02-06T15:16:33.514Z</when>
<when>2025-02-06T15:16:36.514Z</when>
<when>2025-02-06T15:16:39.513Z</when>
<when>2025-02-06T15:16:42.513Z</when>
<when>2025-02-06T15:16:45.513Z</when>
<when>2025-02-06T15:16:48.513Z</when>
<when>2025-02-06T15:16:51.513Z</when>
<when>2025-02-06T15:16:54.513Z</when>
<when>2025-02-06T15:16:57.513Z</when>
<when>2025-02-06T15:17:00.512Z</when>
<when>2025-02-06T15:17:03.513Z</when>
<when>2025-02-06T15:17:06.513Z</when>
<when>2025-02-06T15:17:09.513Z</when>
<when>2025-02-06T15:17:12.513Z</when>
<when>2025-02-06T15:17:15.513Z</when>
<when>2025-02-06T15:17:18.513Z</when>
<when>2025-02-06T15:17:21.513Z</when>
<when>2025-02-06T15:17:24.513Z</when>
<when>2025-02-06T15:17:27.610Z</when>
<when>2025-02-06T15:17:30.590Z</when>
<when>2025-02-06T15:17:33.347Z</when>
<when>2025-02-06T15:17:36.576Z</when>
<when>2025-02-06T15:17:39.321Z</when>
<when>2025-02-06T15:17:42.596Z</when>
<when>2025-02-06T15:17:45.352Z</when>
<when>2025-02-06T15:17:48.513Z</when>
<when>2025-02-06T15:17:51.592Z</when>
<when>2025-02-06T15:17:54.585Z</when>
<when>2025-02-06T15:17:57.411Z</when>
<when>2025-02-06T15:18:00.641Z</when>
<when>2025-02-06T15:18:03.538Z</when>
<when>2025-02-06T15:18:06.570Z</when>
<when>2025-02-06T15:18:09.530Z</when>
<when>2025-02-06T15:18:12.513Z</when>
<when>2025-02-06T15:18:15.671Z</when>
<when>2025-02-06T15:18:18.513Z</when>
<when>2025-02-06T15:18:24.532Z</when>
<when>2025-02-06T15:18:27.513Z</when>
<when>2025-02-06T15:18:30.513Z</when>
<when>2025-02-06T15:18:33.512Z</when>
<when>2025-02-06T15:18:36.513Z</when>
<when>2025-02-06T15:18:39.513Z</when>
<when>2025-02-06T15:18:42.513Z</when>
<when>2025-02-06T15:18:45.513Z</when>
<when>2025-02-06T15:18:48.513Z</when>
<when>2025-02-06T15:18:51.513Z</when>
<when>2025-02-06T15:18:54.513Z</when>
<when>2025-02-06T15:18:57.513Z</when>
<when>2025-02-06T15:19:00.513Z</when>
<when>2025-02-06T15:19:03.513Z</when>
<when>2025-02-06T15:19:06.513Z</when>
<when>2025-02-06T15:19:09.513Z</when>
<when>2025-02-06T15:19:12.513Z</when>
<when>2025-02-06T15:19:15.513Z</when>
<when>2025-02-06T15:19:18.512Z</when>
<when>2025-02-06T15:19:21.513Z</when>
<when>2025-02-06T15:19:24.513Z</when>
<when>2025-02-06T15:19:27.512Z</when>
<when>2025-02-06T15:19:30.513Z</when>
<when>2025-02-06T15:19:33.513Z</when>
<when>2025-02-06T15:19:36.513Z</when>
<when>2025-02-06T15:19:39.513Z</when>
<when>2025-02-06T15:19:42.513Z</when>
<when>2025-02-06T15:19:45.513Z</when>
<when>2025-02-06T15:19:48.513Z</when>
<when>2025-02-06T15:19:49.998Z</when>
<when>2025-02-06T15:19:51.513Z</when>
<when>2025-02-06T15:19:52.513Z</when>
<when>2025-02-06T15:19:53.513Z</when>
<when>2025-02-06T15:19:54.513Z</when>
<when>2025-02-06T15:19:55.513Z</when>
<when>2025-02-06T15:19:56.513Z</when>
<when>2025-02-06T15:19:57.513Z</when>
<when>2025-02-06T15:19:58.513Z</when>
<when>2025-02-06T15:19:59.512Z</when>
<when>2025-02-06T15:20:00.513Z</when>
<when>2025-02-06T15:20:01.513Z</when>
<when>2025-02-06T15:20:02.513Z</when>
<when>2025-02-06T15:20:03.513Z</when>
<when>2025-02-06T15:20:04.513Z</when>
<when>2025-02-06T15:20:05.513Z</when>
<when>2025-02-06T15:20:06.513Z</when>
<when>2025-02-06T15:20:07.513Z</when>
<when>2025-02-06T15:20:08.513Z</when>
<when>2025-02-06T15:20:09.513Z</when>
<gx:coord>-71.90341 -13.537096 3302.9001</gx:coord>
<gx:coord>-71.90341 -13.537096 3302.9001</gx:coord>
<gx:coord>-71.90341 -13.537097 3302.9001</gx:coord>
<gx:coord>-71.90341 -13.537097 3302.9001</gx:coord>
<gx:coord>-71.903404 -13.537096 3302.9001</gx:coord>
<gx:coord>-71.90335 -13.537114 3302.9001</gx:coord>
<gx:coord>-71.90335 -13.537121 3302.8</gx:coord>
<gx:coord>-71.90336 -13.537131 3302.8</gx:coord>
<gx:coord>-71.90334 -13.537163 3302.6</gx:coord>
<gx:coord>-71.90338 -13.537239 3302.6</gx:coord>
<gx:coord>-71.90336 -13.537266 3302.8</gx:coord>
<gx:coord>-71.9034 -13.537309 3302.8</gx:coord>
<gx:coord>-71.90342 -13.53732 3302.8</gx:coord>
<gx:coord>-71.90343 -13.53734 3301.8</gx:coord>
<gx:coord>-71.90344 -13.537364 3301.8</gx:coord>
<gx:coord>-71.90343 -13.537379 3301.8</gx:coord>
<gx:coord>-71.90343 -13.537408 3301.8</gx:coord>
<gx:coord>-71.90346 -13.537425 3300.2002</gx:coord>
<gx:coord>-71.90346 -13.5374565 3300.1</gx:coord>
<gx:coord>-71.903465 -13.537478 3300.1</gx:coord>
<gx:coord>-71.90348 -13.537497 3307.6733</gx:coord>
<gx:coord>-71.90346 -13.537523 3305.9517</gx:coord>
<gx:coord>-71.90344 -13.537534 3300.1</gx:coord>
<gx:coord>-71.903435 -13.537534 3300.1</gx:coord>
<gx:coord>-71.903435 -13.537521 3300.2002</gx:coord>
<gx:coord>-71.903435 -13.5375395 3300.2002</gx:coord>
<gx:coord>-71.903435 -13.537558 3300.2002</gx:coord>
<gx:coord>-71.90346 -13.537575 3300.2002</gx:coord>
<gx:coord>-71.90344 -13.537579 3299.3</gx:coord>
<gx:coord>-71.90346 -13.53758 3299.3</gx:coord>
<gx:coord>-71.90346 -13.537579 3299.3</gx:coord>
<gx:coord>-71.90345 -13.537568 3299.6</gx:coord>
<gx:coord>-71.90345 -13.537574 3299.6</gx:coord>
<gx:coord>-71.90344 -13.537573 3299.2002</gx:coord>
<gx:coord>-71.90344 -13.537583 3299.2002</gx:coord>
<gx:coord>-71.90345 -13.537624 3298.8</gx:coord>
<gx:coord>-71.903465 -13.537667 3298.8</gx:coord>
<gx:coord>-71.903465 -13.537697 3298.8</gx:coord>
<gx:coord>-71.90346 -13.537727 3298.6</gx:coord>
<gx:coord>-71.90346 -13.537732 3298.6</gx:coord>
<gx:coord>-71.90349 -13.537724 3298.0002</gx:coord>
<gx:coord>-71.9035 -13.537734 3298.0002</gx:coord>
<gx:coord>-71.9035 -13.537778 3298.0002</gx:coord>
<gx:coord>-71.90351 -13.537787 3298.0002</gx:coord>
<gx:coord>-71.903496 -13.537818 3298.0002</gx:coord>
<gx:coord>-71.903496 -13.537854 3297.2002</gx:coord>
<gx:coord>-71.9035 -13.537848 3297.2002</gx:coord>
<gx:coord>-71.90355 -13.537892 3297.2002</gx:coord>
<gx:coord>-71.90354 -13.537916 3297.0002</gx:coord>
<gx:coord>-71.90356 -13.5379095 3297.0002</gx:coord>
<gx:coord>-71.90358 -13.5379305 3297.0002</gx:coord>
<gx:coord>-71.903595 -13.537936 3297.2002</gx:coord>
<gx:coord>-71.9036 -13.537942 3297.2002</gx:coord>
<gx:coord>-71.9036 -13.53796 3296.8</gx:coord>
<gx:coord>-71.90363 -13.5379925 3296.8</gx:coord>
<gx:coord>-71.90364 -13.538012 3296.8</gx:coord>
<gx:coord>-71.90364 -13.537995 3296.8</gx:coord>
<gx:coord>-71.90365 -13.538001 3296.8</gx:coord>
<gx:coord>-71.90364 -13.538 3296.8</gx:coord>
<gx:coord>-71.90365 -13.53801 3296.8</gx:coord>
<gx:coord>-71.90365 -13.538009 3296.8</gx:coord>
<gx:coord>-71.90365 -13.538008 3296.8</gx:coord>
<gx:coord>-71.90365 -13.538007 3296.8</gx:coord>
<gx:coord>-71.90365 -13.538006 3296.8</gx:coord>
<gx:coord>-71.90364 -13.537994 3296.8</gx:coord>
<gx:coord>-71.90364 -13.537988 3296.8</gx:coord>
<gx:coord>-71.90364 -13.537986 3296.8</gx:coord>
<gx:coord>-71.90364 -13.537985 3296.8</gx:coord>
<gx:coord>-71.90364 -13.537983 3296.8</gx:coord>
<gx:coord>-71.90364 -13.537982 3296.8</gx:coord>
<gx:coord>-71.90364 -13.537981 3296.8</gx:coord>
<gx:coord>-71.90365 -13.537983 3296.8</gx:coord>
<gx:coord>-71.90365 -13.537979 3296.8</gx:coord>
<gx:coord>-71.903656 -13.537978 3296.8</gx:coord>
<gx:coord>-71.90365 -13.537977 3296.8</gx:coord>
<gx:coord>-71.90366 -13.537954 3296.8</gx:coord>
<gx:coord>-71.90364 -13.537962 3296.8</gx:coord>
<gx:coord>-71.90363 -13.537959 3296.8</gx:coord>
<gx:coord>-71.9036 -13.537944 3296.8</gx:coord>
<gx:coord>-71.90361 -13.537958 3296.8</gx:coord>
<gx:coord>-71.90357 -13.537962 3297.0002</gx:coord>
<gx:coord>-71.903564 -13.537964 3297.0002</gx:coord>
<gx:coord>-71.90355 -13.537972 3296.8</gx:coord>
<gx:coord>-71.90357 -13.537983 3296.8</gx:coord>
<gx:coord>-71.90348 -13.53799 3297.2002</gx:coord>
<gx:coord>-71.90345 -13.5379925 3297.2002</gx:coord>
<gx:coord>-71.90342 -13.537995 3297.2002</gx:coord>
<gx:coord>-71.9034 -13.537992 3297.3</gx:coord>
<gx:coord>-71.90337 -13.537988 3297.3</gx:coord>
<gx:coord>-71.90336 -13.537982 3297.2002</gx:coord>
<gx:coord>-71.90333 -13.53798 3297.2002</gx:coord>
<gx:coord>-71.90332 -13.537963 3297.2002</gx:coord>
<gx:coord>-71.903366 -13.537982 3297.2002</gx:coord>
<gx:coord>-71.9034 -13.537991 3297.3</gx:coord>
<gx:coord>-71.903404 -13.537992 3297.3</gx:coord>
<gx:coord>-71.903404 -13.537988 3297.2002</gx:coord>
<gx:coord>-71.90341 -13.537986 3297.3</gx:coord>
<gx:coord>-71.903534 -13.538054 3297.3</gx:coord>
<gx:coord>-71.90359 -13.538084 3297.2002</gx:coord>
<gx:coord>-71.9036 -13.538094 3297.2002</gx:coord>
<gx:coord>-71.90361 -13.538096 3297.2002</gx:coord>
<gx:coord>-71.90361 -13.538096 3297.2002</gx:coord>
<gx:coord>-71.903595 -13.538095 3297.2002</gx:coord>
<gx:coord>-71.90356 -13.538094 3297.2002</gx:coord>
<gx:coord>-71.90355 -13.538092 3297.2002</gx:coord>
<gx:coord>-71.90355 -13.538092 3297.2002</gx:coord>
<gx:coord>-71.90355 -13.538092 3297.2002</gx:coord>
<gx:coord>-71.90347 -13.538005 3297.2002</gx:coord>
<gx:coord>-71.90345 -13.537994 3297.2002</gx:coord>
<gx:coord>-71.90345 -13.537994 3297.2002</gx:coord>
<gx:coord>-71.90345 -13.538 3297.2002</gx:coord>
<gx:coord>-71.90345 -13.538001 3297.2002</gx:coord>
<gx:coord>-71.90345 -13.538003 3297.2002</gx:coord>
<gx:coord>-71.90344 -13.537996 3297.3</gx:coord>
<gx:coord>-71.903435 -13.537996 3297.3</gx:coord>
<gx:coord>-71.903435 -13.5379925 3297.3</gx:coord>
<gx:coord>-71.903435 -13.53799 3297.3</gx:coord>
<gx:coord>-71.90348 -13.537943 3297.3</gx:coord>
<gx:coord>-71.90349 -13.537947 3297.3</gx:coord>
<gx:coord>-71.903465 -13.537947 3297.3</gx:coord>
<gx:coord>-71.90347 -13.537945 3297.3</gx:coord>
<gx:coord>-71.90347 -13.537931 3297.2002</gx:coord>
<gx:coord>-71.90349 -13.537927 3297.2002</gx:coord>
<gx:coord>-71.90351 -13.537894 3297.3</gx:coord>
<gx:coord>-71.9035 -13.537866 3297.3</gx:coord>
<gx:coord>-71.90355 -13.5378 3297.0002</gx:coord>
<gx:coord>-71.903534 -13.5377655 3297.6</gx:coord>
<gx:coord>-71.90354 -13.53774 3297.6</gx:coord>
<gx:coord>-71.90357 -13.537698 3298.0002</gx:coord>
<gx:coord>-71.90358 -13.537668 3298.0002</gx:coord>
<gx:coord>-71.903564 -13.537642 3298.0002</gx:coord>
<gx:coord>-71.90355 -13.537634 3298.0002</gx:coord>
<gx:coord>-71.903534 -13.537627 3298.0002</gx:coord>
<gx:coord>-71.90352 -13.537659 3298.0002</gx:coord>
<gx:coord>-71.90353 -13.537668 3298.0002</gx:coord>
<gx:coord>-71.90353 -13.537675 3298.0002</gx:coord>
<gx:coord>-71.903534 -13.537706 3298.0002</gx:coord>
<gx:coord>-71.90354 -13.537711 3298.0002</gx:coord>
<gx:coord>-71.90354 -13.537711 3298.0002</gx:coord>
<gx:coord>-71.90354 -13.537715 3298.0002</gx:coord>
<gx:coord>-71.90356 -13.53772 3298.0002</gx:coord>
<gx:coord>-71.90356 -13.537722 3298.0002</gx:coord>
<gx:coord>-71.90356 -13.537723 3298.0002</gx:coord>
<gx:coord>-71.90356 -13.537723 3298.0002</gx:coord>
<gx:coord>-71.90356 -13.537724 3298.0002</gx:coord>
<gx:coord>-71.90357 -13.537724 3298.0002</gx:coord>
<gx:coord>-71.90357 -13.537724 3298.0002</gx:coord>
<gx:coord>-71.90357 -13.537724 3298.0002</gx:coord>
<gx:coord>-71.90357 -13.537724 3298.0002</gx:coord>
<gx:coord>-71.90357 -13.537724 3298.0002</gx:coord>
<gx:coord>-71.90357 -13.537723 3298.0002</gx:coord>
<gx:coord>-71.90357 -13.537723 3298.0002</gx:coord>
<gx:coord>-71.90357 -13.537723 3298.0002</gx:coord>
<gx:coord>-71.90357 -13.537723 3298.0002</gx:coord>
<gx:coord>-71.90357 -13.537724 3298.0002</gx:coord>
<gx:coord>-71.90357 -13.537724 3298.0002</gx:coord>
<gx:coord>-71.90358 -13.537717 3298.0002</gx:coord>
<gx:coord>-71.90359 -13.537722 3298.0002</gx:coord>
<gx:coord>-71.90359 -13.537725 3298.0002</gx:coord>
<gx:coord>-71.90357 -13.537722 3298.0002</gx:coord>
<gx:coord>-71.903564 -13.537726 3298.0002</gx:coord>
<gx:coord>-71.903564 -13.537728 3298.0002</gx:coord>
<gx:coord>-71.903564 -13.537729 3298.0002</gx:coord>
<gx:coord>-71.903564 -13.537729 3298.0002</gx:coord>
<gx:coord>-71.90356 -13.537723 3298.0002</gx:coord>
<gx:coord>-71.90356 -13.537723 3298.0002</gx:coord>
<gx:coord>-71.90355 -13.537718 3298.0002</gx:coord>
<gx:coord>-71.90354 -13.537717 3298.0002</gx:coord>
<gx:coord>-71.90354 -13.537715 3298.0002</gx:coord>
<gx:coord>-71.90354 -13.537713 3298.0002</gx:coord>
<gx:coord>-71.90354 -13.537713 3298.0002</gx:coord>
<gx:coord>-71.90353 -13.537679 3298.0002</gx:coord>
<gx:coord>-71.90352 -13.5376625 3298.0002</gx:coord>
<gx:coord>-71.90352 -13.5376625 3298.0002</gx:coord>
<gx:coord>-71.90352 -13.537663 3298.8</gx:coord>
<gx:coord>-71.90352 -13.537664 3298.8</gx:coord>
<gx:coord>-71.90352 -13.537665 3298.0002</gx:coord>
<gx:coord>-71.90352 -13.537664 3298.0002</gx:coord>
<gx:coord>-71.90351 -13.5376835 3298.0002</gx:coord>
<gx:coord>-71.90352 -13.537685 3298.0002</gx:coord>
<gx:coord>-71.90352 -13.537688 3298.0002</gx:coord>
<gx:coord>-71.90352 -13.537688 3298.0002</gx:coord>
<gx:coord>-71.90352 -13.537687 3299.3</gx:coord>
<gx:coord>-71.90352 -13.537687 3299.3</gx:coord>
<gx:coord>-71.90352 -13.537687 3298.0002</gx:coord>
<gx:coord>-71.90352 -13.537685 3298.0002</gx:coord>
<gx:coord>-71.90352 -13.537674 3298.0002</gx:coord>
<gx:coord>-71.90352 -13.537672 3298.0002</gx:coord>
<gx:coord>-71.9035 -13.537644 3298.0002</gx:coord>
<gx:coord>-71.90351 -13.537682 3298.0002</gx:coord>
<gx:coord>-71.90351 -13.537665 3298.8</gx:coord>
<gx:coord>-71.90348 -13.537584 3298.8</gx:coord>
<gx:coord>-71.90347 -13.537561 3298.8</gx:coord>
<gx:coord>-71.903465 -13.53755 3298.8</gx:coord>
<gx:coord>-71.903435 -13.537524 3299.3</gx:coord>
<gx:coord>-71.90342 -13.537507 3299.3</gx:coord>
<gx:coord>-71.903465 -13.537452 3300.2002</gx:coord>
<gx:coord>-71.90348 -13.537423 3300.2002</gx:coord>
<gx:coord>-71.90349 -13.537426 3300.2002</gx:coord>
<gx:coord>-71.90348 -13.537428 3300.2002</gx:coord>
<gx:coord>-71.90348 -13.53743 3300.2002</gx:coord>
<gx:coord>-71.90347 -13.537436 3300.2002</gx:coord>
<gx:coord>-71.903465 -13.537436 3300.2002</gx:coord>
<gx:coord>-71.903465 -13.537435 3300.2002</gx:coord>
<gx:coord>-71.903465 -13.537435 3300.2002</gx:coord>
<gx:coord>-71.90346 -13.537446 3300.2002</gx:coord>
<gx:coord>-71.90346 -13.537448 3310.3818</gx:coord>
<gx:coord>-71.90346 -13.537449 3310.3848</gx:coord>
<gx:coord>-71.90346 -13.537449 3300.2002</gx:coord>
<gx:coord>-71.90346 -13.537449 3299.7002</gx:coord>
<gx:coord>-71.90346 -13.53745 3299.7002</gx:coord>
<gx:coord>-71.90346 -13.53745 3300.2002</gx:coord>
<gx:coord>-71.90346 -13.53745 3300.2002</gx:coord>
<gx:coord>-71.90346 -13.53745 3310.331</gx:coord>
<gx:coord>-71.90346 -13.53745 3310.335</gx:coord>
<gx:coord>-71.90346 -13.537451 3310.3318</gx:coord>
<gx:coord>-71.90346 -13.537451 3299.7002</gx:coord>
<gx:coord>-71.90346 -13.537451 3299.7002</gx:coord>
<gx:coord>-71.90346 -13.537451 3299.7002</gx:coord>
<gx:coord>-71.90346 -13.537452 3299.7002</gx:coord>
<gx:coord>-71.90345 -13.537452 3299.7002</gx:coord>
<gx:coord>-71.90345 -13.537452 3299.7002</gx:coord>
<gx:coord>-71.90345 -13.537452 3299.7002</gx:coord>
<gx:coord>-71.90345 -13.537453 3299.7002</gx:coord>
<gx:coord>-71.90345 -13.537453 3299.7002</gx:coord>
<gx:coord>-71.90345 -13.537453 3300.1</gx:coord>
<gx:coord>-71.90345 -13.537453 3310.2112</gx:coord>
<gx:coord>-71.90345 -13.537453 3310.0486</gx:coord>
<gx:coord>-71.90346 -13.537454 3300.2002</gx:coord>
<gx:coord>-71.90345 -13.537448 3300.2002</gx:coord>
<gx:coord>-71.903496 -13.537428 3309.8547</gx:coord>
<gx:coord>-71.90353 -13.53744 3299.6</gx:coord>
<gx:coord>-71.90355 -13.537453 3299.6</gx:coord>
<gx:coord>-71.90356 -13.5374975 3299.7002</gx:coord>
<gx:coord>-71.90357 -13.537537 3299.7002</gx:coord>
<gx:coord>-71.90356 -13.537585 3298.8</gx:coord>
<gx:coord>-71.90358 -13.537603 3298.8</gx:coord>
<gx:coord>-71.903595 -13.537637 3304.04</gx:coord>
<gx:coord>-71.90361 -13.537678 3298.0002</gx:coord>
<gx:coord>-71.90364 -13.537705 3298.0002</gx:coord>
<gx:coord>-71.90363 -13.537753 3298.0002</gx:coord>
<gx:coord>-71.90363 -13.537797 3297.5002</gx:coord>
<gx:coord>-71.90365 -13.537828 3297.5002</gx:coord>
<gx:coord>-71.90367 -13.537859 3297.3</gx:coord>
<gx:coord>-71.90368 -13.537891 3297.3</gx:coord>
<gx:coord>-71.90368 -13.537927 3296.8</gx:coord>
<gx:coord>-71.9037 -13.537955 3296.8</gx:coord>
<gx:coord>-71.903725 -13.537988 3297.3</gx:coord>
<gx:coord>-71.90375 -13.538017 3297.3</gx:coord>
<gx:coord>-71.90377 -13.538052 3297.3</gx:coord>
<gx:coord>-71.90376 -13.538083 3296.8</gx:coord>
<gx:coord>-71.90378 -13.538117 3296.8</gx:coord>
<gx:coord>-71.9038 -13.538126 3295.1</gx:coord>
<gx:coord>-71.90384 -13.538095 3295.4001</gx:coord>
<gx:coord>-71.90388 -13.538078 3295.4001</gx:coord>
<gx:coord>-71.90391 -13.538047 3295.4001</gx:coord>
<gx:coord>-71.90393 -13.538024 3295.4001</gx:coord>
<gx:coord>-71.90395 -13.537993 3295.1</gx:coord>
<gx:coord>-71.90398 -13.537966 3295.1</gx:coord>
<gx:coord>-71.90399 -13.537938 3295.4001</gx:coord>
<gx:coord>-71.90401 -13.537888 3295.3</gx:coord>
<gx:coord>-71.90403 -13.537868 3295.3</gx:coord>
<gx:coord>-71.904045 -13.537823 3295.1</gx:coord>
<gx:coord>-71.90406 -13.537807 3295.1</gx:coord>
<gx:coord>-71.90409 -13.537766 3295.4001</gx:coord>
<gx:coord>-71.90411 -13.53775 3295.4001</gx:coord>
<gx:coord>-71.904144 -13.5377245 3295.4001</gx:coord>
<gx:coord>-71.90417 -13.537697 3294.3</gx:coord>
<gx:coord>-71.904205 -13.537687 3294.3</gx:coord>
<gx:coord>-71.90422 -13.537667 3294.2002</gx:coord>
<gx:coord>-71.90425 -13.53766 3293.5002</gx:coord>
<gx:coord>-71.90428 -13.5376625 3293.5002</gx:coord>
<gx:coord>-71.90431 -13.537666 3295.3</gx:coord>
<gx:coord>-71.90434 -13.5376625 3295.3</gx:coord>
<gx:coord>-71.904366 -13.537653 3295.3</gx:coord>
<gx:coord>-71.9044 -13.5376625 3294.3</gx:coord>
<gx:coord>-71.90443 -13.537647 3294.3</gx:coord>
<gx:coord>-71.90446 -13.537636 3293.5002</gx:coord>
<gx:coord>-71.904495 -13.537651 3293.5002</gx:coord>
<gx:coord>-71.904526 -13.53764 3293.5002</gx:coord>
<gx:coord>-71.90456 -13.537629 3293.5002</gx:coord>
<gx:coord>-71.90458 -13.537611 3292.9001</gx:coord>
<gx:coord>-71.90461 -13.537585 3294.2002</gx:coord>
<gx:coord>-71.90463 -13.53757 3294.2002</gx:coord>
<gx:coord>-71.904655 -13.537532 3292.9001</gx:coord>
<gx:coord>-71.90467 -13.53751 3292.9001</gx:coord>
<gx:coord>-71.904686 -13.537482 3292.9001</gx:coord>
<gx:coord>-71.90471 -13.537463 3292.6</gx:coord>
<gx:coord>-71.904724 -13.53744 3292.6</gx:coord>
<gx:coord>-71.90473 -13.53742 3292.8</gx:coord>
<gx:coord>-71.904755 -13.537405 3292.8</gx:coord>
<gx:coord>-71.90476 -13.53739 3292.8</gx:coord>
<gx:coord>-71.90478 -13.537369 3292.8</gx:coord>
<gx:coord>-71.90481 -13.537361 3292.8</gx:coord>
<gx:coord>-71.90484 -13.537358 3292.8</gx:coord>
<gx:coord>-71.90483 -13.537371 3292.8</gx:coord>
<gx:coord>-71.90482 -13.537378 3292.8</gx:coord>
<gx:coord>-71.90482 -13.537381 3292.8</gx:coord>
<gx:coord>-71.90482 -13.537383 3292.8</gx:coord>
<gx:coord>-71.904816 -13.537386 3292.9001</gx:coord>
<gx:coord>-71.904816 -13.537389 3292.9001</gx:coord>
<gx:coord>-71.90482 -13.537414 3292.9001</gx:coord>
<gx:coord>-71.90482 -13.537417 3292.9001</gx:coord>
<gx:coord>-71.90482 -13.537419 3292.9001</gx:coord>
<gx:coord>-71.90482 -13.537419 3292.9001</gx:coord>
<gx:coord>-71.904816 -13.537418 3292.9001</gx:coord>
<gx:coord>-71.904816 -13.537418 3292.9001</gx:coord>
<gx:coord>-71.90483 -13.537399 3292.9001</gx:coord>
<gx:coord>-71.90482 -13.537376 3292.9001</gx:coord>
<gx:coord>-71.90485 -13.53736 3292.9001</gx:coord>
<gx:coord>-71.90487 -13.537349 3292.9001</gx:coord>
<gx:coord>-71.90489 -13.537341 3292.9001</gx:coord>
<gx:coord>-71.90491 -13.537343 3292.9001</gx:coord>
<gx:coord>-71.9049 -13.537339 3292.9001</gx:coord>
<gx:coord>-71.904884 -13.537337 3294.0002</gx:coord>
<gx:coord>-71.90489 -13.537339 3294.0002</gx:coord>
<gx:coord>-71.904884 -13.53733 3292.9001</gx:coord>
<gx:coord>-71.904884 -13.53733 3292.9001</gx:coord>
<gx:coord>-71.904884 -13.53733 3294.1</gx:coord>
<gx:coord>-71.904915 -13.537359 3294.1</gx:coord>
<gx:coord>-71.90492 -13.537366 3294.1</gx:coord>
<gx:coord>-71.904884 -13.53733 3293.8</gx:coord>
<gx:coord>-71.90489 -13.53733 3293.8</gx:coord>
<gx:coord>-71.904884 -13.537324 3292.9001</gx:coord>
<gx:coord>-71.90489 -13.53732 3294.1</gx:coord>
<gx:coord>-71.90492 -13.537307 3294.1</gx:coord>
<gx:coord>-71.90493 -13.537301 3294.0002</gx:coord>
<gx:coord>-71.904945 -13.537305 3294.0002</gx:coord>
<gx:coord>-71.904945 -13.537311 3292.9001</gx:coord>
<gx:coord>-71.90493 -13.537312 3292.9001</gx:coord>
<gx:coord>-71.90494 -13.537316 3292.9001</gx:coord>
<gx:coord>-71.90492 -13.537312 3292.9001</gx:coord>
<gx:coord>-71.9049 -13.537301 3292.9001</gx:coord>
<gx:coord>-71.90486 -13.537274 3293.7002</gx:coord>
<gx:coord>-71.90484 -13.537249 3294.0002</gx:coord>
<gx:coord>-71.904816 -13.537235 3294.0002</gx:coord>
<gx:coord>-71.90479 -13.537221 3294.1</gx:coord>
<gx:coord>-71.90477 -13.537198 3294.1</gx:coord>
<gx:coord>-71.90476 -13.537165 3294.0002</gx:coord>
<gx:coord>-71.904755 -13.537134 3294.1</gx:coord>
<gx:coord>-71.90474 -13.537115 3294.1</gx:coord>
<gx:coord>-71.90473 -13.537091 3294.4001</gx:coord>
<gx:coord>-71.90473 -13.537097 3294.4001</gx:coord>
<gx:coord>-71.90475 -13.537117 3302.9246</gx:coord>
<gx:coord>-71.904755 -13.537121 3293.8</gx:coord>
<gx:coord>-71.904755 -13.537123 3293.8</gx:coord>
<gx:coord>-71.904755 -13.537126 3294.0002</gx:coord>
<gx:coord>-71.904755 -13.537128 3294.0002</gx:coord>
<gx:coord>-71.90475 -13.53712 3294.0002</gx:coord>
<gx:coord>-71.90474 -13.537111 3293.8</gx:coord>
<gx:coord>-71.90474 -13.537109 3293.8</gx:coord>
<gx:coord>-71.90474 -13.537109 3294.4001</gx:coord>
<gx:coord>-71.90474 -13.537109 3294.4001</gx:coord>
<gx:coord>-71.90474 -13.537109 3294.1</gx:coord>
<gx:coord>-71.90474 -13.537109 3294.0002</gx:coord>
<gx:coord>-71.90474 -13.537109 3294.0002</gx:coord>
<gx:coord>-71.90474 -13.537109 3294.1</gx:coord>
<gx:coord>-71.90474 -13.537109 3294.1</gx:coord>
<gx:coord>-71.90474 -13.53711 3294.4001</gx:coord>
<gx:coord>-71.90474 -13.537108 3294.4001</gx:coord>
<gx:coord>-71.90475 -13.537107 3294.4001</gx:coord>
<gx:coord>-71.90475 -13.537107 3294.4001</gx:coord>
<gx:coord>-71.90475 -13.537107 3294.4001</gx:coord>
<gx:coord>-71.90475 -13.5371065 3294.1</gx:coord>
<gx:coord>-71.90475 -13.5371065 3294.1</gx:coord>
<gx:coord>-71.90475 -13.5371065 3294.1</gx:coord>
<gx:coord>-71.90475 -13.5371065 3294.1</gx:coord>
<gx:coord>-71.90475 -13.537107 3294.1</gx:coord>
<gx:coord>-71.90475 -13.537108 3294.1</gx:coord>
<gx:coord>-71.90475 -13.537108 3294.1</gx:coord>
<gx:coord>-71.90475 -13.537108 3294.1</gx:coord>
<gx:coord>-71.90475 -13.537108 3294.1</gx:coord>
<gx:coord>-71.90475 -13.537108 3294.1</gx:coord>
<gx:coord>-71.90475 -13.537108 3294.1</gx:coord>
<gx:coord>-71.90475 -13.537107 3294.1</gx:coord>
<gx:coord>-71.90475 -13.537107 3294.1</gx:coord>
<gx:coord>-71.90475 -13.537107 3294.1</gx:coord>
<gx:coord>-71.90475 -13.537107 3294.1</gx:coord>
<gx:coord>-71.90475 -13.537108 3294.1</gx:coord>
<gx:coord>-71.90475 -13.537109 3294.1</gx:coord>
<gx:coord>-71.90475 -13.53711 3294.1</gx:coord>
<gx:coord>-71.90475 -13.53711 3294.1</gx:coord>
<gx:coord>-71.90475 -13.537109 3294.1</gx:coord>
<gx:coord>-71.90476 -13.537118 3294.4001</gx:coord>
<gx:coord>-71.90476 -13.537118 3294.4001</gx:coord>
<gx:coord>-71.90476 -13.537121 3294.4001</gx:coord>
<gx:coord>-71.90476 -13.537126 3294.1</gx:coord>
<gx:coord>-71.90476 -13.537126 3294.1</gx:coord>
<gx:coord>-71.90477 -13.53713 3294.4001</gx:coord>
<gx:coord>-71.90476 -13.537128 3294.4001</gx:coord>
<gx:coord>-71.90476 -13.537109 3294.1</gx:coord>
<gx:coord>-71.90476 -13.537108 3294.1</gx:coord>
<gx:coord>-71.90476 -13.537107 3294.1</gx:coord>
<gx:coord>-71.90476 -13.537107 3294.4001</gx:coord>
<gx:coord>-71.90476 -13.537107 3294.1</gx:coord>
<gx:coord>-71.90477 -13.53711 3294.1</gx:coord>
<gx:coord>-71.90478 -13.537127 3294.1</gx:coord>
<gx:coord>-71.90478 -13.537126 3294.1</gx:coord>
<gx:coord>-71.904785 -13.537135 3294.1</gx:coord>
<gx:coord>-71.904785 -13.537132 3294.1</gx:coord>
<gx:coord>-71.904785 -13.537135 3294.0002</gx:coord>
<gx:coord>-71.904785 -13.537135 3294.1</gx:coord>
<gx:coord>-71.904785 -13.537133 3294.1</gx:coord>
<gx:coord>-71.90478 -13.537121 3294.1</gx:coord>
<gx:coord>-71.90478 -13.537119 3294.1</gx:coord>
<gx:coord>-71.90478 -13.537118 3294.1</gx:coord>
<gx:coord>-71.90477 -13.537118 3294.4001</gx:coord>
<gx:coord>-71.90477 -13.537116 3294.4001</gx:coord>
<gx:coord>-71.90476 -13.537115 3294.0002</gx:coord>
<gx:coord>-71.90476 -13.537115 3294.0002</gx:coord>
<gx:coord>-71.90476 -13.537115 3294.1</gx:coord>
<gx:coord>-71.90476 -13.537115 3294.1</gx:coord>
<gx:coord>-71.90476 -13.537116 3294.1</gx:coord>
<gx:coord>-71.90476 -13.537115 3294.1</gx:coord>
<gx:coord>-71.90477 -13.537124 3294.1</gx:coord>
<gx:coord>-71.90477 -13.537129 3294.1</gx:coord>
<gx:coord>-71.90478 -13.537132 3294.0002</gx:coord>
<gx:coord>-71.90477 -13.537131 3294.0002</gx:coord>
<gx:coord>-71.90477 -13.537138 3294.0002</gx:coord>
<gx:coord>-71.90477 -13.537137 3294.0002</gx:coord>
<gx:coord>-71.90477 -13.537141 3294.4001</gx:coord>
<gx:coord>-71.90478 -13.537143 3294.1</gx:coord>
<gx:coord>-71.90477 -13.537142 3294.1</gx:coord>
<gx:coord>-71.904755 -13.537131 3294.1</gx:coord>
<gx:coord>-71.904755 -13.53713 3294.1</gx:coord>
<gx:coord>-71.904755 -13.53713 3294.1</gx:coord>
<gx:coord>-71.904755 -13.537128 3294.1</gx:coord>
<gx:coord>-71.90476 -13.537128 3294.1</gx:coord>
<gx:coord>-71.904755 -13.537128 3294.1</gx:coord>
<gx:coord>-71.904755 -13.537128 3294.1</gx:coord>
<gx:coord>-71.904755 -13.537128 3294.1</gx:coord>
<gx:coord>-71.90476 -13.53713 3294.1</gx:coord>
<gx:coord>-71.90476 -13.537131 3294.1</gx:coord>
<gx:coord>-71.90476 -13.537131 3294.1</gx:coord>
<gx:coord>-71.90477 -13.5371475 3294.1</gx:coord>
<gx:coord>-71.90478 -13.537148 3294.1</gx:coord>
<gx:coord>-71.90477 -13.5371475 3294.1</gx:coord>
<gx:coord>-71.90477 -13.537146 3294.1</gx:coord>
<gx:coord>-71.90477 -13.537145 3294.1</gx:coord>
<gx:coord>-71.90477 -13.537145 3294.1</gx:coord>
<gx:coord>-71.90477 -13.537146 3294.1</gx:coord>
<gx:coord>-71.90477 -13.537146 3294.1</gx:coord>
<gx:coord>-71.90477 -13.537144 3294.1</gx:coord>
<gx:coord>-71.90478 -13.537146 3294.4001</gx:coord>
<gx:coord>-71.90477 -13.537142 3294.4001</gx:coord>
<gx:coord>-71.90477 -13.537141 3294.4001</gx:coord>
<gx:coord>-71.90477 -13.537141 3293.8</gx:coord>
<gx:coord>-71.90475 -13.537128 3294.0002</gx:coord>
<gx:coord>-71.90475 -13.5371275 3294.0002</gx:coord>
<gx:coord>-71.90475 -13.5371275 3294.4001</gx:coord>
<gx:coord>-71.90475 -13.5371275 3294.4001</gx:coord>
<gx:coord>-71.90475 -13.5371275 3294.1</gx:coord>
<gx:coord>-71.90475 -13.5371275 3294.4001</gx:coord>
<gx:coord>-71.90475 -13.5371275 3294.4001</gx:coord>
<gx:coord>-71.904755 -13.537138 3294.0002</gx:coord>
<gx:coord>-71.90475 -13.537132 3294.0002</gx:coord>
<gx:coord>-71.904755 -13.537135 3293.8</gx:coord>
<gx:coord>-71.904755 -13.537137 3293.7002</gx:coord>
<gx:coord>-71.904755 -13.537137 3293.7002</gx:coord>
<gx:coord>-71.904755 -13.537138 3294.1</gx:coord>
<gx:coord>-71.904755 -13.537137 3294.1</gx:coord>
<gx:coord>-71.90475 -13.537125 3293.8</gx:coord>
<gx:coord>-71.90475 -13.537124 3294.1</gx:coord>
<gx:coord>-71.90475 -13.537124 3294.1</gx:coord>
<gx:coord>-71.90475 -13.537123 3293.8</gx:coord>
<gx:coord>-71.90475 -13.537123 3293.8</gx:coord>
<gx:coord>-71.90475 -13.537122 3294.1</gx:coord>
<gx:coord>-71.90474 -13.537122 3309.409</gx:coord>
<gx:coord>-71.90474 -13.537122 3309.4316</gx:coord>
<gx:coord>-71.90474 -13.537121 3294.0002</gx:coord>
<gx:coord>-71.90474 -13.537121 3294.0002</gx:coord>
<gx:coord>-71.90474 -13.53712 3294.1</gx:coord>
<gx:coord>-71.90474 -13.53712 3294.1</gx:coord>
<gx:coord>-71.90474 -13.537122 3294.1</gx:coord>
<gx:coord>-71.90474 -13.537123 3294.0002</gx:coord>
<gx:coord>-71.90474 -13.537122 3294.0002</gx:coord>
<gx:coord>-71.90474 -13.537121 3294.1</gx:coord>
<gx:coord>-71.90474 -13.53712 3309.8796</gx:coord>
<gx:coord>-71.90474 -13.53712 3309.879</gx:coord>
<gx:coord>-71.90474 -13.53712 3294.0002</gx:coord>
<gx:coord>-71.90474 -13.537121 3294.0002</gx:coord>
<gx:coord>-71.90474 -13.537121 3309.8367</gx:coord>
<gx:coord>-71.90474 -13.537121 3293.8</gx:coord>
<gx:coord>-71.90474 -13.537121 3293.8</gx:coord>
<gx:coord>-71.90474 -13.537121 3309.8306</gx:coord>
<gx:coord>-71.90474 -13.537121 3309.8318</gx:coord>
<gx:coord>-71.90474 -13.537121 3309.8384</gx:coord>
<gx:coord>-71.90474 -13.537121 3309.8447</gx:coord>
<gx:coord>-71.90474 -13.53712 3309.8435</gx:coord>
<gx:coord>-71.90474 -13.53712 3309.8416</gx:coord>
<gx:coord>-71.90474 -13.53712 3309.8389</gx:coord>
<gx:coord>-71.90474 -13.53712 3294.4001</gx:coord>
<gx:coord>-71.90474 -13.53712 3294.1</gx:coord>
<gx:coord>-71.90474 -13.53712 3294.1</gx:coord>
<gx:coord>-71.90474 -13.53712 3294.1</gx:coord>
<gx:coord>-71.90474 -13.53712 3294.1</gx:coord>
<gx:coord>-71.90474 -13.53712 3294.1</gx:coord>
<gx:coord>-71.90474 -13.53712 3294.1</gx:coord>
<gx:coord>-71.90474 -13.53712 3294.1</gx:coord>
<gx:coord>-71.90474 -13.53712 3294.1</gx:coord>
<gx:coord>-71.90474 -13.53712 3294.1</gx:coord>
<gx:coord>-71.90474 -13.53712 3294.1</gx:coord>
<gx:coord>-71.90474 -13.53712 3294.1</gx:coord>
<gx:coord>-71.90474 -13.53712 3294.1</gx:coord>
<gx:coord>-71.90474 -13.53712 3294.1</gx:coord>
<gx:coord>-71.90474 -13.53712 3294.1</gx:coord>
<gx:coord>-71.90474 -13.53712 3293.8</gx:coord>
<gx:coord>-71.90474 -13.53712 3294.1</gx:coord>
<gx:coord>-71.90474 -13.53712 3294.1</gx:coord>
<gx:coord>-71.90474 -13.53712 3294.1</gx:coord>
<gx:coord>-71.90474 -13.53712 3294.1</gx:coord>
<gx:coord>-71.90474 -13.53712 3294.0002</gx:coord>
<gx:coord>-71.90474 -13.53712 3294.0002</gx:coord>
<gx:coord>-71.90474 -13.53712 3294.0002</gx:coord>
<gx:coord>-71.90474 -13.53712 3294.0002</gx:coord>
<gx:coord>-71.90474 -13.53712 3294.0002</gx:coord>
<gx:coord>-71.90474 -13.53712 3294.1</gx:coord>
<gx:coord>-71.90474 -13.53712 3294.0002</gx:coord>
<gx:coord>-71.90474 -13.53712 3294.0002</gx:coord>
<gx:coord>-71.90474 -13.53712 3294.1</gx:coord>
<gx:coord>-71.90474 -13.53712 3294.1</gx:coord>
<gx:coord>-71.90474 -13.53712 3294.1</gx:coord>
<gx:coord>-71.90474 -13.53712 3294.0002</gx:coord>
<gx:coord>-71.90474 -13.53712 3294.0002</gx:coord>
<gx:coord>-71.90474 -13.53712 3294.0002</gx:coord>
<gx:coord>-71.90474 -13.53712 3294.0002</gx:coord>
<gx:coord>-71.90474 -13.53712 3294.0002</gx:coord>
<gx:coord>-71.90474 -13.53712 3294.0002</gx:coord>
<gx:coord>-71.90474 -13.53712 3294.0002</gx:coord>
<gx:coord>-71.90474 -13.53712 3294.0002</gx:coord>
<gx:coord>-71.90474 -13.53712 3294.0002</gx:coord>
<gx:coord>-71.90474 -13.53712 3294.1</gx:coord>
<gx:coord>-71.90474 -13.53712 3294.0002</gx:coord>
<gx:coord>-71.90474 -13.53712 3294.0002</gx:coord>
<gx:coord>-71.90474 -13.537119 3294.1</gx:coord>
<gx:coord>-71.90474 -13.537119 3294.1</gx:coord>
<gx:coord>-71.90474 -13.537119 3294.1</gx:coord>
<gx:coord>-71.90474 -13.53712 3294.4001</gx:coord>
<gx:coord>-71.90474 -13.53712 3294.4001</gx:coord>
<gx:coord>-71.90474 -13.53712 3309.9988</gx:coord>
<gx:coord>-71.90474 -13.537119 3310.004</gx:coord>
<gx:coord>-71.90474 -13.53712 3310.0593</gx:coord>
<gx:coord>-71.90474 -13.53712 3294.0002</gx:coord>
<gx:coord>-71.90474 -13.53712 3294.0002</gx:coord>
<gx:coord>-71.90474 -13.53712 3294.1</gx:coord>
<gx:coord>-71.90474 -13.53712 3294.1</gx:coord>
<gx:coord>-71.90474 -13.53712 3310.0544</gx:coord>
<gx:coord>-71.90474 -13.53712 3310.054</gx:coord>
<gx:coord>-71.90474 -13.53712 3310.0603</gx:coord>
<gx:coord>-71.90474 -13.53712 3310.0686</gx:coord>
<gx:coord>-71.90474 -13.53712 3310.0818</gx:coord>
<gx:coord>-71.90474 -13.53712 3294.1</gx:coord>
<gx:coord>-71.90474 -13.53712 3294.1</gx:coord>
<gx:coord>-71.90474 -13.53712 3294.4001</gx:coord>
<gx:coord>-71.90474 -13.53712 3293.8</gx:coord>
<gx:coord>-71.90474 -13.53712 3293.8</gx:coord>
<gx:coord>-71.90474 -13.53712 3294.0002</gx:coord>
<gx:coord>-71.90474 -13.53712 3294.1</gx:coord>
<gx:coord>-71.90474 -13.537119 3294.1</gx:coord>
<gx:coord>-71.90474 -13.53712 3294.1</gx:coord>
<gx:coord>-71.904755 -13.537132 3294.1</gx:coord>
<gx:coord>-71.90477 -13.537145 3294.1</gx:coord>
<gx:coord>-71.904755 -13.537136 3294.1</gx:coord>
<gx:coord>-71.90476 -13.537149 3294.4001</gx:coord>
<gx:coord>-71.90476 -13.537151 3294.1</gx:coord>
<gx:coord>-71.90475 -13.537139 3294.1</gx:coord>
<gx:coord>-71.90475 -13.537108 3294.4001</gx:coord>
<gx:coord>-71.90473 -13.537089 3294.4001</gx:coord>
<gx:coord>-71.90473 -13.537076 3294.4001</gx:coord>
<gx:coord>-71.90473 -13.537066 3305.7275</gx:coord>
<gx:coord>-71.904724 -13.537065 3305.558</gx:coord>
<gx:coord>-71.90473 -13.537066 3294.4001</gx:coord>
<gx:coord>-71.90473 -13.537058 3294.4001</gx:coord>
<gx:coord>-71.90474 -13.537078 3294.4001</gx:coord>
<gx:coord>-71.90474 -13.537078 3294.4001</gx:coord>
<gx:coord>-71.90474 -13.537076 3294.4001</gx:coord>
<gx:coord>-71.90474 -13.537074 3294.4001</gx:coord>
<gx:coord>-71.90474 -13.53707 3294.4001</gx:coord>
<gx:coord>-71.90474 -13.537068 3294.4001</gx:coord>
<gx:coord>-71.90474 -13.537067 3294.4001</gx:coord>
<gx:coord>-71.90473 -13.537044 3294.4001</gx:coord>
<gx:coord>-71.90473 -13.53704 3294.4001</gx:coord>
<gx:coord>-71.90473 -13.53704 3294.4001</gx:coord>
<gx:coord>-71.90473 -13.53704 3294.4001</gx:coord>
<gx:coord>-71.90473 -13.53704 3294.4001</gx:coord>
<gx:coord>-71.90473 -13.53704 3294.4001</gx:coord>
<gx:coord>-71.90473 -13.53704 3294.4001</gx:coord>
<gx:coord>-71.90473 -13.53704 3294.4001</gx:coord>
<gx:coord>-71.90473 -13.53704 3294.4001</gx:coord>
<gx:coord>-71.90473 -13.53704 3294.4001</gx:coord>
<gx:coord>-71.90473 -13.53704 3294.4001</gx:coord>
<gx:coord>-71.90473 -13.53704 3294.1</gx:coord>
<gx:coord>-71.90473 -13.53704 3294.1</gx:coord>
<gx:coord>-71.90473 -13.53704 3294.4001</gx:coord>
<gx:coord>-71.90473 -13.53704 3294.4001</gx:coord>
<gx:coord>-71.90473 -13.53704 3294.4001</gx:coord>
<gx:coord>-71.90473 -13.53704 3294.4001</gx:coord>
<gx:coord>-71.90473 -13.53704 3294.4001</gx:coord>
<gx:coord>-71.90473 -13.53704 3294.4001</gx:coord>
<gx:coord>-71.90473 -13.53704 3294.4001</gx:coord>
<gx:coord>-71.90473 -13.53704 3294.4001</gx:coord>
<gx:coord>-71.90473 -13.53704 3294.4001</gx:coord>
<gx:coord>-71.90473 -13.53704 3294.4001</gx:coord>
<gx:coord>-71.90473 -13.53704 3294.4001</gx:coord>
<gx:coord>-71.90473 -13.53704 3294.4001</gx:coord>
<gx:coord>-71.90473 -13.53704 3294.4001</gx:coord>
<gx:coord>-71.90473 -13.53704 3294.4001</gx:coord>
<gx:coord>-71.90473 -13.53704 3294.4001</gx:coord>
<gx:coord>-71.90473 -13.53704 3294.7002</gx:coord>
<gx:coord>-71.90473 -13.537041 3294.4001</gx:coord>
<gx:coord>-71.90473 -13.537041 3294.4001</gx:coord>
<gx:coord>-71.90473 -13.537041 3294.9001</gx:coord>
<gx:coord>-71.90473 -13.537041 3294.9001</gx:coord>
<gx:coord>-71.90473 -13.537041 3294.4001</gx:coord>
<gx:coord>-71.90473 -13.537041 3294.4001</gx:coord>
<gx:coord>-71.90473 -13.537041 3294.4001</gx:coord>
<gx:coord>-71.90473 -13.537041 3294.4001</gx:coord>
<gx:coord>-71.90473 -13.537041 3294.4001</gx:coord>
<gx:coord>-71.90473 -13.537041 3294.4001</gx:coord>
<gx:coord>-71.90473 -13.537041 3294.4001</gx:coord>
<gx:coord>-71.90473 -13.537041 3294.4001</gx:coord>
<gx:coord>-71.90473 -13.537041 3294.9001</gx:coord>
<gx:coord>-71.90473 -13.537041 3294.9001</gx:coord>
<gx:coord>-71.90473 -13.537041 3294.9001</gx:coord>
<gx:coord>-71.904755 -13.537072 3294.4001</gx:coord>
<gx:coord>-71.90475 -13.537055 3294.4001</gx:coord>
<gx:coord>-71.90475 -13.537088 3294.4001</gx:coord>
<gx:coord>-71.90476 -13.537107 3294.4001</gx:coord>
<gx:coord>-71.90477 -13.537118 3294.4001</gx:coord>
<gx:coord>-71.90477 -13.537125 3294.4001</gx:coord>
<gx:coord>-71.90477 -13.537125 3294.4001</gx:coord>
<gx:coord>-71.90477 -13.537126 3294.4001</gx:coord>
<gx:coord>-71.90477 -13.537127 3294.4001</gx:coord>
<gx:coord>-71.90477 -13.537129 3294.9001</gx:coord>
<gx:coord>-71.90477 -13.537128 3294.9001</gx:coord>
<gx:coord>-71.90477 -13.5371275 3294.1</gx:coord>
<gx:coord>-71.904755 -13.537115 3294.1</gx:coord>
<gx:coord>-71.904755 -13.537115 3294.1</gx:coord>
<gx:coord>-71.90477 -13.537126 3294.7002</gx:coord>
<gx:coord>-71.90477 -13.537124 3294.7002</gx:coord>
<gx:coord>-71.90478 -13.537125 3294.4001</gx:coord>
<gx:coord>-71.90478 -13.537124 3294.4001</gx:coord>
<gx:coord>-71.90477 -13.537124 3294.4001</gx:coord>
<gx:coord>-71.90478 -13.537125 3294.1</gx:coord>
<gx:coord>-71.90477 -13.537121 3294.1</gx:coord>
<gx:coord>-71.90476 -13.537111 3294.1</gx:coord>
<gx:coord>-71.90476 -13.53711 3294.1</gx:coord>
<gx:coord>-71.90476 -13.53711 3294.1</gx:coord>
<gx:coord>-71.90476 -13.53711 3294.4001</gx:coord>
<gx:coord>-71.90476 -13.537107 3294.4001</gx:coord>
<gx:coord>-71.90477 -13.537111 3294.4001</gx:coord>
<gx:coord>-71.90477 -13.537119 3294.4001</gx:coord>
<gx:coord>-71.90477 -13.537124 3305.0105</gx:coord>
<gx:coord>-71.90477 -13.537123 3305.0828</gx:coord>
<gx:coord>-71.90477 -13.537121 3305.4644</gx:coord>
<gx:coord>-71.90477 -13.53712 3294.1</gx:coord>
<gx:coord>-71.90477 -13.537118 3294.1</gx:coord>
<gx:coord>-71.90477 -13.537128 3294.4001</gx:coord>
<gx:coord>-71.90477 -13.537115 3294.4001</gx:coord>
<gx:coord>-71.90477 -13.537113 3294.1</gx:coord>
<gx:coord>-71.90478 -13.537147 3294.1</gx:coord>
<gx:coord>-71.90478 -13.537144 3294.1</gx:coord>
<gx:coord>-71.90478 -13.537141 3294.1</gx:coord>
<gx:coord>-71.90478 -13.53714 3294.1</gx:coord>
<gx:coord>-71.90478 -13.537139 3294.1</gx:coord>
<gx:coord>-71.90478 -13.537136 3294.7002</gx:coord>
<gx:coord>-71.90478 -13.537134 3294.7002</gx:coord>
<gx:coord>-71.904785 -13.537133 3294.1</gx:coord>
<gx:coord>-71.90478 -13.537134 3294.4001</gx:coord>
<gx:coord>-71.90478 -13.537122 3294.4001</gx:coord>
<gx:coord>-71.904785 -13.537122 3294.4001</gx:coord>
<gx:coord>-71.90479 -13.537107 3294.4001</gx:coord>
<gx:coord>-71.904785 -13.537086 3294.4001</gx:coord>
<gx:coord>-71.904785 -13.537108 3294.1</gx:coord>
<gx:coord>-71.90482 -13.537089 3294.1</gx:coord>
<gx:coord>-71.904854 -13.537162 3294.1</gx:coord>
<gx:coord>-71.90485 -13.537228 3294.0002</gx:coord>
<gx:coord>-71.904854 -13.537256 3294.0002</gx:coord>
<gx:coord>-71.904854 -13.537277 3294.0002</gx:coord>
<gx:coord>-71.90486 -13.53729 3294.0002</gx:coord>
<gx:coord>-71.90487 -13.537303 3294.0002</gx:coord>
<gx:coord>-71.90488 -13.537334 3292.9001</gx:coord>
<gx:coord>-71.90489 -13.537358 3292.9001</gx:coord>
<gx:coord>-71.90489 -13.53735 3292.9001</gx:coord>
<gx:coord>-71.90487 -13.53735 3292.9001</gx:coord>
<gx:coord>-71.904854 -13.537357 3292.9001</gx:coord>
<gx:coord>-71.90488 -13.537395 3292.9001</gx:coord>
<gx:coord>-71.90488 -13.53742 3294.2349</gx:coord>
<gx:coord>-71.90489 -13.537437 3295.2097</gx:coord>
<gx:coord>-71.90492 -13.53746 3295.5532</gx:coord>
<gx:coord>-71.90495 -13.537482 3296.6682</gx:coord>
<gx:coord>-71.904945 -13.537484 3293.1038</gx:coord>
<gx:coord>-71.90493 -13.537471 3292.9001</gx:coord>
<gx:coord>-71.90494 -13.537473 3292.9001</gx:coord>
<gx:coord>-71.90493 -13.537468 3292.8</gx:coord>
<gx:coord>-71.90493 -13.537468 3292.8</gx:coord>
<gx:coord>-71.90497 -13.537483 3292.8</gx:coord>
<gx:coord>-71.90498 -13.53749 3292.8</gx:coord>
<gx:coord>-71.90493 -13.537471 3292.8</gx:coord>
<gx:coord>-71.90493 -13.537474 3292.8</gx:coord>
<gx:coord>-71.90494 -13.537475 3292.8</gx:coord>
<gx:coord>-71.90493 -13.537474 3292.8</gx:coord>
<gx:coord>-71.90498 -13.537483 3292.8</gx:coord>
<gx:coord>-71.90499 -13.537484 3292.8</gx:coord>
<gx:coord>-71.90499 -13.537482 3294.6382</gx:coord>
<gx:coord>-71.90498 -13.537487 3295.1807</gx:coord>
<gx:coord>-71.904976 -13.537492 3294.9668</gx:coord>
<gx:coord>-71.904976 -13.537492 3292.8</gx:coord>
<gx:coord>-71.904976 -13.537492 3292.8</gx:coord>
<gx:coord>-71.904976 -13.537492 3292.6</gx:coord>
<gx:coord>-71.904976 -13.537492 3292.6</gx:coord>
<gx:coord>-71.904976 -13.537493 3292.6</gx:coord>
<gx:coord>-71.904976 -13.537493 3291.7002</gx:coord>
<gx:coord>-71.904976 -13.537493 3291.7002</gx:coord>
<gx:coord>-71.904976 -13.537493 3292.5002</gx:coord>
<gx:coord>-71.904976 -13.537493 3292.8</gx:coord>
<gx:coord>-71.904976 -13.537493 3292.8</gx:coord>
<gx:coord>-71.904976 -13.537495 3292.8</gx:coord>
<gx:coord>-71.904976 -13.537495 3292.8</gx:coord>
<gx:coord>-71.904976 -13.537495 3292.8</gx:coord>
<gx:coord>-71.904976 -13.537496 3292.8</gx:coord>
<gx:coord>-71.904976 -13.537496 3292.8</gx:coord>
<gx:coord>-71.904976 -13.537499 3292.8</gx:coord>
<gx:coord>-71.905 -13.537519 3292.8</gx:coord>
<gx:coord>-71.905045 -13.537547 3291.7002</gx:coord>
<gx:coord>-71.905014 -13.537528 3291.7002</gx:coord>
<gx:coord>-71.90501 -13.537541 3292.8</gx:coord>
<gx:coord>-71.90501 -13.537557 3292.8</gx:coord>
<gx:coord>-71.905014 -13.537567 3292.8</gx:coord>
<gx:coord>-71.90503 -13.537553 3292.8</gx:coord>
<gx:coord>-71.90504 -13.537548 3292.8</gx:coord>
<gx:coord>-71.90504 -13.537548 3292.8</gx:coord>
<gx:coord>-71.90504 -13.537545 3296.295</gx:coord>
<gx:coord>-71.905045 -13.537528 3292.5435</gx:coord>
<gx:coord>-71.905045 -13.537523 3291.944</gx:coord>
<gx:coord>-71.90504 -13.537514 3291.7534</gx:coord>
<gx:coord>-71.90504 -13.537507 3291.7534</gx:coord>
<gx:coord>-71.90504 -13.537504 3291.9463</gx:coord>
<gx:coord>-71.90504 -13.537503 3292.2666</gx:coord>
<gx:coord>-71.90504 -13.537501 3291.9402</gx:coord>
<gx:coord>-71.90504 -13.537501 3291.8909</gx:coord>
<gx:coord>-71.90504 -13.537498 3291.9863</gx:coord>
<gx:coord>-71.90504 -13.537497 3291.6</gx:coord>
<gx:coord>-71.90504 -13.5374775 3291.6</gx:coord>
<gx:coord>-71.905045 -13.537475 3292.0327</gx:coord>
<gx:coord>-71.905045 -13.537475 3292.0696</gx:coord>
<gx:coord>-71.905045 -13.537475 3291.6</gx:coord>
<gx:coord>-71.905045 -13.537475 3291.6</gx:coord>
<gx:coord>-71.905045 -13.537475 3291.6</gx:coord>
<gx:coord>-71.905045 -13.537475 3292.198</gx:coord>
<gx:coord>-71.905045 -13.537475 3292.239</gx:coord>
<gx:coord>-71.905045 -13.537475 3292.267</gx:coord>
<gx:coord>-71.905045 -13.537475 3292.296</gx:coord>
<gx:coord>-71.905045 -13.537475 3292.3042</gx:coord>
<gx:coord>-71.905045 -13.537475 3292.3367</gx:coord>
<gx:coord>-71.905045 -13.537475 3292.392</gx:coord>
<gx:coord>-71.905045 -13.537475 3292.4094</gx:coord>
<gx:coord>-71.905045 -13.537475 3292.4392</gx:coord>
<gx:coord>-71.905045 -13.537475 3292.4731</gx:coord>
<gx:coord>-71.905045 -13.537475 3291.6</gx:coord>
<gx:coord>-71.905045 -13.537475 3291.6</gx:coord>
<gx:coord>-71.905045 -13.537475 3291.6</gx:coord>
<gx:coord>-71.905045 -13.537475 3291.6</gx:coord>
<gx:coord>-71.905045 -13.537475 3291.6</gx:coord>
<gx:coord>-71.905045 -13.537475 3291.6</gx:coord>
<gx:coord>-71.905045 -13.537475 3292.588</gx:coord>
<gx:coord>-71.905045 -13.537475 3292.5989</gx:coord>
<gx:coord>-71.905045 -13.537475 3292.592</gx:coord>
<gx:coord>-71.905045 -13.537475 3291.6</gx:coord>
<gx:coord>-71.905045 -13.537475 3291.6</gx:coord>
<gx:coord>-71.905045 -13.53748 3292.8308</gx:coord>
<gx:coord>-71.90506 -13.537489 3292.8308</gx:coord>
<gx:coord>-71.905045 -13.537483 3292.8457</gx:coord>
<gx:coord>-71.90505 -13.537479 3293.1638</gx:coord>
<gx:coord>-71.90505 -13.537478 3293.088</gx:coord>
<gx:coord>-71.90505 -13.537478 3293.0896</gx:coord>
<gx:coord>-71.90505 -13.537478 3293.0874</gx:coord>
<gx:coord>-71.90505 -13.537478 3293.087</gx:coord>
<gx:coord>-71.90505 -13.537478 3293.0874</gx:coord>
<gx:coord>-71.90505 -13.537478 3293.0952</gx:coord>
<gx:coord>-71.90505 -13.537478 3293.098</gx:coord>
<gx:coord>-71.90505 -13.537478 3293.0952</gx:coord>
<gx:coord>-71.90505 -13.537478 3293.1045</gx:coord>
<gx:coord>-71.90505 -13.537478 3293.1123</gx:coord>
<gx:coord>-71.90505 -13.537478 3293.1208</gx:coord>
<gx:coord>-71.90505 -13.537478 3293.1213</gx:coord>
<gx:coord>-71.90505 -13.537478 3293.121</gx:coord>
<gx:coord>-71.90505 -13.537478 3293.122</gx:coord>
<gx:coord>-71.90505 -13.537478 3293.123</gx:coord>
<gx:coord>-71.90505 -13.537478 3293.1191</gx:coord>
<gx:coord>-71.90505 -13.537478 3293.1208</gx:coord>
<ExtendedData>
<SchemaData schemaUrl="#schema">
<gx:SimpleArrayData name="speed">
<gx:value>0.012955777</gx:value>
<gx:value>0.011009491</gx:value>
<gx:value>0.025489198</gx:value>
<gx:value>0.025454288</gx:value>
<gx:value>0.48820877</gx:value>
<gx:value>0.1347682</gx:value>
<gx:value>0.53583807</gx:value>
<gx:value>0.7597595</gx:value>
<gx:value>0.95588416</gx:value>
<gx:value>2.3148153</gx:value>
<gx:value>1.2047315</gx:value>
<gx:value>1.0256662</gx:value>
<gx:value>1.0213547</gx:value>
<gx:value>1.0235171</gx:value>
<gx:value>1.078262</gx:value>
<gx:value>1.0367833</gx:value>
<gx:value>1.1267865</gx:value>
<gx:value>1.1643757</gx:value>
<gx:value>1.1796628</gx:value>
<gx:value>1.1734058</gx:value>
<gx:value>1.0979731</gx:value>
<gx:value>0.97417754</gx:value>
<gx:value>0.73956513</gx:value>
<gx:value>0.66282374</gx:value>
<gx:value>0.47325838</gx:value>
<gx:value>0.7075322</gx:value>
<gx:value>1.007522</gx:value>
<gx:value>0.83502454</gx:value>
<gx:value>0.72736865</gx:value>
<gx:value>0.27862188</gx:value>
<gx:value>0.090103306</gx:value>
<gx:value>0.12543155</gx:value>
<gx:value>0.33927208</gx:value>
<gx:value>0.71519464</gx:value>
<gx:value>0.69907314</gx:value>
<gx:value>1.0615709</gx:value>
<gx:value>1.0199198</gx:value>
<gx:value>1.1635675</gx:value>
<gx:value>1.1116565</gx:value>
<gx:value>1.1787881</gx:value>
<gx:value>0.6910821</gx:value>
<gx:value>0.9569162</gx:value>
<gx:value>0.90222394</gx:value>
<gx:value>1.3376932</gx:value>
<gx:value>1.1258146</gx:value>
<gx:value>1.1686174</gx:value>
<gx:value>0.9664145</gx:value>
<gx:value>0.89823246</gx:value>
<gx:value>1.0022062</gx:value>
<gx:value>0.78075355</gx:value>
<gx:value>0.4693686</gx:value>
<gx:value>0.5429777</gx:value>
<gx:value>0.5971229</gx:value>
<gx:value>0.2878738</gx:value>
<gx:value>0.4690647</gx:value>
<gx:value>0.11220241</gx:value>
<gx:value>0.103575684</gx:value>
<gx:value>0.10109447</gx:value>
<gx:value>0.16767675</gx:value>
<gx:value>0.11947848</gx:value>
<gx:value>0.074743174</gx:value>
<gx:value>0.047873024</gx:value>
<gx:value>0.03628443</gx:value>
<gx:value>0.03134064</gx:value>
<gx:value>0.20303085</gx:value>
<gx:value>0.22565979</gx:value>
<gx:value>0.16229995</gx:value>
<gx:value>0.113222346</gx:value>
<gx:value>0.08325724</gx:value>
<gx:value>0.06545058</gx:value>
<gx:value>0.053857736</gx:value>
<gx:value>0.047153965</gx:value>
<gx:value>0.09734934</gx:value>
<gx:value>0.064810686</gx:value>
<gx:value>0.27940705</gx:value>
<gx:value>0.91700745</gx:value>
<gx:value>1.205447</gx:value>
<gx:value>1.1501004</gx:value>
<gx:value>1.1498535</gx:value>
<gx:value>0.4751314</gx:value>
<gx:value>0.5441373</gx:value>
<gx:value>0.46574864</gx:value>
<gx:value>1.0202507</gx:value>
<gx:value>1.1659746</gx:value>
<gx:value>1.140522</gx:value>
<gx:value>1.0930728</gx:value>
<gx:value>1.0466672</gx:value>
<gx:value>1.0273917</gx:value>
<gx:value>1.0231353</gx:value>
<gx:value>0.918826</gx:value>
<gx:value>0.940676</gx:value>
<gx:value>0.9255616</gx:value>
<gx:value>0.09260364</gx:value>
<gx:value>0.096438445</gx:value>
<gx:value>0.054968838</gx:value>
<gx:value>0.114722416</gx:value>
<gx:value>0.101067245</gx:value>
<gx:value>0.09261816</gx:value>
<gx:value>0.2988141</gx:value>
<gx:value>0.42174938</gx:value>
<gx:value>0.3393103</gx:value>
<gx:value>0.2132542</gx:value>
<gx:value>0.1070124</gx:value>
<gx:value>1.2846714</gx:value>
<gx:value>0.43472925</gx:value>
<gx:value>0.071829684</gx:value>
<gx:value>0.023900984</gx:value>
<gx:value>0.16582048</gx:value>
<gx:value>0.22632477</gx:value>
<gx:value>0.24411003</gx:value>
<gx:value>0.10079891</gx:value>
<gx:value>0.007227358</gx:value>
<gx:value>0.1411702</gx:value>
<gx:value>0.17752677</gx:value>
<gx:value>0.25065994</gx:value>
<gx:value>0.3043784</gx:value>
<gx:value>0.2510406</gx:value>
<gx:value>1.0531808</gx:value>
<gx:value>0.27287543</gx:value>
<gx:value>0.72468734</gx:value>
<gx:value>0.4475061</gx:value>
<gx:value>0.555374</gx:value>
<gx:value>0.1912569</gx:value>
<gx:value>0.5785642</gx:value>
<gx:value>1.1185848</gx:value>
<gx:value>1.1227669</gx:value>
<gx:value>1.0813619</gx:value>
<gx:value>1.1048502</gx:value>
<gx:value>1.0024183</gx:value>
<gx:value>1.0461179</gx:value>
<gx:value>1.1187618</gx:value>
<gx:value>1.1154811</gx:value>
<gx:value>0.526457</gx:value>
<gx:value>0.17229365</gx:value>
<gx:value>0.07529412</gx:value>
<gx:value>0.21770042</gx:value>
<gx:value>0.060030986</gx:value>
<gx:value>0.07300495</gx:value>
<gx:value>0.18098995</gx:value>
<gx:value>0.1005506</gx:value>
<gx:value>0.063205935</gx:value>
<gx:value>0.06062712</gx:value>
<gx:value>0.062347088</gx:value>
<gx:value>0.06456442</gx:value>
<gx:value>0.06531977</gx:value>
<gx:value>0.065798804</gx:value>
<gx:value>0.06878651</gx:value>
<gx:value>0.05174237</gx:value>
<gx:value>0.027478809</gx:value>
<gx:value>0.0057800724</gx:value>
<gx:value>0.0037051905</gx:value>
<gx:value>3.577935E-4</gx:value>
<gx:value>0.003362464</gx:value>
<gx:value>0.004431866</gx:value>
<gx:value>0.0070312866</gx:value>
<gx:value>6.9933856E-4</gx:value>
<gx:value>0.21015872</gx:value>
<gx:value>0.17254947</gx:value>
<gx:value>0.1930965</gx:value>
<gx:value>0.09716594</gx:value>
<gx:value>0.19272822</gx:value>
<gx:value>0.16468693</gx:value>
<gx:value>0.09675709</gx:value>
<gx:value>0.11566397</gx:value>
<gx:value>0.1351245</gx:value>
<gx:value>0.14338101</gx:value>
<gx:value>0.080147125</gx:value>
<gx:value>0.10616607</gx:value>
<gx:value>0.10756628</gx:value>
<gx:value>0.07657873</gx:value>
<gx:value>0.08964628</gx:value>
<gx:value>0.08692854</gx:value>
<gx:value>0.031127954</gx:value>
<gx:value>0.028682614</gx:value>
<gx:value>0.019138416</gx:value>
<gx:value>0.022106357</gx:value>
<gx:value>0.014695984</gx:value>
<gx:value>0.037866596</gx:value>
<gx:value>0.6171376</gx:value>
<gx:value>0.16175915</gx:value>
<gx:value>0.10356095</gx:value>
<gx:value>0.021687554</gx:value>
<gx:value>0.009553702</gx:value>
<gx:value>0.0062351585</gx:value>
<gx:value>0.013409428</gx:value>
<gx:value>0.06360098</gx:value>
<gx:value>0.37914845</gx:value>
<gx:value>0.21097966</gx:value>
<gx:value>0.9601608</gx:value>
<gx:value>0.26771754</gx:value>
<gx:value>0.31518328</gx:value>
<gx:value>0.9173482</gx:value>
<gx:value>0.5475504</gx:value>
<gx:value>0.58192235</gx:value>
<gx:value>0.9817911</gx:value>
<gx:value>1.190049</gx:value>
<gx:value>1.0486312</gx:value>
<gx:value>0.7544973</gx:value>
<gx:value>0.2683679</gx:value>
<gx:value>0.08968234</gx:value>
<gx:value>0.057613965</gx:value>
<gx:value>0.015665144</gx:value>
<gx:value>0.065643854</gx:value>
<gx:value>0.068354145</gx:value>
<gx:value>0.06055024</gx:value>
<gx:value>0.060275324</gx:value>
<gx:value>0.03221969</gx:value>
<gx:value>0.017789915</gx:value>
<gx:value>0.010196291</gx:value>
<gx:value>0.0076312204</gx:value>
<gx:value>0.007615848</gx:value>
<gx:value>0.008408535</gx:value>
<gx:value>0.008437381</gx:value>
<gx:value>0.007857386</gx:value>
<gx:value>0.007945516</gx:value>
<gx:value>0.007752122</gx:value>
<gx:value>0.01125361</gx:value>
<gx:value>0.013034103</gx:value>
<gx:value>0.010582713</gx:value>
<gx:value>0.012957783</gx:value>
<gx:value>0.010579346</gx:value>
<gx:value>0.012956857</gx:value>
<gx:value>0.0059135105</gx:value>
<gx:value>0.007089309</gx:value>
<gx:value>0.008083514</gx:value>
<gx:value>0.007412932</gx:value>
<gx:value>0.0057939687</gx:value>
<gx:value>0.022173539</gx:value>
<gx:value>0.11232014</gx:value>
<gx:value>0.6424901</gx:value>
<gx:value>1.168668</gx:value>
<gx:value>1.0456802</gx:value>
<gx:value>1.1568795</gx:value>
<gx:value>1.3044392</gx:value>
<gx:value>1.3012807</gx:value>
<gx:value>1.2939991</gx:value>
<gx:value>1.2680179</gx:value>
<gx:value>1.3319947</gx:value>
<gx:value>1.3870074</gx:value>
<gx:value>1.3448803</gx:value>
<gx:value>1.3544356</gx:value>
<gx:value>1.3647461</gx:value>
<gx:value>1.339902</gx:value>
<gx:value>1.3301439</gx:value>
<gx:value>1.3249112</gx:value>
<gx:value>1.3472866</gx:value>
<gx:value>1.3932068</gx:value>
<gx:value>1.3784581</gx:value>
<gx:value>1.4065094</gx:value>
<gx:value>1.4314337</gx:value>
<gx:value>1.3851676</gx:value>
<gx:value>1.341247</gx:value>
<gx:value>1.2726563</gx:value>
<gx:value>1.2577373</gx:value>
<gx:value>1.3485264</gx:value>
<gx:value>1.2599931</gx:value>
<gx:value>1.2189109</gx:value>
<gx:value>1.2629752</gx:value>
<gx:value>1.2675408</gx:value>
<gx:value>1.2880871</gx:value>
<gx:value>1.2508408</gx:value>
<gx:value>1.167193</gx:value>
<gx:value>1.2541637</gx:value>
<gx:value>1.2290516</gx:value>
<gx:value>1.2721044</gx:value>
<gx:value>1.3316573</gx:value>
<gx:value>1.4002</gx:value>
<gx:value>1.3422322</gx:value>
<gx:value>1.2620918</gx:value>
<gx:value>1.3084992</gx:value>
<gx:value>1.3196687</gx:value>
<gx:value>1.2733456</gx:value>
<gx:value>1.2288529</gx:value>
<gx:value>1.2524513</gx:value>
<gx:value>1.2638223</gx:value>
<gx:value>1.2457153</gx:value>
<gx:value>1.2278086</gx:value>
<gx:value>1.260457</gx:value>
<gx:value>1.4005828</gx:value>
<gx:value>1.194182</gx:value>
<gx:value>1.1624095</gx:value>
<gx:value>1.2150644</gx:value>
<gx:value>1.2642086</gx:value>
<gx:value>1.2402456</gx:value>
<gx:value>1.2504117</gx:value>
<gx:value>1.2191818</gx:value>
<gx:value>1.223874</gx:value>
<gx:value>1.153649</gx:value>
<gx:value>1.204876</gx:value>
<gx:value>1.208355</gx:value>
<gx:value>1.186762</gx:value>
<gx:value>1.1514652</gx:value>
<gx:value>1.1650238</gx:value>
<gx:value>1.066174</gx:value>
<gx:value>0.8389837</gx:value>
<gx:value>0.044998154</gx:value>
<gx:value>0.071895786</gx:value>
<gx:value>0.07569266</gx:value>
<gx:value>0.020966202</gx:value>
<gx:value>0.011609444</gx:value>
<gx:value>0.065527365</gx:value>
<gx:value>0.0714935</gx:value>
<gx:value>0.06565883</gx:value>
<gx:value>0.06237015</gx:value>
<gx:value>0.040096063</gx:value>
<gx:value>0.03072251</gx:value>
<gx:value>0.026338173</gx:value>
<gx:value>1.5578779</gx:value>
<gx:value>0.7622363</gx:value>
<gx:value>1.0672023</gx:value>
<gx:value>0.9631619</gx:value>
<gx:value>0.7852048</gx:value>
<gx:value>0.15185234</gx:value>
<gx:value>0.02302365</gx:value>
<gx:value>0.067138866</gx:value>
<gx:value>0.06684718</gx:value>
<gx:value>0.058366574</gx:value>
<gx:value>0.055330895</gx:value>
<gx:value>0.0920652</gx:value>
<gx:value>0.0841432</gx:value>
<gx:value>0.16301005</gx:value>
<gx:value>0.03845606</gx:value>
<gx:value>0.07236895</gx:value>
<gx:value>0.04647255</gx:value>
<gx:value>0.18657546</gx:value>
<gx:value>0.81196326</gx:value>
<gx:value>0.6772148</gx:value>
<gx:value>0.15402146</gx:value>
<gx:value>0.029237907</gx:value>
<gx:value>0.05718753</gx:value>
<gx:value>0.1313729</gx:value>
<gx:value>0.18504718</gx:value>
<gx:value>0.9618479</gx:value>
<gx:value>1.2030852</gx:value>
<gx:value>1.2137908</gx:value>
<gx:value>1.2364415</gx:value>
<gx:value>1.2407653</gx:value>
<gx:value>1.1743395</gx:value>
<gx:value>1.1364596</gx:value>
<gx:value>1.0997305</gx:value>
<gx:value>1.0152837</gx:value>
<gx:value>1.0077147</gx:value>
<gx:value>0.3223337</gx:value>
<gx:value>0.077629186</gx:value>
<gx:value>0.060481254</gx:value>
<gx:value>0.014914798</gx:value>
<gx:value>0.06425714</gx:value>
<gx:value>0.068248846</gx:value>
<gx:value>0.034293693</gx:value>
<gx:value>0.053870626</gx:value>
<gx:value>0.060145173</gx:value>
<gx:value>0.04770375</gx:value>
<gx:value>0.031658363</gx:value>
<gx:value>0.019231252</gx:value>
<gx:value>0.012610962</gx:value>
<gx:value>0.0070177563</gx:value>
<gx:value>0.0034949426</gx:value>
<gx:value>0.0043464126</gx:value>
<gx:value>0.00462764</gx:value>
<gx:value>0.035906523</gx:value>
<gx:value>0.055645075</gx:value>
<gx:value>0.04731716</gx:value>
<gx:value>0.034077868</gx:value>
<gx:value>0.024370205</gx:value>
<gx:value>0.016963925</gx:value>
<gx:value>0.010544231</gx:value>
<gx:value>0.0032427278</gx:value>
<gx:value>0.018229889</gx:value>
<gx:value>0.024120068</gx:value>
<gx:value>0.018260604</gx:value>
<gx:value>0.011625475</gx:value>
<gx:value>0.005595289</gx:value>
<gx:value>0.0017748225</gx:value>
<gx:value>0.002859622</gx:value>
<gx:value>0.005794311</gx:value>
<gx:value>0.004738608</gx:value>
<gx:value>0.00317255</gx:value>
<gx:value>0.0012191155</gx:value>
<gx:value>0.0021818853</gx:value>
<gx:value>0.019260675</gx:value>
<gx:value>0.02614777</gx:value>
<gx:value>0.0160327</gx:value>
<gx:value>0.029629063</gx:value>
<gx:value>0.08773429</gx:value>
<gx:value>0.037799362</gx:value>
<gx:value>0.060753517</gx:value>
<gx:value>0.012253584</gx:value>
<gx:value>0.0706535</gx:value>
<gx:value>0.07353734</gx:value>
<gx:value>0.05471051</gx:value>
<gx:value>0.054315135</gx:value>
<gx:value>0.031531475</gx:value>
<gx:value>0.059420053</gx:value>
<gx:value>0.020730449</gx:value>
<gx:value>0.010226492</gx:value>
<gx:value>0.25882927</gx:value>
<gx:value>0.14563665</gx:value>
<gx:value>0.11408484</gx:value>
<gx:value>0.0863153</gx:value>
<gx:value>0.08311462</gx:value>
<gx:value>0.051155243</gx:value>
<gx:value>0.067648865</gx:value>
<gx:value>0.05585013</gx:value>
<gx:value>0.05996303</gx:value>
<gx:value>0.02419767</gx:value>
<gx:value>0.006909571</gx:value>
<gx:value>0.19807266</gx:value>
<gx:value>0.19549496</gx:value>
<gx:value>0.1720528</gx:value>
<gx:value>0.14491177</gx:value>
<gx:value>0.09087129</gx:value>
<gx:value>0.05486502</gx:value>
<gx:value>0.15365992</gx:value>
<gx:value>0.13194703</gx:value>
<gx:value>0.12447636</gx:value>
<gx:value>0.22828695</gx:value>
<gx:value>0.16401605</gx:value>
<gx:value>0.08361835</gx:value>
<gx:value>0.05924111</gx:value>
<gx:value>0.017478995</gx:value>
<gx:value>0.013332443</gx:value>
<gx:value>0.057140842</gx:value>
<gx:value>0.058453806</gx:value>
<gx:value>0.064873174</gx:value>
<gx:value>0.05407864</gx:value>
<gx:value>0.033106156</gx:value>
<gx:value>0.052271627</gx:value>
<gx:value>0.03653949</gx:value>
<gx:value>0.021057712</gx:value>
<gx:value>0.011011111</gx:value>
<gx:value>0.0062317685</gx:value>
<gx:value>0.016733998</gx:value>
<gx:value>0.027152788</gx:value>
<gx:value>0.021778982</gx:value>
<gx:value>0.058668993</gx:value>
<gx:value>0.06949754</gx:value>
<gx:value>0.07834212</gx:value>
<gx:value>0.072852425</gx:value>
<gx:value>0.08221639</gx:value>
<gx:value>0.04468541</gx:value>
<gx:value>0.0661564</gx:value>
<gx:value>0.06171767</gx:value>
<gx:value>0.078340694</gx:value>
<gx:value>0.117359705</gx:value>
<gx:value>0.08530688</gx:value>
<gx:value>0.036528274</gx:value>
<gx:value>0.061035834</gx:value>
<gx:value>0.026684877</gx:value>
<gx:value>0.054902427</gx:value>
<gx:value>0.012672287</gx:value>
<gx:value>0.0038909097</gx:value>
<gx:value>0.0033399933</gx:value>
<gx:value>0.00300399</gx:value>
<gx:value>0.21939878</gx:value>
<gx:value>0.21115725</gx:value>
<gx:value>0.07812688</gx:value>
<gx:value>0.06783037</gx:value>
<gx:value>0.06577699</gx:value>
<gx:value>0.016492877</gx:value>
<gx:value>0.01426062</gx:value>
<gx:value>0.058572445</gx:value>
<gx:value>0.058334883</gx:value>
<gx:value>0.03698432</gx:value>
<gx:value>0.021780739</gx:value>
<gx:value>0.025613304</gx:value>
<gx:value>0.022842748</gx:value>
<gx:value>0.013989983</gx:value>
<gx:value>0.018278368</gx:value>
<gx:value>0.010886443</gx:value>
<gx:value>0.012976419</gx:value>
<gx:value>0.015247547</gx:value>
<gx:value>0.016306752</gx:value>
<gx:value>0.00902246</gx:value>
<gx:value>0.069561936</gx:value>
<gx:value>0.010992203</gx:value>
<gx:value>0.002491454</gx:value>
<gx:value>0.11791539</gx:value>
<gx:value>0.04236822</gx:value>
<gx:value>0.009818668</gx:value>
<gx:value>0.0052716304</gx:value>
<gx:value>0.04394947</gx:value>
<gx:value>0.007682848</gx:value>
<gx:value>5.278227E-4</gx:value>
<gx:value>0.0032460357</gx:value>
<gx:value>0.0049080043</gx:value>
<gx:value>0.0036188054</gx:value>
<gx:value>0.0036011613</gx:value>
<gx:value>0.007629363</gx:value>
<gx:value>0.008062401</gx:value>
<gx:value>0.0036832327</gx:value>
<gx:value>0.0033955611</gx:value>
<gx:value>3.4095926E-4</gx:value>
<gx:value>0.0033325297</gx:value>
<gx:value>3.4214227E-4</gx:value>
<gx:value>0.0032549486</gx:value>
<gx:value>0.004906781</gx:value>
<gx:value>4.869804E-4</gx:value>
<gx:value>0.0032697069</gx:value>
<gx:value>3.3172878E-4</gx:value>
<gx:value>0.0032699043</gx:value>
<gx:value>3.3177217E-4</gx:value>
<gx:value>0.0073333927</gx:value>
<gx:value>0.014173374</gx:value>
<gx:value>0.0040229084</gx:value>
<gx:value>0.0027033717</gx:value>
<gx:value>0.0032025643</gx:value>
<gx:value>4.894677E-4</gx:value>
<gx:value>0.0032168159</gx:value>
<gx:value>0.0027101873</gx:value>
<gx:value>4.8897445E-4</gx:value>
<gx:value>0.0044627055</gx:value>
<gx:value>6.991075E-4</gx:value>
<gx:value>0.003128668</gx:value>
<gx:value>0.003594674</gx:value>
<gx:value>0.0036097425</gx:value>
<gx:value>0.0048254644</gx:value>
<gx:value>0.0036354791</gx:value>
<gx:value>0.015456664</gx:value>
<gx:value>0.015145442</gx:value>
<gx:value>0.0063024997</gx:value>
<gx:value>0.003629167</gx:value>
<gx:value>0.0033887853</gx:value>
<gx:value>1.8886234E-4</gx:value>
<gx:value>4.7652095E-4</gx:value>
<gx:value>3.742024E-4</gx:value>
<gx:value>0.0010696106</gx:value>
<gx:value>0.001322681</gx:value>
<gx:value>0.002584566</gx:value>
<gx:value>0.0021038847</gx:value>
<gx:value>0.0014036214</gx:value>
<gx:value>0.0015604171</gx:value>
<gx:value>0.0026408364</gx:value>
<gx:value>0.0032299634</gx:value>
<gx:value>0.004907639</gx:value>
<gx:value>0.005187391</gx:value>
<gx:value>6.9943315E-4</gx:value>
<gx:value>0.0031612245</gx:value>
<gx:value>0.007675301</gx:value>
<gx:value>7.7700446E-4</gx:value>
<gx:value>3.3466666E-5</gx:value>
<gx:value>0.0033480583</gx:value>
<gx:value>0.0071379244</gx:value>
<gx:value>0.005445626</gx:value>
<gx:value>5.4851105E-4</gx:value>
<gx:value>0.0046684574</gx:value>
<gx:value>0.0036031553</gx:value>
<gx:value>3.47173E-4</gx:value>
<gx:value>1.8187198E-5</gx:value>
<gx:value>2.2861003E-7</gx:value>
<gx:value>0.0032546164</gx:value>
<gx:value>0.0033648002</gx:value>
<gx:value>3.4214318E-4</gx:value>
<gx:value>1.4199909E-6</gx:value>
<gx:value>1.664671E-6</gx:value>
<gx:value>0.0014915676</gx:value>
<gx:value>0.0010279348</gx:value>
<gx:value>6.991111E-4</gx:value>
<gx:value>4.5152547E-4</gx:value>
<gx:value>0.016469756</gx:value>
<gx:value>0.036930304</gx:value>
<gx:value>0.16934107</gx:value>
<gx:value>0.24782576</gx:value>
<gx:value>0.28240046</gx:value>
<gx:value>0.3325119</gx:value>
<gx:value>0.6618909</gx:value>
<gx:value>0.7386572</gx:value>
<gx:value>0.8307911</gx:value>
<gx:value>0.19091089</gx:value>
<gx:value>0.15439889</gx:value>
<gx:value>0.15509576</gx:value>
<gx:value>0.116621144</gx:value>
<gx:value>0.12773795</gx:value>
<gx:value>0.20408773</gx:value>
<gx:value>0.5191758</gx:value>
<gx:value>0.0901953</gx:value>
<gx:value>0.022130338</gx:value>
<gx:value>0.05864958</gx:value>
<gx:value>0.05384761</gx:value>
<gx:value>0.050105996</gx:value>
<gx:value>0.0070649562</gx:value>
<gx:value>0.0070456592</gx:value>
<gx:value>0.02377995</gx:value>
<gx:value>0.021975443</gx:value>
<gx:value>0.0016510391</gx:value>
<gx:value>0.0032590074</gx:value>
<gx:value>3.2829377E-4</gx:value>
<gx:value>1.4293131E-5</gx:value>
<gx:value>4.8196245E-7</gx:value>
<gx:value>0.0032545044</gx:value>
<gx:value>0.0029233708</gx:value>
<gx:value>0.0029370356</gx:value>
<gx:value>0.0029378615</gx:value>
<gx:value>0.0033634622</gx:value>
<gx:value>3.4209315E-4</gx:value>
<gx:value>2.070938E-5</gx:value>
<gx:value>0.0031136067</gx:value>
<gx:value>0.003245174</gx:value>
<gx:value>0.003167505</gx:value>
<gx:value>0.0032526539</gx:value>
<gx:value>4.8802784E-4</gx:value>
<gx:value>0.0031112388</gx:value>
<gx:value>0.0026385458</gx:value>
<gx:value>0.0026444693</gx:value>
<gx:value>4.6628356E-4</gx:value>
<gx:value>1.5648147E-5</gx:value>
<gx:value>7.55707E-6</gx:value>
<gx:value>1.506033E-6</gx:value>
<gx:value>7.162855E-8</gx:value>
<gx:value>2.1141568E-8</gx:value>
<gx:value>0.0032090752</gx:value>
<gx:value>4.9739965E-4</gx:value>
<gx:value>8.390738E-6</gx:value>
<gx:value>9.34926E-6</gx:value>
<gx:value>1.6283296E-6</gx:value>
<gx:value>5.222184E-8</gx:value>
<gx:value>2.6765905E-8</gx:value>
<gx:value>5.2662403E-9</gx:value>
<gx:value>0.00320916</gx:value>
<gx:value>0.003160391</gx:value>
<gx:value>4.8382833E-4</gx:value>
<gx:value>1.239862E-5</gx:value>
<gx:value>9.238215E-6</gx:value>
<gx:value>0.0044756685</gx:value>
<gx:value>0.28948188</gx:value>
<gx:value>0.61953604</gx:value>
<gx:value>0.71919644</gx:value>
<gx:value>0.7911821</gx:value>
<gx:value>0.49086475</gx:value>
<gx:value>0.09651758</gx:value>
<gx:value>0.06122071</gx:value>
<gx:value>0.013159311</gx:value>
<gx:value>0.08009902</gx:value>
<gx:value>0.084204875</gx:value>
<gx:value>0.116916515</gx:value>
<gx:value>0.13244538</gx:value>
<gx:value>0.10288332</gx:value>
<gx:value>0.09876164</gx:value>
<gx:value>0.06908188</gx:value>
<gx:value>0.13776492</gx:value>
<gx:value>0.10046554</gx:value>
<gx:value>0.12997669</gx:value>
<gx:value>0.1318173</gx:value>
<gx:value>0.0987776</gx:value>
<gx:value>0.092198335</gx:value>
<gx:value>0.051637102</gx:value>
<gx:value>0.06590662</gx:value>
<gx:value>0.062406424</gx:value>
<gx:value>0.041271262</gx:value>
<gx:value>0.024997648</gx:value>
<gx:value>0.05500248</gx:value>
<gx:value>0.82680035</gx:value>
<gx:value>0.32873252</gx:value>
<gx:value>0.13303715</gx:value>
<gx:value>0.0910647</gx:value>
<gx:value>0.084443904</gx:value>
<gx:value>0.10474622</gx:value>
<gx:value>0.071542345</gx:value>
<gx:value>0.09642378</gx:value>
<gx:value>0.09597865</gx:value>
<gx:value>0.029939547</gx:value>
<gx:value>0.07892187</gx:value>
<gx:value>0.09469794</gx:value>
<gx:value>0.15695623</gx:value>
<gx:value>0.11979891</gx:value>
<gx:value>0.05759383</gx:value>
<gx:value>0.086608075</gx:value>
<gx:value>0.0577134</gx:value>
<gx:value>0.06631638</gx:value>
<gx:value>0.061381634</gx:value>
<gx:value>0.06087992</gx:value>
<gx:value>0.059532154</gx:value>
<gx:value>1.1824882</gx:value>
<gx:value>0.8910916</gx:value>
<gx:value>0.29727212</gx:value>
<gx:value>1.2337834</gx:value>
<gx:value>1.2510376</gx:value>
<gx:value>1.1084007</gx:value>
<gx:value>1.1493777</gx:value>
<gx:value>1.1185943</gx:value>
<gx:value>1.1609648</gx:value>
<gx:value>1.0746</gx:value>
<gx:value>1.1786677</gx:value>
<gx:value>1.1209868</gx:value>
<gx:value>0.8708618</gx:value>
<gx:value>1.0263034</gx:value>
<gx:value>0.9374575</gx:value>
<gx:value>0.7867078</gx:value>
<gx:value>1.0004708</gx:value>
<gx:value>0.88496697</gx:value>
<gx:value>1.005458</gx:value>
<gx:value>0.85568166</gx:value>
<gx:value>0.14620212</gx:value>
<gx:value>0.09404464</gx:value>
<gx:value>0.12806606</gx:value>
<gx:value>0.06822588</gx:value>
<gx:value>0.10131727</gx:value>
<gx:value>0.079375215</gx:value>
<gx:value>0.3528096</gx:value>
<gx:value>0.13967861</gx:value>
<gx:value>0.07787733</gx:value>
<gx:value>0.12668075</gx:value>
<gx:value>0.09702041</gx:value>
<gx:value>0.3854478</gx:value>
<gx:value>0.064721696</gx:value>
<gx:value>0.16937925</gx:value>
<gx:value>0.19848336</gx:value>
<gx:value>0.19756442</gx:value>
<gx:value>0.025291845</gx:value>
<gx:value>0.002594409</gx:value>
<gx:value>0.0045672394</gx:value>
<gx:value>0.0052000876</gx:value>
<gx:value>0.005184626</gx:value>
<gx:value>6.9216307E-4</gx:value>
<gx:value>3.7228149E-6</gx:value>
<gx:value>1.539674E-5</gx:value>
<gx:value>2.3066502E-6</gx:value>
<gx:value>2.7846681E-8</gx:value>
<gx:value>0.09273622</gx:value>
<gx:value>0.027749643</gx:value>
<gx:value>0.013627271</gx:value>
<gx:value>0.004249829</gx:value>
<gx:value>0.0048435857</gx:value>
<gx:value>0.34935835</gx:value>
<gx:value>0.9579637</gx:value>
<gx:value>0.97907454</gx:value>
<gx:value>1.0204986</gx:value>
<gx:value>0.37334532</gx:value>
<gx:value>0.12514018</gx:value>
<gx:value>0.13603404</gx:value>
<gx:value>0.23748429</gx:value>
<gx:value>0.2386154</gx:value>
<gx:value>0.2901984</gx:value>
<gx:value>0.30865422</gx:value>
<gx:value>0.40896875</gx:value>
<gx:value>0.13245156</gx:value>
<gx:value>0.012537355</gx:value>
<gx:value>0.12436739</gx:value>
<gx:value>0.05487602</gx:value>
<gx:value>0.05377993</gx:value>
<gx:value>0.10817994</gx:value>
<gx:value>0.015572358</gx:value>
<gx:value>0.11918959</gx:value>
<gx:value>0.010338789</gx:value>
<gx:value>0.0103176925</gx:value>
<gx:value>0.09741221</gx:value>
<gx:value>0.014897726</gx:value>
<gx:value>0.007480065</gx:value>
<gx:value>0.0072022425</gx:value>
<gx:value>0.01031383</gx:value>
<gx:value>0.013926813</gx:value>
<gx:value>0.011744768</gx:value>
<gx:value>0.014505129</gx:value>
<gx:value>0.008413797</gx:value>
<gx:value>0.005214001</gx:value>
<gx:value>0.012943421</gx:value>
<gx:value>0.017518962</gx:value>
<gx:value>0.0050265095</gx:value>
<gx:value>0.0041598408</gx:value>
<gx:value>0.005181752</gx:value>
<gx:value>0.0059664785</gx:value>
<gx:value>0.005423425</gx:value>
<gx:value>0.0047929604</gx:value>
<gx:value>0.0032990423</gx:value>
<gx:value>0.004100967</gx:value>
<gx:value>0.004124684</gx:value>
<gx:value>0.003980657</gx:value>
<gx:value>0.0038425592</gx:value>
<gx:value>0.0031333494</gx:value>
<gx:value>5.746868E-4</gx:value>
<gx:value>1.1355688E-4</gx:value>
<gx:value>0.18997598</gx:value>
<gx:value>0.14862034</gx:value>
<gx:value>0.13695864</gx:value>
<gx:value>0.13385028</gx:value>
<gx:value>0.09818877</gx:value>
<gx:value>0.05347721</gx:value>
<gx:value>0.020598534</gx:value>
<gx:value>0.009948109</gx:value>
<gx:value>0.004005933</gx:value>
<gx:value>0.0013878155</gx:value>
<gx:value>4.4114763E-4</gx:value>
<gx:value>1.328672E-4</gx:value>
<gx:value>3.8560356E-5</gx:value>
<gx:value>1.0880355E-5</gx:value>
<gx:value>3.0023614E-6</gx:value>
<gx:value>0.0062840953</gx:value>
<gx:value>0.0068614143</gx:value>
<gx:value>0.0032485886</gx:value>
<gx:value>0.0011903308</gx:value>
<gx:value>3.8899112E-4</gx:value>
<gx:value>0.008870866</gx:value>
</gx:SimpleArrayData>
<gx:SimpleArrayData name="accuracy">
<gx:value>5.471</gx:value>
<gx:value>5.649</gx:value>
<gx:value>5.625</gx:value>
<gx:value>5.565</gx:value>
<gx:value>4.677</gx:value>
<gx:value>4.393</gx:value>
<gx:value>4.693</gx:value>
<gx:value>5.513</gx:value>
<gx:value>6.702</gx:value>
<gx:value>7.987</gx:value>
<gx:value>7.575</gx:value>
<gx:value>6.723</gx:value>
<gx:value>6.708</gx:value>
<gx:value>6.907</gx:value>
<gx:value>7.804</gx:value>
<gx:value>9.117</gx:value>
<gx:value>10.238</gx:value>
<gx:value>10.145</gx:value>
<gx:value>9.806</gx:value>
<gx:value>10.341</gx:value>
<gx:value>10.831</gx:value>
<gx:value>10.968</gx:value>
<gx:value>10.398</gx:value>
<gx:value>9.14</gx:value>
<gx:value>7.884</gx:value>
<gx:value>6.662</gx:value>
<gx:value>5.772</gx:value>
<gx:value>4.982</gx:value>
<gx:value>12.124</gx:value>
<gx:value>13.752</gx:value>
<gx:value>7.467</gx:value>
<gx:value>6.908</gx:value>
<gx:value>6.621</gx:value>
<gx:value>7.035</gx:value>
<gx:value>9.011</gx:value>
<gx:value>10.983</gx:value>
<gx:value>11.414</gx:value>
<gx:value>9.357</gx:value>
<gx:value>8.617</gx:value>
<gx:value>8.334</gx:value>
<gx:value>7.912</gx:value>
<gx:value>8.376</gx:value>
<gx:value>7.241</gx:value>
<gx:value>23.423</gx:value>
<gx:value>23.803</gx:value>
<gx:value>17.916</gx:value>
<gx:value>17.593</gx:value>
<gx:value>9.014</gx:value>
<gx:value>16.702</gx:value>
<gx:value>19.084</gx:value>
<gx:value>12.655</gx:value>
<gx:value>10.476</gx:value>
<gx:value>9.58</gx:value>
<gx:value>19.132</gx:value>
<gx:value>16.367</gx:value>
<gx:value>7.931</gx:value>
<gx:value>7.067</gx:value>
<gx:value>6.289</gx:value>
<gx:value>5.624</gx:value>
<gx:value>7.93</gx:value>
<gx:value>4.657</gx:value>
<gx:value>4.34</gx:value>
<gx:value>4.056</gx:value>
<gx:value>4.004</gx:value>
<gx:value>3.978</gx:value>
<gx:value>4.019</gx:value>
<gx:value>4.013</gx:value>
<gx:value>6.299</gx:value>
<gx:value>3.886</gx:value>
<gx:value>3.977</gx:value>
<gx:value>4.043</gx:value>
<gx:value>7.055</gx:value>
<gx:value>10.022</gx:value>
<gx:value>9.966</gx:value>
<gx:value>9.987</gx:value>
<gx:value>10.165</gx:value>
<gx:value>14.562</gx:value>
<gx:value>16.612</gx:value>
<gx:value>17.047</gx:value>
<gx:value>14.27</gx:value>
<gx:value>13.038</gx:value>
<gx:value>10.168</gx:value>
<gx:value>10.474</gx:value>
<gx:value>12.769</gx:value>
<gx:value>13.9</gx:value>
<gx:value>13.633</gx:value>
<gx:value>12.159</gx:value>
<gx:value>10.495</gx:value>
<gx:value>9.869</gx:value>
<gx:value>10.783</gx:value>
<gx:value>10.417</gx:value>
<gx:value>10.309</gx:value>
<gx:value>8.56</gx:value>
<gx:value>6.68</gx:value>
<gx:value>5.592</gx:value>
<gx:value>5.692</gx:value>
<gx:value>5.849</gx:value>
<gx:value>7.827</gx:value>
<gx:value>9.935</gx:value>
<gx:value>9.935</gx:value>
<gx:value>9.935</gx:value>
<gx:value>9.935</gx:value>
<gx:value>9.935</gx:value>
<gx:value>9.935</gx:value>
<gx:value>9.935</gx:value>
<gx:value>9.935</gx:value>
<gx:value>9.935</gx:value>
<gx:value>10.853</gx:value>
<gx:value>11.033</gx:value>
<gx:value>9.573</gx:value>
<gx:value>8.532</gx:value>
<gx:value>7.891</gx:value>
<gx:value>7.248</gx:value>
<gx:value>6.762</gx:value>
<gx:value>6.338</gx:value>
<gx:value>6.511</gx:value>
<gx:value>6.76</gx:value>
<gx:value>9.098</gx:value>
<gx:value>16.962</gx:value>
<gx:value>21.771</gx:value>
<gx:value>18.931</gx:value>
<gx:value>15.75</gx:value>
<gx:value>10.725</gx:value>
<gx:value>9.653</gx:value>
<gx:value>10.252</gx:value>
<gx:value>11.375</gx:value>
<gx:value>11.755</gx:value>
<gx:value>12.652</gx:value>
<gx:value>12.647</gx:value>
<gx:value>10.605</gx:value>
<gx:value>9.654</gx:value>
<gx:value>8.751</gx:value>
<gx:value>8.08</gx:value>
<gx:value>6.838</gx:value>
<gx:value>4.778</gx:value>
<gx:value>4.396</gx:value>
<gx:value>4.06</gx:value>
<gx:value>3.911</gx:value>
<gx:value>4.174</gx:value>
<gx:value>4.34</gx:value>
<gx:value>4.177</gx:value>
<gx:value>3.939</gx:value>
<gx:value>3.845</gx:value>
<gx:value>3.74</gx:value>
<gx:value>4.063</gx:value>
<gx:value>3.915</gx:value>
<gx:value>3.79</gx:value>
<gx:value>3.79</gx:value>
<gx:value>3.928</gx:value>
<gx:value>3.79</gx:value>
<gx:value>3.79</gx:value>
<gx:value>3.79</gx:value>
<gx:value>3.79</gx:value>
<gx:value>3.79</gx:value>
<gx:value>3.79</gx:value>
<gx:value>3.79</gx:value>
<gx:value>3.79</gx:value>
<gx:value>3.79</gx:value>
<gx:value>4.135</gx:value>
<gx:value>5.512</gx:value>
<gx:value>6.052</gx:value>
<gx:value>5.986</gx:value>
<gx:value>6.431</gx:value>
<gx:value>6.215</gx:value>
<gx:value>5.999</gx:value>
<gx:value>5.969</gx:value>
<gx:value>6.238</gx:value>
<gx:value>6.292</gx:value>
<gx:value>6.003</gx:value>
<gx:value>5.833</gx:value>
<gx:value>5.899</gx:value>
<gx:value>7.809</gx:value>
<gx:value>10.232</gx:value>
<gx:value>10.156</gx:value>
<gx:value>10.214</gx:value>
<gx:value>10.383</gx:value>
<gx:value>10.548</gx:value>
<gx:value>10.457</gx:value>
<gx:value>10.26</gx:value>
<gx:value>10.14</gx:value>
<gx:value>10.169</gx:value>
<gx:value>10.16</gx:value>
<gx:value>10.115</gx:value>
<gx:value>10.055</gx:value>
<gx:value>10.025</gx:value>
<gx:value>10.036</gx:value>
<gx:value>10.043</gx:value>
<gx:value>10.049</gx:value>
<gx:value>10.083</gx:value>
<gx:value>8.829</gx:value>
<gx:value>7.857</gx:value>
<gx:value>9.112</gx:value>
<gx:value>17.387</gx:value>
<gx:value>18.533</gx:value>
<gx:value>16.252</gx:value>
<gx:value>14.144</gx:value>
<gx:value>14.753</gx:value>
<gx:value>12.873</gx:value>
<gx:value>10.624</gx:value>
<gx:value>8.214</gx:value>
<gx:value>5.962</gx:value>
<gx:value>5.455</gx:value>
<gx:value>4.91</gx:value>
<gx:value>4.928</gx:value>
<gx:value>5.204</gx:value>
<gx:value>4.373</gx:value>
<gx:value>3.79</gx:value>
<gx:value>3.79</gx:value>
<gx:value>3.79</gx:value>
<gx:value>3.79</gx:value>
<gx:value>3.79</gx:value>
<gx:value>3.79</gx:value>
<gx:value>3.79</gx:value>
<gx:value>3.79</gx:value>
<gx:value>6.731</gx:value>
<gx:value>3.79</gx:value>
<gx:value>3.79</gx:value>
<gx:value>3.79</gx:value>
<gx:value>3.79</gx:value>
<gx:value>3.79</gx:value>
<gx:value>3.79</gx:value>
<gx:value>3.79</gx:value>
<gx:value>3.79</gx:value>
<gx:value>3.79</gx:value>
<gx:value>3.79</gx:value>
<gx:value>3.79</gx:value>
<gx:value>3.79</gx:value>
<gx:value>3.79</gx:value>
<gx:value>4.814</gx:value>
<gx:value>5.748</gx:value>
<gx:value>7.014</gx:value>
<gx:value>7.572</gx:value>
<gx:value>7.336</gx:value>
<gx:value>7.448</gx:value>
<gx:value>8.014</gx:value>
<gx:value>7.318</gx:value>
<gx:value>5.929</gx:value>
<gx:value>5.687</gx:value>
<gx:value>5.937</gx:value>
<gx:value>6.236</gx:value>
<gx:value>6.351</gx:value>
<gx:value>6.378</gx:value>
<gx:value>6.603</gx:value>
<gx:value>6.994</gx:value>
<gx:value>7.288</gx:value>
<gx:value>7.508</gx:value>
<gx:value>7.69</gx:value>
<gx:value>7.994</gx:value>
<gx:value>8.369</gx:value>
<gx:value>8.455</gx:value>
<gx:value>7.65</gx:value>
<gx:value>6.911</gx:value>
<gx:value>7.136</gx:value>
<gx:value>7.243</gx:value>
<gx:value>7.243</gx:value>
<gx:value>7.539</gx:value>
<gx:value>7.62</gx:value>
<gx:value>8.053</gx:value>
<gx:value>8.539</gx:value>
<gx:value>8.792</gx:value>
<gx:value>8.587</gx:value>
<gx:value>7.971</gx:value>
<gx:value>7.501</gx:value>
<gx:value>7.639</gx:value>
<gx:value>7.392</gx:value>
<gx:value>7.028</gx:value>
<gx:value>7.283</gx:value>
<gx:value>7.506</gx:value>
<gx:value>7.257</gx:value>
<gx:value>7.519</gx:value>
<gx:value>8.213</gx:value>
<gx:value>8.278</gx:value>
<gx:value>7.731</gx:value>
<gx:value>7.506</gx:value>
<gx:value>6.783</gx:value>
<gx:value>6.544</gx:value>
<gx:value>6.676</gx:value>
<gx:value>6.785</gx:value>
<gx:value>6.954</gx:value>
<gx:value>7.2</gx:value>
<gx:value>7.023</gx:value>
<gx:value>6.788</gx:value>
<gx:value>6.823</gx:value>
<gx:value>6.738</gx:value>
<gx:value>6.859</gx:value>
<gx:value>7.331</gx:value>
<gx:value>7.496</gx:value>
<gx:value>7.592</gx:value>
<gx:value>7.586</gx:value>
<gx:value>7.317</gx:value>
<gx:value>6.943</gx:value>
<gx:value>6.438</gx:value>
<gx:value>6.088</gx:value>
<gx:value>6.476</gx:value>
<gx:value>6.954</gx:value>
<gx:value>6.749</gx:value>
<gx:value>5.288</gx:value>
<gx:value>5.144</gx:value>
<gx:value>5.062</gx:value>
<gx:value>5.141</gx:value>
<gx:value>4.827</gx:value>
<gx:value>4.505</gx:value>
<gx:value>3.79</gx:value>
<gx:value>3.79</gx:value>
<gx:value>3.79</gx:value>
<gx:value>3.79</gx:value>
<gx:value>3.79</gx:value>
<gx:value>3.79</gx:value>
<gx:value>12.653</gx:value>
<gx:value>11.343</gx:value>
<gx:value>9.289</gx:value>
<gx:value>8.413</gx:value>
<gx:value>7.111</gx:value>
<gx:value>6.544</gx:value>
<gx:value>5.199</gx:value>
<gx:value>4.969</gx:value>
<gx:value>4.882</gx:value>
<gx:value>4.56</gx:value>
<gx:value>4.586</gx:value>
<gx:value>4.491</gx:value>
<gx:value>3.79</gx:value>
<gx:value>4.518</gx:value>
<gx:value>4.844</gx:value>
<gx:value>4.749</gx:value>
<gx:value>4.732</gx:value>
<gx:value>4.93</gx:value>
<gx:value>5.554</gx:value>
<gx:value>5.61</gx:value>
<gx:value>5.346</gx:value>
<gx:value>5.113</gx:value>
<gx:value>4.979</gx:value>
<gx:value>4.718</gx:value>
<gx:value>4.771</gx:value>
<gx:value>5.312</gx:value>
<gx:value>6.188</gx:value>
<gx:value>6.778</gx:value>
<gx:value>7.198</gx:value>
<gx:value>7.024</gx:value>
<gx:value>6.915</gx:value>
<gx:value>6.999</gx:value>
<gx:value>6.888</gx:value>
<gx:value>7.214</gx:value>
<gx:value>6.991</gx:value>
<gx:value>4.392</gx:value>
<gx:value>4.593</gx:value>
<gx:value>4.655</gx:value>
<gx:value>4.979</gx:value>
<gx:value>4.675</gx:value>
<gx:value>6.273</gx:value>
<gx:value>10.003</gx:value>
<gx:value>9.935</gx:value>
<gx:value>9.935</gx:value>
<gx:value>9.935</gx:value>
<gx:value>9.935</gx:value>
<gx:value>9.935</gx:value>
<gx:value>9.935</gx:value>
<gx:value>9.935</gx:value>
<gx:value>9.935</gx:value>
<gx:value>9.935</gx:value>
<gx:value>11.298</gx:value>
<gx:value>9.935</gx:value>
<gx:value>9.935</gx:value>
<gx:value>9.935</gx:value>
<gx:value>9.935</gx:value>
<gx:value>10.172</gx:value>
<gx:value>9.935</gx:value>
<gx:value>9.935</gx:value>
<gx:value>9.935</gx:value>
<gx:value>9.935</gx:value>
<gx:value>11.871</gx:value>
<gx:value>9.935</gx:value>
<gx:value>9.935</gx:value>
<gx:value>9.935</gx:value>
<gx:value>9.935</gx:value>
<gx:value>11.509</gx:value>
<gx:value>9.935</gx:value>
<gx:value>9.935</gx:value>
<gx:value>9.935</gx:value>
<gx:value>9.935</gx:value>
<gx:value>11.454</gx:value>
<gx:value>3.79</gx:value>
<gx:value>3.79</gx:value>
<gx:value>3.79</gx:value>
<gx:value>5.033</gx:value>
<gx:value>5.454</gx:value>
<gx:value>5.266</gx:value>
<gx:value>4.872</gx:value>
<gx:value>4.398</gx:value>
<gx:value>4.469</gx:value>
<gx:value>4.511</gx:value>
<gx:value>4.222</gx:value>
<gx:value>3.79</gx:value>
<gx:value>3.79</gx:value>
<gx:value>3.79</gx:value>
<gx:value>7.221</gx:value>
<gx:value>3.79</gx:value>
<gx:value>5.002</gx:value>
<gx:value>5.235</gx:value>
<gx:value>5.244</gx:value>
<gx:value>5.096</gx:value>
<gx:value>4.863</gx:value>
<gx:value>4.856</gx:value>
<gx:value>4.508</gx:value>
<gx:value>4.263</gx:value>
<gx:value>3.79</gx:value>
<gx:value>3.79</gx:value>
<gx:value>3.79</gx:value>
<gx:value>3.79</gx:value>
<gx:value>3.79</gx:value>
<gx:value>3.79</gx:value>
<gx:value>3.79</gx:value>
<gx:value>3.79</gx:value>
<gx:value>3.79</gx:value>
<gx:value>3.79</gx:value>
<gx:value>5.037</gx:value>
<gx:value>5.278</gx:value>
<gx:value>5.253</gx:value>
<gx:value>5.059</gx:value>
<gx:value>4.859</gx:value>
<gx:value>4.515</gx:value>
<gx:value>4.397</gx:value>
<gx:value>4.417</gx:value>
<gx:value>4.547</gx:value>
<gx:value>4.465</gx:value>
<gx:value>3.79</gx:value>
<gx:value>3.79</gx:value>
<gx:value>3.79</gx:value>
<gx:value>3.79</gx:value>
<gx:value>3.79</gx:value>
<gx:value>3.79</gx:value>
<gx:value>3.79</gx:value>
<gx:value>3.79</gx:value>
<gx:value>3.79</gx:value>
<gx:value>3.79</gx:value>
<gx:value>3.979</gx:value>
<gx:value>4.006</gx:value>
<gx:value>4.071</gx:value>
<gx:value>4.073</gx:value>
<gx:value>4.114</gx:value>
<gx:value>4.068</gx:value>
<gx:value>4.019</gx:value>
<gx:value>3.964</gx:value>
<gx:value>3.917</gx:value>
<gx:value>3.911</gx:value>
<gx:value>4.089</gx:value>
<gx:value>4.176</gx:value>
<gx:value>4.006</gx:value>
<gx:value>3.929</gx:value>
<gx:value>3.79</gx:value>
<gx:value>3.79</gx:value>
<gx:value>3.79</gx:value>
<gx:value>3.79</gx:value>
<gx:value>3.79</gx:value>
<gx:value>3.79</gx:value>
<gx:value>14.147</gx:value>
<gx:value>14.956</gx:value>
<gx:value>6.324</gx:value>
<gx:value>5.292</gx:value>
<gx:value>4.508</gx:value>
<gx:value>4.473</gx:value>
<gx:value>4.466</gx:value>
<gx:value>4.181</gx:value>
<gx:value>3.79</gx:value>
<gx:value>3.79</gx:value>
<gx:value>3.79</gx:value>
<gx:value>3.79</gx:value>
<gx:value>3.79</gx:value>
<gx:value>3.79</gx:value>
<gx:value>3.79</gx:value>
<gx:value>3.79</gx:value>
<gx:value>3.79</gx:value>
<gx:value>3.79</gx:value>
<gx:value>3.79</gx:value>
<gx:value>3.79</gx:value>
<gx:value>3.79</gx:value>
<gx:value>6.862</gx:value>
<gx:value>9.935</gx:value>
<gx:value>6.862</gx:value>
<gx:value>3.79</gx:value>
<gx:value>3.79</gx:value>
<gx:value>3.79</gx:value>
<gx:value>3.79</gx:value>
<gx:value>3.79</gx:value>
<gx:value>3.79</gx:value>
<gx:value>3.79</gx:value>
<gx:value>3.79</gx:value>
<gx:value>3.79</gx:value>
<gx:value>3.79</gx:value>
<gx:value>3.79</gx:value>
<gx:value>3.79</gx:value>
<gx:value>3.79</gx:value>
<gx:value>3.79</gx:value>
<gx:value>3.79</gx:value>
<gx:value>3.79</gx:value>
<gx:value>3.79</gx:value>
<gx:value>3.79</gx:value>
<gx:value>3.79</gx:value>
<gx:value>3.79</gx:value>
<gx:value>3.79</gx:value>
<gx:value>3.79</gx:value>
<gx:value>3.79</gx:value>
<gx:value>3.79</gx:value>
<gx:value>3.79</gx:value>
<gx:value>6.862</gx:value>
<gx:value>9.935</gx:value>
<gx:value>9.935</gx:value>
<gx:value>9.935</gx:value>
<gx:value>9.935</gx:value>
<gx:value>9.935</gx:value>
<gx:value>9.935</gx:value>
<gx:value>9.935</gx:value>
<gx:value>9.935</gx:value>
<gx:value>9.935</gx:value>
<gx:value>9.935</gx:value>
<gx:value>9.935</gx:value>
<gx:value>9.935</gx:value>
<gx:value>9.935</gx:value>
<gx:value>9.935</gx:value>
<gx:value>9.935</gx:value>
<gx:value>9.935</gx:value>
<gx:value>9.935</gx:value>
<gx:value>9.935</gx:value>
<gx:value>10.003</gx:value>
<gx:value>9.935</gx:value>
<gx:value>9.935</gx:value>
<gx:value>9.935</gx:value>
<gx:value>9.935</gx:value>
<gx:value>9.935</gx:value>
<gx:value>9.935</gx:value>
<gx:value>9.935</gx:value>
<gx:value>9.935</gx:value>
<gx:value>9.935</gx:value>
<gx:value>9.989</gx:value>
<gx:value>9.935</gx:value>
<gx:value>9.935</gx:value>
<gx:value>9.935</gx:value>
<gx:value>6.862</gx:value>
<gx:value>3.81</gx:value>
<gx:value>3.79</gx:value>
<gx:value>3.79</gx:value>
<gx:value>3.79</gx:value>
<gx:value>3.79</gx:value>
<gx:value>3.879</gx:value>
<gx:value>3.79</gx:value>
<gx:value>3.79</gx:value>
<gx:value>3.79</gx:value>
<gx:value>3.79</gx:value>
<gx:value>3.85</gx:value>
<gx:value>3.79</gx:value>
<gx:value>3.79</gx:value>
<gx:value>3.79</gx:value>
<gx:value>3.79</gx:value>
<gx:value>3.79</gx:value>
<gx:value>3.79</gx:value>
<gx:value>3.79</gx:value>
<gx:value>3.79</gx:value>
<gx:value>3.79</gx:value>
<gx:value>8.428</gx:value>
<gx:value>9.935</gx:value>
<gx:value>9.935</gx:value>
<gx:value>15.253</gx:value>
<gx:value>11.597</gx:value>
<gx:value>7.165</gx:value>
<gx:value>6.448</gx:value>
<gx:value>5.964</gx:value>
<gx:value>6.544</gx:value>
<gx:value>7.829</gx:value>
<gx:value>7.842</gx:value>
<gx:value>5.496</gx:value>
<gx:value>5.157</gx:value>
<gx:value>4.812</gx:value>
<gx:value>4.465</gx:value>
<gx:value>4.642</gx:value>
<gx:value>4.716</gx:value>
<gx:value>4.773</gx:value>
<gx:value>4.65</gx:value>
<gx:value>4.815</gx:value>
<gx:value>4.87</gx:value>
<gx:value>4.785</gx:value>
<gx:value>4.935</gx:value>
<gx:value>4.33</gx:value>
<gx:value>3.79</gx:value>
<gx:value>3.79</gx:value>
<gx:value>3.79</gx:value>
<gx:value>3.79</gx:value>
<gx:value>3.79</gx:value>
<gx:value>3.79</gx:value>
<gx:value>3.79</gx:value>
<gx:value>3.79</gx:value>
<gx:value>3.79</gx:value>
<gx:value>3.79</gx:value>
<gx:value>3.79</gx:value>
<gx:value>3.79</gx:value>
<gx:value>3.79</gx:value>
<gx:value>6.862</gx:value>
<gx:value>9.935</gx:value>
<gx:value>9.935</gx:value>
<gx:value>9.935</gx:value>
<gx:value>9.935</gx:value>
<gx:value>9.935</gx:value>
<gx:value>9.935</gx:value>
<gx:value>9.935</gx:value>
<gx:value>9.935</gx:value>
<gx:value>9.935</gx:value>
<gx:value>9.935</gx:value>
<gx:value>9.935</gx:value>
<gx:value>9.935</gx:value>
<gx:value>9.935</gx:value>
<gx:value>9.935</gx:value>
<gx:value>9.935</gx:value>
<gx:value>9.935</gx:value>
<gx:value>9.935</gx:value>
<gx:value>9.935</gx:value>
<gx:value>9.935</gx:value>
<gx:value>9.935</gx:value>
<gx:value>9.935</gx:value>
<gx:value>9.935</gx:value>
<gx:value>9.935</gx:value>
<gx:value>9.935</gx:value>
<gx:value>9.935</gx:value>
<gx:value>9.935</gx:value>
<gx:value>9.935</gx:value>
<gx:value>9.935</gx:value>
<gx:value>6.862</gx:value>
<gx:value>12.044</gx:value>
<gx:value>9.712</gx:value>
<gx:value>7.945</gx:value>
<gx:value>7.587</gx:value>
<gx:value>7.14</gx:value>
<gx:value>5.591</gx:value>
<gx:value>4.645</gx:value>
<gx:value>4.501</gx:value>
<gx:value>4.376</gx:value>
<gx:value>4.397</gx:value>
<gx:value>4.288</gx:value>
<gx:value>4.442</gx:value>
<gx:value>3.79</gx:value>
<gx:value>3.79</gx:value>
<gx:value>4.632</gx:value>
<gx:value>4.818</gx:value>
<gx:value>4.929</gx:value>
<gx:value>4.946</gx:value>
<gx:value>4.938</gx:value>
<gx:value>4.818</gx:value>
<gx:value>4.586</gx:value>
<gx:value>4.256</gx:value>
<gx:value>3.79</gx:value>
<gx:value>3.79</gx:value>
<gx:value>3.79</gx:value>
<gx:value>3.79</gx:value>
<gx:value>3.79</gx:value>
<gx:value>7.135</gx:value>
<gx:value>6.879</gx:value>
<gx:value>5.505</gx:value>
<gx:value>5.383</gx:value>
<gx:value>5.219</gx:value>
<gx:value>4.932</gx:value>
<gx:value>5.019</gx:value>
<gx:value>4.424</gx:value>
<gx:value>3.79</gx:value>
<gx:value>4.186</gx:value>
<gx:value>4.371</gx:value>
<gx:value>4.566</gx:value>
<gx:value>4.747</gx:value>
<gx:value>4.815</gx:value>
<gx:value>4.75</gx:value>
<gx:value>4.556</gx:value>
<gx:value>4.676</gx:value>
<gx:value>4.848</gx:value>
<gx:value>4.262</gx:value>
<gx:value>6.173</gx:value>
<gx:value>3.79</gx:value>
<gx:value>4.11</gx:value>
<gx:value>17.039</gx:value>
<gx:value>16.505</gx:value>
<gx:value>13.75</gx:value>
<gx:value>11.104</gx:value>
<gx:value>7.963</gx:value>
<gx:value>7.443</gx:value>
<gx:value>6.933</gx:value>
<gx:value>6.216</gx:value>
<gx:value>5.891</gx:value>
<gx:value>6.406</gx:value>
<gx:value>7.269</gx:value>
<gx:value>8.297</gx:value>
<gx:value>11.404</gx:value>
<gx:value>10.701</gx:value>
<gx:value>10.539</gx:value>
<gx:value>9.198</gx:value>
<gx:value>8.933</gx:value>
<gx:value>10.273</gx:value>
<gx:value>8.624</gx:value>
<gx:value>6.273</gx:value>
<gx:value>5.806</gx:value>
<gx:value>5.674</gx:value>
<gx:value>6.102</gx:value>
<gx:value>7.507</gx:value>
<gx:value>9.935</gx:value>
<gx:value>7.23</gx:value>
<gx:value>6.573</gx:value>
<gx:value>6.711</gx:value>
<gx:value>6.716</gx:value>
<gx:value>9.935</gx:value>
<gx:value>9.935</gx:value>
<gx:value>9.935</gx:value>
<gx:value>9.935</gx:value>
<gx:value>9.935</gx:value>
<gx:value>9.935</gx:value>
<gx:value>9.935</gx:value>
<gx:value>10.021</gx:value>
<gx:value>9.935</gx:value>
<gx:value>9.935</gx:value>
<gx:value>9.935</gx:value>
<gx:value>9.935</gx:value>
<gx:value>9.935</gx:value>
<gx:value>9.935</gx:value>
<gx:value>9.935</gx:value>
<gx:value>9.935</gx:value>
<gx:value>9.935</gx:value>
<gx:value>9.935</gx:value>
<gx:value>9.955</gx:value>
<gx:value>9.935</gx:value>
<gx:value>9.935</gx:value>
<gx:value>9.935</gx:value>
<gx:value>31.72</gx:value>
<gx:value>34.554</gx:value>
<gx:value>13.532</gx:value>
<gx:value>12.382</gx:value>
<gx:value>9.257</gx:value>
<gx:value>7.035</gx:value>
<gx:value>6.877</gx:value>
<gx:value>7.085</gx:value>
<gx:value>7.415</gx:value>
<gx:value>8.087</gx:value>
<gx:value>7.351</gx:value>
<gx:value>5.726</gx:value>
<gx:value>5.407</gx:value>
<gx:value>5.31</gx:value>
<gx:value>5.257</gx:value>
<gx:value>5.379</gx:value>
<gx:value>5.358</gx:value>
<gx:value>5.275</gx:value>
<gx:value>5.351</gx:value>
<gx:value>9.935</gx:value>
<gx:value>9.935</gx:value>
<gx:value>9.935</gx:value>
<gx:value>10.027</gx:value>
<gx:value>9.935</gx:value>
<gx:value>9.935</gx:value>
<gx:value>9.935</gx:value>
<gx:value>9.965</gx:value>
<gx:value>10.143</gx:value>
<gx:value>9.935</gx:value>
<gx:value>9.935</gx:value>
<gx:value>9.935</gx:value>
<gx:value>9.935</gx:value>
<gx:value>9.935</gx:value>
<gx:value>9.935</gx:value>
<gx:value>9.965</gx:value>
<gx:value>12.681</gx:value>
<gx:value>9.968</gx:value>
<gx:value>9.935</gx:value>
<gx:value>9.975</gx:value>
<gx:value>10.022</gx:value>
<gx:value>10.032</gx:value>
<gx:value>10.032</gx:value>
<gx:value>10.012</gx:value>
<gx:value>9.965</gx:value>
<gx:value>9.935</gx:value>
<gx:value>9.935</gx:value>
<gx:value>6.862</gx:value>
<gx:value>22.019</gx:value>
<gx:value>20.464</gx:value>
<gx:value>14.124</gx:value>
<gx:value>14.124</gx:value>
<gx:value>12.402</gx:value>
<gx:value>4.085</gx:value>
<gx:value>3.79</gx:value>
<gx:value>3.79</gx:value>
<gx:value>3.79</gx:value>
<gx:value>3.79</gx:value>
<gx:value>3.79</gx:value>
<gx:value>3.79</gx:value>
<gx:value>3.79</gx:value>
<gx:value>3.79</gx:value>
<gx:value>3.79</gx:value>
<gx:value>3.79</gx:value>
<gx:value>3.79</gx:value>
<gx:value>3.79</gx:value>
<gx:value>3.79</gx:value>
<gx:value>3.79</gx:value>
</gx:SimpleArrayData>
<gx:SimpleArrayData name="bearing">
<gx:value></gx:value>
<gx:value></gx:value>
<gx:value></gx:value>
<gx:value></gx:value>
<gx:value>194.02274</gx:value>
<gx:value>171.95302</gx:value>
<gx:value>215.84993</gx:value>
<gx:value>210.457</gx:value>
<gx:value>198.58185</gx:value>
<gx:value>179.42877</gx:value>
<gx:value>148.70229</gx:value>
<gx:value>187.21593</gx:value>
<gx:value>207.46478</gx:value>
<gx:value>209.55841</gx:value>
<gx:value>207.69635</gx:value>
<gx:value>184.39592</gx:value>
<gx:value>194.06296</gx:value>
<gx:value>212.16974</gx:value>
<gx:value>199.69414</gx:value>
<gx:value>190.1937</gx:value>
<gx:value>195.30025</gx:value>
<gx:value>193.54176</gx:value>
<gx:value>200.28221</gx:value>
<gx:value>195.26462</gx:value>
<gx:value>223.8347</gx:value>
<gx:value>195.33252</gx:value>
<gx:value>186.90245</gx:value>
<gx:value>192.9344</gx:value>
<gx:value>105.429245</gx:value>
<gx:value>194.5103</gx:value>
<gx:value></gx:value>
<gx:value>168.22453</gx:value>
<gx:value>91.35146</gx:value>
<gx:value>43.946144</gx:value>
<gx:value>152.41867</gx:value>
<gx:value>139.54414</gx:value>
<gx:value>158.42691</gx:value>
<gx:value>141.6714</gx:value>
<gx:value>149.61836</gx:value>
<gx:value>115.52907</gx:value>
<gx:value>249.75443</gx:value>
<gx:value>238.80835</gx:value>
<gx:value>203.47961</gx:value>
<gx:value>101.637115</gx:value>
<gx:value>170.42683</gx:value>
<gx:value>118.9856</gx:value>
<gx:value>95.31288</gx:value>
<gx:value>207.26633</gx:value>
<gx:value>106.16563</gx:value>
<gx:value>285.4828</gx:value>
<gx:value>286.55923</gx:value>
<gx:value>293.61777</gx:value>
<gx:value>85.47988</gx:value>
<gx:value>90.903496</gx:value>
<gx:value>93.62622</gx:value>
<gx:value>98.36374</gx:value>
<gx:value>319.89108</gx:value>
<gx:value>87.68528</gx:value>
<gx:value>89.2569</gx:value>
<gx:value>103.595825</gx:value>
<gx:value></gx:value>
<gx:value></gx:value>
<gx:value></gx:value>
<gx:value></gx:value>
<gx:value>26.05537</gx:value>
<gx:value>19.545769</gx:value>
<gx:value>15.973095</gx:value>
<gx:value>11.853682</gx:value>
<gx:value></gx:value>
<gx:value></gx:value>
<gx:value></gx:value>
<gx:value></gx:value>
<gx:value></gx:value>
<gx:value></gx:value>
<gx:value>62.98274</gx:value>
<gx:value>7.0052342</gx:value>
<gx:value>89.79277</gx:value>
<gx:value>89.89314</gx:value>
<gx:value>59.31393</gx:value>
<gx:value>90.088135</gx:value>
<gx:value>95.36775</gx:value>
<gx:value>123.642075</gx:value>
<gx:value>112.96405</gx:value>
<gx:value>256.493</gx:value>
<gx:value>104.14654</gx:value>
<gx:value>104.16431</gx:value>
<gx:value>80.53814</gx:value>
<gx:value>82.4459</gx:value>
<gx:value>93.77955</gx:value>
<gx:value>73.55585</gx:value>
<gx:value>41.133774</gx:value>
<gx:value>14.796563</gx:value>
<gx:value></gx:value>
<gx:value></gx:value>
<gx:value></gx:value>
<gx:value>98.217316</gx:value>
<gx:value>87.93839</gx:value>
<gx:value></gx:value>
<gx:value>232.07066</gx:value>
<gx:value>235.90363</gx:value>
<gx:value>235.99883</gx:value>
<gx:value>234.40126</gx:value>
<gx:value>210.47702</gx:value>
<gx:value>86.62147</gx:value>
<gx:value>82.61735</gx:value>
<gx:value></gx:value>
<gx:value></gx:value>
<gx:value>88.470436</gx:value>
<gx:value>89.98926</gx:value>
<gx:value>89.999855</gx:value>
<gx:value>215.6476</gx:value>
<gx:value></gx:value>
<gx:value>90.0</gx:value>
<gx:value>185.45888</gx:value>
<gx:value>90.00078</gx:value>
<gx:value>350.33725</gx:value>
<gx:value>8.811807</gx:value>
<gx:value>271.07825</gx:value>
<gx:value>89.92479</gx:value>
<gx:value>90.000786</gx:value>
<gx:value>89.96748</gx:value>
<gx:value>89.26175</gx:value>
<gx:value>90.001045</gx:value>
<gx:value>25.840832</gx:value>
<gx:value>33.679897</gx:value>
<gx:value>341.21878</gx:value>
<gx:value>3.4693336</gx:value>
<gx:value>1.3301389</gx:value>
<gx:value>357.4831</gx:value>
<gx:value>349.37045</gx:value>
<gx:value>347.15588</gx:value>
<gx:value>349.30423</gx:value>
<gx:value>50.55754</gx:value>
<gx:value>50.034225</gx:value>
<gx:value></gx:value>
<gx:value>90.0188</gx:value>
<gx:value></gx:value>
<gx:value></gx:value>
<gx:value>300.2447</gx:value>
<gx:value>262.97302</gx:value>
<gx:value></gx:value>
<gx:value></gx:value>
<gx:value></gx:value>
<gx:value></gx:value>
<gx:value></gx:value>
<gx:value></gx:value>
<gx:value></gx:value>
<gx:value></gx:value>
<gx:value></gx:value>
<gx:value></gx:value>
<gx:value></gx:value>
<gx:value></gx:value>
<gx:value></gx:value>
<gx:value></gx:value>
<gx:value></gx:value>
<gx:value></gx:value>
<gx:value>337.9054</gx:value>
<gx:value>331.45422</gx:value>
<gx:value>192.73383</gx:value>
<gx:value></gx:value>
<gx:value>203.43855</gx:value>
<gx:value>290.6907</gx:value>
<gx:value></gx:value>
<gx:value>90.0</gx:value>
<gx:value>130.8666</gx:value>
<gx:value>157.78625</gx:value>
<gx:value></gx:value>
<gx:value>199.69434</gx:value>
<gx:value>200.45366</gx:value>
<gx:value></gx:value>
<gx:value></gx:value>
<gx:value></gx:value>
<gx:value></gx:value>
<gx:value></gx:value>
<gx:value></gx:value>
<gx:value></gx:value>
<gx:value></gx:value>
<gx:value></gx:value>
<gx:value>166.62311</gx:value>
<gx:value>199.69914</gx:value>
<gx:value>212.31114</gx:value>
<gx:value></gx:value>
<gx:value></gx:value>
<gx:value></gx:value>
<gx:value></gx:value>
<gx:value></gx:value>
<gx:value>357.3702</gx:value>
<gx:value>355.64923</gx:value>
<gx:value>32.284966</gx:value>
<gx:value>78.32907</gx:value>
<gx:value>337.25388</gx:value>
<gx:value>15.395805</gx:value>
<gx:value>68.86715</gx:value>
<gx:value>86.89105</gx:value>
<gx:value>71.73421</gx:value>
<gx:value>24.991407</gx:value>
<gx:value>335.60797</gx:value>
<gx:value>239.14403</gx:value>
<gx:value>270.1965</gx:value>
<gx:value></gx:value>
<gx:value></gx:value>
<gx:value></gx:value>
<gx:value></gx:value>
<gx:value></gx:value>
<gx:value></gx:value>
<gx:value></gx:value>
<gx:value></gx:value>
<gx:value></gx:value>
<gx:value></gx:value>
<gx:value></gx:value>
<gx:value></gx:value>
<gx:value></gx:value>
<gx:value></gx:value>
<gx:value></gx:value>
<gx:value></gx:value>
<gx:value></gx:value>
<gx:value></gx:value>
<gx:value></gx:value>
<gx:value></gx:value>
<gx:value></gx:value>
<gx:value></gx:value>
<gx:value></gx:value>
<gx:value></gx:value>
<gx:value></gx:value>
<gx:value></gx:value>
<gx:value></gx:value>
<gx:value></gx:value>
<gx:value></gx:value>
<gx:value>344.05908</gx:value>
<gx:value>343.13287</gx:value>
<gx:value>277.2611</gx:value>
<gx:value>248.50497</gx:value>
<gx:value>237.42863</gx:value>
<gx:value>214.0252</gx:value>
<gx:value>226.03915</gx:value>
<gx:value>209.41454</gx:value>
<gx:value>235.58295</gx:value>
<gx:value>219.00323</gx:value>
<gx:value>208.09186</gx:value>
<gx:value>214.58525</gx:value>
<gx:value>200.90685</gx:value>
<gx:value>193.4563</gx:value>
<gx:value>182.91583</gx:value>
<gx:value>187.25475</gx:value>
<gx:value>201.35863</gx:value>
<gx:value>194.41136</gx:value>
<gx:value>193.66606</gx:value>
<gx:value>195.70972</gx:value>
<gx:value>207.5502</gx:value>
<gx:value>218.09752</gx:value>
<gx:value>207.26755</gx:value>
<gx:value>192.8923</gx:value>
<gx:value>283.5518</gx:value>
<gx:value>290.7565</gx:value>
<gx:value>288.6872</gx:value>
<gx:value>273.59857</gx:value>
<gx:value>298.4713</gx:value>
<gx:value>307.41934</gx:value>
<gx:value>291.93314</gx:value>
<gx:value>314.95334</gx:value>
<gx:value>307.7682</gx:value>
<gx:value>317.79245</gx:value>
<gx:value>325.07745</gx:value>
<gx:value>319.50415</gx:value>
<gx:value>322.79306</gx:value>
<gx:value>317.6026</gx:value>
<gx:value>323.12146</gx:value>
<gx:value>326.00964</gx:value>
<gx:value>320.78775</gx:value>
<gx:value>312.33524</gx:value>
<gx:value>315.39835</gx:value>
<gx:value>302.2204</gx:value>
<gx:value>303.77023</gx:value>
<gx:value>305.18228</gx:value>
<gx:value>285.371</gx:value>
<gx:value>295.64218</gx:value>
<gx:value>285.03488</gx:value>
<gx:value>245.16902</gx:value>
<gx:value>280.30072</gx:value>
<gx:value>284.72556</gx:value>
<gx:value>290.37338</gx:value>
<gx:value>289.4824</gx:value>
<gx:value>294.5558</gx:value>
<gx:value>291.41312</gx:value>
<gx:value>311.13565</gx:value>
<gx:value>314.08105</gx:value>
<gx:value>318.96088</gx:value>
<gx:value>306.73154</gx:value>
<gx:value>319.88315</gx:value>
<gx:value>308.91754</gx:value>
<gx:value>308.73022</gx:value>
<gx:value>334.45966</gx:value>
<gx:value>324.7476</gx:value>
<gx:value>324.38525</gx:value>
<gx:value>307.7375</gx:value>
<gx:value></gx:value>
<gx:value></gx:value>
<gx:value></gx:value>
<gx:value></gx:value>
<gx:value></gx:value>
<gx:value></gx:value>
<gx:value></gx:value>
<gx:value></gx:value>
<gx:value></gx:value>
<gx:value></gx:value>
<gx:value></gx:value>
<gx:value></gx:value>
<gx:value>347.90292</gx:value>
<gx:value>330.8087</gx:value>
<gx:value>318.07428</gx:value>
<gx:value>309.6334</gx:value>
<gx:value>266.05432</gx:value>
<gx:value>320.38943</gx:value>
<gx:value></gx:value>
<gx:value></gx:value>
<gx:value></gx:value>
<gx:value></gx:value>
<gx:value></gx:value>
<gx:value></gx:value>
<gx:value></gx:value>
<gx:value>219.0548</gx:value>
<gx:value></gx:value>
<gx:value></gx:value>
<gx:value></gx:value>
<gx:value>301.64728</gx:value>
<gx:value>290.3745</gx:value>
<gx:value>276.6006</gx:value>
<gx:value>237.21729</gx:value>
<gx:value></gx:value>
<gx:value></gx:value>
<gx:value>212.34569</gx:value>
<gx:value>88.257774</gx:value>
<gx:value>48.323524</gx:value>
<gx:value>40.686142</gx:value>
<gx:value>43.116253</gx:value>
<gx:value>58.398777</gx:value>
<gx:value>58.564346</gx:value>
<gx:value>33.815575</gx:value>
<gx:value>19.358263</gx:value>
<gx:value>31.307522</gx:value>
<gx:value>37.09517</gx:value>
<gx:value>42.90002</gx:value>
<gx:value>86.88245</gx:value>
<gx:value></gx:value>
<gx:value></gx:value>
<gx:value></gx:value>
<gx:value></gx:value>
<gx:value></gx:value>
<gx:value></gx:value>
<gx:value></gx:value>
<gx:value></gx:value>
<gx:value></gx:value>
<gx:value></gx:value>
<gx:value></gx:value>
<gx:value></gx:value>
<gx:value></gx:value>
<gx:value></gx:value>
<gx:value></gx:value>
<gx:value></gx:value>
<gx:value></gx:value>
<gx:value></gx:value>
<gx:value></gx:value>
<gx:value></gx:value>
<gx:value></gx:value>
<gx:value></gx:value>
<gx:value></gx:value>
<gx:value></gx:value>
<gx:value></gx:value>
<gx:value></gx:value>
<gx:value></gx:value>
<gx:value></gx:value>
<gx:value></gx:value>
<gx:value></gx:value>
<gx:value></gx:value>
<gx:value></gx:value>
<gx:value></gx:value>
<gx:value></gx:value>
<gx:value></gx:value>
<gx:value></gx:value>
<gx:value></gx:value>
<gx:value></gx:value>
<gx:value></gx:value>
<gx:value></gx:value>
<gx:value></gx:value>
<gx:value></gx:value>
<gx:value></gx:value>
<gx:value></gx:value>
<gx:value></gx:value>
<gx:value></gx:value>
<gx:value></gx:value>
<gx:value></gx:value>
<gx:value></gx:value>
<gx:value></gx:value>
<gx:value></gx:value>
<gx:value></gx:value>
<gx:value>262.03925</gx:value>
<gx:value>39.81724</gx:value>
<gx:value>330.5798</gx:value>
<gx:value></gx:value>
<gx:value></gx:value>
<gx:value></gx:value>
<gx:value></gx:value>
<gx:value></gx:value>
<gx:value></gx:value>
<gx:value></gx:value>
<gx:value></gx:value>
<gx:value>37.166058</gx:value>
<gx:value>38.511585</gx:value>
<gx:value>42.743233</gx:value>
<gx:value>52.16515</gx:value>
<gx:value></gx:value>
<gx:value></gx:value>
<gx:value>163.96205</gx:value>
<gx:value>162.22205</gx:value>
<gx:value>34.032597</gx:value>
<gx:value>328.67902</gx:value>
<gx:value>249.35452</gx:value>
<gx:value></gx:value>
<gx:value></gx:value>
<gx:value></gx:value>
<gx:value></gx:value>
<gx:value></gx:value>
<gx:value></gx:value>
<gx:value></gx:value>
<gx:value></gx:value>
<gx:value></gx:value>
<gx:value></gx:value>
<gx:value></gx:value>
<gx:value></gx:value>
<gx:value></gx:value>
<gx:value></gx:value>
<gx:value></gx:value>
<gx:value></gx:value>
<gx:value></gx:value>
<gx:value></gx:value>
<gx:value></gx:value>
<gx:value></gx:value>
<gx:value></gx:value>
<gx:value></gx:value>
<gx:value></gx:value>
<gx:value></gx:value>
<gx:value></gx:value>
<gx:value></gx:value>
<gx:value>273.52444</gx:value>
<gx:value></gx:value>
<gx:value></gx:value>
<gx:value></gx:value>
<gx:value></gx:value>
<gx:value></gx:value>
<gx:value></gx:value>
<gx:value></gx:value>
<gx:value></gx:value>
<gx:value></gx:value>
<gx:value>304.03674</gx:value>
<gx:value>89.867874</gx:value>
<gx:value></gx:value>
<gx:value></gx:value>
<gx:value></gx:value>
<gx:value></gx:value>
<gx:value></gx:value>
<gx:value></gx:value>
<gx:value></gx:value>
<gx:value></gx:value>
<gx:value></gx:value>
<gx:value></gx:value>
<gx:value></gx:value>
<gx:value></gx:value>
<gx:value></gx:value>
<gx:value></gx:value>
<gx:value></gx:value>
<gx:value></gx:value>
<gx:value></gx:value>
<gx:value></gx:value>
<gx:value></gx:value>
<gx:value></gx:value>
<gx:value></gx:value>
<gx:value>63.89675</gx:value>
<gx:value></gx:value>
<gx:value></gx:value>
<gx:value></gx:value>
<gx:value></gx:value>
<gx:value></gx:value>
<gx:value></gx:value>
<gx:value></gx:value>
<gx:value></gx:value>
<gx:value></gx:value>
<gx:value></gx:value>
<gx:value></gx:value>
<gx:value></gx:value>
<gx:value></gx:value>
<gx:value></gx:value>
<gx:value></gx:value>
<gx:value></gx:value>
<gx:value></gx:value>
<gx:value></gx:value>
<gx:value></gx:value>
<gx:value></gx:value>
<gx:value></gx:value>
<gx:value></gx:value>
<gx:value></gx:value>
<gx:value></gx:value>
<gx:value></gx:value>
<gx:value></gx:value>
<gx:value></gx:value>
<gx:value></gx:value>
<gx:value></gx:value>
<gx:value></gx:value>
<gx:value></gx:value>
<gx:value></gx:value>
<gx:value></gx:value>
<gx:value></gx:value>
<gx:value></gx:value>
<gx:value></gx:value>
<gx:value></gx:value>
<gx:value></gx:value>
<gx:value></gx:value>
<gx:value></gx:value>
<gx:value></gx:value>
<gx:value></gx:value>
<gx:value></gx:value>
<gx:value></gx:value>
<gx:value></gx:value>
<gx:value></gx:value>
<gx:value></gx:value>
<gx:value></gx:value>
<gx:value></gx:value>
<gx:value></gx:value>
<gx:value></gx:value>
<gx:value></gx:value>
<gx:value></gx:value>
<gx:value></gx:value>
<gx:value></gx:value>
<gx:value></gx:value>
<gx:value></gx:value>
<gx:value></gx:value>
<gx:value></gx:value>
<gx:value></gx:value>
<gx:value></gx:value>
<gx:value></gx:value>
<gx:value></gx:value>
<gx:value></gx:value>
<gx:value></gx:value>
<gx:value></gx:value>
<gx:value></gx:value>
<gx:value></gx:value>
<gx:value></gx:value>
<gx:value></gx:value>
<gx:value></gx:value>
<gx:value></gx:value>
<gx:value></gx:value>
<gx:value></gx:value>
<gx:value></gx:value>
<gx:value></gx:value>
<gx:value></gx:value>
<gx:value></gx:value>
<gx:value></gx:value>
<gx:value></gx:value>
<gx:value></gx:value>
<gx:value></gx:value>
<gx:value></gx:value>
<gx:value>144.87424</gx:value>
<gx:value>263.4467</gx:value>
<gx:value>32.10026</gx:value>
<gx:value>87.00618</gx:value>
<gx:value>111.61762</gx:value>
<gx:value>63.736828</gx:value>
<gx:value>26.084772</gx:value>
<gx:value>85.927895</gx:value>
<gx:value>21.126217</gx:value>
<gx:value>116.89573</gx:value>
<gx:value>103.32851</gx:value>
<gx:value>346.0479</gx:value>
<gx:value>147.44565</gx:value>
<gx:value>149.32782</gx:value>
<gx:value></gx:value>
<gx:value></gx:value>
<gx:value></gx:value>
<gx:value></gx:value>
<gx:value></gx:value>
<gx:value></gx:value>
<gx:value></gx:value>
<gx:value></gx:value>
<gx:value></gx:value>
<gx:value></gx:value>
<gx:value></gx:value>
<gx:value></gx:value>
<gx:value></gx:value>
<gx:value></gx:value>
<gx:value></gx:value>
<gx:value></gx:value>
<gx:value></gx:value>
<gx:value></gx:value>
<gx:value></gx:value>
<gx:value></gx:value>
<gx:value></gx:value>
<gx:value></gx:value>
<gx:value></gx:value>
<gx:value></gx:value>
<gx:value></gx:value>
<gx:value></gx:value>
<gx:value></gx:value>
<gx:value></gx:value>
<gx:value></gx:value>
<gx:value></gx:value>
<gx:value></gx:value>
<gx:value></gx:value>
<gx:value></gx:value>
<gx:value></gx:value>
<gx:value></gx:value>
<gx:value></gx:value>
<gx:value></gx:value>
<gx:value></gx:value>
<gx:value></gx:value>
<gx:value></gx:value>
<gx:value></gx:value>
<gx:value></gx:value>
<gx:value></gx:value>
<gx:value></gx:value>
<gx:value></gx:value>
<gx:value></gx:value>
<gx:value></gx:value>
<gx:value></gx:value>
<gx:value></gx:value>
<gx:value>265.99408</gx:value>
<gx:value>216.66148</gx:value>
<gx:value>191.90521</gx:value>
<gx:value>176.83563</gx:value>
<gx:value>178.38148</gx:value>
<gx:value></gx:value>
<gx:value></gx:value>
<gx:value></gx:value>
<gx:value></gx:value>
<gx:value></gx:value>
<gx:value>91.01781</gx:value>
<gx:value>90.0463</gx:value>
<gx:value>24.3761</gx:value>
<gx:value></gx:value>
<gx:value></gx:value>
<gx:value>59.30872</gx:value>
<gx:value>87.858376</gx:value>
<gx:value>90.76349</gx:value>
<gx:value>105.58866</gx:value>
<gx:value></gx:value>
<gx:value></gx:value>
<gx:value></gx:value>
<gx:value></gx:value>
<gx:value></gx:value>
<gx:value></gx:value>
<gx:value></gx:value>
<gx:value></gx:value>
<gx:value>236.54105</gx:value>
<gx:value>153.71262</gx:value>
<gx:value>146.75822</gx:value>
<gx:value></gx:value>
<gx:value></gx:value>
<gx:value>166.13847</gx:value>
<gx:value></gx:value>
<gx:value></gx:value>
<gx:value></gx:value>
<gx:value></gx:value>
<gx:value></gx:value>
<gx:value></gx:value>
<gx:value>184.31325</gx:value>
<gx:value>199.72601</gx:value>
<gx:value></gx:value>
<gx:value></gx:value>
<gx:value></gx:value>
<gx:value></gx:value>
<gx:value></gx:value>
<gx:value></gx:value>
<gx:value></gx:value>
<gx:value>320.50296</gx:value>
<gx:value>2.8461733</gx:value>
<gx:value>205.3354</gx:value>
<gx:value>284.83932</gx:value>
<gx:value>236.14117</gx:value>
<gx:value>185.01134</gx:value>
<gx:value>205.44113</gx:value>
<gx:value>205.52122</gx:value>
<gx:value>222.15619</gx:value>
<gx:value>214.54636</gx:value>
<gx:value>205.46738</gx:value>
<gx:value>205.94345</gx:value>
<gx:value>183.32272</gx:value>
<gx:value>89.1717</gx:value>
<gx:value>140.88664</gx:value>
<gx:value>180.3175</gx:value>
<gx:value>168.88214</gx:value>
<gx:value>97.743416</gx:value>
<gx:value>236.81383</gx:value>
<gx:value>236.53242</gx:value>
<gx:value>69.0787</gx:value>
<gx:value></gx:value>
<gx:value>89.99997</gx:value>
<gx:value></gx:value>
<gx:value>89.99999</gx:value>
<gx:value></gx:value>
<gx:value>230.61711</gx:value>
<gx:value>90.00024</gx:value>
<gx:value></gx:value>
<gx:value>90.00001</gx:value>
<gx:value></gx:value>
<gx:value>259.4855</gx:value>
<gx:value></gx:value>
<gx:value>357.988</gx:value>
<gx:value>175.9728</gx:value>
<gx:value>175.85403</gx:value>
<gx:value></gx:value>
<gx:value></gx:value>
<gx:value></gx:value>
<gx:value></gx:value>
<gx:value></gx:value>
<gx:value></gx:value>
<gx:value></gx:value>
<gx:value></gx:value>
<gx:value></gx:value>
<gx:value></gx:value>
<gx:value></gx:value>
<gx:value></gx:value>
<gx:value></gx:value>
<gx:value></gx:value>
<gx:value></gx:value>
<gx:value>207.00282</gx:value>
<gx:value>211.99466</gx:value>
<gx:value>213.3911</gx:value>
<gx:value>64.07603</gx:value>
<gx:value>194.79524</gx:value>
<gx:value>242.19633</gx:value>
<gx:value>298.12643</gx:value>
<gx:value>321.06396</gx:value>
<gx:value>88.19228</gx:value>
<gx:value>32.61323</gx:value>
<gx:value>34.994064</gx:value>
<gx:value>89.65187</gx:value>
<gx:value>60.395138</gx:value>
<gx:value></gx:value>
<gx:value>188.31172</gx:value>
<gx:value></gx:value>
<gx:value></gx:value>
<gx:value>339.591</gx:value>
<gx:value></gx:value>
<gx:value>89.99994</gx:value>
<gx:value></gx:value>
<gx:value></gx:value>
<gx:value></gx:value>
<gx:value></gx:value>
<gx:value></gx:value>
<gx:value></gx:value>
<gx:value></gx:value>
<gx:value></gx:value>
<gx:value></gx:value>
<gx:value></gx:value>
<gx:value></gx:value>
<gx:value></gx:value>
<gx:value></gx:value>
<gx:value></gx:value>
<gx:value></gx:value>
<gx:value></gx:value>
<gx:value></gx:value>
<gx:value></gx:value>
<gx:value></gx:value>
<gx:value></gx:value>
<gx:value></gx:value>
<gx:value></gx:value>
<gx:value></gx:value>
<gx:value></gx:value>
<gx:value></gx:value>
<gx:value></gx:value>
<gx:value></gx:value>
<gx:value></gx:value>
<gx:value>156.01501</gx:value>
<gx:value>90.17884</gx:value>
<gx:value>89.99916</gx:value>
<gx:value>40.128212</gx:value>
<gx:value></gx:value>
<gx:value></gx:value>
<gx:value></gx:value>
<gx:value></gx:value>
<gx:value></gx:value>
<gx:value></gx:value>
<gx:value></gx:value>
<gx:value></gx:value>
<gx:value></gx:value>
<gx:value></gx:value>
<gx:value></gx:value>
<gx:value></gx:value>
<gx:value></gx:value>
<gx:value></gx:value>
<gx:value></gx:value>
<gx:value></gx:value>
<gx:value></gx:value>
</gx:SimpleArrayData>
</SchemaData>
</ExtendedData>
</gx:Track>
</gx:MultiTrack>
</Placemark>
<Placemark>
<name><![CDATA[Ruta del reciclador Wilbert(Fin)]]></name>
<description><![CDATA[Created by My Tracks on Android

Name: Ruta del reciclador Wilbert
Description: 
Activity type: Excursion
Total distance: 1,00km
Total time: 00:38:42
Moving time: 00:38:42
Average speed: 1,55km/h
Average moving speed: 1,55km/h
Max speed: 8,33km/h
Average pace: -
Average moving pace: -
Fastest pace: 7'11"/km
Max elevation: 3300 m
Min elevation: 3271 m
Elevation gain: 101 m
Max grade: 
Min grade:
Recorded: 2025-02-06 09:41:27]]></description>
<TimeStamp><when>2025-02-06T15:20:09.513Z</when></TimeStamp>
<styleUrl>#end</styleUrl>
<Point>
<coordinates>-71.90505,-13.537478,3293.1208</coordinates>
</Point>
</Placemark>
</Folder>
</Document>
</kml>