<?xml version="1.0" encoding="UTF-8"?>
<kml xmlns="http://www.opengis.net/kml/2.2"
xmlns:gx="http://www.google.com/kml/ext/2.2"
xmlns:atom="http://www.w3.org/2005/Atom">
<Document>
<open>1</open>
<visibility>1</visibility>
<name><![CDATA[Ruta de la señora Alejandrina]]></name>
<description><![CDATA[Ruta en mojompata 2]]></description>
<routetype>10</routetype>
<atom:author><atom:name><![CDATA[Created by My Tracks from Daniel Qin]]></atom:name></atom:author>
<Style id="track">
<LineStyle><color>7f0000ff</color><width>4</width></LineStyle>
<IconStyle>
<scale>1.3</scale>
<Icon><href>https://earth.google.com/images/kml-icons/track-directional/track-0.png</href></Icon>
</IconStyle>
</Style>
<Style id="start"><IconStyle>
<scale>1.3</scale>
<Icon><href>https://maps.google.com/mapfiles/kml/paddle/grn-circle.png</href></Icon>
<hotSpot x="32" y="1" xunits="pixels" yunits="pixels"/>
</IconStyle></Style>
<Style id="end"><IconStyle>
<scale>1.3</scale>
<Icon><href>https://maps.google.com/mapfiles/kml/paddle/red-circle.png</href></Icon>
<hotSpot x="32" y="1" xunits="pixels" yunits="pixels"/>
</IconStyle></Style>
<Style id="statistics"><IconStyle>
<scale>1.3</scale>
<Icon><href>https://maps.google.com/mapfiles/kml/pushpin/ylw-pushpin.png</href></Icon>
<hotSpot x="20" y="2" xunits="pixels" yunits="pixels"/>
</IconStyle></Style>
<Style id="waypoint"><IconStyle>
<scale>1.3</scale>
<Icon><href>https://maps.google.com/mapfiles/kml/pushpin/blue-pushpin.png</href></Icon>
<hotSpot x="20" y="2" xunits="pixels" yunits="pixels"/>
</IconStyle></Style>
<Schema id="schema">
<gx:SimpleArrayField name="power" type="int">
<displayName><![CDATA[Power (W)]]></displayName>
</gx:SimpleArrayField>
<gx:SimpleArrayField name="cadence" type="int">
<displayName><![CDATA[Cadence (rpm)]]></displayName>
</gx:SimpleArrayField>
<gx:SimpleArrayField name="heart_rate" type="int">
<displayName><![CDATA[Heart rate (bpm)]]></displayName>
</gx:SimpleArrayField>
</Schema>
<Folder><name><![CDATA[Rutas]]></name>
<open>1</open>
<Placemark>
<name><![CDATA[comienzo]]></name>
<description><![CDATA[]]></description>
<TimeStamp><when>2025-02-05T13:08:38.613Z</when></TimeStamp>
<styleUrl>#start</styleUrl>
<Point>
<coordinates>-71.894135,-13.545331,3273.6</coordinates>
</Point>
</Placemark>
<Placemark id="tour">
<name><![CDATA[Ruta de la señora Alejandrina]]></name>
<description></description>
<styleUrl>#track</styleUrl>
<gx:MultiTrack>
<altitudeMode>absolute</altitudeMode>
<gx:interpolate>0</gx:interpolate>
<gx:Track>
<when>2025-02-05T13:08:38.613Z</when>
<when>2025-02-05T13:08:39.613Z</when>
<when>2025-02-05T13:08:40.613Z</when>
<when>2025-02-05T13:08:41.613Z</when>
<when>2025-02-05T13:08:41.722Z</when>
<when>2025-02-05T13:08:44.660Z</when>
<when>2025-02-05T13:08:47.595Z</when>
<when>2025-02-05T13:08:50.561Z</when>
<when>2025-02-05T13:08:53.578Z</when>
<when>2025-02-05T13:08:56.463Z</when>
<when>2025-02-05T13:08:59.406Z</when>
<when>2025-02-05T13:09:02.202Z</when>
<when>2025-02-05T13:09:05.200Z</when>
<when>2025-02-05T13:09:08.581Z</when>
<when>2025-02-05T13:09:12.163Z</when>
<when>2025-02-05T13:09:14.922Z</when>
<when>2025-02-05T13:09:17.662Z</when>
<when>2025-02-05T13:09:20.401Z</when>
<when>2025-02-05T13:09:23.716Z</when>
<when>2025-02-05T13:09:27.098Z</when>
<when>2025-02-05T13:09:30.019Z</when>
<when>2025-02-05T13:09:33.145Z</when>
<when>2025-02-05T13:09:36.515Z</when>
<when>2025-02-05T13:09:39.612Z</when>
<when>2025-02-05T13:09:42.432Z</when>
<when>2025-02-05T13:09:45.613Z</when>
<when>2025-02-05T13:09:48.613Z</when>
<when>2025-02-05T13:09:51.613Z</when>
<when>2025-02-05T13:09:54.612Z</when>
<when>2025-02-05T13:09:57.613Z</when>
<when>2025-02-05T13:10:00.613Z</when>
<when>2025-02-05T13:10:03.613Z</when>
<when>2025-02-05T13:10:06.613Z</when>
<when>2025-02-05T13:10:09.612Z</when>
<when>2025-02-05T13:10:12.613Z</when>
<when>2025-02-05T13:10:15.613Z</when>
<when>2025-02-05T13:10:18.613Z</when>
<when>2025-02-05T13:10:21.613Z</when>
<when>2025-02-05T13:10:24.613Z</when>
<when>2025-02-05T13:10:27.613Z</when>
<when>2025-02-05T13:10:30.613Z</when>
<when>2025-02-05T13:10:33.613Z</when>
<when>2025-02-05T13:10:36.613Z</when>
<when>2025-02-05T13:10:39.613Z</when>
<when>2025-02-05T13:10:42.613Z</when>
<when>2025-02-05T13:10:45.613Z</when>
<when>2025-02-05T13:10:48.613Z</when>
<when>2025-02-05T13:10:51.613Z</when>
<when>2025-02-05T13:10:54.613Z</when>
<when>2025-02-05T13:10:57.613Z</when>
<when>2025-02-05T13:11:00.613Z</when>
<when>2025-02-05T13:11:03.613Z</when>
<when>2025-02-05T13:11:06.613Z</when>
<when>2025-02-05T13:11:09.613Z</when>
<when>2025-02-05T13:11:12.613Z</when>
<when>2025-02-05T13:11:15.613Z</when>
<when>2025-02-05T13:11:18.613Z</when>
<when>2025-02-05T13:11:21.613Z</when>
<when>2025-02-05T13:11:24.613Z</when>
<when>2025-02-05T13:11:27.613Z</when>
<when>2025-02-05T13:11:30.613Z</when>
<when>2025-02-05T13:11:33.613Z</when>
<when>2025-02-05T13:11:36.613Z</when>
<when>2025-02-05T13:11:39.613Z</when>
<when>2025-02-05T13:11:42.613Z</when>
<when>2025-02-05T13:11:45.613Z</when>
<when>2025-02-05T13:11:48.613Z</when>
<when>2025-02-05T13:11:51.613Z</when>
<when>2025-02-05T13:11:54.613Z</when>
<when>2025-02-05T13:11:57.613Z</when>
<when>2025-02-05T13:12:00.613Z</when>
<when>2025-02-05T13:12:03.613Z</when>
<when>2025-02-05T13:12:06.613Z</when>
<when>2025-02-05T13:12:09.613Z</when>
<when>2025-02-05T13:12:12.613Z</when>
<when>2025-02-05T13:12:15.613Z</when>
<when>2025-02-05T13:12:18.613Z</when>
<when>2025-02-05T13:12:21.613Z</when>
<when>2025-02-05T13:12:24.613Z</when>
<when>2025-02-05T13:12:27.613Z</when>
<when>2025-02-05T13:12:30.613Z</when>
<when>2025-02-05T13:12:33.613Z</when>
<when>2025-02-05T13:12:36.613Z</when>
<when>2025-02-05T13:12:39.613Z</when>
<when>2025-02-05T13:12:42.613Z</when>
<when>2025-02-05T13:12:45.613Z</when>
<when>2025-02-05T13:12:50.613Z</when>
<when>2025-02-05T13:12:53.613Z</when>
<when>2025-02-05T13:12:56.613Z</when>
<when>2025-02-05T13:12:59.613Z</when>
<when>2025-02-05T13:13:02.366Z</when>
<when>2025-02-05T13:13:05.613Z</when>
<when>2025-02-05T13:13:08.612Z</when>
<when>2025-02-05T13:13:11.613Z</when>
<when>2025-02-05T13:13:13.614Z</when>
<when>2025-02-05T13:13:17.613Z</when>
<when>2025-02-05T13:13:20.614Z</when>
<when>2025-02-05T13:13:23.613Z</when>
<when>2025-02-05T13:13:26.612Z</when>
<when>2025-02-05T13:13:29.613Z</when>
<when>2025-02-05T13:13:32.613Z</when>
<when>2025-02-05T13:13:35.613Z</when>
<when>2025-02-05T13:13:38.613Z</when>
<when>2025-02-05T13:13:41.613Z</when>
<when>2025-02-05T13:13:44.613Z</when>
<when>2025-02-05T13:13:47.613Z</when>
<when>2025-02-05T13:13:50.613Z</when>
<when>2025-02-05T13:13:53.613Z</when>
<when>2025-02-05T13:13:56.613Z</when>
<when>2025-02-05T13:13:59.469Z</when>
<when>2025-02-05T13:14:02.613Z</when>
<when>2025-02-05T13:14:05.586Z</when>
<when>2025-02-05T13:14:08.613Z</when>
<when>2025-02-05T13:14:11.613Z</when>
<when>2025-02-05T13:14:14.612Z</when>
<when>2025-02-05T13:14:17.613Z</when>
<when>2025-02-05T13:14:20.464Z</when>
<when>2025-02-05T13:14:23.612Z</when>
<when>2025-02-05T13:14:26.612Z</when>
<when>2025-02-05T13:14:29.611Z</when>
<when>2025-02-05T13:14:32.612Z</when>
<when>2025-02-05T13:14:35.612Z</when>
<when>2025-02-05T13:14:38.611Z</when>
<when>2025-02-05T13:14:41.612Z</when>
<when>2025-02-05T13:14:44.612Z</when>
<when>2025-02-05T13:14:47.612Z</when>
<when>2025-02-05T13:14:50.484Z</when>
<when>2025-02-05T13:14:53.612Z</when>
<when>2025-02-05T13:14:56.612Z</when>
<when>2025-02-05T13:14:59.612Z</when>
<when>2025-02-05T13:15:02.461Z</when>
<when>2025-02-05T13:15:05.288Z</when>
<when>2025-02-05T13:15:08.267Z</when>
<when>2025-02-05T13:15:11.083Z</when>
<when>2025-02-05T13:15:13.825Z</when>
<when>2025-02-05T13:15:16.571Z</when>
<when>2025-02-05T13:15:19.981Z</when>
<when>2025-02-05T13:15:23.612Z</when>
<when>2025-02-05T13:15:26.612Z</when>
<when>2025-02-05T13:15:29.611Z</when>
<when>2025-02-05T13:15:32.612Z</when>
<when>2025-02-05T13:15:35.612Z</when>
<when>2025-02-05T13:15:38.612Z</when>
<when>2025-02-05T13:15:41.612Z</when>
<when>2025-02-05T13:15:44.612Z</when>
<when>2025-02-05T13:15:47.612Z</when>
<when>2025-02-05T13:15:50.612Z</when>
<when>2025-02-05T13:15:53.612Z</when>
<when>2025-02-05T13:15:56.612Z</when>
<when>2025-02-05T13:15:59.612Z</when>
<when>2025-02-05T13:16:02.612Z</when>
<when>2025-02-05T13:16:05.360Z</when>
<when>2025-02-05T13:16:08.281Z</when>
<when>2025-02-05T13:16:11.042Z</when>
<when>2025-02-05T13:16:14.612Z</when>
<when>2025-02-05T13:16:17.612Z</when>
<when>2025-02-05T13:16:20.341Z</when>
<when>2025-02-05T13:16:23.612Z</when>
<when>2025-02-05T13:16:26.612Z</when>
<when>2025-02-05T13:16:29.595Z</when>
<when>2025-02-05T13:16:32.612Z</when>
<when>2025-02-05T13:16:35.464Z</when>
<when>2025-02-05T13:16:38.299Z</when>
<when>2025-02-05T13:16:41.612Z</when>
<when>2025-02-05T13:16:44.612Z</when>
<when>2025-02-05T13:16:47.612Z</when>
<when>2025-02-05T13:16:50.441Z</when>
<when>2025-02-05T13:16:53.612Z</when>
<when>2025-02-05T13:16:56.612Z</when>
<when>2025-02-05T13:16:59.612Z</when>
<when>2025-02-05T13:17:02.612Z</when>
<when>2025-02-05T13:17:05.410Z</when>
<when>2025-02-05T13:17:08.612Z</when>
<when>2025-02-05T13:17:11.612Z</when>
<when>2025-02-05T13:17:14.612Z</when>
<when>2025-02-05T13:17:17.612Z</when>
<when>2025-02-05T13:17:20.612Z</when>
<when>2025-02-05T13:17:23.612Z</when>
<when>2025-02-05T13:17:26.612Z</when>
<when>2025-02-05T13:17:29.612Z</when>
<when>2025-02-05T13:17:32.612Z</when>
<when>2025-02-05T13:17:35.611Z</when>
<when>2025-02-05T13:17:38.611Z</when>
<when>2025-02-05T13:17:41.612Z</when>
<when>2025-02-05T13:17:44.611Z</when>
<when>2025-02-05T13:17:47.612Z</when>
<when>2025-02-05T13:17:50.405Z</when>
<when>2025-02-05T13:17:53.241Z</when>
<when>2025-02-05T13:17:56.611Z</when>
<when>2025-02-05T13:17:59.612Z</when>
<when>2025-02-05T13:18:02.612Z</when>
<when>2025-02-05T13:18:05.612Z</when>
<when>2025-02-05T13:18:08.612Z</when>
<when>2025-02-05T13:18:11.612Z</when>
<when>2025-02-05T13:18:14.612Z</when>
<when>2025-02-05T13:18:17.612Z</when>
<when>2025-02-05T13:18:20.612Z</when>
<when>2025-02-05T13:18:23.612Z</when>
<when>2025-02-05T13:18:26.612Z</when>
<when>2025-02-05T13:18:29.340Z</when>
<when>2025-02-05T13:18:32.505Z</when>
<when>2025-02-05T13:18:35.612Z</when>
<when>2025-02-05T13:18:38.612Z</when>
<when>2025-02-05T13:18:41.522Z</when>
<when>2025-02-05T13:18:44.354Z</when>
<when>2025-02-05T13:18:47.366Z</when>
<when>2025-02-05T13:18:50.612Z</when>
<when>2025-02-05T13:18:53.612Z</when>
<when>2025-02-05T13:18:56.363Z</when>
<when>2025-02-05T13:18:59.306Z</when>
<when>2025-02-05T13:19:02.612Z</when>
<when>2025-02-05T13:19:05.484Z</when>
<when>2025-02-05T13:19:08.612Z</when>
<when>2025-02-05T13:19:11.612Z</when>
<when>2025-02-05T13:19:14.612Z</when>
<when>2025-02-05T13:19:17.612Z</when>
<when>2025-02-05T13:19:20.612Z</when>
<when>2025-02-05T13:19:23.612Z</when>
<when>2025-02-05T13:19:26.543Z</when>
<when>2025-02-05T13:19:29.466Z</when>
<when>2025-02-05T13:19:32.608Z</when>
<when>2025-02-05T13:19:35.612Z</when>
<when>2025-02-05T13:19:38.612Z</when>
<when>2025-02-05T13:19:41.612Z</when>
<when>2025-02-05T13:19:44.401Z</when>
<when>2025-02-05T13:19:47.304Z</when>
<when>2025-02-05T13:19:50.045Z</when>
<when>2025-02-05T13:19:53.612Z</when>
<when>2025-02-05T13:19:56.612Z</when>
<when>2025-02-05T13:19:59.612Z</when>
<when>2025-02-05T13:20:02.612Z</when>
<when>2025-02-05T13:20:05.612Z</when>
<when>2025-02-05T13:20:08.612Z</when>
<when>2025-02-05T13:20:11.612Z</when>
<when>2025-02-05T13:20:14.612Z</when>
<when>2025-02-05T13:20:17.612Z</when>
<when>2025-02-05T13:20:20.685Z</when>
<when>2025-02-05T13:20:23.612Z</when>
<when>2025-02-05T13:20:26.685Z</when>
<when>2025-02-05T13:20:29.693Z</when>
<when>2025-02-05T13:20:32.612Z</when>
<when>2025-02-05T13:20:35.653Z</when>
<when>2025-02-05T13:20:38.695Z</when>
<when>2025-02-05T13:20:41.501Z</when>
<when>2025-02-05T13:20:44.681Z</when>
<when>2025-02-05T13:20:47.611Z</when>
<when>2025-02-05T13:20:50.695Z</when>
<when>2025-02-05T13:20:53.692Z</when>
<when>2025-02-05T13:20:56.611Z</when>
<when>2025-02-05T13:20:59.609Z</when>
<when>2025-02-05T13:21:05.629Z</when>
<when>2025-02-05T13:21:08.386Z</when>
<when>2025-02-05T13:21:11.125Z</when>
<when>2025-02-05T13:21:14.611Z</when>
<when>2025-02-05T13:21:17.611Z</when>
<when>2025-02-05T13:21:20.611Z</when>
<when>2025-02-05T13:21:23.561Z</when>
<when>2025-02-05T13:21:26.445Z</when>
<when>2025-02-05T13:21:29.611Z</when>
<when>2025-02-05T13:21:32.349Z</when>
<when>2025-02-05T13:21:35.469Z</when>
<when>2025-02-05T13:21:38.611Z</when>
<when>2025-02-05T13:21:41.382Z</when>
<when>2025-02-05T13:21:44.611Z</when>
<when>2025-02-05T13:21:47.611Z</when>
<when>2025-02-05T13:21:50.240Z</when>
<when>2025-02-05T13:21:51.614Z</when>
<when>2025-02-05T13:21:52.610Z</when>
<when>2025-02-05T13:21:53.611Z</when>
<when>2025-02-05T13:21:54.611Z</when>
<when>2025-02-05T13:21:55.611Z</when>
<when>2025-02-05T13:21:56.611Z</when>
<when>2025-02-05T13:21:57.611Z</when>
<when>2025-02-05T13:21:57.828Z</when>
<when>2025-02-05T13:22:01.612Z</when>
<when>2025-02-05T13:22:04.612Z</when>
<when>2025-02-05T13:22:07.612Z</when>
<when>2025-02-05T13:22:10.612Z</when>
<when>2025-02-05T13:22:13.612Z</when>
<when>2025-02-05T13:22:16.613Z</when>
<when>2025-02-05T13:22:20.014Z</when>
<when>2025-02-05T13:22:23.050Z</when>
<when>2025-02-05T13:22:26.174Z</when>
<when>2025-02-05T13:22:29.609Z</when>
<when>2025-02-05T13:22:33.404Z</when>
<when>2025-02-05T13:22:36.340Z</when>
<when>2025-02-05T13:22:39.138Z</when>
<when>2025-02-05T13:22:42.612Z</when>
<when>2025-02-05T13:22:46.612Z</when>
<when>2025-02-05T13:22:49.457Z</when>
<when>2025-02-05T13:22:52.399Z</when>
<when>2025-02-05T13:22:55.253Z</when>
<when>2025-02-05T13:22:58.254Z</when>
<when>2025-02-05T13:23:01.512Z</when>
<when>2025-02-05T13:23:04.611Z</when>
<when>2025-02-05T13:23:07.681Z</when>
<when>2025-02-05T13:23:10.612Z</when>
<when>2025-02-05T13:23:13.691Z</when>
<when>2025-02-05T13:23:16.717Z</when>
<when>2025-02-05T13:23:19.612Z</when>
<when>2025-02-05T13:23:22.611Z</when>
<when>2025-02-05T13:23:25.612Z</when>
<when>2025-02-05T13:23:28.659Z</when>
<when>2025-02-05T13:23:31.637Z</when>
<when>2025-02-05T13:23:34.352Z</when>
<when>2025-02-05T13:23:37.690Z</when>
<when>2025-02-05T13:23:40.612Z</when>
<when>2025-02-05T13:23:43.611Z</when>
<when>2025-02-05T13:23:46.558Z</when>
<when>2025-02-05T13:23:49.612Z</when>
<when>2025-02-05T13:23:52.449Z</when>
<when>2025-02-05T13:23:56.398Z</when>
<when>2025-02-05T13:24:01.611Z</when>
<when>2025-02-05T13:24:04.611Z</when>
<when>2025-02-05T13:24:07.954Z</when>
<when>2025-02-05T13:24:11.075Z</when>
<when>2025-02-05T13:24:13.775Z</when>
<when>2025-02-05T13:24:16.611Z</when>
<when>2025-02-05T13:24:19.611Z</when>
<when>2025-02-05T13:24:22.682Z</when>
<when>2025-02-05T13:24:25.845Z</when>
<when>2025-02-05T13:24:29.611Z</when>
<when>2025-02-05T13:24:32.611Z</when>
<when>2025-02-05T13:24:35.848Z</when>
<when>2025-02-05T13:24:38.611Z</when>
<when>2025-02-05T13:24:41.611Z</when>
<when>2025-02-05T13:24:47.611Z</when>
<when>2025-02-05T13:24:50.611Z</when>
<when>2025-02-05T13:24:53.610Z</when>
<when>2025-02-05T13:24:56.611Z</when>
<when>2025-02-05T13:24:59.611Z</when>
<when>2025-02-05T13:25:02.611Z</when>
<when>2025-02-05T13:25:05.438Z</when>
<when>2025-02-05T13:25:08.551Z</when>
<when>2025-02-05T13:25:11.610Z</when>
<when>2025-02-05T13:25:14.611Z</when>
<when>2025-02-05T13:25:17.610Z</when>
<when>2025-02-05T13:25:20.611Z</when>
<when>2025-02-05T13:25:23.611Z</when>
<when>2025-02-05T13:25:26.535Z</when>
<when>2025-02-05T13:25:29.333Z</when>
<when>2025-02-05T13:25:32.611Z</when>
<when>2025-02-05T13:25:35.378Z</when>
<when>2025-02-05T13:25:38.434Z</when>
<when>2025-02-05T13:25:41.611Z</when>
<when>2025-02-05T13:25:44.355Z</when>
<when>2025-02-05T13:25:47.610Z</when>
<when>2025-02-05T13:25:50.535Z</when>
<when>2025-02-05T13:25:53.611Z</when>
<when>2025-02-05T13:25:56.611Z</when>
<when>2025-02-05T13:25:59.611Z</when>
<when>2025-02-05T13:26:02.611Z</when>
<when>2025-02-05T13:26:05.621Z</when>
<when>2025-02-05T13:26:08.611Z</when>
<when>2025-02-05T13:26:11.611Z</when>
<when>2025-02-05T13:26:14.626Z</when>
<when>2025-02-05T13:26:17.611Z</when>
<when>2025-02-05T13:26:20.611Z</when>
<when>2025-02-05T13:26:23.611Z</when>
<when>2025-02-05T13:26:26.675Z</when>
<when>2025-02-05T13:26:29.611Z</when>
<when>2025-02-05T13:26:32.611Z</when>
<when>2025-02-05T13:26:35.686Z</when>
<when>2025-02-05T13:26:38.611Z</when>
<when>2025-02-05T13:26:41.654Z</when>
<when>2025-02-05T13:26:44.658Z</when>
<when>2025-02-05T13:26:47.611Z</when>
<when>2025-02-05T13:26:50.698Z</when>
<when>2025-02-05T13:26:53.611Z</when>
<when>2025-02-05T13:26:56.470Z</when>
<when>2025-02-05T13:26:59.627Z</when>
<when>2025-02-05T13:27:02.611Z</when>
<when>2025-02-05T13:27:05.674Z</when>
<when>2025-02-05T13:27:08.611Z</when>
<when>2025-02-05T13:27:11.696Z</when>
<when>2025-02-05T13:27:14.682Z</when>
<when>2025-02-05T13:27:17.473Z</when>
<when>2025-02-05T13:27:20.678Z</when>
<when>2025-02-05T13:27:23.610Z</when>
<when>2025-02-05T13:27:26.529Z</when>
<when>2025-02-05T13:27:29.330Z</when>
<when>2025-02-05T13:27:32.612Z</when>
<when>2025-02-05T13:27:35.659Z</when>
<when>2025-02-05T13:27:38.611Z</when>
<when>2025-02-05T13:27:41.611Z</when>
<when>2025-02-05T13:27:44.611Z</when>
<when>2025-02-05T13:27:47.611Z</when>
<when>2025-02-05T13:27:50.414Z</when>
<when>2025-02-05T13:27:53.610Z</when>
<when>2025-02-05T13:27:56.611Z</when>
<when>2025-02-05T13:27:59.611Z</when>
<when>2025-02-05T13:28:02.610Z</when>
<when>2025-02-05T13:28:05.360Z</when>
<when>2025-02-05T13:28:08.611Z</when>
<when>2025-02-05T13:28:11.686Z</when>
<when>2025-02-05T13:28:14.611Z</when>
<when>2025-02-05T13:28:17.611Z</when>
<when>2025-02-05T13:28:20.710Z</when>
<when>2025-02-05T13:28:23.611Z</when>
<when>2025-02-05T13:28:26.408Z</when>
<when>2025-02-05T13:28:29.156Z</when>
<when>2025-02-05T13:28:31.994Z</when>
<when>2025-02-05T13:28:35.683Z</when>
<when>2025-02-05T13:28:38.611Z</when>
<when>2025-02-05T13:28:41.613Z</when>
<when>2025-02-05T13:28:44.610Z</when>
<when>2025-02-05T13:28:47.457Z</when>
<when>2025-02-05T13:28:50.638Z</when>
<when>2025-02-05T13:28:53.611Z</when>
<when>2025-02-05T13:28:56.654Z</when>
<when>2025-02-05T13:28:59.611Z</when>
<when>2025-02-05T13:29:02.611Z</when>
<when>2025-02-05T13:29:05.611Z</when>
<when>2025-02-05T13:29:08.611Z</when>
<when>2025-02-05T13:29:11.611Z</when>
<when>2025-02-05T13:29:14.611Z</when>
<when>2025-02-05T13:29:17.697Z</when>
<when>2025-02-05T13:29:20.590Z</when>
<when>2025-02-05T13:29:23.346Z</when>
<when>2025-02-05T13:29:26.691Z</when>
<when>2025-02-05T13:29:29.557Z</when>
<when>2025-02-05T13:29:32.707Z</when>
<when>2025-02-05T13:29:35.611Z</when>
<when>2025-02-05T13:29:38.535Z</when>
<when>2025-02-05T13:29:41.679Z</when>
<when>2025-02-05T13:29:44.611Z</when>
<when>2025-02-05T13:29:47.691Z</when>
<when>2025-02-05T13:29:50.611Z</when>
<when>2025-02-05T13:29:53.611Z</when>
<when>2025-02-05T13:29:56.659Z</when>
<when>2025-02-05T13:29:59.611Z</when>
<when>2025-02-05T13:30:02.691Z</when>
<when>2025-02-05T13:30:05.674Z</when>
<when>2025-02-05T13:30:08.416Z</when>
<when>2025-02-05T13:30:11.659Z</when>
<when>2025-02-05T13:30:14.611Z</when>
<when>2025-02-05T13:30:17.533Z</when>
<when>2025-02-05T13:30:20.665Z</when>
<when>2025-02-05T13:30:23.496Z</when>
<when>2025-02-05T13:30:26.675Z</when>
<when>2025-02-05T13:30:29.493Z</when>
<when>2025-02-05T13:30:32.434Z</when>
<when>2025-02-05T13:30:35.674Z</when>
<when>2025-02-05T13:30:38.610Z</when>
<when>2025-02-05T13:30:41.628Z</when>
<when>2025-02-05T13:30:44.626Z</when>
<when>2025-02-05T13:30:47.638Z</when>
<when>2025-02-05T13:30:50.682Z</when>
<when>2025-02-05T13:30:53.700Z</when>
<when>2025-02-05T13:30:56.640Z</when>
<when>2025-02-05T13:30:59.838Z</when>
<when>2025-02-05T13:31:02.610Z</when>
<when>2025-02-05T13:31:08.688Z</when>
<when>2025-02-05T13:31:11.610Z</when>
<when>2025-02-05T13:31:14.610Z</when>
<when>2025-02-05T13:31:17.610Z</when>
<when>2025-02-05T13:31:20.674Z</when>
<when>2025-02-05T13:31:23.695Z</when>
<when>2025-02-05T13:31:26.610Z</when>
<when>2025-02-05T13:31:29.689Z</when>
<when>2025-02-05T13:31:32.610Z</when>
<when>2025-02-05T13:31:35.609Z</when>
<when>2025-02-05T13:31:38.610Z</when>
<when>2025-02-05T13:31:41.610Z</when>
<when>2025-02-05T13:31:44.702Z</when>
<when>2025-02-05T13:31:47.692Z</when>
<when>2025-02-05T13:31:50.610Z</when>
<when>2025-02-05T13:31:53.639Z</when>
<when>2025-02-05T13:31:56.707Z</when>
<when>2025-02-05T13:31:59.696Z</when>
<when>2025-02-05T13:32:02.610Z</when>
<when>2025-02-05T13:32:05.684Z</when>
<when>2025-02-05T13:32:08.677Z</when>
<when>2025-02-05T13:32:11.610Z</when>
<when>2025-02-05T13:32:14.678Z</when>
<when>2025-02-05T13:32:17.610Z</when>
<when>2025-02-05T13:32:20.610Z</when>
<when>2025-02-05T13:32:23.609Z</when>
<when>2025-02-05T13:32:26.691Z</when>
<when>2025-02-05T13:32:29.471Z</when>
<when>2025-02-05T13:32:32.610Z</when>
<when>2025-02-05T13:32:35.610Z</when>
<when>2025-02-05T13:32:38.610Z</when>
<when>2025-02-05T13:32:41.349Z</when>
<when>2025-02-05T13:32:44.252Z</when>
<when>2025-02-05T13:32:47.319Z</when>
<when>2025-02-05T13:32:50.610Z</when>
<when>2025-02-05T13:32:53.610Z</when>
<when>2025-02-05T13:32:56.609Z</when>
<when>2025-02-05T13:32:59.610Z</when>
<when>2025-02-05T13:33:02.643Z</when>
<when>2025-02-05T13:33:05.569Z</when>
<when>2025-02-05T13:33:08.671Z</when>
<when>2025-02-05T13:33:11.596Z</when>
<when>2025-02-05T13:33:14.610Z</when>
<when>2025-02-05T13:33:17.460Z</when>
<when>2025-02-05T13:33:20.610Z</when>
<when>2025-02-05T13:33:23.418Z</when>
<when>2025-02-05T13:33:26.610Z</when>
<when>2025-02-05T13:33:29.598Z</when>
<when>2025-02-05T13:33:32.357Z</when>
<when>2025-02-05T13:33:35.150Z</when>
<when>2025-02-05T13:33:38.610Z</when>
<when>2025-02-05T13:33:41.610Z</when>
<when>2025-02-05T13:33:44.611Z</when>
<when>2025-02-05T13:33:47.653Z</when>
<when>2025-02-05T13:33:50.610Z</when>
<when>2025-02-05T13:33:56.667Z</when>
<when>2025-02-05T13:33:59.610Z</when>
<when>2025-02-05T13:34:05.697Z</when>
<when>2025-02-05T13:34:08.609Z</when>
<when>2025-02-05T13:34:11.682Z</when>
<when>2025-02-05T13:34:14.610Z</when>
<when>2025-02-05T13:34:17.610Z</when>
<when>2025-02-05T13:34:20.610Z</when>
<when>2025-02-05T13:34:23.575Z</when>
<when>2025-02-05T13:34:26.610Z</when>
<when>2025-02-05T13:34:29.371Z</when>
<when>2025-02-05T13:34:32.610Z</when>
<when>2025-02-05T13:34:35.610Z</when>
<when>2025-02-05T13:34:38.610Z</when>
<when>2025-02-05T13:34:41.610Z</when>
<when>2025-02-05T13:34:44.610Z</when>
<when>2025-02-05T13:34:47.610Z</when>
<when>2025-02-05T13:34:50.673Z</when>
<when>2025-02-05T13:34:54.053Z</when>
<when>2025-02-05T13:34:58.610Z</when>
<when>2025-02-05T13:35:01.351Z</when>
<when>2025-02-05T13:35:04.355Z</when>
<when>2025-02-05T13:35:07.095Z</when>
<when>2025-02-05T13:35:10.334Z</when>
<when>2025-02-05T13:35:13.610Z</when>
<when>2025-02-05T13:35:16.412Z</when>
<when>2025-02-05T13:35:19.652Z</when>
<when>2025-02-05T13:35:22.610Z</when>
<when>2025-02-05T13:35:25.764Z</when>
<when>2025-02-05T13:35:28.609Z</when>
<when>2025-02-05T13:35:31.372Z</when>
<when>2025-02-05T13:35:34.114Z</when>
<when>2025-02-05T13:35:37.016Z</when>
<when>2025-02-05T13:35:40.294Z</when>
<when>2025-02-05T13:35:43.015Z</when>
<when>2025-02-05T13:35:46.214Z</when>
<when>2025-02-05T13:35:49.214Z</when>
<when>2025-02-05T13:35:52.323Z</when>
<when>2025-02-05T13:35:55.610Z</when>
<when>2025-02-05T13:35:58.609Z</when>
<when>2025-02-05T13:36:01.690Z</when>
<when>2025-02-05T13:36:04.610Z</when>
<when>2025-02-05T13:36:07.682Z</when>
<when>2025-02-05T13:36:10.682Z</when>
<when>2025-02-05T13:36:13.610Z</when>
<when>2025-02-05T13:36:16.704Z</when>
<when>2025-02-05T13:36:19.610Z</when>
<when>2025-02-05T13:36:22.609Z</when>
<when>2025-02-05T13:36:25.610Z</when>
<when>2025-02-05T13:36:28.610Z</when>
<when>2025-02-05T13:36:31.350Z</when>
<when>2025-02-05T13:36:34.610Z</when>
<when>2025-02-05T13:36:37.416Z</when>
<when>2025-02-05T13:36:40.136Z</when>
<when>2025-02-05T13:36:43.610Z</when>
<when>2025-02-05T13:36:46.609Z</when>
<when>2025-02-05T13:36:49.609Z</when>
<when>2025-02-05T13:36:52.609Z</when>
<when>2025-02-05T13:36:55.609Z</when>
<when>2025-02-05T13:36:58.590Z</when>
<when>2025-02-05T13:37:01.609Z</when>
<when>2025-02-05T13:37:04.609Z</when>
<when>2025-02-05T13:37:07.609Z</when>
<when>2025-02-05T13:37:10.327Z</when>
<when>2025-02-05T13:37:13.609Z</when>
<when>2025-02-05T13:37:16.609Z</when>
<when>2025-02-05T13:37:19.349Z</when>
<when>2025-02-05T13:37:22.609Z</when>
<when>2025-02-05T13:37:25.609Z</when>
<when>2025-02-05T13:37:28.609Z</when>
<when>2025-02-05T13:37:31.607Z</when>
<when>2025-02-05T13:37:34.609Z</when>
<when>2025-02-05T13:37:37.609Z</when>
<when>2025-02-05T13:37:40.609Z</when>
<when>2025-02-05T13:37:43.610Z</when>
<when>2025-02-05T13:37:46.608Z</when>
<when>2025-02-05T13:37:49.573Z</when>
<when>2025-02-05T13:37:52.608Z</when>
<when>2025-02-05T13:37:55.609Z</when>
<when>2025-02-05T13:37:58.609Z</when>
<when>2025-02-05T13:38:01.371Z</when>
<when>2025-02-05T13:38:04.310Z</when>
<when>2025-02-05T13:38:07.640Z</when>
<when>2025-02-05T13:38:10.609Z</when>
<when>2025-02-05T13:38:13.609Z</when>
<when>2025-02-05T13:38:16.488Z</when>
<when>2025-02-05T13:38:19.276Z</when>
<when>2025-02-05T13:38:22.608Z</when>
<when>2025-02-05T13:38:25.609Z</when>
<when>2025-02-05T13:38:28.609Z</when>
<when>2025-02-05T13:38:31.608Z</when>
<when>2025-02-05T13:38:34.609Z</when>
<when>2025-02-05T13:38:37.428Z</when>
<when>2025-02-05T13:38:40.609Z</when>
<when>2025-02-05T13:38:43.609Z</when>
<when>2025-02-05T13:38:46.609Z</when>
<when>2025-02-05T13:38:49.609Z</when>
<when>2025-02-05T13:38:52.609Z</when>
<when>2025-02-05T13:38:55.609Z</when>
<when>2025-02-05T13:38:58.609Z</when>
<when>2025-02-05T13:39:01.609Z</when>
<when>2025-02-05T13:39:04.609Z</when>
<when>2025-02-05T13:39:07.609Z</when>
<when>2025-02-05T13:39:10.609Z</when>
<when>2025-02-05T13:39:13.609Z</when>
<when>2025-02-05T13:39:16.609Z</when>
<when>2025-02-05T13:39:19.609Z</when>
<when>2025-02-05T13:39:22.609Z</when>
<when>2025-02-05T13:39:25.609Z</when>
<when>2025-02-05T13:39:28.451Z</when>
<when>2025-02-05T13:39:31.470Z</when>
<when>2025-02-05T13:39:34.609Z</when>
<when>2025-02-05T13:39:37.608Z</when>
<when>2025-02-05T13:39:40.609Z</when>
<when>2025-02-05T13:39:43.609Z</when>
<when>2025-02-05T13:39:46.608Z</when>
<when>2025-02-05T13:39:49.367Z</when>
<when>2025-02-05T13:39:52.141Z</when>
<when>2025-02-05T13:39:55.609Z</when>
<when>2025-02-05T13:39:58.609Z</when>
<when>2025-02-05T13:40:01.609Z</when>
<when>2025-02-05T13:40:04.609Z</when>
<when>2025-02-05T13:40:07.609Z</when>
<when>2025-02-05T13:40:10.609Z</when>
<when>2025-02-05T13:40:13.609Z</when>
<when>2025-02-05T13:40:16.609Z</when>
<when>2025-02-05T13:40:19.608Z</when>
<when>2025-02-05T13:40:22.379Z</when>
<when>2025-02-05T13:40:25.609Z</when>
<when>2025-02-05T13:40:28.608Z</when>
<when>2025-02-05T13:40:31.609Z</when>
<when>2025-02-05T13:40:34.609Z</when>
<when>2025-02-05T13:40:37.327Z</when>
<when>2025-02-05T13:40:40.609Z</when>
<when>2025-02-05T13:40:43.609Z</when>
<when>2025-02-05T13:40:46.609Z</when>
<when>2025-02-05T13:40:49.376Z</when>
<when>2025-02-05T13:40:52.273Z</when>
<when>2025-02-05T13:40:55.609Z</when>
<when>2025-02-05T13:40:58.608Z</when>
<when>2025-02-05T13:41:01.609Z</when>
<when>2025-02-05T13:41:04.609Z</when>
<when>2025-02-05T13:41:07.451Z</when>
<when>2025-02-05T13:41:10.608Z</when>
<when>2025-02-05T13:41:13.609Z</when>
<when>2025-02-05T13:41:16.609Z</when>
<when>2025-02-05T13:41:19.609Z</when>
<when>2025-02-05T13:41:22.609Z</when>
<when>2025-02-05T13:41:25.609Z</when>
<when>2025-02-05T13:41:28.687Z</when>
<when>2025-02-05T13:41:31.691Z</when>
<when>2025-02-05T13:41:34.528Z</when>
<when>2025-02-05T13:41:37.685Z</when>
<when>2025-02-05T13:41:40.609Z</when>
<when>2025-02-05T13:41:43.609Z</when>
<when>2025-02-05T13:41:46.432Z</when>
<when>2025-02-05T13:41:49.703Z</when>
<when>2025-02-05T13:41:52.554Z</when>
<when>2025-02-05T13:41:55.700Z</when>
<when>2025-02-05T13:41:58.686Z</when>
<when>2025-02-05T13:42:01.589Z</when>
<when>2025-02-05T13:42:04.691Z</when>
<when>2025-02-05T13:42:07.692Z</when>
<when>2025-02-05T13:42:10.609Z</when>
<when>2025-02-05T13:42:13.681Z</when>
<when>2025-02-05T13:42:16.592Z</when>
<when>2025-02-05T13:42:19.336Z</when>
<when>2025-02-05T13:42:22.608Z</when>
<when>2025-02-05T13:42:25.369Z</when>
<when>2025-02-05T13:42:28.354Z</when>
<when>2025-02-05T13:42:31.608Z</when>
<when>2025-02-05T13:42:34.608Z</when>
<when>2025-02-05T13:42:37.322Z</when>
<when>2025-02-05T13:42:40.608Z</when>
<when>2025-02-05T13:42:43.607Z</when>
<when>2025-02-05T13:42:46.635Z</when>
<when>2025-02-05T13:42:49.634Z</when>
<when>2025-02-05T13:42:52.393Z</when>
<when>2025-02-05T13:42:55.607Z</when>
<when>2025-02-05T13:42:58.608Z</when>
<when>2025-02-05T13:43:01.608Z</when>
<when>2025-02-05T13:43:04.608Z</when>
<when>2025-02-05T13:43:07.608Z</when>
<when>2025-02-05T13:43:10.608Z</when>
<when>2025-02-05T13:43:13.608Z</when>
<when>2025-02-05T13:43:16.680Z</when>
<when>2025-02-05T13:43:19.608Z</when>
<when>2025-02-05T13:43:22.608Z</when>
<when>2025-02-05T13:43:25.693Z</when>
<when>2025-02-05T13:43:28.608Z</when>
<when>2025-02-05T13:43:31.547Z</when>
<when>2025-02-05T13:43:34.682Z</when>
<when>2025-02-05T13:43:37.593Z</when>
<when>2025-02-05T13:43:40.682Z</when>
<when>2025-02-05T13:43:43.688Z</when>
<when>2025-02-05T13:43:46.401Z</when>
<when>2025-02-05T13:43:49.690Z</when>
<when>2025-02-05T13:43:52.608Z</when>
<when>2025-02-05T13:43:55.681Z</when>
<when>2025-02-05T13:43:58.678Z</when>
<when>2025-02-05T13:44:01.608Z</when>
<when>2025-02-05T13:44:04.607Z</when>
<when>2025-02-05T13:44:07.608Z</when>
<when>2025-02-05T13:44:10.608Z</when>
<when>2025-02-05T13:44:13.608Z</when>
<when>2025-02-05T13:44:16.607Z</when>
<when>2025-02-05T13:44:19.608Z</when>
<when>2025-02-05T13:44:22.608Z</when>
<when>2025-02-05T13:44:25.608Z</when>
<when>2025-02-05T13:44:28.608Z</when>
<when>2025-02-05T13:44:31.607Z</when>
<when>2025-02-05T13:44:34.608Z</when>
<when>2025-02-05T13:44:37.608Z</when>
<when>2025-02-05T13:44:40.608Z</when>
<when>2025-02-05T13:44:43.608Z</when>
<when>2025-02-05T13:44:46.608Z</when>
<when>2025-02-05T13:44:49.608Z</when>
<when>2025-02-05T13:44:52.609Z</when>
<when>2025-02-05T13:44:55.607Z</when>
<when>2025-02-05T13:44:58.608Z</when>
<when>2025-02-05T13:45:01.607Z</when>
<when>2025-02-05T13:45:04.608Z</when>
<when>2025-02-05T13:45:07.608Z</when>
<when>2025-02-05T13:45:10.608Z</when>
<when>2025-02-05T13:45:13.608Z</when>
<when>2025-02-05T13:45:16.608Z</when>
<when>2025-02-05T13:45:19.608Z</when>
<when>2025-02-05T13:45:22.608Z</when>
<when>2025-02-05T13:45:25.608Z</when>
<when>2025-02-05T13:45:28.608Z</when>
<when>2025-02-05T13:45:31.607Z</when>
<when>2025-02-05T13:45:34.608Z</when>
<when>2025-02-05T13:45:37.607Z</when>
<when>2025-02-05T13:45:40.608Z</when>
<when>2025-02-05T13:45:43.608Z</when>
<when>2025-02-05T13:45:46.607Z</when>
<when>2025-02-05T13:45:49.608Z</when>
<when>2025-02-05T13:45:52.608Z</when>
<when>2025-02-05T13:45:55.608Z</when>
<when>2025-02-05T13:45:58.608Z</when>
<when>2025-02-05T13:46:01.608Z</when>
<when>2025-02-05T13:46:04.608Z</when>
<when>2025-02-05T13:46:07.608Z</when>
<when>2025-02-05T13:46:10.608Z</when>
<when>2025-02-05T13:46:13.608Z</when>
<when>2025-02-05T13:46:16.608Z</when>
<when>2025-02-05T13:46:19.608Z</when>
<when>2025-02-05T13:46:22.608Z</when>
<when>2025-02-05T13:46:25.607Z</when>
<when>2025-02-05T13:46:28.608Z</when>
<when>2025-02-05T13:46:31.607Z</when>
<when>2025-02-05T13:46:34.608Z</when>
<when>2025-02-05T13:46:37.608Z</when>
<when>2025-02-05T13:46:40.608Z</when>
<when>2025-02-05T13:46:43.607Z</when>
<when>2025-02-05T13:46:46.608Z</when>
<when>2025-02-05T13:46:49.607Z</when>
<when>2025-02-05T13:46:52.608Z</when>
<when>2025-02-05T13:46:55.608Z</when>
<when>2025-02-05T13:46:58.608Z</when>
<when>2025-02-05T13:47:01.608Z</when>
<when>2025-02-05T13:47:04.608Z</when>
<when>2025-02-05T13:47:07.608Z</when>
<when>2025-02-05T13:47:10.608Z</when>
<when>2025-02-05T13:47:13.608Z</when>
<when>2025-02-05T13:47:16.608Z</when>
<when>2025-02-05T13:47:19.607Z</when>
<when>2025-02-05T13:47:22.607Z</when>
<when>2025-02-05T13:47:25.608Z</when>
<when>2025-02-05T13:47:28.608Z</when>
<when>2025-02-05T13:47:31.608Z</when>
<when>2025-02-05T13:47:34.608Z</when>
<when>2025-02-05T13:47:37.608Z</when>
<when>2025-02-05T13:47:40.608Z</when>
<when>2025-02-05T13:47:43.608Z</when>
<when>2025-02-05T13:47:46.608Z</when>
<when>2025-02-05T13:47:49.608Z</when>
<when>2025-02-05T13:47:52.608Z</when>
<when>2025-02-05T13:47:57.608Z</when>
<when>2025-02-05T13:48:00.608Z</when>
<when>2025-02-05T13:48:03.608Z</when>
<when>2025-02-05T13:48:06.606Z</when>
<when>2025-02-05T13:48:09.607Z</when>
<when>2025-02-05T13:48:12.607Z</when>
<when>2025-02-05T13:48:15.607Z</when>
<when>2025-02-05T13:48:18.606Z</when>
<when>2025-02-05T13:48:21.607Z</when>
<when>2025-02-05T13:48:24.607Z</when>
<when>2025-02-05T13:48:27.607Z</when>
<when>2025-02-05T13:48:30.605Z</when>
<when>2025-02-05T13:48:33.607Z</when>
<when>2025-02-05T13:48:36.607Z</when>
<when>2025-02-05T13:48:39.607Z</when>
<when>2025-02-05T13:48:42.607Z</when>
<when>2025-02-05T13:48:45.607Z</when>
<when>2025-02-05T13:48:48.607Z</when>
<when>2025-02-05T13:48:51.607Z</when>
<when>2025-02-05T13:48:54.607Z</when>
<when>2025-02-05T13:48:57.607Z</when>
<when>2025-02-05T13:49:00.607Z</when>
<when>2025-02-05T13:49:03.607Z</when>
<when>2025-02-05T13:49:06.607Z</when>
<when>2025-02-05T13:49:09.607Z</when>
<when>2025-02-05T13:49:12.607Z</when>
<when>2025-02-05T13:49:15.607Z</when>
<when>2025-02-05T13:49:18.607Z</when>
<when>2025-02-05T13:49:21.607Z</when>
<when>2025-02-05T13:49:24.607Z</when>
<when>2025-02-05T13:49:27.607Z</when>
<when>2025-02-05T13:49:30.606Z</when>
<when>2025-02-05T13:49:33.607Z</when>
<when>2025-02-05T13:49:36.606Z</when>
<when>2025-02-05T13:49:39.607Z</when>
<when>2025-02-05T13:49:42.607Z</when>
<when>2025-02-05T13:49:45.606Z</when>
<when>2025-02-05T13:49:48.607Z</when>
<when>2025-02-05T13:49:51.607Z</when>
<when>2025-02-05T13:49:54.607Z</when>
<when>2025-02-05T13:49:57.606Z</when>
<when>2025-02-05T13:50:00.607Z</when>
<when>2025-02-05T13:50:03.607Z</when>
<when>2025-02-05T13:50:06.607Z</when>
<when>2025-02-05T13:50:09.607Z</when>
<when>2025-02-05T13:50:12.607Z</when>
<when>2025-02-05T13:50:15.607Z</when>
<when>2025-02-05T13:50:18.607Z</when>
<when>2025-02-05T13:50:21.607Z</when>
<when>2025-02-05T13:50:24.607Z</when>
<when>2025-02-05T13:50:27.607Z</when>
<when>2025-02-05T13:50:30.607Z</when>
<when>2025-02-05T13:50:33.607Z</when>
<when>2025-02-05T13:50:36.607Z</when>
<when>2025-02-05T13:50:39.606Z</when>
<when>2025-02-05T13:50:42.607Z</when>
<when>2025-02-05T13:50:45.607Z</when>
<when>2025-02-05T13:50:48.607Z</when>
<when>2025-02-05T13:50:51.607Z</when>
<when>2025-02-05T13:50:54.607Z</when>
<when>2025-02-05T13:50:57.607Z</when>
<when>2025-02-05T13:51:00.606Z</when>
<when>2025-02-05T13:51:03.607Z</when>
<when>2025-02-05T13:51:06.606Z</when>
<when>2025-02-05T13:51:09.607Z</when>
<when>2025-02-05T13:51:12.607Z</when>
<when>2025-02-05T13:51:15.607Z</when>
<when>2025-02-05T13:51:18.607Z</when>
<when>2025-02-05T13:51:21.607Z</when>
<when>2025-02-05T13:51:24.607Z</when>
<when>2025-02-05T13:51:27.606Z</when>
<when>2025-02-05T13:51:30.606Z</when>
<when>2025-02-05T13:51:33.606Z</when>
<when>2025-02-05T13:51:36.607Z</when>
<when>2025-02-05T13:51:39.607Z</when>
<when>2025-02-05T13:51:42.607Z</when>
<when>2025-02-05T13:51:45.607Z</when>
<when>2025-02-05T13:51:48.607Z</when>
<when>2025-02-05T13:51:51.607Z</when>
<when>2025-02-05T13:51:54.607Z</when>
<when>2025-02-05T13:51:57.606Z</when>
<when>2025-02-05T13:52:00.607Z</when>
<when>2025-02-05T13:52:03.607Z</when>
<when>2025-02-05T13:52:06.606Z</when>
<when>2025-02-05T13:52:09.606Z</when>
<when>2025-02-05T13:52:12.607Z</when>
<when>2025-02-05T13:52:15.607Z</when>
<when>2025-02-05T13:52:18.607Z</when>
<when>2025-02-05T13:52:21.607Z</when>
<when>2025-02-05T13:52:24.608Z</when>
<when>2025-02-05T13:52:27.607Z</when>
<when>2025-02-05T13:52:30.607Z</when>
<when>2025-02-05T13:52:33.607Z</when>
<when>2025-02-05T13:52:36.607Z</when>
<when>2025-02-05T13:52:39.607Z</when>
<when>2025-02-05T13:52:42.607Z</when>
<when>2025-02-05T13:52:45.606Z</when>
<when>2025-02-05T13:52:48.607Z</when>
<when>2025-02-05T13:52:51.606Z</when>
<when>2025-02-05T13:52:54.606Z</when>
<when>2025-02-05T13:52:57.607Z</when>
<when>2025-02-05T13:53:00.607Z</when>
<when>2025-02-05T13:53:03.607Z</when>
<when>2025-02-05T13:53:06.607Z</when>
<when>2025-02-05T13:53:09.607Z</when>
<when>2025-02-05T13:53:12.607Z</when>
<when>2025-02-05T13:53:15.607Z</when>
<when>2025-02-05T13:53:18.607Z</when>
<when>2025-02-05T13:53:21.607Z</when>
<when>2025-02-05T13:53:24.607Z</when>
<when>2025-02-05T13:53:27.607Z</when>
<when>2025-02-05T13:53:30.607Z</when>
<when>2025-02-05T13:53:33.607Z</when>
<when>2025-02-05T13:53:36.607Z</when>
<when>2025-02-05T13:53:39.607Z</when>
<when>2025-02-05T13:53:42.607Z</when>
<when>2025-02-05T13:53:45.607Z</when>
<when>2025-02-05T13:53:48.607Z</when>
<when>2025-02-05T13:53:51.607Z</when>
<when>2025-02-05T13:53:54.607Z</when>
<when>2025-02-05T13:53:57.607Z</when>
<when>2025-02-05T13:54:00.607Z</when>
<when>2025-02-05T13:54:03.607Z</when>
<when>2025-02-05T13:54:06.607Z</when>
<when>2025-02-05T13:54:09.607Z</when>
<when>2025-02-05T13:54:12.607Z</when>
<when>2025-02-05T13:54:15.607Z</when>
<when>2025-02-05T13:54:18.607Z</when>
<when>2025-02-05T13:54:21.607Z</when>
<when>2025-02-05T13:54:24.607Z</when>
<when>2025-02-05T13:54:27.606Z</when>
<when>2025-02-05T13:54:30.606Z</when>
<when>2025-02-05T13:54:33.606Z</when>
<when>2025-02-05T13:54:36.606Z</when>
<when>2025-02-05T13:54:39.605Z</when>
<when>2025-02-05T13:54:42.606Z</when>
<when>2025-02-05T13:54:45.605Z</when>
<when>2025-02-05T13:54:48.606Z</when>
<when>2025-02-05T13:54:51.605Z</when>
<when>2025-02-05T13:54:54.606Z</when>
<when>2025-02-05T13:54:57.606Z</when>
<when>2025-02-05T13:55:00.605Z</when>
<when>2025-02-05T13:55:03.606Z</when>
<when>2025-02-05T13:55:06.606Z</when>
<when>2025-02-05T13:55:09.606Z</when>
<when>2025-02-05T13:55:12.606Z</when>
<when>2025-02-05T13:55:15.605Z</when>
<when>2025-02-05T13:55:18.605Z</when>
<when>2025-02-05T13:55:21.606Z</when>
<when>2025-02-05T13:55:24.606Z</when>
<when>2025-02-05T13:55:27.606Z</when>
<when>2025-02-05T13:55:30.606Z</when>
<when>2025-02-05T13:55:33.678Z</when>
<when>2025-02-05T13:55:36.606Z</when>
<when>2025-02-05T13:55:39.606Z</when>
<when>2025-02-05T13:55:42.684Z</when>
<when>2025-02-05T13:55:45.606Z</when>
<when>2025-02-05T13:55:48.533Z</when>
<when>2025-02-05T13:55:51.606Z</when>
<when>2025-02-05T13:55:54.606Z</when>
<when>2025-02-05T13:55:57.370Z</when>
<when>2025-02-05T13:56:00.431Z</when>
<when>2025-02-05T13:56:03.154Z</when>
<when>2025-02-05T13:56:06.210Z</when>
<when>2025-02-05T13:56:09.216Z</when>
<when>2025-02-05T13:56:12.396Z</when>
<when>2025-02-05T13:56:15.254Z</when>
<when>2025-02-05T13:56:18.639Z</when>
<when>2025-02-05T13:56:21.687Z</when>
<when>2025-02-05T13:56:24.554Z</when>
<when>2025-02-05T13:56:27.683Z</when>
<when>2025-02-05T13:56:30.674Z</when>
<when>2025-02-05T13:56:33.383Z</when>
<when>2025-02-05T13:56:36.677Z</when>
<when>2025-02-05T13:56:39.606Z</when>
<when>2025-02-05T13:56:42.681Z</when>
<when>2025-02-05T13:56:45.673Z</when>
<when>2025-02-05T13:56:48.606Z</when>
<when>2025-02-05T13:56:51.702Z</when>
<when>2025-02-05T13:56:54.623Z</when>
<when>2025-02-05T13:56:57.434Z</when>
<when>2025-02-05T13:57:00.685Z</when>
<when>2025-02-05T13:57:03.605Z</when>
<when>2025-02-05T13:57:06.696Z</when>
<when>2025-02-05T13:57:09.705Z</when>
<when>2025-02-05T13:57:12.606Z</when>
<when>2025-02-05T13:57:15.606Z</when>
<when>2025-02-05T13:57:18.606Z</when>
<when>2025-02-05T13:57:21.472Z</when>
<when>2025-02-05T13:57:24.288Z</when>
<when>2025-02-05T13:57:26.989Z</when>
<when>2025-02-05T13:57:29.710Z</when>
<when>2025-02-05T13:57:33.126Z</when>
<when>2025-02-05T13:57:36.569Z</when>
<when>2025-02-05T13:57:39.550Z</when>
<when>2025-02-05T13:57:42.606Z</when>
<when>2025-02-05T13:57:45.678Z</when>
<when>2025-02-05T13:57:48.606Z</when>
<when>2025-02-05T13:57:51.673Z</when>
<when>2025-02-05T13:57:54.606Z</when>
<when>2025-02-05T13:57:57.606Z</when>
<when>2025-02-05T13:58:00.677Z</when>
<when>2025-02-05T13:58:03.686Z</when>
<when>2025-02-05T13:58:06.606Z</when>
<when>2025-02-05T13:58:09.683Z</when>
<when>2025-02-05T13:58:12.515Z</when>
<when>2025-02-05T13:58:15.615Z</when>
<when>2025-02-05T13:58:18.614Z</when>
<when>2025-02-05T13:58:21.606Z</when>
<when>2025-02-05T13:58:24.649Z</when>
<when>2025-02-05T13:58:27.606Z</when>
<when>2025-02-05T13:58:30.606Z</when>
<when>2025-02-05T13:58:33.606Z</when>
<when>2025-02-05T13:58:36.606Z</when>
<when>2025-02-05T13:58:39.606Z</when>
<when>2025-02-05T13:58:42.606Z</when>
<when>2025-02-05T13:58:45.606Z</when>
<when>2025-02-05T13:58:48.606Z</when>
<when>2025-02-05T13:58:52.606Z</when>
<when>2025-02-05T13:58:55.606Z</when>
<when>2025-02-05T13:58:58.605Z</when>
<when>2025-02-05T13:59:01.606Z</when>
<when>2025-02-05T13:59:04.606Z</when>
<when>2025-02-05T13:59:07.606Z</when>
<when>2025-02-05T13:59:10.606Z</when>
<when>2025-02-05T13:59:13.606Z</when>
<when>2025-02-05T13:59:16.606Z</when>
<when>2025-02-05T13:59:19.606Z</when>
<when>2025-02-05T13:59:22.606Z</when>
<when>2025-02-05T13:59:25.606Z</when>
<when>2025-02-05T13:59:28.606Z</when>
<when>2025-02-05T13:59:31.606Z</when>
<when>2025-02-05T13:59:34.606Z</when>
<when>2025-02-05T13:59:37.606Z</when>
<when>2025-02-05T13:59:40.606Z</when>
<when>2025-02-05T13:59:43.606Z</when>
<when>2025-02-05T13:59:46.606Z</when>
<when>2025-02-05T13:59:49.606Z</when>
<when>2025-02-05T13:59:52.606Z</when>
<when>2025-02-05T13:59:55.606Z</when>
<when>2025-02-05T13:59:58.606Z</when>
<when>2025-02-05T14:00:01.606Z</when>
<when>2025-02-05T14:00:04.606Z</when>
<when>2025-02-05T14:00:07.606Z</when>
<when>2025-02-05T14:00:10.605Z</when>
<when>2025-02-05T14:00:13.606Z</when>
<when>2025-02-05T14:00:16.606Z</when>
<when>2025-02-05T14:00:19.606Z</when>
<when>2025-02-05T14:00:22.606Z</when>
<when>2025-02-05T14:00:25.606Z</when>
<when>2025-02-05T14:00:28.606Z</when>
<when>2025-02-05T14:00:31.606Z</when>
<when>2025-02-05T14:00:34.606Z</when>
<when>2025-02-05T14:00:37.606Z</when>
<when>2025-02-05T14:00:40.606Z</when>
<when>2025-02-05T14:00:43.606Z</when>
<when>2025-02-05T14:00:46.606Z</when>
<when>2025-02-05T14:00:49.606Z</when>
<when>2025-02-05T14:00:52.606Z</when>
<when>2025-02-05T14:00:55.606Z</when>
<when>2025-02-05T14:00:58.606Z</when>
<when>2025-02-05T14:01:01.606Z</when>
<when>2025-02-05T14:01:04.606Z</when>
<when>2025-02-05T14:01:07.606Z</when>
<when>2025-02-05T14:01:10.606Z</when>
<when>2025-02-05T14:01:13.606Z</when>
<when>2025-02-05T14:01:16.606Z</when>
<when>2025-02-05T14:01:19.606Z</when>
<when>2025-02-05T14:01:22.606Z</when>
<when>2025-02-05T14:01:25.606Z</when>
<when>2025-02-05T14:01:28.606Z</when>
<when>2025-02-05T14:01:31.606Z</when>
<when>2025-02-05T14:01:34.606Z</when>
<when>2025-02-05T14:01:37.606Z</when>
<when>2025-02-05T14:01:40.606Z</when>
<when>2025-02-05T14:01:43.604Z</when>
<when>2025-02-05T14:01:46.604Z</when>
<when>2025-02-05T14:01:49.605Z</when>
<when>2025-02-05T14:01:52.605Z</when>
<when>2025-02-05T14:01:55.605Z</when>
<when>2025-02-05T14:01:58.605Z</when>
<when>2025-02-05T14:02:01.605Z</when>
<when>2025-02-05T14:02:04.605Z</when>
<when>2025-02-05T14:02:07.605Z</when>
<when>2025-02-05T14:02:10.605Z</when>
<when>2025-02-05T14:02:13.605Z</when>
<when>2025-02-05T14:02:16.605Z</when>
<when>2025-02-05T14:02:19.605Z</when>
<when>2025-02-05T14:02:22.604Z</when>
<when>2025-02-05T14:02:25.605Z</when>
<when>2025-02-05T14:02:28.605Z</when>
<when>2025-02-05T14:02:31.605Z</when>
<when>2025-02-05T14:02:34.605Z</when>
<when>2025-02-05T14:02:37.605Z</when>
<when>2025-02-05T14:02:40.605Z</when>
<when>2025-02-05T14:02:43.605Z</when>
<when>2025-02-05T14:02:46.605Z</when>
<when>2025-02-05T14:02:49.604Z</when>
<when>2025-02-05T14:02:52.605Z</when>
<when>2025-02-05T14:02:55.605Z</when>
<when>2025-02-05T14:02:58.605Z</when>
<when>2025-02-05T14:03:01.605Z</when>
<when>2025-02-05T14:03:04.605Z</when>
<when>2025-02-05T14:03:07.605Z</when>
<when>2025-02-05T14:03:10.605Z</when>
<when>2025-02-05T14:03:13.605Z</when>
<when>2025-02-05T14:03:16.605Z</when>
<when>2025-02-05T14:03:19.605Z</when>
<when>2025-02-05T14:03:22.605Z</when>
<when>2025-02-05T14:03:25.605Z</when>
<when>2025-02-05T14:03:28.605Z</when>
<when>2025-02-05T14:03:31.604Z</when>
<when>2025-02-05T14:03:34.604Z</when>
<when>2025-02-05T14:03:37.605Z</when>
<when>2025-02-05T14:03:40.605Z</when>
<when>2025-02-05T14:03:43.605Z</when>
<when>2025-02-05T14:03:46.605Z</when>
<when>2025-02-05T14:03:49.605Z</when>
<when>2025-02-05T14:03:52.605Z</when>
<when>2025-02-05T14:03:55.604Z</when>
<when>2025-02-05T14:03:58.605Z</when>
<when>2025-02-05T14:04:01.605Z</when>
<when>2025-02-05T14:04:04.605Z</when>
<when>2025-02-05T14:04:07.605Z</when>
<when>2025-02-05T14:04:10.605Z</when>
<when>2025-02-05T14:04:13.605Z</when>
<when>2025-02-05T14:04:16.605Z</when>
<when>2025-02-05T14:04:19.605Z</when>
<when>2025-02-05T14:04:22.605Z</when>
<when>2025-02-05T14:04:25.604Z</when>
<when>2025-02-05T14:04:28.605Z</when>
<when>2025-02-05T14:04:31.605Z</when>
<when>2025-02-05T14:04:34.605Z</when>
<when>2025-02-05T14:04:37.605Z</when>
<when>2025-02-05T14:04:40.605Z</when>
<when>2025-02-05T14:04:43.605Z</when>
<when>2025-02-05T14:04:46.605Z</when>
<when>2025-02-05T14:04:49.604Z</when>
<when>2025-02-05T14:04:52.605Z</when>
<when>2025-02-05T14:04:55.605Z</when>
<when>2025-02-05T14:04:58.604Z</when>
<when>2025-02-05T14:05:01.605Z</when>
<when>2025-02-05T14:05:04.605Z</when>
<when>2025-02-05T14:05:07.604Z</when>
<when>2025-02-05T14:05:10.604Z</when>
<when>2025-02-05T14:05:13.605Z</when>
<when>2025-02-05T14:05:16.605Z</when>
<when>2025-02-05T14:05:19.605Z</when>
<when>2025-02-05T14:05:22.605Z</when>
<when>2025-02-05T14:05:25.605Z</when>
<when>2025-02-05T14:05:28.605Z</when>
<when>2025-02-05T14:05:31.605Z</when>
<when>2025-02-05T14:05:34.605Z</when>
<when>2025-02-05T14:05:37.605Z</when>
<when>2025-02-05T14:05:40.604Z</when>
<when>2025-02-05T14:05:43.605Z</when>
<when>2025-02-05T14:05:46.605Z</when>
<when>2025-02-05T14:05:49.605Z</when>
<when>2025-02-05T14:05:52.605Z</when>
<when>2025-02-05T14:05:55.605Z</when>
<when>2025-02-05T14:05:58.605Z</when>
<when>2025-02-05T14:06:01.605Z</when>
<when>2025-02-05T14:06:04.605Z</when>
<when>2025-02-05T14:06:07.605Z</when>
<when>2025-02-05T14:06:10.605Z</when>
<when>2025-02-05T14:06:13.605Z</when>
<when>2025-02-05T14:06:16.604Z</when>
<when>2025-02-05T14:06:19.605Z</when>
<when>2025-02-05T14:06:22.605Z</when>
<when>2025-02-05T14:06:25.605Z</when>
<when>2025-02-05T14:06:28.605Z</when>
<when>2025-02-05T14:06:31.605Z</when>
<when>2025-02-05T14:06:34.605Z</when>
<when>2025-02-05T14:06:37.605Z</when>
<when>2025-02-05T14:06:40.605Z</when>
<when>2025-02-05T14:06:43.605Z</when>
<when>2025-02-05T14:06:46.605Z</when>
<when>2025-02-05T14:06:49.605Z</when>
<when>2025-02-05T14:06:52.605Z</when>
<when>2025-02-05T14:06:55.605Z</when>
<when>2025-02-05T14:06:58.605Z</when>
<when>2025-02-05T14:07:01.605Z</when>
<when>2025-02-05T14:07:04.605Z</when>
<when>2025-02-05T14:07:07.605Z</when>
<when>2025-02-05T14:07:10.605Z</when>
<when>2025-02-05T14:07:13.605Z</when>
<when>2025-02-05T14:07:16.605Z</when>
<when>2025-02-05T14:07:19.605Z</when>
<when>2025-02-05T14:07:22.605Z</when>
<when>2025-02-05T14:07:25.605Z</when>
<when>2025-02-05T14:07:28.605Z</when>
<when>2025-02-05T14:07:31.605Z</when>
<when>2025-02-05T14:07:34.605Z</when>
<when>2025-02-05T14:07:37.605Z</when>
<when>2025-02-05T14:07:40.605Z</when>
<when>2025-02-05T14:07:43.605Z</when>
<when>2025-02-05T14:07:46.605Z</when>
<when>2025-02-05T14:07:49.605Z</when>
<when>2025-02-05T14:07:52.605Z</when>
<when>2025-02-05T14:07:55.605Z</when>
<when>2025-02-05T14:07:58.605Z</when>
<when>2025-02-05T14:08:01.605Z</when>
<when>2025-02-05T14:08:04.605Z</when>
<when>2025-02-05T14:08:07.605Z</when>
<when>2025-02-05T14:08:10.605Z</when>
<when>2025-02-05T14:08:13.605Z</when>
<when>2025-02-05T14:08:16.604Z</when>
<when>2025-02-05T14:08:19.605Z</when>
<when>2025-02-05T14:08:22.605Z</when>
<when>2025-02-05T14:08:25.604Z</when>
<when>2025-02-05T14:08:27.605Z</when>
<when>2025-02-05T14:08:28.637Z</when>
<when>2025-02-05T14:08:29.605Z</when>
<when>2025-02-05T14:08:30.604Z</when>
<when>2025-02-05T14:08:31.604Z</when>
<when>2025-02-05T14:08:32.604Z</when>
<when>2025-02-05T14:08:33.604Z</when>
<when>2025-02-05T14:08:34.604Z</when>
<when>2025-02-05T14:08:35.604Z</when>
<when>2025-02-05T14:08:36.604Z</when>
<when>2025-02-05T14:08:37.604Z</when>
<when>2025-02-05T14:08:38.604Z</when>
<when>2025-02-05T14:08:39.604Z</when>
<when>2025-02-05T14:08:40.604Z</when>
<when>2025-02-05T14:08:41.603Z</when>
<when>2025-02-05T14:08:42.604Z</when>
<when>2025-02-05T14:08:43.604Z</when>
<when>2025-02-05T14:08:44.604Z</when>
<when>2025-02-05T14:08:45.604Z</when>
<when>2025-02-05T14:08:46.604Z</when>
<when>2025-02-05T14:08:47.604Z</when>
<when>2025-02-05T14:08:48.604Z</when>
<when>2025-02-05T14:08:49.604Z</when>
<when>2025-02-05T14:08:50.604Z</when>
<when>2025-02-05T14:08:51.604Z</when>
<when>2025-02-05T14:08:52.604Z</when>
<when>2025-02-05T14:08:53.604Z</when>
<when>2025-02-05T14:08:54.604Z</when>
<when>2025-02-05T14:08:55.604Z</when>
<when>2025-02-05T14:08:56.604Z</when>
<when>2025-02-05T14:08:57.604Z</when>
<when>2025-02-05T14:08:58.604Z</when>
<when>2025-02-05T14:08:59.604Z</when>
<when>2025-02-05T14:09:00.604Z</when>
<when>2025-02-05T14:09:01.604Z</when>
<when>2025-02-05T14:09:02.604Z</when>
<when>2025-02-05T14:09:03.604Z</when>
<when>2025-02-05T14:09:04.603Z</when>
<when>2025-02-05T14:09:05.603Z</when>
<when>2025-02-05T14:09:06.604Z</when>
<when>2025-02-05T14:09:07.604Z</when>
<when>2025-02-05T14:09:08.604Z</when>
<when>2025-02-05T14:09:09.604Z</when>
<when>2025-02-05T14:09:10.604Z</when>
<when>2025-02-05T14:09:11.604Z</when>
<when>2025-02-05T14:09:12.604Z</when>
<when>2025-02-05T14:09:13.604Z</when>
<when>2025-02-05T14:09:14.604Z</when>
<when>2025-02-05T14:09:15.604Z</when>
<when>2025-02-05T14:09:16.604Z</when>
<when>2025-02-05T14:09:17.604Z</when>
<when>2025-02-05T14:09:18.604Z</when>
<when>2025-02-05T14:09:19.604Z</when>
<when>2025-02-05T14:09:20.604Z</when>
<when>2025-02-05T14:09:21.604Z</when>
<when>2025-02-05T14:09:22.604Z</when>
<when>2025-02-05T14:09:23.604Z</when>
<when>2025-02-05T14:09:24.604Z</when>
<when>2025-02-05T14:09:25.603Z</when>
<when>2025-02-05T14:09:26.604Z</when>
<when>2025-02-05T14:09:27.604Z</when>
<when>2025-02-05T14:09:28.604Z</when>
<when>2025-02-05T14:09:29.603Z</when>
<when>2025-02-05T14:09:30.604Z</when>
<when>2025-02-05T14:09:31.604Z</when>
<when>2025-02-05T14:09:32.604Z</when>
<when>2025-02-05T14:09:33.604Z</when>
<when>2025-02-05T14:09:34.604Z</when>
<when>2025-02-05T14:09:35.604Z</when>
<when>2025-02-05T14:09:36.603Z</when>
<when>2025-02-05T14:09:37.604Z</when>
<when>2025-02-05T14:09:38.604Z</when>
<when>2025-02-05T14:09:39.604Z</when>
<when>2025-02-05T14:09:40.604Z</when>
<when>2025-02-05T14:09:41.604Z</when>
<when>2025-02-05T14:09:42.604Z</when>
<when>2025-02-05T14:09:43.604Z</when>
<when>2025-02-05T14:09:44.604Z</when>
<when>2025-02-05T14:09:45.604Z</when>
<when>2025-02-05T14:09:46.604Z</when>
<when>2025-02-05T14:09:47.604Z</when>
<when>2025-02-05T14:09:48.604Z</when>
<when>2025-02-05T14:09:49.604Z</when>
<when>2025-02-05T14:09:50.604Z</when>
<when>2025-02-05T14:09:51.604Z</when>
<when>2025-02-05T14:09:52.604Z</when>
<when>2025-02-05T14:09:53.604Z</when>
<when>2025-02-05T14:09:58.604Z</when>
<when>2025-02-05T14:10:00.400Z</when>
<when>2025-02-05T14:10:01.605Z</when>
<when>2025-02-05T14:10:02.604Z</when>
<when>2025-02-05T14:10:03.604Z</when>
<when>2025-02-05T14:10:04.604Z</when>
<when>2025-02-05T14:10:05.604Z</when>
<when>2025-02-05T14:10:06.604Z</when>
<when>2025-02-05T14:10:07.603Z</when>
<when>2025-02-05T14:10:08.604Z</when>
<when>2025-02-05T14:10:09.604Z</when>
<when>2025-02-05T14:10:10.604Z</when>
<when>2025-02-05T14:10:11.604Z</when>
<when>2025-02-05T14:10:12.604Z</when>
<when>2025-02-05T14:10:13.604Z</when>
<when>2025-02-05T14:10:14.604Z</when>
<when>2025-02-05T14:10:15.604Z</when>
<when>2025-02-05T14:10:16.604Z</when>
<when>2025-02-05T14:10:17.604Z</when>
<when>2025-02-05T14:10:18.604Z</when>
<when>2025-02-05T14:10:19.604Z</when>
<when>2025-02-05T14:10:20.604Z</when>
<when>2025-02-05T14:10:21.604Z</when>
<when>2025-02-05T14:10:22.604Z</when>
<when>2025-02-05T14:10:23.604Z</when>
<when>2025-02-05T14:10:28.584Z</when>
<when>2025-02-05T14:10:29.604Z</when>
<when>2025-02-05T14:41:20.598Z</when>
<when>2025-02-05T14:41:21.598Z</when>
<when>2025-02-05T14:41:22.598Z</when>
<when>2025-02-05T14:41:23.516Z</when>
<when>2025-02-05T14:41:24.559Z</when>
<when>2025-02-05T14:41:25.613Z</when>
<when>2025-02-05T14:41:26.598Z</when>
<when>2025-02-05T14:41:27.598Z</when>
<when>2025-02-05T14:41:28.598Z</when>
<when>2025-02-05T14:41:29.598Z</when>
<when>2025-02-05T14:41:30.557Z</when>
<when>2025-02-05T14:41:31.598Z</when>
<when>2025-02-05T14:41:32.598Z</when>
<when>2025-02-05T14:41:33.598Z</when>
<when>2025-02-05T14:41:34.598Z</when>
<when>2025-02-05T14:41:35.598Z</when>
<when>2025-02-05T14:41:36.598Z</when>
<when>2025-02-05T14:41:37.597Z</when>
<when>2025-02-05T14:41:38.520Z</when>
<when>2025-02-05T14:41:39.597Z</when>
<when>2025-02-05T14:41:40.598Z</when>
<when>2025-02-05T14:41:41.598Z</when>
<when>2025-02-05T14:41:42.598Z</when>
<when>2025-02-05T14:41:43.621Z</when>
<when>2025-02-05T14:41:44.598Z</when>
<when>2025-02-05T14:41:45.598Z</when>
<when>2025-02-05T14:41:46.598Z</when>
<when>2025-02-05T14:41:47.500Z</when>
<when>2025-02-05T14:41:48.602Z</when>
<when>2025-02-05T14:41:49.598Z</when>
<when>2025-02-05T14:41:50.521Z</when>
<when>2025-02-05T14:41:51.563Z</when>
<when>2025-02-05T14:41:52.598Z</when>
<when>2025-02-05T14:41:53.598Z</when>
<when>2025-02-05T14:41:54.582Z</when>
<when>2025-02-05T14:41:55.598Z</when>
<when>2025-02-05T14:41:56.598Z</when>
<when>2025-02-05T14:41:57.598Z</when>
<when>2025-02-05T14:41:58.598Z</when>
<when>2025-02-05T14:41:59.598Z</when>
<when>2025-02-05T14:42:00.598Z</when>
<when>2025-02-05T14:42:01.597Z</when>
<when>2025-02-05T14:42:02.598Z</when>
<when>2025-02-05T14:42:03.598Z</when>
<when>2025-02-05T14:42:04.593Z</when>
<when>2025-02-05T14:42:05.598Z</when>
<when>2025-02-05T14:42:06.598Z</when>
<when>2025-02-05T14:42:07.597Z</when>
<when>2025-02-05T14:42:08.598Z</when>
<when>2025-02-05T14:42:09.598Z</when>
<when>2025-02-05T14:42:10.598Z</when>
<when>2025-02-05T14:42:11.598Z</when>
<when>2025-02-05T14:42:12.598Z</when>
<when>2025-02-05T14:42:13.598Z</when>
<when>2025-02-05T14:42:14.598Z</when>
<when>2025-02-05T14:42:15.598Z</when>
<when>2025-02-05T14:42:16.598Z</when>
<when>2025-02-05T14:42:17.598Z</when>
<when>2025-02-05T14:42:18.555Z</when>
<when>2025-02-05T14:42:19.598Z</when>
<when>2025-02-05T14:42:20.598Z</when>
<when>2025-02-05T14:42:21.598Z</when>
<when>2025-02-05T14:42:22.541Z</when>
<when>2025-02-05T14:42:23.556Z</when>
<when>2025-02-05T14:42:24.598Z</when>
<when>2025-02-05T14:42:24.841Z</when>
<when>2025-02-05T14:42:27.974Z</when>
<when>2025-02-05T14:42:30.871Z</when>
<when>2025-02-05T14:42:33.609Z</when>
<when>2025-02-05T14:42:36.386Z</when>
<when>2025-02-05T14:42:39.641Z</when>
<when>2025-02-05T14:42:42.895Z</when>
<when>2025-02-05T14:42:45.747Z</when>
<when>2025-02-05T14:42:48.634Z</when>
<when>2025-02-05T14:42:51.393Z</when>
<when>2025-02-05T14:42:54.190Z</when>
<when>2025-02-05T14:42:57.006Z</when>
<when>2025-02-05T14:42:59.767Z</when>
<when>2025-02-05T14:43:02.947Z</when>
<when>2025-02-05T14:43:05.649Z</when>
<when>2025-02-05T14:43:08.390Z</when>
<when>2025-02-05T14:43:11.130Z</when>
<when>2025-02-05T14:43:13.858Z</when>
<when>2025-02-05T14:43:16.573Z</when>
<when>2025-02-05T14:43:19.294Z</when>
<when>2025-02-05T14:43:22.092Z</when>
<when>2025-02-05T14:43:25.091Z</when>
<when>2025-02-05T14:43:28.598Z</when>
<when>2025-02-05T14:43:31.598Z</when>
<when>2025-02-05T14:43:34.452Z</when>
<when>2025-02-05T14:43:37.154Z</when>
<when>2025-02-05T14:43:39.894Z</when>
<when>2025-02-05T14:43:43.353Z</when>
<when>2025-02-05T14:43:46.227Z</when>
<when>2025-02-05T14:43:48.948Z</when>
<when>2025-02-05T14:43:51.908Z</when>
<when>2025-02-05T14:43:54.707Z</when>
<when>2025-02-05T14:43:57.515Z</when>
<when>2025-02-05T14:44:00.757Z</when>
<when>2025-02-05T14:44:03.809Z</when>
<when>2025-02-05T14:44:07.067Z</when>
<when>2025-02-05T14:44:10.247Z</when>
<when>2025-02-05T14:44:11.183Z</when>
<when>2025-02-05T14:44:12.403Z</when>
<when>2025-02-05T14:44:13.412Z</when>
<when>2025-02-05T14:44:14.598Z</when>
<when>2025-02-05T14:44:15.598Z</when>
<when>2025-02-05T14:44:16.611Z</when>
<when>2025-02-05T14:44:17.598Z</when>
<when>2025-02-05T14:44:18.598Z</when>
<when>2025-02-05T14:44:19.598Z</when>
<when>2025-02-05T14:44:20.598Z</when>
<when>2025-02-05T14:44:21.598Z</when>
<when>2025-02-05T14:44:22.597Z</when>
<when>2025-02-05T14:44:23.598Z</when>
<when>2025-02-05T14:44:24.599Z</when>
<when>2025-02-05T14:44:25.597Z</when>
<when>2025-02-05T14:44:26.623Z</when>
<when>2025-02-05T14:44:27.598Z</when>
<when>2025-02-05T14:44:28.598Z</when>
<when>2025-02-05T14:44:29.598Z</when>
<when>2025-02-05T14:44:30.505Z</when>
<when>2025-02-05T14:44:31.568Z</when>
<when>2025-02-05T14:44:32.598Z</when>
<when>2025-02-05T14:44:33.598Z</when>
<when>2025-02-05T14:44:34.598Z</when>
<when>2025-02-05T14:44:35.598Z</when>
<when>2025-02-05T14:44:36.598Z</when>
<when>2025-02-05T14:44:37.598Z</when>
<when>2025-02-05T14:44:38.595Z</when>
<when>2025-02-05T14:44:39.598Z</when>
<when>2025-02-05T14:44:40.598Z</when>
<when>2025-02-05T14:44:41.598Z</when>
<when>2025-02-05T14:44:42.597Z</when>
<when>2025-02-05T14:44:43.583Z</when>
<when>2025-02-05T14:44:44.588Z</when>
<when>2025-02-05T14:44:45.597Z</when>
<when>2025-02-05T14:44:46.597Z</when>
<when>2025-02-05T14:44:47.597Z</when>
<when>2025-02-05T14:44:48.597Z</when>
<when>2025-02-05T14:44:49.597Z</when>
<when>2025-02-05T14:44:50.550Z</when>
<when>2025-02-05T14:44:51.584Z</when>
<when>2025-02-05T14:44:52.597Z</when>
<when>2025-02-05T14:44:53.597Z</when>
<when>2025-02-05T14:44:54.596Z</when>
<when>2025-02-05T14:44:55.597Z</when>
<when>2025-02-05T14:44:56.597Z</when>
<when>2025-02-05T14:44:57.597Z</when>
<when>2025-02-05T14:44:58.511Z</when>
<when>2025-02-05T14:44:59.566Z</when>
<when>2025-02-05T14:45:00.597Z</when>
<when>2025-02-05T14:45:01.597Z</when>
<when>2025-02-05T14:45:02.596Z</when>
<when>2025-02-05T14:45:03.597Z</when>
<when>2025-02-05T14:45:04.597Z</when>
<when>2025-02-05T14:45:05.597Z</when>
<when>2025-02-05T14:45:06.596Z</when>
<when>2025-02-05T14:45:07.547Z</when>
<when>2025-02-05T14:45:08.591Z</when>
<when>2025-02-05T14:45:09.597Z</when>
<when>2025-02-05T14:45:10.597Z</when>
<when>2025-02-05T14:45:11.596Z</when>
<when>2025-02-05T14:45:12.597Z</when>
<when>2025-02-05T14:45:13.597Z</when>
<when>2025-02-05T14:45:14.597Z</when>
<when>2025-02-05T14:45:15.597Z</when>
<when>2025-02-05T14:45:16.596Z</when>
<when>2025-02-05T14:45:17.529Z</when>
<when>2025-02-05T14:45:18.608Z</when>
<when>2025-02-05T14:45:19.597Z</when>
<when>2025-02-05T14:45:20.597Z</when>
<when>2025-02-05T14:45:21.597Z</when>
<when>2025-02-05T14:45:22.597Z</when>
<when>2025-02-05T14:45:23.597Z</when>
<when>2025-02-05T14:45:24.597Z</when>
<when>2025-02-05T14:45:25.597Z</when>
<when>2025-02-05T14:45:26.597Z</when>
<when>2025-02-05T14:45:27.597Z</when>
<when>2025-02-05T14:45:28.549Z</when>
<when>2025-02-05T14:45:29.597Z</when>
<when>2025-02-05T14:45:30.597Z</when>
<when>2025-02-05T14:45:31.597Z</when>
<when>2025-02-05T14:45:32.597Z</when>
<when>2025-02-05T14:45:33.597Z</when>
<when>2025-02-05T14:45:34.597Z</when>
<when>2025-02-05T14:45:35.610Z</when>
<when>2025-02-05T14:45:36.597Z</when>
<when>2025-02-05T14:45:37.597Z</when>
<when>2025-02-05T14:45:38.597Z</when>
<when>2025-02-05T14:45:39.597Z</when>
<when>2025-02-05T14:45:40.593Z</when>
<when>2025-02-05T14:45:41.589Z</when>
<when>2025-02-05T14:45:42.597Z</when>
<when>2025-02-05T14:45:43.597Z</when>
<when>2025-02-05T14:45:44.596Z</when>
<when>2025-02-05T14:45:45.597Z</when>
<when>2025-02-05T14:45:46.597Z</when>
<when>2025-02-05T14:45:47.597Z</when>
<when>2025-02-05T14:45:48.597Z</when>
<when>2025-02-05T14:45:49.552Z</when>
<when>2025-02-05T14:45:50.605Z</when>
<when>2025-02-05T14:45:51.563Z</when>
<when>2025-02-05T14:45:52.597Z</when>
<when>2025-02-05T14:45:53.597Z</when>
<when>2025-02-05T14:45:54.597Z</when>
<when>2025-02-05T14:45:55.597Z</when>
<when>2025-02-05T14:45:56.549Z</when>
<when>2025-02-05T14:45:57.597Z</when>
<when>2025-02-05T14:45:58.597Z</when>
<when>2025-02-05T14:45:59.597Z</when>
<when>2025-02-05T14:46:00.597Z</when>
<when>2025-02-05T14:46:01.597Z</when>
<when>2025-02-05T14:46:02.544Z</when>
<when>2025-02-05T14:46:03.597Z</when>
<when>2025-02-05T14:46:04.596Z</when>
<when>2025-02-05T14:46:05.596Z</when>
<when>2025-02-05T14:46:06.598Z</when>
<when>2025-02-05T14:46:07.525Z</when>
<when>2025-02-05T14:46:08.588Z</when>
<when>2025-02-05T14:46:09.597Z</when>
<when>2025-02-05T14:46:10.597Z</when>
<when>2025-02-05T14:46:11.597Z</when>
<when>2025-02-05T14:46:12.597Z</when>
<when>2025-02-05T14:46:13.597Z</when>
<when>2025-02-05T14:46:14.547Z</when>
<when>2025-02-05T14:46:15.583Z</when>
<when>2025-02-05T14:46:16.597Z</when>
<when>2025-02-05T14:46:17.597Z</when>
<when>2025-02-05T14:46:18.597Z</when>
<when>2025-02-05T14:46:19.597Z</when>
<when>2025-02-05T14:46:20.597Z</when>
<when>2025-02-05T14:46:21.596Z</when>
<when>2025-02-05T14:46:22.511Z</when>
<when>2025-02-05T14:46:23.604Z</when>
<when>2025-02-05T14:46:24.597Z</when>
<when>2025-02-05T14:46:25.597Z</when>
<when>2025-02-05T14:46:26.597Z</when>
<when>2025-02-05T14:46:27.597Z</when>
<when>2025-02-05T14:46:28.587Z</when>
<when>2025-02-05T14:46:29.597Z</when>
<when>2025-02-05T14:46:30.597Z</when>
<when>2025-02-05T14:46:31.597Z</when>
<when>2025-02-05T14:46:32.597Z</when>
<when>2025-02-05T14:46:33.549Z</when>
<when>2025-02-05T14:46:34.597Z</when>
<when>2025-02-05T14:46:35.597Z</when>
<when>2025-02-05T14:46:36.539Z</when>
<when>2025-02-05T14:46:37.597Z</when>
<when>2025-02-05T14:46:38.597Z</when>
<when>2025-02-05T14:46:39.596Z</when>
<when>2025-02-05T14:46:40.597Z</when>
<when>2025-02-05T14:46:41.597Z</when>
<when>2025-02-05T14:46:42.597Z</when>
<when>2025-02-05T14:46:43.610Z</when>
<when>2025-02-05T14:46:44.597Z</when>
<when>2025-02-05T14:46:45.597Z</when>
<when>2025-02-05T14:46:46.597Z</when>
<when>2025-02-05T14:46:47.597Z</when>
<when>2025-02-05T14:46:48.597Z</when>
<when>2025-02-05T14:46:49.597Z</when>
<when>2025-02-05T14:46:50.597Z</when>
<when>2025-02-05T14:46:51.597Z</when>
<when>2025-02-05T14:46:52.508Z</when>
<when>2025-02-05T14:46:53.597Z</when>
<when>2025-02-05T14:46:54.597Z</when>
<when>2025-02-05T14:46:55.530Z</when>
<when>2025-02-05T14:46:56.597Z</when>
<when>2025-02-05T14:46:57.511Z</when>
<when>2025-02-05T14:46:58.613Z</when>
<when>2025-02-05T14:46:59.597Z</when>
<when>2025-02-05T14:47:00.597Z</when>
<when>2025-02-05T14:47:01.597Z</when>
<when>2025-02-05T14:47:02.597Z</when>
<when>2025-02-05T14:47:03.623Z</when>
<when>2025-02-05T14:47:04.597Z</when>
<when>2025-02-05T14:47:05.597Z</when>
<when>2025-02-05T14:47:06.597Z</when>
<when>2025-02-05T14:47:07.596Z</when>
<when>2025-02-05T14:47:08.597Z</when>
<when>2025-02-05T14:47:09.597Z</when>
<when>2025-02-05T14:47:10.597Z</when>
<when>2025-02-05T14:47:11.546Z</when>
<when>2025-02-05T14:47:12.545Z</when>
<when>2025-02-05T14:47:13.596Z</when>
<when>2025-02-05T14:47:14.597Z</when>
<when>2025-02-05T14:47:15.611Z</when>
<when>2025-02-05T14:47:16.597Z</when>
<when>2025-02-05T14:47:17.597Z</when>
<when>2025-02-05T14:47:18.596Z</when>
<when>2025-02-05T14:47:19.597Z</when>
<when>2025-02-05T14:47:20.597Z</when>
<when>2025-02-05T14:47:21.597Z</when>
<when>2025-02-05T14:47:22.597Z</when>
<when>2025-02-05T14:47:23.597Z</when>
<when>2025-02-05T14:47:24.596Z</when>
<when>2025-02-05T14:47:25.597Z</when>
<when>2025-02-05T14:47:26.596Z</when>
<when>2025-02-05T14:47:27.604Z</when>
<when>2025-02-05T14:47:28.592Z</when>
<when>2025-02-05T14:47:29.597Z</when>
<when>2025-02-05T14:47:30.597Z</when>
<when>2025-02-05T14:47:31.597Z</when>
<when>2025-02-05T14:47:32.597Z</when>
<when>2025-02-05T14:47:33.597Z</when>
<when>2025-02-05T14:47:34.597Z</when>
<when>2025-02-05T14:47:35.508Z</when>
<when>2025-02-05T14:47:36.563Z</when>
<when>2025-02-05T14:47:37.482Z</when>
<when>2025-02-05T14:47:38.597Z</when>
<when>2025-02-05T14:47:39.597Z</when>
<when>2025-02-05T14:47:40.597Z</when>
<when>2025-02-05T14:47:41.597Z</when>
<when>2025-02-05T14:47:42.597Z</when>
<when>2025-02-05T14:47:43.597Z</when>
<when>2025-02-05T14:47:44.598Z</when>
<when>2025-02-05T14:47:45.597Z</when>
<when>2025-02-05T14:47:46.597Z</when>
<when>2025-02-05T14:47:47.543Z</when>
<when>2025-02-05T14:47:48.492Z</when>
<when>2025-02-05T14:47:49.547Z</when>
<when>2025-02-05T14:47:50.597Z</when>
<when>2025-02-05T14:47:51.597Z</when>
<when>2025-02-05T14:47:52.597Z</when>
<when>2025-02-05T14:47:53.597Z</when>
<when>2025-02-05T14:47:54.597Z</when>
<when>2025-02-05T14:47:55.597Z</when>
<when>2025-02-05T14:47:56.596Z</when>
<when>2025-02-05T14:47:57.597Z</when>
<when>2025-02-05T14:47:58.597Z</when>
<when>2025-02-05T14:47:59.528Z</when>
<when>2025-02-05T14:48:00.546Z</when>
<when>2025-02-05T14:48:01.597Z</when>
<when>2025-02-05T14:48:02.597Z</when>
<when>2025-02-05T14:48:03.597Z</when>
<when>2025-02-05T14:48:04.597Z</when>
<when>2025-02-05T14:48:05.597Z</when>
<when>2025-02-05T14:48:06.505Z</when>
<when>2025-02-05T14:48:07.587Z</when>
<when>2025-02-05T14:48:08.597Z</when>
<when>2025-02-05T14:48:09.597Z</when>
<when>2025-02-05T14:48:10.596Z</when>
<when>2025-02-05T14:48:11.597Z</when>
<when>2025-02-05T14:48:12.597Z</when>
<when>2025-02-05T14:48:13.597Z</when>
<when>2025-02-05T14:48:14.597Z</when>
<when>2025-02-05T14:48:15.509Z</when>
<when>2025-02-05T14:48:16.592Z</when>
<when>2025-02-05T14:48:17.597Z</when>
<when>2025-02-05T14:48:18.596Z</when>
<when>2025-02-05T14:48:19.597Z</when>
<when>2025-02-05T14:48:20.597Z</when>
<when>2025-02-05T14:48:21.597Z</when>
<when>2025-02-05T14:48:22.597Z</when>
<when>2025-02-05T14:48:23.597Z</when>
<when>2025-02-05T14:48:24.597Z</when>
<when>2025-02-05T14:48:25.610Z</when>
<when>2025-02-05T14:48:26.597Z</when>
<when>2025-02-05T14:48:27.597Z</when>
<when>2025-02-05T14:48:28.597Z</when>
<when>2025-02-05T14:48:29.597Z</when>
<when>2025-02-05T14:48:30.552Z</when>
<when>2025-02-05T14:48:31.597Z</when>
<when>2025-02-05T14:48:32.597Z</when>
<when>2025-02-05T14:48:33.597Z</when>
<when>2025-02-05T14:48:34.597Z</when>
<when>2025-02-05T14:48:35.597Z</when>
<when>2025-02-05T14:48:36.549Z</when>
<when>2025-02-05T14:48:37.597Z</when>
<when>2025-02-05T14:48:38.590Z</when>
<when>2025-02-05T14:48:39.597Z</when>
<when>2025-02-05T14:48:40.597Z</when>
<when>2025-02-05T14:48:41.597Z</when>
<when>2025-02-05T14:48:42.597Z</when>
<when>2025-02-05T14:48:43.597Z</when>
<when>2025-02-05T14:48:44.597Z</when>
<when>2025-02-05T14:48:45.597Z</when>
<when>2025-02-05T14:48:46.597Z</when>
<when>2025-02-05T14:48:47.596Z</when>
<when>2025-02-05T14:48:48.596Z</when>
<when>2025-02-05T14:48:49.597Z</when>
<when>2025-02-05T14:48:50.566Z</when>
<when>2025-02-05T14:48:51.597Z</when>
<when>2025-02-05T14:48:52.597Z</when>
<when>2025-02-05T14:48:53.597Z</when>
<when>2025-02-05T14:48:54.597Z</when>
<when>2025-02-05T14:48:55.597Z</when>
<when>2025-02-05T14:48:56.597Z</when>
<when>2025-02-05T14:48:57.597Z</when>
<when>2025-02-05T14:48:58.597Z</when>
<when>2025-02-05T14:48:59.544Z</when>
<when>2025-02-05T14:49:00.568Z</when>
<when>2025-02-05T14:49:01.566Z</when>
<when>2025-02-05T14:49:02.590Z</when>
<when>2025-02-05T14:49:03.597Z</when>
<when>2025-02-05T14:49:04.597Z</when>
<when>2025-02-05T14:49:05.597Z</when>
<when>2025-02-05T14:49:06.597Z</when>
<when>2025-02-05T14:49:07.597Z</when>
<when>2025-02-05T14:49:08.551Z</when>
<when>2025-02-05T14:49:09.605Z</when>
<when>2025-02-05T14:49:10.597Z</when>
<when>2025-02-05T14:49:11.597Z</when>
<when>2025-02-05T14:49:12.597Z</when>
<when>2025-02-05T14:49:13.597Z</when>
<when>2025-02-05T14:49:14.597Z</when>
<when>2025-02-05T14:49:15.597Z</when>
<when>2025-02-05T14:49:16.597Z</when>
<when>2025-02-05T14:49:17.585Z</when>
<when>2025-02-05T14:49:18.597Z</when>
<when>2025-02-05T14:49:19.597Z</when>
<when>2025-02-05T14:49:20.597Z</when>
<when>2025-02-05T14:49:21.596Z</when>
<when>2025-02-05T14:49:22.547Z</when>
<when>2025-02-05T14:49:23.597Z</when>
<when>2025-02-05T14:49:24.597Z</when>
<when>2025-02-05T14:49:25.597Z</when>
<when>2025-02-05T14:49:26.597Z</when>
<when>2025-02-05T14:49:27.512Z</when>
<when>2025-02-05T14:49:28.583Z</when>
<when>2025-02-05T14:49:29.613Z</when>
<when>2025-02-05T14:49:30.597Z</when>
<when>2025-02-05T14:49:31.597Z</when>
<when>2025-02-05T14:49:32.597Z</when>
<when>2025-02-05T14:49:33.603Z</when>
<when>2025-02-05T14:49:34.597Z</when>
<when>2025-02-05T14:49:35.597Z</when>
<when>2025-02-05T14:49:36.597Z</when>
<when>2025-02-05T14:49:37.597Z</when>
<when>2025-02-05T14:49:38.597Z</when>
<when>2025-02-05T14:49:39.597Z</when>
<when>2025-02-05T14:49:40.596Z</when>
<when>2025-02-05T14:49:41.509Z</when>
<when>2025-02-05T14:49:42.610Z</when>
<when>2025-02-05T14:49:43.597Z</when>
<when>2025-02-05T14:49:44.597Z</when>
<when>2025-02-05T14:49:45.596Z</when>
<when>2025-02-05T14:49:46.509Z</when>
<when>2025-02-05T14:49:47.429Z</when>
<when>2025-02-05T14:49:48.569Z</when>
<when>2025-02-05T14:49:49.546Z</when>
<when>2025-02-05T14:49:50.596Z</when>
<when>2025-02-05T14:49:51.597Z</when>
<when>2025-02-05T14:49:52.597Z</when>
<when>2025-02-05T14:49:53.597Z</when>
<when>2025-02-05T14:49:54.597Z</when>
<when>2025-02-05T14:49:55.597Z</when>
<when>2025-02-05T14:49:56.589Z</when>
<when>2025-02-05T14:49:57.597Z</when>
<when>2025-02-05T14:49:58.597Z</when>
<when>2025-02-05T14:49:59.597Z</when>
<when>2025-02-05T14:50:00.597Z</when>
<when>2025-02-05T14:50:01.597Z</when>
<when>2025-02-05T14:50:02.597Z</when>
<when>2025-02-05T14:50:03.596Z</when>
<when>2025-02-05T14:50:04.597Z</when>
<when>2025-02-05T14:50:05.597Z</when>
<when>2025-02-05T14:50:06.597Z</when>
<when>2025-02-05T14:50:07.597Z</when>
<when>2025-02-05T14:50:08.597Z</when>
<when>2025-02-05T14:50:09.597Z</when>
<when>2025-02-05T14:50:10.597Z</when>
<when>2025-02-05T14:50:11.597Z</when>
<when>2025-02-05T14:50:12.597Z</when>
<when>2025-02-05T14:50:13.597Z</when>
<when>2025-02-05T14:50:14.597Z</when>
<when>2025-02-05T14:50:15.596Z</when>
<when>2025-02-05T14:50:16.596Z</when>
<when>2025-02-05T14:50:17.597Z</when>
<when>2025-02-05T14:50:18.596Z</when>
<when>2025-02-05T14:50:19.548Z</when>
<when>2025-02-05T14:50:20.610Z</when>
<when>2025-02-05T14:50:21.510Z</when>
<when>2025-02-05T14:50:22.527Z</when>
<when>2025-02-05T14:50:23.596Z</when>
<when>2025-02-05T14:50:24.596Z</when>
<when>2025-02-05T14:50:25.596Z</when>
<when>2025-02-05T14:50:26.596Z</when>
<when>2025-02-05T14:50:27.596Z</when>
<when>2025-02-05T14:50:28.595Z</when>
<when>2025-02-05T14:50:29.595Z</when>
<when>2025-02-05T14:50:30.596Z</when>
<when>2025-02-05T14:50:31.596Z</when>
<when>2025-02-05T14:50:32.596Z</when>
<when>2025-02-05T14:50:33.596Z</when>
<when>2025-02-05T14:50:34.533Z</when>
<when>2025-02-05T14:50:35.596Z</when>
<when>2025-02-05T14:50:36.596Z</when>
<when>2025-02-05T14:50:37.596Z</when>
<when>2025-02-05T14:50:38.509Z</when>
<when>2025-02-05T14:50:39.506Z</when>
<when>2025-02-05T14:50:40.596Z</when>
<when>2025-02-05T14:50:41.595Z</when>
<when>2025-02-05T14:50:42.596Z</when>
<when>2025-02-05T14:50:43.596Z</when>
<when>2025-02-05T14:50:44.596Z</when>
<when>2025-02-05T14:50:45.596Z</when>
<when>2025-02-05T14:50:46.596Z</when>
<when>2025-02-05T14:50:47.596Z</when>
<when>2025-02-05T14:50:48.596Z</when>
<when>2025-02-05T14:50:49.596Z</when>
<when>2025-02-05T14:50:50.596Z</when>
<when>2025-02-05T14:50:51.596Z</when>
<when>2025-02-05T14:50:52.596Z</when>
<when>2025-02-05T14:50:53.596Z</when>
<when>2025-02-05T14:50:54.596Z</when>
<when>2025-02-05T14:50:55.596Z</when>
<when>2025-02-05T14:50:56.596Z</when>
<when>2025-02-05T14:50:57.596Z</when>
<when>2025-02-05T14:50:58.564Z</when>
<when>2025-02-05T14:50:59.569Z</when>
<when>2025-02-05T14:51:00.596Z</when>
<when>2025-02-05T14:51:01.596Z</when>
<when>2025-02-05T14:51:02.596Z</when>
<when>2025-02-05T14:51:03.596Z</when>
<when>2025-02-05T14:51:04.596Z</when>
<when>2025-02-05T14:51:05.596Z</when>
<when>2025-02-05T14:51:06.596Z</when>
<when>2025-02-05T14:51:07.596Z</when>
<when>2025-02-05T14:51:08.596Z</when>
<when>2025-02-05T14:51:09.508Z</when>
<when>2025-02-05T14:51:10.596Z</when>
<when>2025-02-05T14:51:11.596Z</when>
<when>2025-02-05T14:51:12.596Z</when>
<when>2025-02-05T14:51:13.596Z</when>
<when>2025-02-05T14:51:14.596Z</when>
<when>2025-02-05T14:51:15.596Z</when>
<when>2025-02-05T14:51:16.596Z</when>
<when>2025-02-05T14:51:17.596Z</when>
<when>2025-02-05T14:51:18.595Z</when>
<when>2025-02-05T14:51:19.596Z</when>
<when>2025-02-05T14:51:20.595Z</when>
<when>2025-02-05T14:51:21.596Z</when>
<when>2025-02-05T14:51:22.507Z</when>
<when>2025-02-05T14:51:23.596Z</when>
<when>2025-02-05T14:51:24.596Z</when>
<when>2025-02-05T14:51:25.596Z</when>
<when>2025-02-05T14:51:26.596Z</when>
<when>2025-02-05T14:51:27.596Z</when>
<when>2025-02-05T14:51:28.596Z</when>
<when>2025-02-05T14:51:29.596Z</when>
<when>2025-02-05T14:51:30.566Z</when>
<when>2025-02-05T14:51:31.592Z</when>
<when>2025-02-05T14:51:32.596Z</when>
<when>2025-02-05T14:51:33.596Z</when>
<when>2025-02-05T14:51:34.596Z</when>
<when>2025-02-05T14:51:35.511Z</when>
<when>2025-02-05T14:51:36.596Z</when>
<when>2025-02-05T14:51:37.588Z</when>
<when>2025-02-05T14:51:38.596Z</when>
<when>2025-02-05T14:51:39.595Z</when>
<when>2025-02-05T14:51:40.596Z</when>
<when>2025-02-05T14:51:41.607Z</when>
<when>2025-02-05T14:51:42.596Z</when>
<when>2025-02-05T14:51:43.596Z</when>
<when>2025-02-05T14:51:44.596Z</when>
<when>2025-02-05T14:51:45.596Z</when>
<when>2025-02-05T14:51:46.596Z</when>
<when>2025-02-05T14:51:47.596Z</when>
<when>2025-02-05T14:51:48.596Z</when>
<when>2025-02-05T14:51:49.596Z</when>
<when>2025-02-05T14:51:50.596Z</when>
<when>2025-02-05T14:51:51.595Z</when>
<when>2025-02-05T14:51:52.596Z</when>
<when>2025-02-05T14:51:53.572Z</when>
<when>2025-02-05T14:51:54.596Z</when>
<when>2025-02-05T14:51:55.596Z</when>
<when>2025-02-05T14:51:56.596Z</when>
<when>2025-02-05T14:51:57.596Z</when>
<when>2025-02-05T14:51:58.596Z</when>
<when>2025-02-05T14:51:59.596Z</when>
<when>2025-02-05T14:52:00.596Z</when>
<when>2025-02-05T14:52:01.596Z</when>
<when>2025-02-05T14:52:02.596Z</when>
<when>2025-02-05T14:52:03.596Z</when>
<when>2025-02-05T14:52:04.596Z</when>
<when>2025-02-05T14:52:05.549Z</when>
<when>2025-02-05T14:52:06.566Z</when>
<when>2025-02-05T14:52:07.596Z</when>
<when>2025-02-05T14:52:08.595Z</when>
<when>2025-02-05T14:52:09.596Z</when>
<when>2025-02-05T14:52:10.596Z</when>
<when>2025-02-05T14:52:11.596Z</when>
<when>2025-02-05T14:52:12.596Z</when>
<when>2025-02-05T14:52:13.596Z</when>
<when>2025-02-05T14:52:14.596Z</when>
<when>2025-02-05T14:52:15.507Z</when>
<when>2025-02-05T14:52:16.529Z</when>
<when>2025-02-05T14:52:17.584Z</when>
<when>2025-02-05T14:52:18.596Z</when>
<when>2025-02-05T14:52:19.595Z</when>
<when>2025-02-05T14:52:20.596Z</when>
<when>2025-02-05T14:52:21.595Z</when>
<when>2025-02-05T14:52:22.596Z</when>
<when>2025-02-05T14:52:23.596Z</when>
<when>2025-02-05T14:52:24.596Z</when>
<when>2025-02-05T14:52:25.512Z</when>
<when>2025-02-05T14:52:26.448Z</when>
<when>2025-02-05T14:52:27.568Z</when>
<when>2025-02-05T14:52:28.468Z</when>
<when>2025-02-05T14:52:29.485Z</when>
<when>2025-02-05T14:52:30.547Z</when>
<when>2025-02-05T14:52:31.596Z</when>
<when>2025-02-05T14:52:32.595Z</when>
<when>2025-02-05T14:52:33.596Z</when>
<when>2025-02-05T14:52:34.590Z</when>
<when>2025-02-05T14:52:35.610Z</when>
<when>2025-02-05T14:52:36.596Z</when>
<when>2025-02-05T14:52:37.596Z</when>
<when>2025-02-05T14:52:38.595Z</when>
<when>2025-02-05T14:52:39.596Z</when>
<when>2025-02-05T14:52:40.504Z</when>
<when>2025-02-05T14:52:41.423Z</when>
<when>2025-02-05T14:52:42.592Z</when>
<when>2025-02-05T14:52:43.569Z</when>
<when>2025-02-05T14:52:44.596Z</when>
<when>2025-02-05T14:52:45.596Z</when>
<when>2025-02-05T14:52:46.595Z</when>
<when>2025-02-05T14:52:47.596Z</when>
<when>2025-02-05T14:52:48.596Z</when>
<when>2025-02-05T14:52:49.596Z</when>
<when>2025-02-05T14:52:50.595Z</when>
<when>2025-02-05T14:52:51.552Z</when>
<when>2025-02-05T14:52:52.596Z</when>
<when>2025-02-05T14:52:53.596Z</when>
<when>2025-02-05T14:52:54.596Z</when>
<when>2025-02-05T14:52:55.596Z</when>
<when>2025-02-05T14:52:56.596Z</when>
<when>2025-02-05T14:52:57.596Z</when>
<when>2025-02-05T14:52:58.596Z</when>
<when>2025-02-05T14:52:59.596Z</when>
<when>2025-02-05T14:53:00.596Z</when>
<when>2025-02-05T14:53:01.506Z</when>
<when>2025-02-05T14:53:02.513Z</when>
<when>2025-02-05T14:53:03.596Z</when>
<when>2025-02-05T14:53:04.596Z</when>
<when>2025-02-05T14:53:05.568Z</when>
<when>2025-02-05T14:53:06.596Z</when>
<when>2025-02-05T14:53:07.591Z</when>
<when>2025-02-05T14:53:08.596Z</when>
<when>2025-02-05T14:53:09.596Z</when>
<when>2025-02-05T14:53:10.596Z</when>
<when>2025-02-05T14:53:11.596Z</when>
<when>2025-02-05T14:53:12.596Z</when>
<when>2025-02-05T14:53:13.596Z</when>
<when>2025-02-05T14:53:14.596Z</when>
<when>2025-02-05T14:53:15.527Z</when>
<when>2025-02-05T14:53:16.549Z</when>
<when>2025-02-05T14:53:17.596Z</when>
<when>2025-02-05T14:53:18.596Z</when>
<when>2025-02-05T14:53:19.596Z</when>
<when>2025-02-05T14:53:20.595Z</when>
<when>2025-02-05T14:53:21.596Z</when>
<when>2025-02-05T14:53:22.595Z</when>
<when>2025-02-05T14:53:23.596Z</when>
<when>2025-02-05T14:53:24.596Z</when>
<when>2025-02-05T14:53:25.546Z</when>
<when>2025-02-05T14:53:26.591Z</when>
<when>2025-02-05T14:53:27.596Z</when>
<when>2025-02-05T14:53:28.596Z</when>
<when>2025-02-05T14:53:29.595Z</when>
<when>2025-02-05T14:53:30.596Z</when>
<when>2025-02-05T14:53:31.596Z</when>
<when>2025-02-05T14:53:32.596Z</when>
<when>2025-02-05T14:53:33.596Z</when>
<when>2025-02-05T14:53:34.596Z</when>
<when>2025-02-05T14:53:35.596Z</when>
<when>2025-02-05T14:53:36.572Z</when>
<when>2025-02-05T14:53:37.596Z</when>
<when>2025-02-05T14:53:38.596Z</when>
<when>2025-02-05T14:53:39.596Z</when>
<when>2025-02-05T14:53:40.596Z</when>
<when>2025-02-05T14:53:41.596Z</when>
<when>2025-02-05T14:53:42.596Z</when>
<when>2025-02-05T14:53:43.596Z</when>
<when>2025-02-05T14:53:44.596Z</when>
<when>2025-02-05T14:53:45.596Z</when>
<when>2025-02-05T14:53:46.596Z</when>
<when>2025-02-05T14:53:47.596Z</when>
<when>2025-02-05T14:53:48.596Z</when>
<when>2025-02-05T14:53:49.596Z</when>
<when>2025-02-05T14:53:50.564Z</when>
<when>2025-02-05T14:53:51.596Z</when>
<when>2025-02-05T14:53:52.596Z</when>
<when>2025-02-05T14:53:53.507Z</when>
<when>2025-02-05T14:53:54.589Z</when>
<when>2025-02-05T14:53:55.596Z</when>
<when>2025-02-05T14:53:56.596Z</when>
<when>2025-02-05T14:53:57.595Z</when>
<when>2025-02-05T14:53:58.596Z</when>
<when>2025-02-05T14:53:59.596Z</when>
<when>2025-02-05T14:54:00.596Z</when>
<when>2025-02-05T14:54:01.596Z</when>
<when>2025-02-05T14:54:02.571Z</when>
<when>2025-02-05T14:54:03.595Z</when>
<when>2025-02-05T14:54:04.596Z</when>
<when>2025-02-05T14:54:05.550Z</when>
<when>2025-02-05T14:54:06.567Z</when>
<when>2025-02-05T14:54:07.591Z</when>
<when>2025-02-05T14:54:08.596Z</when>
<when>2025-02-05T14:54:09.596Z</when>
<when>2025-02-05T14:54:10.596Z</when>
<when>2025-02-05T14:54:11.596Z</when>
<when>2025-02-05T14:54:12.596Z</when>
<when>2025-02-05T14:54:13.532Z</when>
<when>2025-02-05T14:54:14.596Z</when>
<when>2025-02-05T14:54:15.596Z</when>
<when>2025-02-05T14:54:16.596Z</when>
<when>2025-02-05T14:54:17.596Z</when>
<when>2025-02-05T14:54:18.609Z</when>
<when>2025-02-05T14:54:19.596Z</when>
<when>2025-02-05T14:54:20.596Z</when>
<when>2025-02-05T14:54:21.596Z</when>
<when>2025-02-05T14:54:22.596Z</when>
<when>2025-02-05T14:54:23.526Z</when>
<when>2025-02-05T14:54:24.596Z</when>
<when>2025-02-05T14:54:25.509Z</when>
<when>2025-02-05T14:54:26.435Z</when>
<when>2025-02-05T14:54:27.596Z</when>
<when>2025-02-05T14:54:28.596Z</when>
<when>2025-02-05T14:54:29.596Z</when>
<when>2025-02-05T14:54:30.596Z</when>
<when>2025-02-05T14:54:31.596Z</when>
<when>2025-02-05T14:54:32.596Z</when>
<when>2025-02-05T14:54:33.596Z</when>
<when>2025-02-05T14:54:34.596Z</when>
<when>2025-02-05T14:54:35.595Z</when>
<when>2025-02-05T14:54:36.596Z</when>
<when>2025-02-05T14:54:37.596Z</when>
<when>2025-02-05T14:54:38.596Z</when>
<when>2025-02-05T14:54:39.596Z</when>
<when>2025-02-05T14:54:40.573Z</when>
<when>2025-02-05T14:54:41.595Z</when>
<when>2025-02-05T14:54:42.595Z</when>
<when>2025-02-05T14:54:43.596Z</when>
<when>2025-02-05T14:54:44.596Z</when>
<when>2025-02-05T14:54:45.596Z</when>
<when>2025-02-05T14:54:46.557Z</when>
<when>2025-02-05T14:54:47.607Z</when>
<when>2025-02-05T14:54:48.547Z</when>
<when>2025-02-05T14:54:49.596Z</when>
<when>2025-02-05T14:54:50.547Z</when>
<when>2025-02-05T14:54:51.596Z</when>
<when>2025-02-05T14:54:52.596Z</when>
<when>2025-02-05T14:54:53.596Z</when>
<when>2025-02-05T14:54:54.505Z</when>
<when>2025-02-05T14:54:55.568Z</when>
<when>2025-02-05T14:54:56.612Z</when>
<when>2025-02-05T14:54:57.595Z</when>
<when>2025-02-05T14:54:58.596Z</when>
<when>2025-02-05T14:54:59.596Z</when>
<when>2025-02-05T14:55:00.596Z</when>
<when>2025-02-05T14:55:01.596Z</when>
<when>2025-02-05T14:55:02.596Z</when>
<when>2025-02-05T14:55:03.596Z</when>
<when>2025-02-05T14:55:04.566Z</when>
<when>2025-02-05T14:55:05.466Z</when>
<when>2025-02-05T14:55:06.490Z</when>
<when>2025-02-05T14:55:07.449Z</when>
<when>2025-02-05T14:55:08.466Z</when>
<when>2025-02-05T14:55:09.596Z</when>
<when>2025-02-05T14:55:10.596Z</when>
<when>2025-02-05T14:55:11.596Z</when>
<when>2025-02-05T14:55:12.596Z</when>
<when>2025-02-05T14:55:13.505Z</when>
<when>2025-02-05T14:55:14.425Z</when>
<when>2025-02-05T14:55:15.566Z</when>
<when>2025-02-05T14:55:16.467Z</when>
<when>2025-02-05T14:55:17.595Z</when>
<when>2025-02-05T14:55:18.595Z</when>
<when>2025-02-05T14:55:19.595Z</when>
<when>2025-02-05T14:55:20.595Z</when>
<when>2025-02-05T14:55:21.595Z</when>
<when>2025-02-05T14:55:22.594Z</when>
<when>2025-02-05T14:55:23.595Z</when>
<when>2025-02-05T14:55:24.595Z</when>
<when>2025-02-05T14:55:25.548Z</when>
<when>2025-02-05T14:55:26.565Z</when>
<when>2025-02-05T14:55:27.611Z</when>
<when>2025-02-05T14:55:28.595Z</when>
<when>2025-02-05T14:55:29.595Z</when>
<when>2025-02-05T14:55:30.595Z</when>
<when>2025-02-05T14:55:31.595Z</when>
<when>2025-02-05T14:55:32.595Z</when>
<when>2025-02-05T14:55:33.595Z</when>
<when>2025-02-05T14:55:34.585Z</when>
<when>2025-02-05T14:55:35.595Z</when>
<when>2025-02-05T14:55:36.595Z</when>
<when>2025-02-05T14:55:37.595Z</when>
<when>2025-02-05T14:55:38.595Z</when>
<when>2025-02-05T14:55:39.595Z</when>
<when>2025-02-05T14:55:40.595Z</when>
<when>2025-02-05T14:55:41.594Z</when>
<when>2025-02-05T14:55:42.595Z</when>
<when>2025-02-05T14:55:43.505Z</when>
<when>2025-02-05T14:55:44.595Z</when>
<when>2025-02-05T14:55:45.595Z</when>
<when>2025-02-05T14:55:46.595Z</when>
<when>2025-02-05T14:55:47.595Z</when>
<when>2025-02-05T14:55:48.595Z</when>
<when>2025-02-05T14:55:49.595Z</when>
<when>2025-02-05T14:55:50.595Z</when>
<when>2025-02-05T14:55:51.595Z</when>
<when>2025-02-05T14:55:52.512Z</when>
<when>2025-02-05T14:55:53.595Z</when>
<when>2025-02-05T14:55:54.594Z</when>
<when>2025-02-05T14:55:55.595Z</when>
<when>2025-02-05T14:55:56.595Z</when>
<when>2025-02-05T14:55:57.595Z</when>
<when>2025-02-05T14:55:58.528Z</when>
<when>2025-02-05T14:55:59.595Z</when>
<when>2025-02-05T14:56:00.595Z</when>
<when>2025-02-05T14:56:01.595Z</when>
<when>2025-02-05T14:56:02.595Z</when>
<when>2025-02-05T14:56:03.595Z</when>
<when>2025-02-05T14:56:04.595Z</when>
<when>2025-02-05T14:56:05.595Z</when>
<when>2025-02-05T14:56:06.595Z</when>
<when>2025-02-05T14:56:07.595Z</when>
<when>2025-02-05T14:56:08.595Z</when>
<when>2025-02-05T14:56:09.594Z</when>
<when>2025-02-05T14:56:10.594Z</when>
<when>2025-02-05T14:56:11.595Z</when>
<when>2025-02-05T14:56:12.595Z</when>
<when>2025-02-05T14:56:13.595Z</when>
<when>2025-02-05T14:56:14.595Z</when>
<when>2025-02-05T14:56:15.595Z</when>
<when>2025-02-05T14:56:16.595Z</when>
<when>2025-02-05T14:56:17.595Z</when>
<when>2025-02-05T14:56:18.595Z</when>
<when>2025-02-05T14:56:19.569Z</when>
<when>2025-02-05T14:56:20.531Z</when>
<when>2025-02-05T14:56:21.595Z</when>
<when>2025-02-05T14:56:22.595Z</when>
<when>2025-02-05T14:56:23.595Z</when>
<when>2025-02-05T14:56:24.595Z</when>
<when>2025-02-05T14:56:25.595Z</when>
<when>2025-02-05T14:56:26.595Z</when>
<when>2025-02-05T14:56:27.595Z</when>
<when>2025-02-05T14:56:28.549Z</when>
<when>2025-02-05T14:56:29.595Z</when>
<when>2025-02-05T14:56:30.595Z</when>
<when>2025-02-05T14:56:31.586Z</when>
<when>2025-02-05T14:56:32.595Z</when>
<when>2025-02-05T14:56:33.595Z</when>
<when>2025-02-05T14:56:34.595Z</when>
<when>2025-02-05T14:56:35.595Z</when>
<when>2025-02-05T14:56:36.595Z</when>
<when>2025-02-05T14:56:37.565Z</when>
<when>2025-02-05T14:56:38.595Z</when>
<when>2025-02-05T14:56:39.529Z</when>
<when>2025-02-05T14:56:40.526Z</when>
<when>2025-02-05T14:56:41.587Z</when>
<when>2025-02-05T14:56:42.594Z</when>
<when>2025-02-05T14:56:43.595Z</when>
<when>2025-02-05T14:56:44.594Z</when>
<when>2025-02-05T14:56:45.595Z</when>
<when>2025-02-05T14:56:46.504Z</when>
<when>2025-02-05T14:56:47.595Z</when>
<when>2025-02-05T14:56:48.595Z</when>
<when>2025-02-05T14:56:49.595Z</when>
<when>2025-02-05T14:56:50.595Z</when>
<when>2025-02-05T14:56:51.544Z</when>
<when>2025-02-05T14:56:52.595Z</when>
<when>2025-02-05T14:56:53.548Z</when>
<when>2025-02-05T14:56:54.595Z</when>
<when>2025-02-05T14:56:55.595Z</when>
<when>2025-02-05T14:56:56.595Z</when>
<when>2025-02-05T14:56:57.595Z</when>
<when>2025-02-05T14:56:58.529Z</when>
<when>2025-02-05T14:56:59.612Z</when>
<when>2025-02-05T14:57:00.595Z</when>
<when>2025-02-05T14:57:01.595Z</when>
<when>2025-02-05T14:57:02.595Z</when>
<when>2025-02-05T14:57:03.594Z</when>
<when>2025-02-05T14:57:04.594Z</when>
<when>2025-02-05T14:57:05.594Z</when>
<when>2025-02-05T14:57:06.595Z</when>
<when>2025-02-05T14:57:07.594Z</when>
<when>2025-02-05T14:57:08.533Z</when>
<when>2025-02-05T14:57:09.529Z</when>
<when>2025-02-05T14:57:10.544Z</when>
<when>2025-02-05T14:57:11.608Z</when>
<when>2025-02-05T14:57:12.595Z</when>
<when>2025-02-05T14:57:13.610Z</when>
<when>2025-02-05T14:57:14.595Z</when>
<when>2025-02-05T14:57:15.595Z</when>
<when>2025-02-05T14:57:16.595Z</when>
<when>2025-02-05T14:57:17.595Z</when>
<when>2025-02-05T14:57:18.595Z</when>
<when>2025-02-05T14:57:19.595Z</when>
<when>2025-02-05T14:57:20.595Z</when>
<when>2025-02-05T14:57:21.595Z</when>
<when>2025-02-05T14:57:22.595Z</when>
<when>2025-02-05T14:57:23.594Z</when>
<when>2025-02-05T14:57:24.594Z</when>
<when>2025-02-05T14:57:25.595Z</when>
<when>2025-02-05T14:57:26.595Z</when>
<when>2025-02-05T14:57:27.595Z</when>
<when>2025-02-05T14:57:28.507Z</when>
<when>2025-02-05T14:57:29.595Z</when>
<when>2025-02-05T14:57:30.568Z</when>
<when>2025-02-05T14:57:31.585Z</when>
<when>2025-02-05T14:57:32.595Z</when>
<when>2025-02-05T14:57:33.595Z</when>
<when>2025-02-05T14:57:34.595Z</when>
<when>2025-02-05T14:57:35.595Z</when>
<when>2025-02-05T14:57:36.595Z</when>
<when>2025-02-05T14:57:37.595Z</when>
<when>2025-02-05T14:57:38.595Z</when>
<when>2025-02-05T14:57:39.595Z</when>
<when>2025-02-05T14:57:40.595Z</when>
<when>2025-02-05T14:57:41.595Z</when>
<when>2025-02-05T14:57:42.595Z</when>
<when>2025-02-05T14:57:43.595Z</when>
<when>2025-02-05T14:57:44.595Z</when>
<when>2025-02-05T14:57:45.595Z</when>
<when>2025-02-05T14:57:46.595Z</when>
<when>2025-02-05T14:57:47.570Z</when>
<when>2025-02-05T14:57:48.526Z</when>
<when>2025-02-05T14:57:49.595Z</when>
<when>2025-02-05T14:57:50.595Z</when>
<when>2025-02-05T14:57:51.571Z</when>
<when>2025-02-05T14:57:52.595Z</when>
<when>2025-02-05T14:57:53.595Z</when>
<when>2025-02-05T14:57:54.595Z</when>
<when>2025-02-05T14:57:55.594Z</when>
<when>2025-02-05T14:57:58.595Z</when>
<when>2025-02-05T14:58:01.801Z</when>
<when>2025-02-05T14:58:04.774Z</when>
<when>2025-02-05T14:58:09.112Z</when>
<when>2025-02-05T14:58:10.525Z</when>
<when>2025-02-05T14:58:11.595Z</when>
<when>2025-02-05T14:58:12.595Z</when>
<when>2025-02-05T14:58:13.595Z</when>
<when>2025-02-05T14:58:14.595Z</when>
<when>2025-02-05T14:58:15.595Z</when>
<when>2025-02-05T14:58:16.595Z</when>
<when>2025-02-05T14:58:17.595Z</when>
<when>2025-02-05T14:58:18.595Z</when>
<when>2025-02-05T14:58:19.595Z</when>
<when>2025-02-05T14:58:20.586Z</when>
<when>2025-02-05T14:58:21.613Z</when>
<when>2025-02-05T14:58:22.595Z</when>
<when>2025-02-05T14:58:23.595Z</when>
<when>2025-02-05T14:58:24.595Z</when>
<when>2025-02-05T14:58:25.588Z</when>
<when>2025-02-05T14:58:26.547Z</when>
<when>2025-02-05T14:58:27.595Z</when>
<when>2025-02-05T14:58:28.595Z</when>
<when>2025-02-05T14:58:29.595Z</when>
<when>2025-02-05T14:58:30.589Z</when>
<when>2025-02-05T14:58:31.595Z</when>
<when>2025-02-05T14:58:32.595Z</when>
<when>2025-02-05T14:58:33.595Z</when>
<when>2025-02-05T14:58:34.547Z</when>
<when>2025-02-05T14:58:35.595Z</when>
<when>2025-02-05T14:58:36.595Z</when>
<when>2025-02-05T14:58:37.595Z</when>
<when>2025-02-05T14:58:38.595Z</when>
<when>2025-02-05T14:58:39.595Z</when>
<when>2025-02-05T14:58:40.595Z</when>
<when>2025-02-05T14:58:41.609Z</when>
<when>2025-02-05T14:58:42.586Z</when>
<when>2025-02-05T14:58:43.595Z</when>
<when>2025-02-05T14:58:44.595Z</when>
<when>2025-02-05T14:58:45.595Z</when>
<when>2025-02-05T14:58:46.594Z</when>
<when>2025-02-05T14:58:47.595Z</when>
<when>2025-02-05T14:58:48.595Z</when>
<when>2025-02-05T14:58:49.504Z</when>
<when>2025-02-05T14:58:50.550Z</when>
<when>2025-02-05T14:58:51.584Z</when>
<when>2025-02-05T14:58:52.595Z</when>
<when>2025-02-05T14:58:53.595Z</when>
<when>2025-02-05T14:58:54.595Z</when>
<when>2025-02-05T14:58:55.595Z</when>
<when>2025-02-05T14:58:56.595Z</when>
<when>2025-02-05T14:58:57.595Z</when>
<when>2025-02-05T14:58:58.595Z</when>
<when>2025-02-05T14:58:59.595Z</when>
<when>2025-02-05T14:59:00.522Z</when>
<when>2025-02-05T14:59:01.530Z</when>
<when>2025-02-05T14:59:02.595Z</when>
<when>2025-02-05T14:59:03.595Z</when>
<when>2025-02-05T14:59:04.595Z</when>
<when>2025-02-05T14:59:05.595Z</when>
<when>2025-02-05T14:59:06.594Z</when>
<when>2025-02-05T14:59:07.595Z</when>
<when>2025-02-05T14:59:08.595Z</when>
<when>2025-02-05T14:59:09.595Z</when>
<when>2025-02-05T14:59:10.594Z</when>
<when>2025-02-05T14:59:11.595Z</when>
<when>2025-02-05T14:59:12.595Z</when>
<when>2025-02-05T14:59:13.595Z</when>
<when>2025-02-05T14:59:14.595Z</when>
<when>2025-02-05T14:59:15.595Z</when>
<when>2025-02-05T14:59:16.595Z</when>
<when>2025-02-05T14:59:17.595Z</when>
<when>2025-02-05T14:59:18.595Z</when>
<when>2025-02-05T14:59:19.595Z</when>
<when>2025-02-05T14:59:20.510Z</when>
<when>2025-02-05T14:59:21.613Z</when>
<when>2025-02-05T14:59:22.595Z</when>
<when>2025-02-05T14:59:23.594Z</when>
<when>2025-02-05T14:59:24.595Z</when>
<when>2025-02-05T14:59:25.594Z</when>
<when>2025-02-05T14:59:26.595Z</when>
<when>2025-02-05T14:59:27.595Z</when>
<when>2025-02-05T14:59:28.595Z</when>
<when>2025-02-05T14:59:29.595Z</when>
<when>2025-02-05T14:59:30.595Z</when>
<when>2025-02-05T14:59:31.528Z</when>
<when>2025-02-05T14:59:32.505Z</when>
<when>2025-02-05T14:59:33.551Z</when>
<when>2025-02-05T14:59:34.585Z</when>
<when>2025-02-05T14:59:35.595Z</when>
<when>2025-02-05T14:59:36.595Z</when>
<when>2025-02-05T14:59:37.595Z</when>
<when>2025-02-05T14:59:38.594Z</when>
<when>2025-02-05T14:59:39.595Z</when>
<when>2025-02-05T14:59:40.595Z</when>
<when>2025-02-05T14:59:41.531Z</when>
<when>2025-02-05T14:59:42.528Z</when>
<when>2025-02-05T14:59:43.573Z</when>
<when>2025-02-05T14:59:44.595Z</when>
<when>2025-02-05T14:59:45.595Z</when>
<when>2025-02-05T14:59:46.571Z</when>
<when>2025-02-05T14:59:47.606Z</when>
<when>2025-02-05T14:59:48.595Z</when>
<when>2025-02-05T14:59:49.595Z</when>
<when>2025-02-05T14:59:50.595Z</when>
<when>2025-02-05T14:59:51.595Z</when>
<when>2025-02-05T14:59:52.595Z</when>
<when>2025-02-05T14:59:53.595Z</when>
<when>2025-02-05T14:59:54.594Z</when>
<when>2025-02-05T14:59:55.595Z</when>
<when>2025-02-05T14:59:56.595Z</when>
<when>2025-02-05T14:59:57.595Z</when>
<when>2025-02-05T14:59:58.595Z</when>
<when>2025-02-05T14:59:59.595Z</when>
<when>2025-02-05T15:00:00.595Z</when>
<when>2025-02-05T15:00:01.595Z</when>
<when>2025-02-05T15:00:02.595Z</when>
<when>2025-02-05T15:00:03.595Z</when>
<when>2025-02-05T15:00:04.595Z</when>
<when>2025-02-05T15:00:05.595Z</when>
<when>2025-02-05T15:00:06.595Z</when>
<when>2025-02-05T15:00:07.595Z</when>
<when>2025-02-05T15:00:08.595Z</when>
<when>2025-02-05T15:00:09.527Z</when>
<when>2025-02-05T15:00:10.542Z</when>
<when>2025-02-05T15:00:11.588Z</when>
<when>2025-02-05T15:00:12.594Z</when>
<when>2025-02-05T15:00:13.595Z</when>
<when>2025-02-05T15:00:14.595Z</when>
<when>2025-02-05T15:00:15.595Z</when>
<when>2025-02-05T15:00:16.595Z</when>
<when>2025-02-05T15:00:17.595Z</when>
<when>2025-02-05T15:00:18.595Z</when>
<when>2025-02-05T15:00:19.609Z</when>
<when>2025-02-05T15:00:20.594Z</when>
<when>2025-02-05T15:00:21.595Z</when>
<when>2025-02-05T15:00:22.595Z</when>
<when>2025-02-05T15:00:23.595Z</when>
<when>2025-02-05T15:00:24.595Z</when>
<when>2025-02-05T15:00:25.595Z</when>
<when>2025-02-05T15:00:26.614Z</when>
<when>2025-02-05T15:00:27.595Z</when>
<when>2025-02-05T15:00:28.595Z</when>
<when>2025-02-05T15:00:29.589Z</when>
<when>2025-02-05T15:00:30.595Z</when>
<when>2025-02-05T15:00:31.595Z</when>
<when>2025-02-05T15:00:32.595Z</when>
<when>2025-02-05T15:00:33.595Z</when>
<when>2025-02-05T15:00:34.595Z</when>
<when>2025-02-05T15:00:35.595Z</when>
<when>2025-02-05T15:00:36.595Z</when>
<when>2025-02-05T15:00:37.595Z</when>
<when>2025-02-05T15:00:38.595Z</when>
<when>2025-02-05T15:00:39.595Z</when>
<when>2025-02-05T15:00:40.595Z</when>
<when>2025-02-05T15:00:41.595Z</when>
<when>2025-02-05T15:00:42.595Z</when>
<when>2025-02-05T15:00:43.595Z</when>
<when>2025-02-05T15:00:44.595Z</when>
<when>2025-02-05T15:00:45.595Z</when>
<when>2025-02-05T15:00:46.549Z</when>
<when>2025-02-05T15:00:47.595Z</when>
<when>2025-02-05T15:00:48.595Z</when>
<when>2025-02-05T15:00:49.510Z</when>
<when>2025-02-05T15:00:50.595Z</when>
<when>2025-02-05T15:00:51.550Z</when>
<when>2025-02-05T15:00:52.595Z</when>
<when>2025-02-05T15:00:53.595Z</when>
<when>2025-02-05T15:00:54.595Z</when>
<when>2025-02-05T15:00:55.595Z</when>
<when>2025-02-05T15:00:56.594Z</when>
<when>2025-02-05T15:00:57.595Z</when>
<when>2025-02-05T15:00:58.595Z</when>
<when>2025-02-05T15:00:59.512Z</when>
<when>2025-02-05T15:01:00.509Z</when>
<when>2025-02-05T15:01:01.542Z</when>
<when>2025-02-05T15:01:02.587Z</when>
<when>2025-02-05T15:01:03.595Z</when>
<when>2025-02-05T15:01:04.594Z</when>
<when>2025-02-05T15:01:05.595Z</when>
<when>2025-02-05T15:01:06.595Z</when>
<when>2025-02-05T15:01:07.595Z</when>
<when>2025-02-05T15:01:08.595Z</when>
<when>2025-02-05T15:01:09.595Z</when>
<when>2025-02-05T15:01:10.595Z</when>
<when>2025-02-05T15:01:11.595Z</when>
<when>2025-02-05T15:01:12.594Z</when>
<when>2025-02-05T15:01:13.595Z</when>
<when>2025-02-05T15:01:14.595Z</when>
<when>2025-02-05T15:01:15.513Z</when>
<when>2025-02-05T15:01:16.546Z</when>
<when>2025-02-05T15:01:17.595Z</when>
<when>2025-02-05T15:01:18.595Z</when>
<when>2025-02-05T15:01:19.595Z</when>
<when>2025-02-05T15:01:20.595Z</when>
<when>2025-02-05T15:01:21.595Z</when>
<when>2025-02-05T15:01:22.595Z</when>
<when>2025-02-05T15:01:23.512Z</when>
<when>2025-02-05T15:01:24.546Z</when>
<when>2025-02-05T15:01:25.446Z</when>
<when>2025-02-05T15:01:26.595Z</when>
<when>2025-02-05T15:01:27.595Z</when>
<when>2025-02-05T15:01:28.595Z</when>
<when>2025-02-05T15:01:29.595Z</when>
<when>2025-02-05T15:01:30.524Z</when>
<when>2025-02-05T15:01:31.595Z</when>
<when>2025-02-05T15:01:32.528Z</when>
<when>2025-02-05T15:01:33.595Z</when>
<when>2025-02-05T15:01:34.595Z</when>
<when>2025-02-05T15:01:35.594Z</when>
<when>2025-02-05T15:01:36.595Z</when>
<when>2025-02-05T15:01:37.595Z</when>
<when>2025-02-05T15:01:38.595Z</when>
<when>2025-02-05T15:01:39.595Z</when>
<when>2025-02-05T15:01:40.595Z</when>
<when>2025-02-05T15:01:41.595Z</when>
<when>2025-02-05T15:01:42.594Z</when>
<when>2025-02-05T15:01:43.594Z</when>
<when>2025-02-05T15:01:44.594Z</when>
<when>2025-02-05T15:01:45.594Z</when>
<when>2025-02-05T15:01:46.594Z</when>
<when>2025-02-05T15:01:47.594Z</when>
<when>2025-02-05T15:01:48.594Z</when>
<when>2025-02-05T15:01:49.594Z</when>
<when>2025-02-05T15:01:50.528Z</when>
<when>2025-02-05T15:01:51.594Z</when>
<when>2025-02-05T15:01:52.594Z</when>
<when>2025-02-05T15:01:53.594Z</when>
<when>2025-02-05T15:01:54.594Z</when>
<when>2025-02-05T15:01:55.594Z</when>
<when>2025-02-05T15:01:56.507Z</when>
<when>2025-02-05T15:01:57.612Z</when>
<when>2025-02-05T15:01:58.594Z</when>
<when>2025-02-05T15:01:59.611Z</when>
<when>2025-02-05T15:02:00.594Z</when>
<when>2025-02-05T15:02:01.594Z</when>
<when>2025-02-05T15:02:02.594Z</when>
<when>2025-02-05T15:02:03.594Z</when>
<when>2025-02-05T15:02:04.594Z</when>
<when>2025-02-05T15:02:05.610Z</when>
<when>2025-02-05T15:02:06.594Z</when>
<when>2025-02-05T15:02:07.594Z</when>
<when>2025-02-05T15:02:08.594Z</when>
<when>2025-02-05T15:02:09.594Z</when>
<when>2025-02-05T15:02:10.593Z</when>
<when>2025-02-05T15:02:11.530Z</when>
<when>2025-02-05T15:02:12.594Z</when>
<when>2025-02-05T15:02:13.594Z</when>
<when>2025-02-05T15:02:14.594Z</when>
<when>2025-02-05T15:02:15.594Z</when>
<when>2025-02-05T15:02:16.593Z</when>
<when>2025-02-05T15:02:17.594Z</when>
<when>2025-02-05T15:02:18.594Z</when>
<when>2025-02-05T15:02:19.594Z</when>
<when>2025-02-05T15:02:20.594Z</when>
<when>2025-02-05T15:02:21.594Z</when>
<when>2025-02-05T15:02:22.594Z</when>
<when>2025-02-05T15:02:23.502Z</when>
<when>2025-02-05T15:02:24.594Z</when>
<when>2025-02-05T15:02:25.594Z</when>
<when>2025-02-05T15:02:26.594Z</when>
<when>2025-02-05T15:02:27.587Z</when>
<when>2025-02-05T15:02:28.560Z</when>
<when>2025-02-05T15:02:29.594Z</when>
<when>2025-02-05T15:02:30.594Z</when>
<when>2025-02-05T15:02:31.593Z</when>
<when>2025-02-05T15:02:32.569Z</when>
<when>2025-02-05T15:02:33.594Z</when>
<when>2025-02-05T15:02:34.594Z</when>
<when>2025-02-05T15:02:35.594Z</when>
<when>2025-02-05T15:02:36.594Z</when>
<when>2025-02-05T15:02:37.594Z</when>
<when>2025-02-05T15:02:38.594Z</when>
<when>2025-02-05T15:02:39.594Z</when>
<when>2025-02-05T15:02:40.594Z</when>
<when>2025-02-05T15:02:41.594Z</when>
<when>2025-02-05T15:02:42.594Z</when>
<when>2025-02-05T15:02:43.595Z</when>
<when>2025-02-05T15:02:44.594Z</when>
<when>2025-02-05T15:02:45.594Z</when>
<when>2025-02-05T15:02:46.594Z</when>
<when>2025-02-05T15:02:47.594Z</when>
<when>2025-02-05T15:02:48.567Z</when>
<when>2025-02-05T15:02:49.594Z</when>
<when>2025-02-05T15:02:50.594Z</when>
<when>2025-02-05T15:02:51.594Z</when>
<when>2025-02-05T15:02:52.594Z</when>
<when>2025-02-05T15:02:53.594Z</when>
<when>2025-02-05T15:02:54.594Z</when>
<when>2025-02-05T15:02:55.523Z</when>
<when>2025-02-05T15:02:56.549Z</when>
<when>2025-02-05T15:02:57.546Z</when>
<when>2025-02-05T15:02:58.551Z</when>
<when>2025-02-05T15:02:59.566Z</when>
<when>2025-02-05T15:03:00.594Z</when>
<when>2025-02-05T15:03:01.594Z</when>
<when>2025-02-05T15:03:02.593Z</when>
<when>2025-02-05T15:03:03.594Z</when>
<when>2025-02-05T15:03:04.594Z</when>
<when>2025-02-05T15:03:05.594Z</when>
<when>2025-02-05T15:03:06.594Z</when>
<when>2025-02-05T15:03:07.594Z</when>
<when>2025-02-05T15:03:08.594Z</when>
<when>2025-02-05T15:03:09.530Z</when>
<when>2025-02-05T15:03:10.563Z</when>
<when>2025-02-05T15:03:11.594Z</when>
<when>2025-02-05T15:03:12.593Z</when>
<when>2025-02-05T15:03:13.594Z</when>
<when>2025-02-05T15:03:14.594Z</when>
<when>2025-02-05T15:03:15.594Z</when>
<when>2025-02-05T15:03:16.594Z</when>
<when>2025-02-05T15:03:17.594Z</when>
<when>2025-02-05T15:03:18.594Z</when>
<when>2025-02-05T15:03:19.570Z</when>
<when>2025-02-05T15:03:20.594Z</when>
<when>2025-02-05T15:03:21.594Z</when>
<when>2025-02-05T15:03:22.594Z</when>
<when>2025-02-05T15:03:23.594Z</when>
<when>2025-02-05T15:03:24.594Z</when>
<when>2025-02-05T15:03:25.594Z</when>
<when>2025-02-05T15:03:26.594Z</when>
<when>2025-02-05T15:03:27.594Z</when>
<when>2025-02-05T15:03:28.609Z</when>
<when>2025-02-05T15:03:29.594Z</when>
<when>2025-02-05T15:03:30.594Z</when>
<when>2025-02-05T15:03:31.594Z</when>
<when>2025-02-05T15:03:32.594Z</when>
<when>2025-02-05T15:03:33.594Z</when>
<when>2025-02-05T15:03:34.594Z</when>
<when>2025-02-05T15:03:35.594Z</when>
<when>2025-02-05T15:03:36.594Z</when>
<when>2025-02-05T15:03:37.594Z</when>
<when>2025-02-05T15:03:38.594Z</when>
<when>2025-02-05T15:03:39.546Z</when>
<when>2025-02-05T15:03:40.593Z</when>
<when>2025-02-05T15:03:41.567Z</when>
<when>2025-02-05T15:03:42.594Z</when>
<when>2025-02-05T15:03:43.594Z</when>
<when>2025-02-05T15:03:44.594Z</when>
<when>2025-02-05T15:03:45.571Z</when>
<when>2025-02-05T15:03:46.594Z</when>
<when>2025-02-05T15:03:47.594Z</when>
<when>2025-02-05T15:03:48.594Z</when>
<when>2025-02-05T15:03:49.594Z</when>
<when>2025-02-05T15:19:08.508Z</when>
<when>2025-02-05T15:19:09.592Z</when>
<when>2025-02-05T15:19:10.592Z</when>
<when>2025-02-05T15:19:11.592Z</when>
<when>2025-02-05T15:19:12.591Z</when>
<when>2025-02-05T15:19:13.592Z</when>
<when>2025-02-05T15:19:14.592Z</when>
<when>2025-02-05T15:19:15.592Z</when>
<when>2025-02-05T15:19:15.996Z</when>
<when>2025-02-05T15:19:19.128Z</when>
<when>2025-02-05T15:19:22.434Z</when>
<when>2025-02-05T15:19:25.592Z</when>
<when>2025-02-05T15:19:28.592Z</when>
<when>2025-02-05T15:19:31.350Z</when>
<when>2025-02-05T15:19:34.592Z</when>
<when>2025-02-05T15:19:37.581Z</when>
<when>2025-02-05T15:19:41.592Z</when>
<when>2025-02-05T15:19:44.706Z</when>
<when>2025-02-05T15:19:47.592Z</when>
<when>2025-02-05T15:19:50.641Z</when>
<when>2025-02-05T15:19:53.592Z</when>
<when>2025-02-05T15:19:57.070Z</when>
<when>2025-02-05T15:20:00.167Z</when>
<when>2025-02-05T15:20:04.591Z</when>
<when>2025-02-05T15:20:07.591Z</when>
<when>2025-02-05T15:20:10.591Z</when>
<when>2025-02-05T15:20:13.591Z</when>
<when>2025-02-05T15:20:16.591Z</when>
<when>2025-02-05T15:20:19.591Z</when>
<when>2025-02-05T15:20:22.591Z</when>
<when>2025-02-05T15:20:25.591Z</when>
<when>2025-02-05T15:20:28.590Z</when>
<when>2025-02-05T15:20:31.591Z</when>
<when>2025-02-05T15:20:34.591Z</when>
<when>2025-02-05T15:20:37.591Z</when>
<when>2025-02-05T15:20:40.591Z</when>
<when>2025-02-05T15:20:43.312Z</when>
<when>2025-02-05T15:20:46.591Z</when>
<when>2025-02-05T15:20:49.549Z</when>
<when>2025-02-05T15:20:52.591Z</when>
<when>2025-02-05T15:20:55.591Z</when>
<when>2025-02-05T15:20:58.409Z</when>
<when>2025-02-05T15:21:01.266Z</when>
<when>2025-02-05T15:21:04.351Z</when>
<when>2025-02-05T15:21:07.153Z</when>
<when>2025-02-05T15:21:10.591Z</when>
<when>2025-02-05T15:21:13.591Z</when>
<when>2025-02-05T15:21:16.591Z</when>
<when>2025-02-05T15:21:19.591Z</when>
<when>2025-02-05T15:21:22.591Z</when>
<when>2025-02-05T15:21:25.591Z</when>
<when>2025-02-05T15:21:28.590Z</when>
<when>2025-02-05T15:21:31.591Z</when>
<when>2025-02-05T15:21:34.591Z</when>
<when>2025-02-05T15:21:37.659Z</when>
<when>2025-02-05T15:21:40.369Z</when>
<when>2025-02-05T15:21:43.741Z</when>
<when>2025-02-05T15:21:46.591Z</when>
<when>2025-02-05T15:21:52.667Z</when>
<when>2025-02-05T15:21:55.568Z</when>
<when>2025-02-05T15:21:59.261Z</when>
<when>2025-02-05T15:22:03.591Z</when>
<when>2025-02-05T15:22:07.591Z</when>
<when>2025-02-05T15:22:11.591Z</when>
<when>2025-02-05T15:22:15.591Z</when>
<when>2025-02-05T15:22:19.591Z</when>
<when>2025-02-05T15:22:23.591Z</when>
<when>2025-02-05T15:22:27.591Z</when>
<when>2025-02-05T15:22:31.591Z</when>
<when>2025-02-05T15:22:33.591Z</when>
<when>2025-02-05T15:22:34.591Z</when>
<when>2025-02-05T15:22:35.591Z</when>
<when>2025-02-05T15:22:36.591Z</when>
<when>2025-02-05T15:22:37.591Z</when>
<when>2025-02-05T15:22:38.591Z</when>
<when>2025-02-05T15:22:39.591Z</when>
<when>2025-02-05T15:22:40.591Z</when>
<when>2025-02-05T15:22:41.591Z</when>
<when>2025-02-05T15:22:45.592Z</when>
<when>2025-02-05T15:22:48.592Z</when>
<when>2025-02-05T15:22:51.592Z</when>
<when>2025-02-05T15:22:54.590Z</when>
<when>2025-02-05T15:22:57.602Z</when>
<when>2025-02-05T15:23:00.592Z</when>
<when>2025-02-05T15:23:03.442Z</when>
<when>2025-02-05T15:23:06.592Z</when>
<when>2025-02-05T15:23:09.592Z</when>
<when>2025-02-05T15:23:12.592Z</when>
<when>2025-02-05T15:23:15.592Z</when>
<when>2025-02-05T15:23:18.592Z</when>
<when>2025-02-05T15:23:21.506Z</when>
<when>2025-02-05T15:23:24.284Z</when>
<when>2025-02-05T15:23:27.591Z</when>
<when>2025-02-05T15:23:30.591Z</when>
<when>2025-02-05T15:23:31.409Z</when>
<when>2025-02-05T15:23:32.760Z</when>
<when>2025-02-05T15:23:33.591Z</when>
<when>2025-02-05T15:23:37.591Z</when>
<when>2025-02-05T15:23:42.293Z</when>
<when>2025-02-05T15:23:42.590Z</when>
<when>2025-02-05T15:23:46.591Z</when>
<when>2025-02-05T15:23:50.591Z</when>
<when>2025-02-05T15:23:54.591Z</when>
<when>2025-02-05T15:23:58.590Z</when>
<when>2025-02-05T15:24:02.590Z</when>
<when>2025-02-05T15:24:06.590Z</when>
<when>2025-02-05T15:24:09.800Z</when>
<when>2025-02-05T15:24:12.590Z</when>
<when>2025-02-05T15:24:15.642Z</when>
<when>2025-02-05T15:24:18.590Z</when>
<when>2025-02-05T15:24:21.608Z</when>
<when>2025-02-05T15:24:24.590Z</when>
<when>2025-02-05T15:24:28.590Z</when>
<when>2025-02-05T15:24:31.383Z</when>
<when>2025-02-05T15:24:34.590Z</when>
<when>2025-02-05T15:24:38.590Z</when>
<when>2025-02-05T15:24:41.617Z</when>
<when>2025-02-05T15:24:44.590Z</when>
<when>2025-02-05T15:24:48.257Z</when>
<when>2025-02-05T15:24:51.101Z</when>
<when>2025-02-05T15:24:54.590Z</when>
<when>2025-02-05T15:24:57.696Z</when>
<when>2025-02-05T15:25:00.590Z</when>
<when>2025-02-05T15:25:04.590Z</when>
<when>2025-02-05T15:25:08.590Z</when>
<when>2025-02-05T15:25:12.590Z</when>
<when>2025-02-05T15:25:16.590Z</when>
<when>2025-02-05T15:25:20.590Z</when>
<when>2025-02-05T15:25:24.590Z</when>
<when>2025-02-05T15:25:28.590Z</when>
<when>2025-02-05T15:25:32.590Z</when>
<when>2025-02-05T15:25:36.590Z</when>
<when>2025-02-05T15:25:40.590Z</when>
<when>2025-02-05T15:25:44.590Z</when>
<when>2025-02-05T15:25:48.590Z</when>
<when>2025-02-05T15:25:52.589Z</when>
<when>2025-02-05T15:25:56.590Z</when>
<when>2025-02-05T15:26:00.589Z</when>
<when>2025-02-05T15:26:04.590Z</when>
<when>2025-02-05T15:26:07.398Z</when>
<when>2025-02-05T15:26:10.305Z</when>
<when>2025-02-05T15:26:13.247Z</when>
<when>2025-02-05T15:26:16.590Z</when>
<when>2025-02-05T15:26:20.207Z</when>
<when>2025-02-05T15:26:24.590Z</when>
<when>2025-02-05T15:26:27.589Z</when>
<when>2025-02-05T15:26:30.589Z</when>
<when>2025-02-05T15:26:34.590Z</when>
<when>2025-02-05T15:26:37.596Z</when>
<when>2025-02-05T15:26:40.590Z</when>
<when>2025-02-05T15:26:44.590Z</when>
<when>2025-02-05T15:26:47.661Z</when>
<when>2025-02-05T15:26:50.590Z</when>
<when>2025-02-05T15:26:54.427Z</when>
<when>2025-02-05T15:26:57.835Z</when>
<when>2025-02-05T15:27:00.590Z</when>
<when>2025-02-05T15:27:04.128Z</when>
<when>2025-02-05T15:27:07.369Z</when>
<when>2025-02-05T15:27:10.108Z</when>
<when>2025-02-05T15:27:13.610Z</when>
<when>2025-02-05T15:27:16.590Z</when>
<when>2025-02-05T15:27:19.901Z</when>
<when>2025-02-05T15:27:22.643Z</when>
<when>2025-02-05T15:27:26.421Z</when>
<when>2025-02-05T15:27:29.969Z</when>
<when>2025-02-05T15:27:34.590Z</when>
<when>2025-02-05T15:27:37.982Z</when>
<when>2025-02-05T15:27:42.268Z</when>
<when>2025-02-05T15:27:45.584Z</when>
<when>2025-02-05T15:27:48.590Z</when>
<when>2025-02-05T15:27:51.447Z</when>
<when>2025-02-05T15:27:54.590Z</when>
<when>2025-02-05T15:27:58.118Z</when>
<when>2025-02-05T15:28:02.589Z</when>
<when>2025-02-05T15:28:05.457Z</when>
<when>2025-02-05T15:28:08.589Z</when>
<when>2025-02-05T15:28:11.458Z</when>
<when>2025-02-05T15:28:14.589Z</when>
<when>2025-02-05T15:28:18.128Z</when>
<when>2025-02-05T15:28:22.588Z</when>
<when>2025-02-05T15:28:26.589Z</when>
<when>2025-02-05T15:28:30.589Z</when>
<when>2025-02-05T15:28:34.589Z</when>
<when>2025-02-05T15:28:38.254Z</when>
<when>2025-02-05T15:28:41.451Z</when>
<when>2025-02-05T15:28:44.590Z</when>
<when>2025-02-05T15:28:48.259Z</when>
<when>2025-02-05T15:28:51.365Z</when>
<when>2025-02-05T15:28:54.589Z</when>
<when>2025-02-05T15:28:58.496Z</when>
<when>2025-02-05T15:29:02.589Z</when>
<when>2025-02-05T15:29:06.589Z</when>
<when>2025-02-05T15:29:10.589Z</when>
<when>2025-02-05T15:29:14.589Z</when>
<when>2025-02-05T15:29:18.589Z</when>
<when>2025-02-05T15:29:22.589Z</when>
<when>2025-02-05T15:29:26.589Z</when>
<when>2025-02-05T15:29:29.337Z</when>
<when>2025-02-05T15:29:32.521Z</when>
<when>2025-02-05T15:29:35.979Z</when>
<when>2025-02-05T15:29:39.198Z</when>
<when>2025-02-05T15:29:42.589Z</when>
<when>2025-02-05T15:29:46.589Z</when>
<when>2025-02-05T15:29:50.589Z</when>
<when>2025-02-05T15:29:53.624Z</when>
<when>2025-02-05T15:29:56.407Z</when>
<when>2025-02-05T15:29:59.189Z</when>
<when>2025-02-05T15:30:02.389Z</when>
<when>2025-02-05T15:30:05.741Z</when>
<when>2025-02-05T15:30:08.589Z</when>
<when>2025-02-05T15:30:11.961Z</when>
<when>2025-02-05T15:30:14.710Z</when>
<when>2025-02-05T15:30:17.559Z</when>
<when>2025-02-05T15:30:20.280Z</when>
<when>2025-02-05T15:30:23.538Z</when>
<when>2025-02-05T15:30:26.589Z</when>
<when>2025-02-05T15:30:29.708Z</when>
<when>2025-02-05T15:30:32.589Z</when>
<when>2025-02-05T15:30:36.589Z</when>
<when>2025-02-05T15:30:40.589Z</when>
<when>2025-02-05T15:30:44.001Z</when>
<when>2025-02-05T15:30:47.940Z</when>
<when>2025-02-05T15:30:52.589Z</when>
<when>2025-02-05T15:30:56.589Z</when>
<when>2025-02-05T15:31:00.589Z</when>
<when>2025-02-05T15:31:04.589Z</when>
<when>2025-02-05T15:31:08.589Z</when>
<when>2025-02-05T15:31:12.589Z</when>
<when>2025-02-05T15:31:16.589Z</when>
<when>2025-02-05T15:31:19.308Z</when>
<when>2025-02-05T15:31:22.588Z</when>
<when>2025-02-05T15:31:26.201Z</when>
<when>2025-02-05T15:31:29.315Z</when>
<when>2025-02-05T15:31:32.588Z</when>
<when>2025-02-05T15:31:36.587Z</when>
<when>2025-02-05T15:31:40.588Z</when>
<when>2025-02-05T15:31:44.396Z</when>
<when>2025-02-05T15:31:48.588Z</when>
<when>2025-02-05T15:31:52.588Z</when>
<when>2025-02-05T15:31:56.588Z</when>
<when>2025-02-05T15:31:59.348Z</when>
<when>2025-02-05T15:32:02.587Z</when>
<when>2025-02-05T15:32:06.588Z</when>
<when>2025-02-05T15:32:10.588Z</when>
<when>2025-02-05T15:32:14.588Z</when>
<when>2025-02-05T15:32:18.588Z</when>
<when>2025-02-05T15:32:21.607Z</when>
<when>2025-02-05T15:32:24.588Z</when>
<when>2025-02-05T15:32:27.668Z</when>
<when>2025-02-05T15:32:30.588Z</when>
<when>2025-02-05T15:32:34.588Z</when>
<when>2025-02-05T15:32:37.588Z</when>
<when>2025-02-05T15:32:40.588Z</when>
<when>2025-02-05T15:32:43.587Z</when>
<when>2025-02-05T15:32:46.588Z</when>
<when>2025-02-05T15:32:49.588Z</when>
<when>2025-02-05T15:32:52.588Z</when>
<when>2025-02-05T15:32:55.588Z</when>
<when>2025-02-05T15:32:58.588Z</when>
<when>2025-02-05T15:33:01.588Z</when>
<when>2025-02-05T15:33:04.588Z</when>
<when>2025-02-05T15:33:07.588Z</when>
<when>2025-02-05T15:33:10.588Z</when>
<when>2025-02-05T15:33:13.588Z</when>
<when>2025-02-05T15:33:16.588Z</when>
<when>2025-02-05T15:33:19.588Z</when>
<when>2025-02-05T15:33:22.588Z</when>
<when>2025-02-05T15:33:25.588Z</when>
<when>2025-02-05T15:33:28.588Z</when>
<when>2025-02-05T15:33:31.588Z</when>
<when>2025-02-05T15:33:34.587Z</when>
<when>2025-02-05T15:33:37.588Z</when>
<when>2025-02-05T15:33:40.588Z</when>
<when>2025-02-05T15:33:43.588Z</when>
<when>2025-02-05T15:33:46.588Z</when>
<when>2025-02-05T15:33:49.588Z</when>
<when>2025-02-05T15:33:52.588Z</when>
<when>2025-02-05T15:33:55.588Z</when>
<when>2025-02-05T15:33:58.588Z</when>
<when>2025-02-05T15:34:01.588Z</when>
<when>2025-02-05T15:34:04.588Z</when>
<when>2025-02-05T15:34:07.588Z</when>
<when>2025-02-05T15:34:10.588Z</when>
<when>2025-02-05T15:34:13.666Z</when>
<when>2025-02-05T15:34:16.378Z</when>
<when>2025-02-05T15:34:19.648Z</when>
<when>2025-02-05T15:34:22.588Z</when>
<when>2025-02-05T15:34:25.626Z</when>
<when>2025-02-05T15:34:28.615Z</when>
<when>2025-02-05T15:34:31.522Z</when>
<when>2025-02-05T15:34:34.614Z</when>
<when>2025-02-05T15:34:37.623Z</when>
<when>2025-02-05T15:34:40.392Z</when>
<when>2025-02-05T15:34:45.452Z</when>
<when>2025-02-05T15:34:48.587Z</when>
<when>2025-02-05T15:34:51.586Z</when>
<when>2025-02-05T15:34:54.587Z</when>
<when>2025-02-05T15:34:57.587Z</when>
<when>2025-02-05T15:35:00.587Z</when>
<when>2025-02-05T15:35:03.586Z</when>
<when>2025-02-05T15:35:06.587Z</when>
<when>2025-02-05T15:35:09.309Z</when>
<when>2025-02-05T15:35:13.153Z</when>
<when>2025-02-05T15:35:16.630Z</when>
<when>2025-02-05T15:35:19.587Z</when>
<when>2025-02-05T15:35:22.793Z</when>
<when>2025-02-05T15:35:25.558Z</when>
<when>2025-02-05T15:35:29.586Z</when>
<when>2025-02-05T15:35:33.586Z</when>
<when>2025-02-05T15:35:36.848Z</when>
<when>2025-02-05T15:35:39.587Z</when>
<when>2025-02-05T15:35:43.586Z</when>
<when>2025-02-05T15:35:46.974Z</when>
<when>2025-02-05T15:35:51.587Z</when>
<when>2025-02-05T15:35:55.587Z</when>
<when>2025-02-05T15:35:59.587Z</when>
<when>2025-02-05T15:36:03.587Z</when>
<when>2025-02-05T15:36:07.587Z</when>
<when>2025-02-05T15:36:11.587Z</when>
<when>2025-02-05T15:36:15.587Z</when>
<when>2025-02-05T15:36:18.569Z</when>
<when>2025-02-05T15:36:21.587Z</when>
<when>2025-02-05T15:36:24.469Z</when>
<when>2025-02-05T15:36:27.285Z</when>
<when>2025-02-05T15:36:30.288Z</when>
<when>2025-02-05T15:36:33.587Z</when>
<when>2025-02-05T15:36:36.469Z</when>
<when>2025-02-05T15:36:39.587Z</when>
<when>2025-02-05T15:36:42.469Z</when>
<when>2025-02-05T15:36:45.367Z</when>
<when>2025-02-05T15:36:49.268Z</when>
<when>2025-02-05T15:36:52.475Z</when>
<when>2025-02-05T15:36:55.586Z</when>
<when>2025-02-05T15:36:58.609Z</when>
<when>2025-02-05T15:37:01.357Z</when>
<when>2025-02-05T15:37:04.673Z</when>
<when>2025-02-05T15:37:07.388Z</when>
<when>2025-02-05T15:37:10.338Z</when>
<when>2025-02-05T15:37:13.470Z</when>
<when>2025-02-05T15:37:17.663Z</when>
<when>2025-02-05T15:37:20.667Z</when>
<when>2025-02-05T15:37:23.587Z</when>
<when>2025-02-05T15:37:26.790Z</when>
<when>2025-02-05T15:37:29.587Z</when>
<when>2025-02-05T15:37:32.730Z</when>
<when>2025-02-05T15:37:35.586Z</when>
<when>2025-02-05T15:37:39.586Z</when>
<when>2025-02-05T15:37:42.737Z</when>
<when>2025-02-05T15:37:45.587Z</when>
<when>2025-02-05T15:37:49.587Z</when>
<when>2025-02-05T15:37:53.587Z</when>
<when>2025-02-05T15:37:57.586Z</when>
<when>2025-02-05T15:38:00.487Z</when>
<when>2025-02-05T15:38:03.346Z</when>
<when>2025-02-05T15:38:06.046Z</when>
<when>2025-02-05T15:38:09.087Z</when>
<when>2025-02-05T15:38:11.807Z</when>
<when>2025-02-05T15:38:15.147Z</when>
<when>2025-02-05T15:38:17.941Z</when>
<when>2025-02-05T15:38:21.127Z</when>
<when>2025-02-05T15:38:24.696Z</when>
<when>2025-02-05T15:38:27.586Z</when>
<when>2025-02-05T15:38:30.468Z</when>
<when>2025-02-05T15:38:33.308Z</when>
<when>2025-02-05T15:38:36.548Z</when>
<when>2025-02-05T15:38:39.586Z</when>
<when>2025-02-05T15:38:42.899Z</when>
<when>2025-02-05T15:38:47.586Z</when>
<when>2025-02-05T15:38:51.367Z</when>
<when>2025-02-05T15:38:55.509Z</when>
<when>2025-02-05T15:38:58.469Z</when>
<when>2025-02-05T15:39:01.586Z</when>
<when>2025-02-05T15:39:05.586Z</when>
<when>2025-02-05T15:39:09.586Z</when>
<when>2025-02-05T15:39:13.113Z</when>
<when>2025-02-05T15:39:16.072Z</when>
<when>2025-02-05T15:39:19.586Z</when>
<when>2025-02-05T15:39:23.269Z</when>
<when>2025-02-05T15:39:27.586Z</when>
<when>2025-02-05T15:39:31.585Z</when>
<when>2025-02-05T15:39:35.586Z</when>
<when>2025-02-05T15:39:39.586Z</when>
<when>2025-02-05T15:39:43.586Z</when>
<when>2025-02-05T15:39:47.586Z</when>
<when>2025-02-05T15:39:51.585Z</when>
<when>2025-02-05T15:39:55.586Z</when>
<when>2025-02-05T15:39:58.352Z</when>
<when>2025-02-05T15:40:01.586Z</when>
<when>2025-02-05T15:40:04.370Z</when>
<when>2025-02-05T15:40:07.586Z</when>
<when>2025-02-05T15:40:11.586Z</when>
<when>2025-02-05T15:40:15.586Z</when>
<when>2025-02-05T15:40:19.585Z</when>
<when>2025-02-05T15:40:23.586Z</when>
<when>2025-02-05T15:40:27.586Z</when>
<when>2025-02-05T15:40:31.586Z</when>
<when>2025-02-05T15:40:35.586Z</when>
<when>2025-02-05T15:40:39.586Z</when>
<when>2025-02-05T15:40:43.586Z</when>
<when>2025-02-05T15:40:47.586Z</when>
<when>2025-02-05T15:40:51.585Z</when>
<when>2025-02-05T15:40:55.586Z</when>
<when>2025-02-05T15:40:58.765Z</when>
<when>2025-02-05T15:41:01.586Z</when>
<when>2025-02-05T15:41:04.547Z</when>
<when>2025-02-05T15:41:07.346Z</when>
<when>2025-02-05T15:41:11.585Z</when>
<when>2025-02-05T15:41:15.584Z</when>
<when>2025-02-05T15:41:18.663Z</when>
<when>2025-02-05T15:41:21.585Z</when>
<when>2025-02-05T15:41:25.585Z</when>
<when>2025-02-05T15:41:28.784Z</when>
<when>2025-02-05T15:41:31.585Z</when>
<when>2025-02-05T15:41:35.585Z</when>
<when>2025-02-05T15:41:38.905Z</when>
<when>2025-02-05T15:41:41.931Z</when>
<when>2025-02-05T15:41:44.729Z</when>
<when>2025-02-05T15:41:47.571Z</when>
<when>2025-02-05T15:41:51.609Z</when>
<when>2025-02-05T15:41:55.585Z</when>
<when>2025-02-05T15:41:58.802Z</when>
<when>2025-02-05T15:42:01.585Z</when>
<when>2025-02-05T15:42:05.588Z</when>
<when>2025-02-05T15:42:08.369Z</when>
<when>2025-02-05T15:42:11.585Z</when>
<when>2025-02-05T15:42:14.585Z</when>
<when>2025-02-05T15:42:17.585Z</when>
<when>2025-02-05T15:42:21.585Z</when>
<when>2025-02-05T15:42:24.585Z</when>
<when>2025-02-05T15:42:28.585Z</when>
<when>2025-02-05T15:42:32.585Z</when>
<when>2025-02-05T15:42:36.584Z</when>
<when>2025-02-05T15:42:40.585Z</when>
<when>2025-02-05T15:42:44.585Z</when>
<when>2025-02-05T15:42:48.585Z</when>
<when>2025-02-05T15:42:52.585Z</when>
<when>2025-02-05T15:42:56.585Z</when>
<when>2025-02-05T15:43:00.585Z</when>
<when>2025-02-05T15:43:03.585Z</when>
<when>2025-02-05T15:43:07.585Z</when>
<when>2025-02-05T15:43:11.585Z</when>
<when>2025-02-05T15:43:15.585Z</when>
<when>2025-02-05T15:43:19.585Z</when>
<when>2025-02-05T15:43:23.585Z</when>
<when>2025-02-05T15:43:27.585Z</when>
<when>2025-02-05T15:43:30.585Z</when>
<when>2025-02-05T15:43:33.585Z</when>
<when>2025-02-05T15:43:36.585Z</when>
<when>2025-02-05T15:43:39.585Z</when>
<when>2025-02-05T15:43:42.585Z</when>
<when>2025-02-05T15:43:45.585Z</when>
<when>2025-02-05T15:43:48.585Z</when>
<when>2025-02-05T15:43:51.585Z</when>
<when>2025-02-05T15:43:54.585Z</when>
<when>2025-02-05T15:43:57.585Z</when>
<when>2025-02-05T15:44:00.585Z</when>
<when>2025-02-05T15:44:03.585Z</when>
<when>2025-02-05T15:44:06.585Z</when>
<when>2025-02-05T15:44:09.584Z</when>
<when>2025-02-05T15:44:12.585Z</when>
<when>2025-02-05T15:44:15.585Z</when>
<when>2025-02-05T15:44:18.585Z</when>
<when>2025-02-05T15:44:21.584Z</when>
<when>2025-02-05T15:44:24.584Z</when>
<when>2025-02-05T15:44:27.584Z</when>
<when>2025-02-05T15:44:30.584Z</when>
<when>2025-02-05T15:44:33.584Z</when>
<when>2025-02-05T15:44:36.584Z</when>
<when>2025-02-05T15:44:39.584Z</when>
<when>2025-02-05T15:44:42.584Z</when>
<when>2025-02-05T15:44:45.584Z</when>
<when>2025-02-05T15:44:48.584Z</when>
<when>2025-02-05T15:44:51.584Z</when>
<when>2025-02-05T15:44:54.584Z</when>
<when>2025-02-05T15:44:57.583Z</when>
<when>2025-02-05T15:45:00.584Z</when>
<when>2025-02-05T15:45:03.584Z</when>
<when>2025-02-05T15:45:06.584Z</when>
<when>2025-02-05T15:45:09.584Z</when>
<when>2025-02-05T15:45:12.584Z</when>
<when>2025-02-05T15:45:15.584Z</when>
<when>2025-02-05T15:45:18.584Z</when>
<when>2025-02-05T15:45:21.584Z</when>
<when>2025-02-05T15:45:24.584Z</when>
<when>2025-02-05T15:45:27.583Z</when>
<when>2025-02-05T15:45:30.584Z</when>
<when>2025-02-05T15:45:33.584Z</when>
<when>2025-02-05T15:45:36.584Z</when>
<when>2025-02-05T15:45:39.584Z</when>
<when>2025-02-05T15:45:42.584Z</when>
<when>2025-02-05T15:45:45.539Z</when>
<when>2025-02-05T15:45:48.584Z</when>
<when>2025-02-05T15:45:51.584Z</when>
<when>2025-02-05T15:45:54.584Z</when>
<when>2025-02-05T15:45:57.584Z</when>
<when>2025-02-05T15:46:00.584Z</when>
<when>2025-02-05T15:46:03.419Z</when>
<when>2025-02-05T15:46:06.584Z</when>
<when>2025-02-05T15:46:09.584Z</when>
<when>2025-02-05T15:46:12.584Z</when>
<when>2025-02-05T15:46:15.584Z</when>
<when>2025-02-05T15:46:18.583Z</when>
<when>2025-02-05T15:46:21.584Z</when>
<when>2025-02-05T15:46:24.584Z</when>
<when>2025-02-05T15:46:27.584Z</when>
<when>2025-02-05T15:46:30.583Z</when>
<when>2025-02-05T15:46:33.584Z</when>
<when>2025-02-05T15:46:36.584Z</when>
<when>2025-02-05T15:46:39.584Z</when>
<when>2025-02-05T15:46:42.584Z</when>
<when>2025-02-05T15:46:45.584Z</when>
<when>2025-02-05T15:46:48.584Z</when>
<when>2025-02-05T15:46:51.584Z</when>
<when>2025-02-05T15:46:54.584Z</when>
<when>2025-02-05T15:46:57.584Z</when>
<when>2025-02-05T15:47:00.584Z</when>
<when>2025-02-05T15:47:03.584Z</when>
<when>2025-02-05T15:47:06.584Z</when>
<when>2025-02-05T15:47:09.583Z</when>
<when>2025-02-05T15:47:12.584Z</when>
<when>2025-02-05T15:47:15.584Z</when>
<when>2025-02-05T15:47:18.584Z</when>
<when>2025-02-05T15:47:21.584Z</when>
<when>2025-02-05T15:47:24.478Z</when>
<when>2025-02-05T15:47:27.584Z</when>
<when>2025-02-05T15:47:30.584Z</when>
<when>2025-02-05T15:47:33.386Z</when>
<when>2025-02-05T15:47:36.447Z</when>
<when>2025-02-05T15:47:39.584Z</when>
<when>2025-02-05T15:47:42.584Z</when>
<when>2025-02-05T15:47:45.584Z</when>
<when>2025-02-05T15:47:48.449Z</when>
<when>2025-02-05T15:47:51.584Z</when>
<when>2025-02-05T15:47:54.584Z</when>
<when>2025-02-05T15:47:57.584Z</when>
<when>2025-02-05T15:48:00.584Z</when>
<when>2025-02-05T15:48:03.397Z</when>
<when>2025-02-05T15:48:06.584Z</when>
<when>2025-02-05T15:48:09.584Z</when>
<when>2025-02-05T15:48:12.583Z</when>
<when>2025-02-05T15:48:15.583Z</when>
<when>2025-02-05T15:48:18.460Z</when>
<when>2025-02-05T15:48:21.583Z</when>
<when>2025-02-05T15:48:24.583Z</when>
<when>2025-02-05T15:48:27.583Z</when>
<when>2025-02-05T15:48:30.583Z</when>
<when>2025-02-05T15:48:33.583Z</when>
<when>2025-02-05T15:48:36.583Z</when>
<when>2025-02-05T15:48:39.583Z</when>
<when>2025-02-05T15:48:42.583Z</when>
<when>2025-02-05T15:48:45.583Z</when>
<when>2025-02-05T15:48:48.583Z</when>
<when>2025-02-05T15:48:51.583Z</when>
<when>2025-02-05T15:48:54.583Z</when>
<when>2025-02-05T15:48:57.583Z</when>
<when>2025-02-05T15:49:00.583Z</when>
<when>2025-02-05T15:49:03.583Z</when>
<when>2025-02-05T15:49:06.583Z</when>
<when>2025-02-05T15:49:09.583Z</when>
<when>2025-02-05T15:49:12.583Z</when>
<when>2025-02-05T15:49:15.583Z</when>
<when>2025-02-05T15:49:18.583Z</when>
<when>2025-02-05T15:49:21.583Z</when>
<when>2025-02-05T15:49:24.583Z</when>
<when>2025-02-05T15:49:27.583Z</when>
<when>2025-02-05T15:49:30.583Z</when>
<when>2025-02-05T15:49:33.583Z</when>
<when>2025-02-05T15:49:36.583Z</when>
<when>2025-02-05T15:49:39.583Z</when>
<when>2025-02-05T15:49:42.583Z</when>
<when>2025-02-05T15:49:45.583Z</when>
<when>2025-02-05T15:49:48.583Z</when>
<when>2025-02-05T15:49:51.583Z</when>
<when>2025-02-05T15:49:54.583Z</when>
<when>2025-02-05T15:49:57.583Z</when>
<when>2025-02-05T15:50:00.584Z</when>
<when>2025-02-05T15:50:03.583Z</when>
<when>2025-02-05T15:50:06.583Z</when>
<when>2025-02-05T15:50:09.583Z</when>
<when>2025-02-05T15:50:12.583Z</when>
<when>2025-02-05T15:50:15.582Z</when>
<when>2025-02-05T15:50:18.583Z</when>
<when>2025-02-05T15:50:21.583Z</when>
<when>2025-02-05T15:50:24.583Z</when>
<when>2025-02-05T15:50:27.582Z</when>
<when>2025-02-05T15:50:30.583Z</when>
<when>2025-02-05T15:50:33.582Z</when>
<when>2025-02-05T15:50:36.583Z</when>
<when>2025-02-05T15:50:39.386Z</when>
<when>2025-02-05T15:50:42.583Z</when>
<when>2025-02-05T15:50:45.583Z</when>
<when>2025-02-05T15:50:48.498Z</when>
<when>2025-02-05T15:50:51.201Z</when>
<when>2025-02-05T15:50:54.248Z</when>
<when>2025-02-05T15:50:57.583Z</when>
<when>2025-02-05T15:51:00.583Z</when>
<when>2025-02-05T15:51:03.582Z</when>
<when>2025-02-05T15:51:06.583Z</when>
<when>2025-02-05T15:51:09.583Z</when>
<when>2025-02-05T15:51:12.583Z</when>
<when>2025-02-05T15:51:15.582Z</when>
<when>2025-02-05T15:51:18.583Z</when>
<when>2025-02-05T15:51:21.583Z</when>
<when>2025-02-05T15:51:24.582Z</when>
<when>2025-02-05T15:51:27.583Z</when>
<when>2025-02-05T15:51:30.583Z</when>
<when>2025-02-05T15:51:33.583Z</when>
<when>2025-02-05T15:51:36.582Z</when>
<when>2025-02-05T15:51:39.583Z</when>
<when>2025-02-05T15:51:42.586Z</when>
<when>2025-02-05T15:51:45.583Z</when>
<when>2025-02-05T15:51:48.663Z</when>
<when>2025-02-05T15:51:51.582Z</when>
<when>2025-02-05T15:51:54.583Z</when>
<when>2025-02-05T15:51:57.583Z</when>
<when>2025-02-05T15:52:00.583Z</when>
<when>2025-02-05T15:52:03.583Z</when>
<when>2025-02-05T15:52:06.582Z</when>
<when>2025-02-05T15:52:09.616Z</when>
<when>2025-02-05T15:52:12.583Z</when>
<when>2025-02-05T15:52:15.583Z</when>
<when>2025-02-05T15:52:18.583Z</when>
<when>2025-02-05T15:52:21.583Z</when>
<when>2025-02-05T15:52:24.583Z</when>
<when>2025-02-05T15:52:27.583Z</when>
<when>2025-02-05T15:52:30.583Z</when>
<when>2025-02-05T15:52:33.583Z</when>
<when>2025-02-05T15:52:36.583Z</when>
<when>2025-02-05T15:52:39.583Z</when>
<when>2025-02-05T15:52:42.582Z</when>
<when>2025-02-05T15:52:45.583Z</when>
<when>2025-02-05T15:52:48.583Z</when>
<when>2025-02-05T15:52:51.583Z</when>
<when>2025-02-05T15:52:54.583Z</when>
<when>2025-02-05T15:52:57.582Z</when>
<when>2025-02-05T15:53:00.582Z</when>
<when>2025-02-05T15:53:03.582Z</when>
<when>2025-02-05T15:53:06.582Z</when>
<when>2025-02-05T15:53:09.582Z</when>
<when>2025-02-05T15:53:12.582Z</when>
<when>2025-02-05T15:53:15.582Z</when>
<when>2025-02-05T15:53:18.581Z</when>
<when>2025-02-05T15:53:21.582Z</when>
<when>2025-02-05T15:53:24.582Z</when>
<when>2025-02-05T15:53:27.582Z</when>
<when>2025-02-05T15:53:30.582Z</when>
<when>2025-02-05T15:53:33.582Z</when>
<when>2025-02-05T15:53:36.581Z</when>
<when>2025-02-05T15:53:39.582Z</when>
<when>2025-02-05T15:53:42.582Z</when>
<when>2025-02-05T15:53:45.582Z</when>
<when>2025-02-05T15:53:48.582Z</when>
<when>2025-02-05T15:53:51.582Z</when>
<when>2025-02-05T15:53:54.582Z</when>
<when>2025-02-05T15:53:57.582Z</when>
<when>2025-02-05T15:54:00.582Z</when>
<when>2025-02-05T15:54:03.582Z</when>
<when>2025-02-05T15:54:06.582Z</when>
<when>2025-02-05T15:54:09.582Z</when>
<when>2025-02-05T15:54:12.582Z</when>
<when>2025-02-05T15:54:15.582Z</when>
<when>2025-02-05T15:54:18.582Z</when>
<when>2025-02-05T15:54:21.582Z</when>
<when>2025-02-05T15:54:24.582Z</when>
<when>2025-02-05T15:54:27.582Z</when>
<when>2025-02-05T15:54:30.582Z</when>
<when>2025-02-05T15:54:33.582Z</when>
<when>2025-02-05T15:54:36.582Z</when>
<when>2025-02-05T15:54:39.582Z</when>
<when>2025-02-05T15:54:42.582Z</when>
<when>2025-02-05T15:54:45.581Z</when>
<when>2025-02-05T15:54:48.582Z</when>
<when>2025-02-05T15:54:51.582Z</when>
<when>2025-02-05T15:54:54.581Z</when>
<when>2025-02-05T15:54:57.582Z</when>
<when>2025-02-05T15:55:00.582Z</when>
<when>2025-02-05T15:55:03.581Z</when>
<when>2025-02-05T15:55:06.582Z</when>
<when>2025-02-05T15:55:09.582Z</when>
<when>2025-02-05T15:55:14.582Z</when>
<when>2025-02-05T15:55:17.582Z</when>
<when>2025-02-05T15:55:20.581Z</when>
<when>2025-02-05T15:55:23.582Z</when>
<when>2025-02-05T15:55:26.582Z</when>
<when>2025-02-05T15:55:29.582Z</when>
<when>2025-02-05T15:55:32.582Z</when>
<when>2025-02-05T15:55:35.582Z</when>
<when>2025-02-05T15:55:38.582Z</when>
<when>2025-02-05T15:55:41.581Z</when>
<when>2025-02-05T15:55:44.581Z</when>
<when>2025-02-05T15:55:47.582Z</when>
<when>2025-02-05T15:55:50.582Z</when>
<when>2025-02-05T15:55:53.582Z</when>
<when>2025-02-05T15:55:56.582Z</when>
<when>2025-02-05T15:55:59.581Z</when>
<when>2025-02-05T15:56:02.582Z</when>
<when>2025-02-05T15:56:05.582Z</when>
<when>2025-02-05T15:56:08.582Z</when>
<when>2025-02-05T15:56:11.581Z</when>
<when>2025-02-05T15:56:14.582Z</when>
<when>2025-02-05T15:56:17.582Z</when>
<when>2025-02-05T15:56:20.582Z</when>
<when>2025-02-05T15:56:23.582Z</when>
<when>2025-02-05T15:56:26.582Z</when>
<when>2025-02-05T15:56:29.582Z</when>
<when>2025-02-05T15:56:32.582Z</when>
<when>2025-02-05T15:56:35.582Z</when>
<when>2025-02-05T15:56:38.582Z</when>
<when>2025-02-05T15:56:41.582Z</when>
<when>2025-02-05T15:56:44.582Z</when>
<when>2025-02-05T15:56:47.582Z</when>
<when>2025-02-05T15:56:50.582Z</when>
<when>2025-02-05T15:56:53.582Z</when>
<when>2025-02-05T15:56:56.582Z</when>
<when>2025-02-05T15:56:59.582Z</when>
<when>2025-02-05T15:57:02.581Z</when>
<when>2025-02-05T15:57:05.582Z</when>
<when>2025-02-05T15:57:08.582Z</when>
<when>2025-02-05T15:57:11.582Z</when>
<when>2025-02-05T15:57:14.582Z</when>
<when>2025-02-05T15:57:17.582Z</when>
<when>2025-02-05T15:57:20.582Z</when>
<when>2025-02-05T15:57:23.582Z</when>
<when>2025-02-05T15:57:26.581Z</when>
<when>2025-02-05T15:57:29.582Z</when>
<when>2025-02-05T15:57:32.582Z</when>
<when>2025-02-05T15:57:35.582Z</when>
<when>2025-02-05T15:57:38.582Z</when>
<when>2025-02-05T15:57:41.582Z</when>
<when>2025-02-05T15:57:44.582Z</when>
<when>2025-02-05T15:57:47.582Z</when>
<when>2025-02-05T15:57:50.582Z</when>
<when>2025-02-05T15:57:53.581Z</when>
<when>2025-02-05T15:57:56.582Z</when>
<when>2025-02-05T15:57:59.582Z</when>
<when>2025-02-05T15:58:02.582Z</when>
<when>2025-02-05T15:58:05.582Z</when>
<when>2025-02-05T15:58:08.582Z</when>
<when>2025-02-05T15:58:11.581Z</when>
<when>2025-02-05T15:58:14.581Z</when>
<when>2025-02-05T15:58:17.581Z</when>
<when>2025-02-05T15:58:20.579Z</when>
<when>2025-02-05T15:58:23.581Z</when>
<when>2025-02-05T15:58:26.580Z</when>
<when>2025-02-05T15:58:29.581Z</when>
<when>2025-02-05T15:58:32.581Z</when>
<when>2025-02-05T15:58:35.580Z</when>
<when>2025-02-05T15:58:38.581Z</when>
<when>2025-02-05T15:58:41.580Z</when>
<when>2025-02-05T15:58:44.581Z</when>
<when>2025-02-05T15:58:47.581Z</when>
<when>2025-02-05T15:58:50.581Z</when>
<when>2025-02-05T15:58:53.581Z</when>
<when>2025-02-05T15:58:56.581Z</when>
<when>2025-02-05T15:58:59.581Z</when>
<when>2025-02-05T15:59:02.581Z</when>
<when>2025-02-05T15:59:05.581Z</when>
<when>2025-02-05T15:59:08.581Z</when>
<when>2025-02-05T15:59:11.581Z</when>
<when>2025-02-05T15:59:14.581Z</when>
<when>2025-02-05T15:59:17.581Z</when>
<when>2025-02-05T15:59:20.581Z</when>
<when>2025-02-05T15:59:23.581Z</when>
<when>2025-02-05T15:59:26.581Z</when>
<when>2025-02-05T15:59:29.581Z</when>
<when>2025-02-05T15:59:32.581Z</when>
<when>2025-02-05T15:59:35.582Z</when>
<when>2025-02-05T15:59:38.581Z</when>
<when>2025-02-05T15:59:41.581Z</when>
<when>2025-02-05T15:59:44.581Z</when>
<when>2025-02-05T15:59:47.580Z</when>
<when>2025-02-05T15:59:50.580Z</when>
<when>2025-02-05T15:59:53.581Z</when>
<when>2025-02-05T15:59:56.581Z</when>
<when>2025-02-05T15:59:59.581Z</when>
<when>2025-02-05T16:00:02.581Z</when>
<when>2025-02-05T16:00:05.581Z</when>
<when>2025-02-05T16:00:08.580Z</when>
<when>2025-02-05T16:00:11.580Z</when>
<when>2025-02-05T16:00:14.581Z</when>
<when>2025-02-05T16:00:17.581Z</when>
<when>2025-02-05T16:00:20.581Z</when>
<when>2025-02-05T16:00:23.581Z</when>
<when>2025-02-05T16:00:26.581Z</when>
<when>2025-02-05T16:00:29.581Z</when>
<when>2025-02-05T16:00:32.581Z</when>
<when>2025-02-05T16:00:35.580Z</when>
<when>2025-02-05T16:00:38.580Z</when>
<when>2025-02-05T16:00:41.581Z</when>
<when>2025-02-05T16:00:44.581Z</when>
<when>2025-02-05T16:00:47.581Z</when>
<when>2025-02-05T16:00:50.581Z</when>
<when>2025-02-05T16:00:53.581Z</when>
<when>2025-02-05T16:00:56.580Z</when>
<when>2025-02-05T16:00:59.581Z</when>
<when>2025-02-05T16:01:02.581Z</when>
<when>2025-02-05T16:01:05.580Z</when>
<when>2025-02-05T16:01:08.580Z</when>
<when>2025-02-05T16:01:11.581Z</when>
<when>2025-02-05T16:01:14.581Z</when>
<when>2025-02-05T16:01:17.581Z</when>
<when>2025-02-05T16:01:20.581Z</when>
<when>2025-02-05T16:01:23.581Z</when>
<when>2025-02-05T16:01:26.581Z</when>
<when>2025-02-05T16:01:29.581Z</when>
<when>2025-02-05T16:01:32.581Z</when>
<when>2025-02-05T16:01:35.581Z</when>
<when>2025-02-05T16:01:38.581Z</when>
<when>2025-02-05T16:01:41.581Z</when>
<when>2025-02-05T16:01:44.581Z</when>
<when>2025-02-05T16:01:47.581Z</when>
<when>2025-02-05T16:01:50.580Z</when>
<when>2025-02-05T16:01:53.581Z</when>
<when>2025-02-05T16:01:56.581Z</when>
<when>2025-02-05T16:01:59.581Z</when>
<when>2025-02-05T16:02:02.581Z</when>
<when>2025-02-05T16:02:05.581Z</when>
<when>2025-02-05T16:02:08.581Z</when>
<when>2025-02-05T16:02:11.580Z</when>
<when>2025-02-05T16:02:14.581Z</when>
<when>2025-02-05T16:02:17.581Z</when>
<when>2025-02-05T16:02:20.581Z</when>
<when>2025-02-05T16:02:23.581Z</when>
<when>2025-02-05T16:02:26.581Z</when>
<when>2025-02-05T16:02:29.581Z</when>
<when>2025-02-05T16:02:32.581Z</when>
<when>2025-02-05T16:02:35.580Z</when>
<when>2025-02-05T16:02:38.581Z</when>
<when>2025-02-05T16:02:41.581Z</when>
<when>2025-02-05T16:02:44.581Z</when>
<when>2025-02-05T16:02:47.581Z</when>
<when>2025-02-05T16:02:50.357Z</when>
<when>2025-02-05T16:02:53.580Z</when>
<when>2025-02-05T16:02:56.499Z</when>
<when>2025-02-05T16:02:59.581Z</when>
<when>2025-02-05T16:03:02.581Z</when>
<when>2025-02-05T16:03:05.581Z</when>
<when>2025-02-05T16:03:08.581Z</when>
<when>2025-02-05T16:03:11.581Z</when>
<when>2025-02-05T16:03:14.581Z</when>
<when>2025-02-05T16:03:17.581Z</when>
<when>2025-02-05T16:03:20.581Z</when>
<when>2025-02-05T16:03:23.581Z</when>
<when>2025-02-05T16:03:26.581Z</when>
<when>2025-02-05T16:03:29.580Z</when>
<when>2025-02-05T16:03:32.581Z</when>
<when>2025-02-05T16:03:35.581Z</when>
<when>2025-02-05T16:03:38.581Z</when>
<when>2025-02-05T16:03:41.581Z</when>
<when>2025-02-05T16:03:44.580Z</when>
<when>2025-02-05T16:03:47.581Z</when>
<when>2025-02-05T16:03:50.581Z</when>
<when>2025-02-05T16:03:53.581Z</when>
<when>2025-02-05T16:03:56.579Z</when>
<when>2025-02-05T16:03:59.580Z</when>
<when>2025-02-05T16:04:02.580Z</when>
<when>2025-02-05T16:04:05.580Z</when>
<when>2025-02-05T16:04:08.580Z</when>
<when>2025-02-05T16:04:11.580Z</when>
<when>2025-02-05T16:04:14.580Z</when>
<when>2025-02-05T16:04:17.580Z</when>
<when>2025-02-05T16:04:20.580Z</when>
<when>2025-02-05T16:04:23.580Z</when>
<when>2025-02-05T16:04:26.580Z</when>
<when>2025-02-05T16:04:29.579Z</when>
<when>2025-02-05T16:04:32.580Z</when>
<when>2025-02-05T16:04:35.580Z</when>
<when>2025-02-05T16:04:38.580Z</when>
<when>2025-02-05T16:04:41.580Z</when>
<when>2025-02-05T16:04:44.580Z</when>
<when>2025-02-05T16:04:47.580Z</when>
<when>2025-02-05T16:04:50.579Z</when>
<when>2025-02-05T16:04:53.580Z</when>
<when>2025-02-05T16:04:56.580Z</when>
<when>2025-02-05T16:04:59.580Z</when>
<when>2025-02-05T16:05:02.580Z</when>
<when>2025-02-05T16:05:05.579Z</when>
<when>2025-02-05T16:05:08.580Z</when>
<when>2025-02-05T16:05:11.580Z</when>
<when>2025-02-05T16:05:14.579Z</when>
<when>2025-02-05T16:05:17.580Z</when>
<when>2025-02-05T16:05:20.580Z</when>
<when>2025-02-05T16:05:23.579Z</when>
<when>2025-02-05T16:05:26.580Z</when>
<when>2025-02-05T16:05:29.580Z</when>
<when>2025-02-05T16:05:32.580Z</when>
<when>2025-02-05T16:05:35.580Z</when>
<when>2025-02-05T16:05:38.580Z</when>
<when>2025-02-05T16:05:41.580Z</when>
<when>2025-02-05T16:05:44.580Z</when>
<when>2025-02-05T16:05:47.579Z</when>
<when>2025-02-05T16:05:50.580Z</when>
<when>2025-02-05T16:05:53.580Z</when>
<when>2025-02-05T16:05:56.580Z</when>
<when>2025-02-05T16:05:59.580Z</when>
<when>2025-02-05T16:06:02.580Z</when>
<when>2025-02-05T16:06:05.580Z</when>
<when>2025-02-05T16:06:08.580Z</when>
<when>2025-02-05T16:06:11.580Z</when>
<when>2025-02-05T16:06:14.580Z</when>
<when>2025-02-05T16:06:17.580Z</when>
<when>2025-02-05T16:06:20.580Z</when>
<when>2025-02-05T16:06:23.580Z</when>
<when>2025-02-05T16:06:26.580Z</when>
<when>2025-02-05T16:06:29.580Z</when>
<when>2025-02-05T16:06:32.579Z</when>
<when>2025-02-05T16:06:35.580Z</when>
<when>2025-02-05T16:06:38.580Z</when>
<when>2025-02-05T16:06:41.580Z</when>
<when>2025-02-05T16:06:44.580Z</when>
<when>2025-02-05T16:06:47.580Z</when>
<when>2025-02-05T16:06:50.580Z</when>
<when>2025-02-05T16:06:53.580Z</when>
<when>2025-02-05T16:06:56.580Z</when>
<when>2025-02-05T16:06:59.580Z</when>
<when>2025-02-05T16:07:02.580Z</when>
<when>2025-02-05T16:07:05.580Z</when>
<when>2025-02-05T16:07:08.580Z</when>
<when>2025-02-05T16:07:11.580Z</when>
<when>2025-02-05T16:07:14.580Z</when>
<when>2025-02-05T16:07:17.579Z</when>
<when>2025-02-05T16:07:20.579Z</when>
<when>2025-02-05T16:07:23.580Z</when>
<when>2025-02-05T16:07:26.580Z</when>
<when>2025-02-05T16:07:29.580Z</when>
<when>2025-02-05T16:07:32.579Z</when>
<when>2025-02-05T16:07:35.580Z</when>
<when>2025-02-05T16:07:38.580Z</when>
<when>2025-02-05T16:07:41.579Z</when>
<when>2025-02-05T16:07:44.579Z</when>
<when>2025-02-05T16:07:47.580Z</when>
<when>2025-02-05T16:07:50.580Z</when>
<when>2025-02-05T16:07:53.580Z</when>
<when>2025-02-05T16:07:56.580Z</when>
<when>2025-02-05T16:07:59.580Z</when>
<when>2025-02-05T16:08:02.579Z</when>
<when>2025-02-05T16:08:05.580Z</when>
<when>2025-02-05T16:08:08.580Z</when>
<when>2025-02-05T16:08:11.580Z</when>
<when>2025-02-05T16:08:14.580Z</when>
<when>2025-02-05T16:08:17.580Z</when>
<when>2025-02-05T16:08:20.580Z</when>
<when>2025-02-05T16:08:23.580Z</when>
<when>2025-02-05T16:08:26.580Z</when>
<when>2025-02-05T16:08:29.580Z</when>
<when>2025-02-05T16:08:32.580Z</when>
<when>2025-02-05T16:08:35.580Z</when>
<when>2025-02-05T16:08:38.580Z</when>
<when>2025-02-05T16:08:41.580Z</when>
<when>2025-02-05T16:08:44.580Z</when>
<when>2025-02-05T16:08:47.580Z</when>
<when>2025-02-05T16:08:50.580Z</when>
<when>2025-02-05T16:08:53.580Z</when>
<when>2025-02-05T16:08:56.580Z</when>
<when>2025-02-05T16:08:59.579Z</when>
<when>2025-02-05T16:09:02.579Z</when>
<when>2025-02-05T16:09:05.580Z</when>
<when>2025-02-05T16:09:08.579Z</when>
<when>2025-02-05T16:09:11.579Z</when>
<when>2025-02-05T16:09:14.579Z</when>
<when>2025-02-05T16:09:17.579Z</when>
<when>2025-02-05T16:09:20.579Z</when>
<when>2025-02-05T16:09:23.578Z</when>
<when>2025-02-05T16:09:26.579Z</when>
<when>2025-02-05T16:09:29.579Z</when>
<when>2025-02-05T16:09:32.579Z</when>
<when>2025-02-05T16:09:35.579Z</when>
<when>2025-02-05T16:09:38.579Z</when>
<when>2025-02-05T16:09:41.579Z</when>
<when>2025-02-05T16:09:44.579Z</when>
<when>2025-02-05T16:09:47.579Z</when>
<when>2025-02-05T16:09:50.579Z</when>
<when>2025-02-05T16:09:53.579Z</when>
<when>2025-02-05T16:09:56.578Z</when>
<when>2025-02-05T16:09:59.579Z</when>
<when>2025-02-05T16:10:02.578Z</when>
<when>2025-02-05T16:10:05.579Z</when>
<when>2025-02-05T16:10:08.579Z</when>
<when>2025-02-05T16:10:11.579Z</when>
<when>2025-02-05T16:10:14.579Z</when>
<when>2025-02-05T16:10:17.579Z</when>
<when>2025-02-05T16:10:20.578Z</when>
<when>2025-02-05T16:10:23.579Z</when>
<when>2025-02-05T16:10:26.579Z</when>
<when>2025-02-05T16:10:29.579Z</when>
<when>2025-02-05T16:10:32.579Z</when>
<when>2025-02-05T16:10:35.578Z</when>
<when>2025-02-05T16:10:38.579Z</when>
<when>2025-02-05T16:10:41.578Z</when>
<when>2025-02-05T16:10:44.579Z</when>
<when>2025-02-05T16:10:47.579Z</when>
<when>2025-02-05T16:10:50.579Z</when>
<when>2025-02-05T16:10:53.579Z</when>
<when>2025-02-05T16:10:56.579Z</when>
<when>2025-02-05T16:10:59.579Z</when>
<when>2025-02-05T16:11:02.579Z</when>
<when>2025-02-05T16:11:05.579Z</when>
<when>2025-02-05T16:11:08.579Z</when>
<when>2025-02-05T16:11:11.579Z</when>
<when>2025-02-05T16:11:14.579Z</when>
<when>2025-02-05T16:11:17.579Z</when>
<when>2025-02-05T16:11:20.579Z</when>
<when>2025-02-05T16:11:23.579Z</when>
<when>2025-02-05T16:11:26.579Z</when>
<when>2025-02-05T16:11:29.579Z</when>
<when>2025-02-05T16:11:32.579Z</when>
<when>2025-02-05T16:11:35.579Z</when>
<when>2025-02-05T16:11:38.579Z</when>
<when>2025-02-05T16:11:41.579Z</when>
<when>2025-02-05T16:11:44.579Z</when>
<when>2025-02-05T16:11:47.579Z</when>
<when>2025-02-05T16:11:50.578Z</when>
<when>2025-02-05T16:11:53.579Z</when>
<when>2025-02-05T16:11:56.579Z</when>
<when>2025-02-05T16:11:59.579Z</when>
<when>2025-02-05T16:12:02.579Z</when>
<when>2025-02-05T16:12:05.579Z</when>
<when>2025-02-05T16:12:08.579Z</when>
<when>2025-02-05T16:12:11.578Z</when>
<when>2025-02-05T16:12:14.579Z</when>
<when>2025-02-05T16:12:17.579Z</when>
<when>2025-02-05T16:12:20.578Z</when>
<when>2025-02-05T16:12:23.579Z</when>
<when>2025-02-05T16:12:26.579Z</when>
<when>2025-02-05T16:12:29.579Z</when>
<when>2025-02-05T16:12:32.579Z</when>
<when>2025-02-05T16:12:35.579Z</when>
<when>2025-02-05T16:12:38.579Z</when>
<when>2025-02-05T16:12:41.422Z</when>
<when>2025-02-05T16:12:44.579Z</when>
<when>2025-02-05T16:12:47.579Z</when>
<when>2025-02-05T16:12:50.579Z</when>
<when>2025-02-05T16:12:53.579Z</when>
<when>2025-02-05T16:12:56.579Z</when>
<when>2025-02-05T16:12:59.579Z</when>
<when>2025-02-05T16:13:02.579Z</when>
<when>2025-02-05T16:13:05.579Z</when>
<when>2025-02-05T16:13:08.579Z</when>
<when>2025-02-05T16:13:11.579Z</when>
<when>2025-02-05T16:13:14.579Z</when>
<when>2025-02-05T16:13:17.579Z</when>
<when>2025-02-05T16:13:20.579Z</when>
<when>2025-02-05T16:13:23.579Z</when>
<when>2025-02-05T16:13:26.577Z</when>
<when>2025-02-05T16:13:29.579Z</when>
<when>2025-02-05T16:13:32.579Z</when>
<when>2025-02-05T16:13:35.579Z</when>
<when>2025-02-05T16:13:38.579Z</when>
<when>2025-02-05T16:13:41.579Z</when>
<when>2025-02-05T16:13:44.579Z</when>
<when>2025-02-05T16:13:47.579Z</when>
<when>2025-02-05T16:13:50.579Z</when>
<when>2025-02-05T16:13:53.579Z</when>
<when>2025-02-05T16:13:56.579Z</when>
<when>2025-02-05T16:13:59.579Z</when>
<when>2025-02-05T16:14:02.579Z</when>
<when>2025-02-05T16:14:05.579Z</when>
<when>2025-02-05T16:14:08.579Z</when>
<when>2025-02-05T16:14:11.579Z</when>
<when>2025-02-05T16:14:14.579Z</when>
<when>2025-02-05T16:14:17.579Z</when>
<when>2025-02-05T16:14:20.579Z</when>
<when>2025-02-05T16:14:23.579Z</when>
<when>2025-02-05T16:14:26.578Z</when>
<when>2025-02-05T16:14:29.578Z</when>
<when>2025-02-05T16:14:32.578Z</when>
<when>2025-02-05T16:14:35.578Z</when>
<when>2025-02-05T16:14:38.578Z</when>
<when>2025-02-05T16:14:41.578Z</when>
<when>2025-02-05T16:14:44.578Z</when>
<when>2025-02-05T16:14:47.577Z</when>
<when>2025-02-05T16:14:50.578Z</when>
<when>2025-02-05T16:14:53.578Z</when>
<when>2025-02-05T16:14:56.578Z</when>
<when>2025-02-05T16:14:59.578Z</when>
<when>2025-02-05T16:15:02.578Z</when>
<when>2025-02-05T16:15:05.577Z</when>
<when>2025-02-05T16:15:08.578Z</when>
<when>2025-02-05T16:15:11.578Z</when>
<when>2025-02-05T16:15:14.578Z</when>
<when>2025-02-05T16:15:17.578Z</when>
<when>2025-02-05T16:15:20.578Z</when>
<when>2025-02-05T16:15:23.578Z</when>
<when>2025-02-05T16:15:26.578Z</when>
<when>2025-02-05T16:15:29.578Z</when>
<when>2025-02-05T16:15:32.578Z</when>
<when>2025-02-05T16:15:35.578Z</when>
<when>2025-02-05T16:15:38.578Z</when>
<when>2025-02-05T16:15:41.578Z</when>
<when>2025-02-05T16:15:44.498Z</when>
<when>2025-02-05T16:15:47.578Z</when>
<when>2025-02-05T16:15:50.578Z</when>
<when>2025-02-05T16:15:53.600Z</when>
<when>2025-02-05T16:15:56.335Z</when>
<when>2025-02-05T16:15:59.578Z</when>
<when>2025-02-05T16:16:02.578Z</when>
<when>2025-02-05T16:16:05.578Z</when>
<when>2025-02-05T16:16:08.578Z</when>
<when>2025-02-05T16:16:11.578Z</when>
<when>2025-02-05T16:16:14.578Z</when>
<when>2025-02-05T16:16:17.578Z</when>
<when>2025-02-05T16:16:20.578Z</when>
<when>2025-02-05T16:16:23.578Z</when>
<when>2025-02-05T16:16:26.578Z</when>
<when>2025-02-05T16:16:29.578Z</when>
<when>2025-02-05T16:16:32.578Z</when>
<when>2025-02-05T16:16:35.578Z</when>
<when>2025-02-05T16:16:38.578Z</when>
<when>2025-02-05T16:16:41.578Z</when>
<when>2025-02-05T16:16:44.578Z</when>
<when>2025-02-05T16:16:47.578Z</when>
<when>2025-02-05T16:16:50.578Z</when>
<when>2025-02-05T16:16:53.578Z</when>
<when>2025-02-05T16:16:56.578Z</when>
<when>2025-02-05T16:16:59.578Z</when>
<when>2025-02-05T16:17:02.578Z</when>
<when>2025-02-05T16:17:05.578Z</when>
<when>2025-02-05T16:17:08.578Z</when>
<when>2025-02-05T16:17:11.578Z</when>
<when>2025-02-05T16:17:14.578Z</when>
<when>2025-02-05T16:17:17.577Z</when>
<when>2025-02-05T16:17:20.578Z</when>
<when>2025-02-05T16:17:23.578Z</when>
<when>2025-02-05T16:17:26.578Z</when>
<when>2025-02-05T16:17:29.578Z</when>
<when>2025-02-05T16:17:32.578Z</when>
<when>2025-02-05T16:17:35.578Z</when>
<when>2025-02-05T16:17:38.578Z</when>
<when>2025-02-05T16:17:41.577Z</when>
<when>2025-02-05T16:17:44.578Z</when>
<when>2025-02-05T16:17:47.578Z</when>
<when>2025-02-05T16:17:50.578Z</when>
<when>2025-02-05T16:17:53.577Z</when>
<when>2025-02-05T16:17:56.578Z</when>
<when>2025-02-05T16:17:59.578Z</when>
<when>2025-02-05T16:18:02.578Z</when>
<when>2025-02-05T16:18:05.578Z</when>
<when>2025-02-05T16:18:08.578Z</when>
<when>2025-02-05T16:18:11.577Z</when>
<when>2025-02-05T16:18:14.578Z</when>
<when>2025-02-05T16:18:17.578Z</when>
<when>2025-02-05T16:18:20.577Z</when>
<when>2025-02-05T16:18:23.578Z</when>
<when>2025-02-05T16:18:26.578Z</when>
<when>2025-02-05T16:18:29.578Z</when>
<when>2025-02-05T16:18:32.578Z</when>
<when>2025-02-05T16:18:35.578Z</when>
<when>2025-02-05T16:18:38.577Z</when>
<when>2025-02-05T16:18:41.578Z</when>
<when>2025-02-05T16:18:44.578Z</when>
<when>2025-02-05T16:18:47.578Z</when>
<when>2025-02-05T16:18:50.578Z</when>
<when>2025-02-05T16:18:53.577Z</when>
<when>2025-02-05T16:18:56.578Z</when>
<when>2025-02-05T16:18:59.578Z</when>
<when>2025-02-05T16:19:02.579Z</when>
<when>2025-02-05T16:19:05.577Z</when>
<when>2025-02-05T16:19:08.577Z</when>
<when>2025-02-05T16:19:11.577Z</when>
<when>2025-02-05T16:19:14.576Z</when>
<when>2025-02-05T16:19:17.577Z</when>
<when>2025-02-05T16:19:20.577Z</when>
<when>2025-02-05T16:19:23.577Z</when>
<when>2025-02-05T16:19:26.577Z</when>
<when>2025-02-05T16:19:29.577Z</when>
<when>2025-02-05T16:19:32.577Z</when>
<when>2025-02-05T16:19:35.577Z</when>
<when>2025-02-05T16:19:38.577Z</when>
<when>2025-02-05T16:19:41.577Z</when>
<when>2025-02-05T16:19:44.577Z</when>
<when>2025-02-05T16:19:47.577Z</when>
<when>2025-02-05T16:19:50.577Z</when>
<when>2025-02-05T16:19:53.577Z</when>
<when>2025-02-05T16:19:56.577Z</when>
<when>2025-02-05T16:19:59.577Z</when>
<when>2025-02-05T16:20:02.577Z</when>
<when>2025-02-05T16:20:05.577Z</when>
<when>2025-02-05T16:20:08.577Z</when>
<when>2025-02-05T16:20:11.577Z</when>
<when>2025-02-05T16:20:14.577Z</when>
<when>2025-02-05T16:20:17.577Z</when>
<when>2025-02-05T16:20:20.577Z</when>
<when>2025-02-05T16:20:23.577Z</when>
<when>2025-02-05T16:20:26.577Z</when>
<when>2025-02-05T16:20:29.577Z</when>
<when>2025-02-05T16:20:32.577Z</when>
<when>2025-02-05T16:20:35.577Z</when>
<when>2025-02-05T16:20:38.577Z</when>
<when>2025-02-05T16:20:41.577Z</when>
<when>2025-02-05T16:20:44.576Z</when>
<when>2025-02-05T16:20:47.577Z</when>
<when>2025-02-05T16:20:50.577Z</when>
<when>2025-02-05T16:20:53.577Z</when>
<when>2025-02-05T16:20:56.576Z</when>
<when>2025-02-05T16:20:59.577Z</when>
<when>2025-02-05T16:21:02.577Z</when>
<when>2025-02-05T16:21:05.577Z</when>
<when>2025-02-05T16:21:08.577Z</when>
<when>2025-02-05T16:21:11.577Z</when>
<when>2025-02-05T16:21:14.577Z</when>
<when>2025-02-05T16:21:17.576Z</when>
<when>2025-02-05T16:21:20.577Z</when>
<when>2025-02-05T16:21:23.577Z</when>
<when>2025-02-05T16:21:26.577Z</when>
<when>2025-02-05T16:21:29.577Z</when>
<when>2025-02-05T16:21:32.577Z</when>
<when>2025-02-05T16:21:35.577Z</when>
<when>2025-02-05T16:21:38.576Z</when>
<when>2025-02-05T16:21:41.577Z</when>
<when>2025-02-05T16:21:44.577Z</when>
<when>2025-02-05T16:21:47.577Z</when>
<when>2025-02-05T16:21:50.577Z</when>
<when>2025-02-05T16:21:53.577Z</when>
<when>2025-02-05T16:21:56.577Z</when>
<when>2025-02-05T16:21:59.577Z</when>
<when>2025-02-05T16:22:02.577Z</when>
<when>2025-02-05T16:22:05.577Z</when>
<when>2025-02-05T16:22:08.577Z</when>
<when>2025-02-05T16:22:11.577Z</when>
<when>2025-02-05T16:22:14.577Z</when>
<when>2025-02-05T16:22:17.577Z</when>
<when>2025-02-05T16:22:20.577Z</when>
<when>2025-02-05T16:22:23.577Z</when>
<when>2025-02-05T16:22:26.576Z</when>
<when>2025-02-05T16:22:29.577Z</when>
<when>2025-02-05T16:22:32.576Z</when>
<when>2025-02-05T16:22:35.577Z</when>
<when>2025-02-05T16:22:38.577Z</when>
<when>2025-02-05T16:22:41.324Z</when>
<when>2025-02-05T16:22:44.576Z</when>
<when>2025-02-05T16:22:47.577Z</when>
<when>2025-02-05T16:22:50.577Z</when>
<when>2025-02-05T16:22:53.577Z</when>
<when>2025-02-05T16:22:56.388Z</when>
<when>2025-02-05T16:22:59.238Z</when>
<when>2025-02-05T16:23:02.216Z</when>
<when>2025-02-05T16:23:04.939Z</when>
<when>2025-02-05T16:23:07.807Z</when>
<when>2025-02-05T16:23:10.803Z</when>
<when>2025-02-05T16:23:13.956Z</when>
<when>2025-02-05T16:23:17.005Z</when>
<when>2025-02-05T16:23:20.097Z</when>
<when>2025-02-05T16:23:23.577Z</when>
<when>2025-02-05T16:23:26.514Z</when>
<when>2025-02-05T16:23:29.577Z</when>
<when>2025-02-05T16:23:32.576Z</when>
<when>2025-02-05T16:23:35.576Z</when>
<when>2025-02-05T16:23:38.576Z</when>
<when>2025-02-05T16:23:41.576Z</when>
<when>2025-02-05T16:23:44.576Z</when>
<when>2025-02-05T16:23:47.576Z</when>
<when>2025-02-05T16:23:50.576Z</when>
<when>2025-02-05T16:23:53.576Z</when>
<when>2025-02-05T16:23:56.524Z</when>
<when>2025-02-05T16:23:59.403Z</when>
<when>2025-02-05T16:24:02.576Z</when>
<when>2025-02-05T16:24:05.576Z</when>
<when>2025-02-05T16:24:08.496Z</when>
<when>2025-02-05T16:24:11.507Z</when>
<when>2025-02-05T16:24:14.380Z</when>
<when>2025-02-05T16:24:17.377Z</when>
<when>2025-02-05T16:24:20.576Z</when>
<when>2025-02-05T16:24:23.376Z</when>
<when>2025-02-05T16:24:26.461Z</when>
<when>2025-02-05T16:24:29.576Z</when>
<when>2025-02-05T16:24:32.576Z</when>
<when>2025-02-05T16:24:35.576Z</when>
<when>2025-02-05T16:24:38.576Z</when>
<when>2025-02-05T16:24:41.576Z</when>
<when>2025-02-05T16:24:44.580Z</when>
<when>2025-02-05T16:24:47.559Z</when>
<when>2025-02-05T16:24:50.357Z</when>
<when>2025-02-05T16:24:53.576Z</when>
<when>2025-02-05T16:24:56.557Z</when>
<when>2025-02-05T16:24:59.575Z</when>
<when>2025-02-05T16:25:02.576Z</when>
<when>2025-02-05T16:25:05.576Z</when>
<when>2025-02-05T16:25:08.576Z</when>
<when>2025-02-05T16:25:11.360Z</when>
<when>2025-02-05T16:25:14.576Z</when>
<when>2025-02-05T16:25:17.576Z</when>
<when>2025-02-05T16:25:20.576Z</when>
<when>2025-02-05T16:25:23.576Z</when>
<when>2025-02-05T16:25:26.576Z</when>
<when>2025-02-05T16:25:29.585Z</when>
<when>2025-02-05T16:25:32.576Z</when>
<when>2025-02-05T16:25:35.582Z</when>
<when>2025-02-05T16:25:38.322Z</when>
<when>2025-02-05T16:25:41.361Z</when>
<when>2025-02-05T16:25:44.576Z</when>
<when>2025-02-05T16:25:47.576Z</when>
<when>2025-02-05T16:25:50.280Z</when>
<when>2025-02-05T16:25:53.576Z</when>
<when>2025-02-05T16:25:56.576Z</when>
<when>2025-02-05T16:25:59.576Z</when>
<when>2025-02-05T16:26:02.576Z</when>
<when>2025-02-05T16:26:05.576Z</when>
<when>2025-02-05T16:26:08.576Z</when>
<when>2025-02-05T16:26:11.576Z</when>
<when>2025-02-05T16:26:14.465Z</when>
<when>2025-02-05T16:26:17.357Z</when>
<when>2025-02-05T16:26:20.576Z</when>
<when>2025-02-05T16:26:23.576Z</when>
<when>2025-02-05T16:26:26.459Z</when>
<when>2025-02-05T16:26:29.401Z</when>
<when>2025-02-05T16:26:32.609Z</when>
<when>2025-02-05T16:26:35.657Z</when>
<when>2025-02-05T16:26:38.576Z</when>
<when>2025-02-05T16:26:41.642Z</when>
<when>2025-02-05T16:26:44.672Z</when>
<when>2025-02-05T16:26:47.506Z</when>
<when>2025-02-05T16:26:50.656Z</when>
<when>2025-02-05T16:26:53.576Z</when>
<when>2025-02-05T16:26:56.576Z</when>
<when>2025-02-05T16:26:59.576Z</when>
<when>2025-02-05T16:27:02.576Z</when>
<when>2025-02-05T16:27:05.576Z</when>
<when>2025-02-05T16:27:08.576Z</when>
<when>2025-02-05T16:27:11.576Z</when>
<when>2025-02-05T16:27:14.576Z</when>
<when>2025-02-05T16:27:17.576Z</when>
<when>2025-02-05T16:27:20.576Z</when>
<when>2025-02-05T16:27:23.576Z</when>
<when>2025-02-05T16:27:26.576Z</when>
<when>2025-02-05T16:27:29.575Z</when>
<when>2025-02-05T16:27:32.575Z</when>
<when>2025-02-05T16:27:35.394Z</when>
<when>2025-02-05T16:27:38.576Z</when>
<when>2025-02-05T16:27:41.576Z</when>
<when>2025-02-05T16:27:44.575Z</when>
<when>2025-02-05T16:27:47.576Z</when>
<when>2025-02-05T16:27:50.456Z</when>
<when>2025-02-05T16:27:53.576Z</when>
<when>2025-02-05T16:27:56.576Z</when>
<when>2025-02-05T16:27:59.576Z</when>
<when>2025-02-05T16:28:02.576Z</when>
<when>2025-02-05T16:28:05.576Z</when>
<when>2025-02-05T16:28:08.576Z</when>
<when>2025-02-05T16:28:11.575Z</when>
<when>2025-02-05T16:28:14.537Z</when>
<when>2025-02-05T16:28:17.604Z</when>
<when>2025-02-05T16:28:20.576Z</when>
<when>2025-02-05T16:28:23.576Z</when>
<when>2025-02-05T16:28:26.575Z</when>
<when>2025-02-05T16:28:29.575Z</when>
<when>2025-02-05T16:28:32.575Z</when>
<when>2025-02-05T16:28:35.526Z</when>
<when>2025-02-05T16:28:38.481Z</when>
<when>2025-02-05T16:28:41.183Z</when>
<when>2025-02-05T16:28:43.980Z</when>
<when>2025-02-05T16:28:47.143Z</when>
<when>2025-02-05T16:28:50.588Z</when>
<when>2025-02-05T16:28:53.577Z</when>
<when>2025-02-05T16:28:56.575Z</when>
<when>2025-02-05T16:28:59.575Z</when>
<when>2025-02-05T16:29:02.575Z</when>
<when>2025-02-05T16:29:05.575Z</when>
<when>2025-02-05T16:29:08.575Z</when>
<when>2025-02-05T16:29:11.575Z</when>
<when>2025-02-05T16:29:14.575Z</when>
<when>2025-02-05T16:29:17.575Z</when>
<when>2025-02-05T16:29:20.575Z</when>
<when>2025-02-05T16:29:23.575Z</when>
<when>2025-02-05T16:29:26.574Z</when>
<when>2025-02-05T16:29:29.575Z</when>
<when>2025-02-05T16:29:32.575Z</when>
<when>2025-02-05T16:29:35.575Z</when>
<when>2025-02-05T16:29:38.575Z</when>
<when>2025-02-05T16:29:41.575Z</when>
<when>2025-02-05T16:29:44.575Z</when>
<when>2025-02-05T16:29:47.575Z</when>
<when>2025-02-05T16:29:50.578Z</when>
<when>2025-02-05T16:29:53.395Z</when>
<when>2025-02-05T16:29:56.575Z</when>
<when>2025-02-05T16:29:59.575Z</when>
<when>2025-02-05T16:30:02.364Z</when>
<when>2025-02-05T16:30:05.420Z</when>
<when>2025-02-05T16:30:08.574Z</when>
<when>2025-02-05T16:30:11.575Z</when>
<when>2025-02-05T16:30:14.575Z</when>
<when>2025-02-05T16:30:17.575Z</when>
<when>2025-02-05T16:30:20.575Z</when>
<when>2025-02-05T16:30:23.575Z</when>
<when>2025-02-05T16:30:26.575Z</when>
<when>2025-02-05T16:30:29.575Z</when>
<when>2025-02-05T16:30:32.575Z</when>
<when>2025-02-05T16:30:35.575Z</when>
<when>2025-02-05T16:30:38.575Z</when>
<when>2025-02-05T16:30:41.575Z</when>
<when>2025-02-05T16:30:44.575Z</when>
<when>2025-02-05T16:30:47.575Z</when>
<when>2025-02-05T16:30:50.575Z</when>
<when>2025-02-05T16:30:53.575Z</when>
<when>2025-02-05T16:30:56.457Z</when>
<when>2025-02-05T16:30:59.575Z</when>
<when>2025-02-05T16:31:02.574Z</when>
<when>2025-02-05T16:31:05.575Z</when>
<when>2025-02-05T16:31:08.575Z</when>
<when>2025-02-05T16:31:11.574Z</when>
<when>2025-02-05T16:31:14.517Z</when>
<when>2025-02-05T16:31:17.575Z</when>
<when>2025-02-05T16:31:20.575Z</when>
<when>2025-02-05T16:31:23.575Z</when>
<when>2025-02-05T16:31:26.575Z</when>
<when>2025-02-05T16:31:29.575Z</when>
<when>2025-02-05T16:31:32.575Z</when>
<when>2025-02-05T16:31:35.575Z</when>
<when>2025-02-05T16:31:38.575Z</when>
<when>2025-02-05T16:31:41.575Z</when>
<when>2025-02-05T16:31:44.575Z</when>
<when>2025-02-05T16:31:47.575Z</when>
<when>2025-02-05T16:31:50.575Z</when>
<when>2025-02-05T16:31:53.575Z</when>
<when>2025-02-05T16:31:56.613Z</when>
<when>2025-02-05T16:31:59.622Z</when>
<when>2025-02-05T16:32:02.575Z</when>
<when>2025-02-05T16:32:05.647Z</when>
<when>2025-02-05T16:32:08.628Z</when>
<when>2025-02-05T16:32:11.574Z</when>
<when>2025-02-05T16:32:14.609Z</when>
<when>2025-02-05T16:32:17.437Z</when>
<when>2025-02-05T16:32:20.574Z</when>
<when>2025-02-05T16:32:23.575Z</when>
<when>2025-02-05T16:32:26.574Z</when>
<when>2025-02-05T16:32:29.575Z</when>
<when>2025-02-05T16:32:32.575Z</when>
<when>2025-02-05T16:32:35.575Z</when>
<when>2025-02-05T16:32:38.575Z</when>
<when>2025-02-05T16:32:41.575Z</when>
<when>2025-02-05T16:32:44.575Z</when>
<when>2025-02-05T16:32:47.575Z</when>
<when>2025-02-05T16:32:50.575Z</when>
<when>2025-02-05T16:32:53.575Z</when>
<when>2025-02-05T16:32:56.575Z</when>
<when>2025-02-05T16:32:59.575Z</when>
<when>2025-02-05T16:33:02.575Z</when>
<when>2025-02-05T16:33:05.575Z</when>
<when>2025-02-05T16:33:08.575Z</when>
<when>2025-02-05T16:33:11.575Z</when>
<when>2025-02-05T16:33:14.575Z</when>
<when>2025-02-05T16:33:17.575Z</when>
<when>2025-02-05T16:33:20.574Z</when>
<when>2025-02-05T16:33:23.575Z</when>
<when>2025-02-05T16:33:26.575Z</when>
<when>2025-02-05T16:33:29.575Z</when>
<when>2025-02-05T16:33:32.575Z</when>
<when>2025-02-05T16:33:35.575Z</when>
<when>2025-02-05T16:33:38.573Z</when>
<when>2025-02-05T16:33:41.575Z</when>
<when>2025-02-05T16:33:44.575Z</when>
<when>2025-02-05T16:33:47.575Z</when>
<when>2025-02-05T16:33:50.575Z</when>
<when>2025-02-05T16:33:53.575Z</when>
<when>2025-02-05T16:33:56.575Z</when>
<when>2025-02-05T16:33:59.575Z</when>
<when>2025-02-05T16:34:02.573Z</when>
<when>2025-02-05T16:34:05.574Z</when>
<when>2025-02-05T16:34:08.574Z</when>
<when>2025-02-05T16:34:11.574Z</when>
<when>2025-02-05T16:34:14.574Z</when>
<when>2025-02-05T16:34:17.574Z</when>
<when>2025-02-05T16:34:20.541Z</when>
<when>2025-02-05T16:34:23.574Z</when>
<when>2025-02-05T16:34:26.574Z</when>
<when>2025-02-05T16:34:29.574Z</when>
<when>2025-02-05T16:34:32.580Z</when>
<when>2025-02-05T16:34:33.954Z</when>
<when>2025-02-05T16:34:35.574Z</when>
<when>2025-02-05T16:34:36.574Z</when>
<when>2025-02-05T16:34:37.574Z</when>
<when>2025-02-05T16:34:38.573Z</when>
<when>2025-02-05T16:34:39.574Z</when>
<when>2025-02-05T16:34:40.574Z</when>
<when>2025-02-05T16:34:41.574Z</when>
<when>2025-02-05T16:34:42.574Z</when>
<when>2025-02-05T16:34:43.574Z</when>
<when>2025-02-05T16:34:44.574Z</when>
<when>2025-02-05T16:34:45.574Z</when>
<when>2025-02-05T16:34:46.574Z</when>
<when>2025-02-05T16:34:47.574Z</when>
<when>2025-02-05T16:34:48.574Z</when>
<when>2025-02-05T16:34:49.574Z</when>
<when>2025-02-05T16:34:50.597Z</when>
<when>2025-02-05T16:34:51.574Z</when>
<when>2025-02-05T16:34:52.573Z</when>
<when>2025-02-05T16:34:53.574Z</when>
<when>2025-02-05T16:34:54.574Z</when>
<when>2025-02-05T16:34:55.573Z</when>
<when>2025-02-05T16:34:56.574Z</when>
<when>2025-02-05T16:34:57.574Z</when>
<when>2025-02-05T16:34:58.574Z</when>
<when>2025-02-05T16:34:59.574Z</when>
<when>2025-02-05T16:35:00.476Z</when>
<when>2025-02-05T16:35:01.574Z</when>
<when>2025-02-05T16:35:02.574Z</when>
<when>2025-02-05T16:35:03.574Z</when>
<when>2025-02-05T16:35:04.574Z</when>
<when>2025-02-05T16:35:05.574Z</when>
<when>2025-02-05T16:35:06.574Z</when>
<when>2025-02-05T16:35:07.594Z</when>
<when>2025-02-05T16:35:08.573Z</when>
<when>2025-02-05T16:35:09.559Z</when>
<when>2025-02-05T16:35:10.574Z</when>
<when>2025-02-05T16:35:11.574Z</when>
<when>2025-02-05T16:35:12.573Z</when>
<when>2025-02-05T16:35:13.556Z</when>
<when>2025-02-05T16:35:14.574Z</when>
<when>2025-02-05T16:35:15.574Z</when>
<when>2025-02-05T16:35:16.573Z</when>
<when>2025-02-05T16:35:17.478Z</when>
<when>2025-02-05T16:35:18.393Z</when>
<when>2025-02-05T16:35:19.574Z</when>
<when>2025-02-05T16:35:20.574Z</when>
<when>2025-02-05T16:35:21.574Z</when>
<when>2025-02-05T16:35:22.481Z</when>
<when>2025-02-05T16:35:23.574Z</when>
<when>2025-02-05T16:35:24.574Z</when>
<when>2025-02-05T16:35:25.574Z</when>
<when>2025-02-05T16:35:26.573Z</when>
<when>2025-02-05T16:35:27.494Z</when>
<when>2025-02-05T16:35:28.574Z</when>
<when>2025-02-05T16:35:29.574Z</when>
<when>2025-02-05T16:35:30.574Z</when>
<when>2025-02-05T16:35:31.557Z</when>
<when>2025-02-05T16:35:32.481Z</when>
<when>2025-02-05T16:35:33.574Z</when>
<when>2025-02-05T16:35:34.574Z</when>
<when>2025-02-05T16:35:35.574Z</when>
<when>2025-02-05T16:35:36.573Z</when>
<when>2025-02-05T16:35:37.574Z</when>
<when>2025-02-05T16:35:38.574Z</when>
<when>2025-02-05T16:35:39.574Z</when>
<when>2025-02-05T16:35:40.574Z</when>
<when>2025-02-05T16:35:41.574Z</when>
<when>2025-02-05T16:35:42.481Z</when>
<when>2025-02-05T16:35:43.574Z</when>
<when>2025-02-05T16:35:44.574Z</when>
<when>2025-02-05T16:35:45.574Z</when>
<when>2025-02-05T16:35:46.574Z</when>
<when>2025-02-05T16:35:47.574Z</when>
<when>2025-02-05T16:35:48.574Z</when>
<when>2025-02-05T16:35:49.574Z</when>
<when>2025-02-05T16:35:50.574Z</when>
<when>2025-02-05T16:35:51.573Z</when>
<when>2025-02-05T16:35:52.574Z</when>
<when>2025-02-05T16:35:53.574Z</when>
<when>2025-02-05T16:35:54.533Z</when>
<when>2025-02-05T16:35:55.574Z</when>
<when>2025-02-05T16:35:56.574Z</when>
<when>2025-02-05T16:35:57.574Z</when>
<when>2025-02-05T16:35:58.574Z</when>
<when>2025-02-05T16:35:59.574Z</when>
<when>2025-02-05T16:36:00.574Z</when>
<when>2025-02-05T16:36:01.574Z</when>
<when>2025-02-05T16:36:02.574Z</when>
<when>2025-02-05T16:36:03.557Z</when>
<when>2025-02-05T16:36:04.574Z</when>
<when>2025-02-05T16:36:05.574Z</when>
<when>2025-02-05T16:36:06.574Z</when>
<when>2025-02-05T16:36:07.574Z</when>
<when>2025-02-05T16:36:08.574Z</when>
<when>2025-02-05T16:36:09.478Z</when>
<when>2025-02-05T16:36:10.574Z</when>
<when>2025-02-05T16:36:11.574Z</when>
<when>2025-02-05T16:36:12.557Z</when>
<when>2025-02-05T16:36:13.574Z</when>
<when>2025-02-05T16:36:14.574Z</when>
<when>2025-02-05T16:36:15.573Z</when>
<when>2025-02-05T16:36:16.574Z</when>
<when>2025-02-05T16:36:17.574Z</when>
<when>2025-02-05T16:36:18.574Z</when>
<when>2025-02-05T16:36:19.595Z</when>
<when>2025-02-05T16:36:20.574Z</when>
<when>2025-02-05T16:36:21.574Z</when>
<when>2025-02-05T16:36:22.574Z</when>
<when>2025-02-05T16:36:23.574Z</when>
<when>2025-02-05T16:36:24.574Z</when>
<when>2025-02-05T16:36:25.574Z</when>
<when>2025-02-05T16:36:26.535Z</when>
<when>2025-02-05T16:36:27.574Z</when>
<when>2025-02-05T16:36:28.573Z</when>
<when>2025-02-05T16:36:33.574Z</when>
<when>2025-02-05T16:36:36.574Z</when>
<when>2025-02-05T16:36:40.019Z</when>
<when>2025-02-05T16:36:43.037Z</when>
<when>2025-02-05T16:36:46.419Z</when>
<when>2025-02-05T16:36:49.381Z</when>
<when>2025-02-05T16:36:52.574Z</when>
<when>2025-02-05T16:36:55.784Z</when>
<when>2025-02-05T16:36:58.574Z</when>
<when>2025-02-05T16:37:01.540Z</when>
<when>2025-02-05T16:37:04.574Z</when>
<when>2025-02-05T16:37:07.312Z</when>
<when>2025-02-05T16:37:10.574Z</when>
<when>2025-02-05T16:37:14.574Z</when>
<when>2025-02-05T16:37:17.898Z</when>
<when>2025-02-05T16:37:22.574Z</when>
<when>2025-02-05T16:37:26.573Z</when>
<when>2025-02-05T16:37:30.574Z</when>
<when>2025-02-05T16:37:34.574Z</when>
<when>2025-02-05T16:37:38.574Z</when>
<when>2025-02-05T16:37:42.574Z</when>
<when>2025-02-05T16:37:46.574Z</when>
<when>2025-02-05T16:37:50.574Z</when>
<when>2025-02-05T16:37:54.573Z</when>
<when>2025-02-05T16:37:58.574Z</when>
<when>2025-02-05T16:38:01.443Z</when>
<when>2025-02-05T16:38:02.805Z</when>
<when>2025-02-05T16:38:04.554Z</when>
<when>2025-02-05T16:38:05.575Z</when>
<when>2025-02-05T16:38:06.575Z</when>
<when>2025-02-05T16:38:07.575Z</when>
<when>2025-02-05T16:38:08.575Z</when>
<when>2025-02-05T16:38:09.574Z</when>
<when>2025-02-05T16:38:10.548Z</when>
<when>2025-02-05T16:38:11.449Z</when>
<when>2025-02-05T16:38:12.574Z</when>
<when>2025-02-05T16:38:13.575Z</when>
<when>2025-02-05T16:38:14.575Z</when>
<when>2025-02-05T16:38:15.575Z</when>
<when>2025-02-05T16:38:16.575Z</when>
<when>2025-02-05T16:38:17.575Z</when>
<when>2025-02-05T16:38:18.520Z</when>
<when>2025-02-05T16:38:19.546Z</when>
<when>2025-02-05T16:38:20.575Z</when>
<when>2025-02-05T16:38:21.574Z</when>
<when>2025-02-05T16:38:22.575Z</when>
<when>2025-02-05T16:38:23.575Z</when>
<when>2025-02-05T16:38:24.575Z</when>
<when>2025-02-05T16:38:25.486Z</when>
<when>2025-02-05T16:38:26.501Z</when>
<when>2025-02-05T16:38:27.528Z</when>
<when>2025-02-05T16:38:28.575Z</when>
<when>2025-02-05T16:38:29.521Z</when>
<when>2025-02-05T16:38:30.575Z</when>
<when>2025-02-05T16:38:31.575Z</when>
<when>2025-02-05T16:38:32.575Z</when>
<when>2025-02-05T16:38:33.548Z</when>
<when>2025-02-05T16:38:34.574Z</when>
<when>2025-02-05T16:38:35.574Z</when>
<when>2025-02-05T16:38:36.574Z</when>
<when>2025-02-05T16:38:37.574Z</when>
<when>2025-02-05T16:38:38.573Z</when>
<when>2025-02-05T16:38:39.574Z</when>
<when>2025-02-05T16:38:40.574Z</when>
<when>2025-02-05T16:38:41.574Z</when>
<when>2025-02-05T16:38:42.574Z</when>
<when>2025-02-05T16:38:43.574Z</when>
<when>2025-02-05T16:38:44.574Z</when>
<when>2025-02-05T16:38:45.483Z</when>
<when>2025-02-05T16:38:46.574Z</when>
<when>2025-02-05T16:38:47.574Z</when>
<when>2025-02-05T16:38:48.574Z</when>
<when>2025-02-05T16:38:49.574Z</when>
<when>2025-02-05T16:38:50.561Z</when>
<when>2025-02-05T16:38:51.574Z</when>
<when>2025-02-05T16:38:52.574Z</when>
<when>2025-02-05T16:38:53.574Z</when>
<when>2025-02-05T16:38:54.574Z</when>
<when>2025-02-05T16:38:55.574Z</when>
<when>2025-02-05T16:38:56.574Z</when>
<when>2025-02-05T16:38:57.574Z</when>
<when>2025-02-05T16:38:58.574Z</when>
<when>2025-02-05T16:38:59.574Z</when>
<when>2025-02-05T16:39:00.584Z</when>
<when>2025-02-05T16:39:01.574Z</when>
<when>2025-02-05T16:39:02.574Z</when>
<when>2025-02-05T16:39:03.574Z</when>
<when>2025-02-05T16:39:04.574Z</when>
<when>2025-02-05T16:39:05.574Z</when>
<when>2025-02-05T16:39:06.574Z</when>
<when>2025-02-05T16:39:07.574Z</when>
<when>2025-02-05T16:39:08.574Z</when>
<when>2025-02-05T16:39:09.574Z</when>
<when>2025-02-05T16:39:10.574Z</when>
<when>2025-02-05T16:39:11.574Z</when>
<when>2025-02-05T16:39:12.574Z</when>
<when>2025-02-05T16:39:13.574Z</when>
<when>2025-02-05T16:39:14.574Z</when>
<when>2025-02-05T16:39:15.574Z</when>
<when>2025-02-05T16:39:16.574Z</when>
<when>2025-02-05T16:39:17.587Z</when>
<when>2025-02-05T16:39:18.621Z</when>
<when>2025-02-05T16:39:19.574Z</when>
<when>2025-02-05T16:39:22.574Z</when>
<when>2025-02-05T16:39:26.575Z</when>
<when>2025-02-05T16:39:29.488Z</when>
<when>2025-02-05T16:39:32.574Z</when>
<when>2025-02-05T16:39:36.574Z</when>
<when>2025-02-05T16:39:40.574Z</when>
<when>2025-02-05T16:39:44.056Z</when>
<when>2025-02-05T16:39:47.276Z</when>
<when>2025-02-05T16:39:50.574Z</when>
<when>2025-02-05T16:39:54.574Z</when>
<when>2025-02-05T16:39:58.574Z</when>
<when>2025-02-05T16:40:02.573Z</when>
<when>2025-02-05T16:40:04.574Z</when>
<when>2025-02-05T16:40:05.574Z</when>
<when>2025-02-05T16:40:06.573Z</when>
<when>2025-02-05T16:40:07.574Z</when>
<when>2025-02-05T16:40:08.574Z</when>
<when>2025-02-05T16:40:09.574Z</when>
<when>2025-02-05T16:40:10.574Z</when>
<when>2025-02-05T16:40:11.574Z</when>
<when>2025-02-05T16:40:12.574Z</when>
<when>2025-02-05T16:40:13.574Z</when>
<when>2025-02-05T16:40:14.574Z</when>
<when>2025-02-05T16:40:15.573Z</when>
<when>2025-02-05T16:40:16.574Z</when>
<when>2025-02-05T16:40:17.574Z</when>
<when>2025-02-05T16:40:18.574Z</when>
<when>2025-02-05T16:40:19.574Z</when>
<when>2025-02-05T16:40:20.574Z</when>
<when>2025-02-05T16:40:21.574Z</when>
<when>2025-02-05T16:40:22.574Z</when>
<when>2025-02-05T16:40:23.574Z</when>
<when>2025-02-05T16:40:24.574Z</when>
<when>2025-02-05T16:40:25.574Z</when>
<when>2025-02-05T16:40:26.574Z</when>
<when>2025-02-05T16:40:27.574Z</when>
<when>2025-02-05T16:40:28.573Z</when>
<when>2025-02-05T16:40:29.574Z</when>
<when>2025-02-05T16:40:30.574Z</when>
<when>2025-02-05T16:40:31.574Z</when>
<when>2025-02-05T16:40:32.574Z</when>
<when>2025-02-05T16:40:33.574Z</when>
<when>2025-02-05T16:40:34.574Z</when>
<when>2025-02-05T16:40:35.574Z</when>
<when>2025-02-05T16:40:36.574Z</when>
<when>2025-02-05T16:40:37.573Z</when>
<when>2025-02-05T16:40:38.572Z</when>
<when>2025-02-05T16:40:39.574Z</when>
<when>2025-02-05T16:40:40.574Z</when>
<when>2025-02-05T16:40:41.574Z</when>
<when>2025-02-05T16:40:42.574Z</when>
<when>2025-02-05T16:40:43.574Z</when>
<when>2025-02-05T16:40:44.574Z</when>
<when>2025-02-05T16:40:45.574Z</when>
<when>2025-02-05T16:40:46.574Z</when>
<when>2025-02-05T16:40:47.574Z</when>
<when>2025-02-05T16:40:48.574Z</when>
<when>2025-02-05T16:40:49.574Z</when>
<when>2025-02-05T16:40:50.574Z</when>
<when>2025-02-05T16:40:51.574Z</when>
<when>2025-02-05T16:40:52.574Z</when>
<when>2025-02-05T16:40:53.574Z</when>
<when>2025-02-05T16:40:54.574Z</when>
<when>2025-02-05T16:40:55.574Z</when>
<when>2025-02-05T16:40:56.574Z</when>
<when>2025-02-05T16:40:59.486Z</when>
<when>2025-02-05T16:41:02.369Z</when>
<when>2025-02-05T16:41:06.574Z</when>
<when>2025-02-05T16:41:09.574Z</when>
<when>2025-02-05T16:41:12.573Z</when>
<when>2025-02-05T16:41:15.574Z</when>
<when>2025-02-05T16:41:18.574Z</when>
<when>2025-02-05T16:41:21.574Z</when>
<when>2025-02-05T16:41:24.574Z</when>
<when>2025-02-05T16:41:27.613Z</when>
<when>2025-02-05T16:41:30.574Z</when>
<when>2025-02-05T16:41:33.611Z</when>
<when>2025-02-05T16:41:36.574Z</when>
<when>2025-02-05T16:41:39.574Z</when>
<when>2025-02-05T16:41:42.554Z</when>
<when>2025-02-05T16:41:45.574Z</when>
<when>2025-02-05T16:41:48.591Z</when>
<when>2025-02-05T16:41:51.574Z</when>
<when>2025-02-05T16:41:54.574Z</when>
<when>2025-02-05T16:41:57.346Z</when>
<when>2025-02-05T16:42:00.374Z</when>
<when>2025-02-05T16:42:01.906Z</when>
<when>2025-02-05T16:42:03.354Z</when>
<when>2025-02-05T16:42:04.398Z</when>
<when>2025-02-05T16:42:05.573Z</when>
<when>2025-02-05T16:42:06.572Z</when>
<when>2025-02-05T16:42:07.572Z</when>
<gx:coord>-71.894135 -13.545331 3273.6</gx:coord>
<gx:coord>-71.89412 -13.545333 3273.6</gx:coord>
<gx:coord>-71.894104 -13.545335 3273.6</gx:coord>
<gx:coord>-71.8941 -13.545337 3273.6</gx:coord>
<gx:coord>-71.8941 -13.545337 3273.6</gx:coord>
<gx:coord>-71.89408 -13.545336 3273.6</gx:coord>
<gx:coord>-71.89408 -13.545346 3273.6</gx:coord>
<gx:coord>-71.8941 -13.54537 3273.6</gx:coord>
<gx:coord>-71.894005 -13.545404 3272.9001</gx:coord>
<gx:coord>-71.89396 -13.545418 3272.9001</gx:coord>
<gx:coord>-71.89392 -13.54543 3272.8</gx:coord>
<gx:coord>-71.89388 -13.545442 3272.8</gx:coord>
<gx:coord>-71.893845 -13.545446 3272.8</gx:coord>
<gx:coord>-71.8938 -13.545455 3272.8</gx:coord>
<gx:coord>-71.89375 -13.545457 3272.8</gx:coord>
<gx:coord>-71.893715 -13.545464 3272.6</gx:coord>
<gx:coord>-71.893684 -13.54548 3272.6</gx:coord>
<gx:coord>-71.893654 -13.545492 3272.8</gx:coord>
<gx:coord>-71.89362 -13.545512 3272.8</gx:coord>
<gx:coord>-71.893585 -13.545522 3272.8</gx:coord>
<gx:coord>-71.89354 -13.545527 3272.8</gx:coord>
<gx:coord>-71.89348 -13.545551 3272.8</gx:coord>
<gx:coord>-71.89352 -13.545561 3272.8</gx:coord>
<gx:coord>-71.893524 -13.545545 3272.8</gx:coord>
<gx:coord>-71.89353 -13.545545 3272.8</gx:coord>
<gx:coord>-71.89353 -13.545546 3272.8</gx:coord>
<gx:coord>-71.89353 -13.545545 3272.8</gx:coord>
<gx:coord>-71.893524 -13.545547 3272.8</gx:coord>
<gx:coord>-71.893524 -13.545546 3272.8</gx:coord>
<gx:coord>-71.89353 -13.545545 3272.8</gx:coord>
<gx:coord>-71.89353 -13.545544 3272.8</gx:coord>
<gx:coord>-71.89353 -13.545544 3271.1</gx:coord>
<gx:coord>-71.89353 -13.545544 3271.1</gx:coord>
<gx:coord>-71.89353 -13.545544 3271.1</gx:coord>
<gx:coord>-71.89353 -13.545545 3271.1</gx:coord>
<gx:coord>-71.89353 -13.545545 3272.8</gx:coord>
<gx:coord>-71.89353 -13.545543 3272.8</gx:coord>
<gx:coord>-71.89353 -13.545542 3272.8</gx:coord>
<gx:coord>-71.89353 -13.545542 3272.8</gx:coord>
<gx:coord>-71.89353 -13.545543 3272.8</gx:coord>
<gx:coord>-71.89353 -13.545542 3272.8</gx:coord>
<gx:coord>-71.89353 -13.545542 3272.8</gx:coord>
<gx:coord>-71.89353 -13.545542 3272.8</gx:coord>
<gx:coord>-71.89353 -13.545542 3272.8</gx:coord>
<gx:coord>-71.89353 -13.545542 3272.8</gx:coord>
<gx:coord>-71.89353 -13.545542 3272.8</gx:coord>
<gx:coord>-71.89353 -13.545542 3272.8</gx:coord>
<gx:coord>-71.89353 -13.545542 3272.8</gx:coord>
<gx:coord>-71.89353 -13.545542 3272.8</gx:coord>
<gx:coord>-71.89353 -13.545542 3272.8</gx:coord>
<gx:coord>-71.89353 -13.545542 3272.8</gx:coord>
<gx:coord>-71.89353 -13.545542 3272.8</gx:coord>
<gx:coord>-71.89353 -13.545538 3272.8</gx:coord>
<gx:coord>-71.89353 -13.545537 3272.8</gx:coord>
<gx:coord>-71.893524 -13.545537 3272.8</gx:coord>
<gx:coord>-71.893524 -13.545537 3272.8</gx:coord>
<gx:coord>-71.893524 -13.545537 3272.8</gx:coord>
<gx:coord>-71.893524 -13.545537 3272.8</gx:coord>
<gx:coord>-71.893524 -13.545537 3272.8</gx:coord>
<gx:coord>-71.893524 -13.545537 3272.8</gx:coord>
<gx:coord>-71.893524 -13.545537 3272.8</gx:coord>
<gx:coord>-71.893524 -13.545537 3272.8</gx:coord>
<gx:coord>-71.893524 -13.545537 3272.8</gx:coord>
<gx:coord>-71.893524 -13.545537 3272.8</gx:coord>
<gx:coord>-71.893524 -13.545537 3272.8</gx:coord>
<gx:coord>-71.893524 -13.545537 3272.4001</gx:coord>
<gx:coord>-71.893524 -13.545537 3272.4001</gx:coord>
<gx:coord>-71.893524 -13.545537 3272.8</gx:coord>
<gx:coord>-71.893524 -13.545537 3272.8</gx:coord>
<gx:coord>-71.893524 -13.545537 3272.8</gx:coord>
<gx:coord>-71.893524 -13.545537 3272.8</gx:coord>
<gx:coord>-71.893524 -13.545537 3272.8</gx:coord>
<gx:coord>-71.893524 -13.545537 3272.8</gx:coord>
<gx:coord>-71.893524 -13.545537 3272.8</gx:coord>
<gx:coord>-71.893524 -13.545537 3272.8</gx:coord>
<gx:coord>-71.893524 -13.545537 3272.8</gx:coord>
<gx:coord>-71.893524 -13.545537 3272.8</gx:coord>
<gx:coord>-71.893524 -13.545537 3272.8</gx:coord>
<gx:coord>-71.893524 -13.545537 3272.8</gx:coord>
<gx:coord>-71.893524 -13.545536 3272.8</gx:coord>
<gx:coord>-71.893524 -13.545536 3272.8</gx:coord>
<gx:coord>-71.893524 -13.545536 3272.8</gx:coord>
<gx:coord>-71.893524 -13.545536 3272.8</gx:coord>
<gx:coord>-71.893524 -13.545536 3272.8</gx:coord>
<gx:coord>-71.893524 -13.545536 3272.8</gx:coord>
<gx:coord>-71.89354 -13.545522 3272.8</gx:coord>
<gx:coord>-71.893524 -13.545531 3272.8</gx:coord>
<gx:coord>-71.89352 -13.545535 3272.8</gx:coord>
<gx:coord>-71.89352 -13.545534 3272.8</gx:coord>
<gx:coord>-71.89352 -13.545534 3272.8</gx:coord>
<gx:coord>-71.89351 -13.545534 3272.8</gx:coord>
<gx:coord>-71.89351 -13.545534 3272.8</gx:coord>
<gx:coord>-71.89351 -13.545533 3272.8</gx:coord>
<gx:coord>-71.89352 -13.54553 3272.8</gx:coord>
<gx:coord>-71.89352 -13.54553 3272.8</gx:coord>
<gx:coord>-71.89352 -13.54553 3272.8</gx:coord>
<gx:coord>-71.89352 -13.545531 3272.8</gx:coord>
<gx:coord>-71.89352 -13.545531 3272.8</gx:coord>
<gx:coord>-71.89352 -13.545531 3272.8</gx:coord>
<gx:coord>-71.89352 -13.545531 3272.8</gx:coord>
<gx:coord>-71.89352 -13.545531 3272.8</gx:coord>
<gx:coord>-71.89352 -13.545531 3272.5002</gx:coord>
<gx:coord>-71.89352 -13.545531 3272.5002</gx:coord>
<gx:coord>-71.89352 -13.54553 3272.8</gx:coord>
<gx:coord>-71.89351 -13.54553 3272.8</gx:coord>
<gx:coord>-71.89351 -13.54553 3272.8</gx:coord>
<gx:coord>-71.89351 -13.54553 3272.8</gx:coord>
<gx:coord>-71.89351 -13.545536 3272.8</gx:coord>
<gx:coord>-71.89349 -13.54554 3272.8</gx:coord>
<gx:coord>-71.8935 -13.545537 3272.8</gx:coord>
<gx:coord>-71.89345 -13.545536 3272.8</gx:coord>
<gx:coord>-71.89343 -13.54554 3272.4001</gx:coord>
<gx:coord>-71.89342 -13.545542 3271.6</gx:coord>
<gx:coord>-71.8934 -13.545548 3271.6</gx:coord>
<gx:coord>-71.89339 -13.545546 3271.6</gx:coord>
<gx:coord>-71.89338 -13.545553 3272.6</gx:coord>
<gx:coord>-71.89337 -13.545553 3272.4001</gx:coord>
<gx:coord>-71.893364 -13.545552 3272.4001</gx:coord>
<gx:coord>-71.89334 -13.545557 3272.4001</gx:coord>
<gx:coord>-71.89334 -13.545556 3272.4001</gx:coord>
<gx:coord>-71.89334 -13.545563 3272.4001</gx:coord>
<gx:coord>-71.893326 -13.54557 3272.4001</gx:coord>
<gx:coord>-71.89332 -13.545569 3272.4001</gx:coord>
<gx:coord>-71.89331 -13.545568 3272.3</gx:coord>
<gx:coord>-71.8933 -13.5455675 3272.3</gx:coord>
<gx:coord>-71.89328 -13.545575 3271.6</gx:coord>
<gx:coord>-71.893265 -13.545584 3271.8</gx:coord>
<gx:coord>-71.893265 -13.545583 3271.8</gx:coord>
<gx:coord>-71.89325 -13.545584 3272.4001</gx:coord>
<gx:coord>-71.89325 -13.545583 3272.4001</gx:coord>
<gx:coord>-71.89324 -13.545586 3272.4001</gx:coord>
<gx:coord>-71.89321 -13.545597 3272.4001</gx:coord>
<gx:coord>-71.89319 -13.545605 3272.4001</gx:coord>
<gx:coord>-71.893166 -13.545622 3271.1</gx:coord>
<gx:coord>-71.893135 -13.545625 3271.1</gx:coord>
<gx:coord>-71.8931 -13.54564 3271.8</gx:coord>
<gx:coord>-71.893074 -13.5456505 3271.8</gx:coord>
<gx:coord>-71.89305 -13.545649 3271.8</gx:coord>
<gx:coord>-71.89306 -13.54565 3271.2002</gx:coord>
<gx:coord>-71.89307 -13.545647 3271.2002</gx:coord>
<gx:coord>-71.89307 -13.545646 3271.1</gx:coord>
<gx:coord>-71.89306 -13.545647 3271.1</gx:coord>
<gx:coord>-71.89307 -13.545648 3271.1</gx:coord>
<gx:coord>-71.893074 -13.545635 3271.8</gx:coord>
<gx:coord>-71.893074 -13.545633 3271.8</gx:coord>
<gx:coord>-71.89307 -13.545639 3271.8</gx:coord>
<gx:coord>-71.89306 -13.545651 3271.1</gx:coord>
<gx:coord>-71.893036 -13.545662 3271.1</gx:coord>
<gx:coord>-71.893005 -13.545653 3271.1</gx:coord>
<gx:coord>-71.89298 -13.545651 3271.1</gx:coord>
<gx:coord>-71.89296 -13.545661 3271.1</gx:coord>
<gx:coord>-71.89293 -13.545668 3271.6</gx:coord>
<gx:coord>-71.89292 -13.545671 3271.6</gx:coord>
<gx:coord>-71.89289 -13.545679 3271.6</gx:coord>
<gx:coord>-71.89287 -13.54568 3271.6</gx:coord>
<gx:coord>-71.89287 -13.545663 3271.6</gx:coord>
<gx:coord>-71.89287 -13.54566 3271.6</gx:coord>
<gx:coord>-71.89286 -13.545655 3271.6</gx:coord>
<gx:coord>-71.892845 -13.545659 3271.8</gx:coord>
<gx:coord>-71.89282 -13.54566 3271.8</gx:coord>
<gx:coord>-71.8928 -13.545665 3271.6</gx:coord>
<gx:coord>-71.8928 -13.545664 3271.6</gx:coord>
<gx:coord>-71.89277 -13.545675 3271.6</gx:coord>
<gx:coord>-71.89273 -13.545689 3272.3</gx:coord>
<gx:coord>-71.89272 -13.545692 3272.3</gx:coord>
<gx:coord>-71.89273 -13.545694 3272.4001</gx:coord>
<gx:coord>-71.89273 -13.545694 3272.4001</gx:coord>
<gx:coord>-71.892715 -13.545698 3272.4001</gx:coord>
<gx:coord>-71.892715 -13.545696 3272.4001</gx:coord>
<gx:coord>-71.892715 -13.545697 3272.4001</gx:coord>
<gx:coord>-71.89271 -13.545699 3272.3</gx:coord>
<gx:coord>-71.89271 -13.545698 3272.6</gx:coord>
<gx:coord>-71.89269 -13.545695 3272.6</gx:coord>
<gx:coord>-71.89269 -13.545696 3272.6</gx:coord>
<gx:coord>-71.89268 -13.545695 3272.6</gx:coord>
<gx:coord>-71.89266 -13.545697 3272.5002</gx:coord>
<gx:coord>-71.892654 -13.5457 3272.5002</gx:coord>
<gx:coord>-71.892654 -13.545704 3272.6</gx:coord>
<gx:coord>-71.89264 -13.545717 3272.6</gx:coord>
<gx:coord>-71.89263 -13.545721 3272.6</gx:coord>
<gx:coord>-71.892624 -13.545724 3272.5002</gx:coord>
<gx:coord>-71.89262 -13.545724 3272.5002</gx:coord>
<gx:coord>-71.8926 -13.545725 3272.5002</gx:coord>
<gx:coord>-71.892586 -13.545725 3272.4001</gx:coord>
<gx:coord>-71.892586 -13.545726 3272.4001</gx:coord>
<gx:coord>-71.89256 -13.545723 3272.4001</gx:coord>
<gx:coord>-71.89255 -13.545704 3272.4001</gx:coord>
<gx:coord>-71.8925 -13.545724 3270.2002</gx:coord>
<gx:coord>-71.89249 -13.545741 3270.2002</gx:coord>
<gx:coord>-71.89249 -13.545767 3272.3</gx:coord>
<gx:coord>-71.89246 -13.545774 3272.3</gx:coord>
<gx:coord>-71.89245 -13.545772 3272.3</gx:coord>
<gx:coord>-71.89243 -13.545773 3271.9001</gx:coord>
<gx:coord>-71.89244 -13.545774 3271.8</gx:coord>
<gx:coord>-71.892426 -13.545772 3271.8</gx:coord>
<gx:coord>-71.89241 -13.5457735 3271.3</gx:coord>
<gx:coord>-71.892395 -13.545779 3271.3</gx:coord>
<gx:coord>-71.89239 -13.545784 3271.8</gx:coord>
<gx:coord>-71.89239 -13.54579 3271.8</gx:coord>
<gx:coord>-71.89239 -13.545791 3271.8</gx:coord>
<gx:coord>-71.89238 -13.545795 3271.8</gx:coord>
<gx:coord>-71.89233 -13.54581 3271.9001</gx:coord>
<gx:coord>-71.89227 -13.545828 3271.9001</gx:coord>
<gx:coord>-71.89225 -13.545819 3271.9001</gx:coord>
<gx:coord>-71.89223 -13.545824 3271.9001</gx:coord>
<gx:coord>-71.89221 -13.545847 3271.9001</gx:coord>
<gx:coord>-71.89221 -13.545853 3271.9001</gx:coord>
<gx:coord>-71.89221 -13.545844 3271.9001</gx:coord>
<gx:coord>-71.89221 -13.54584 3271.9001</gx:coord>
<gx:coord>-71.89221 -13.545842 3271.9001</gx:coord>
<gx:coord>-71.89217 -13.545871 3271.9001</gx:coord>
<gx:coord>-71.89215 -13.545888 3271.9001</gx:coord>
<gx:coord>-71.89214 -13.54589 3271.8</gx:coord>
<gx:coord>-71.89216 -13.545892 3272.3</gx:coord>
<gx:coord>-71.89216 -13.545895 3272.3</gx:coord>
<gx:coord>-71.89215 -13.5458975 3271.8</gx:coord>
<gx:coord>-71.89216 -13.545898 3271.8</gx:coord>
<gx:coord>-71.89215 -13.545899 3271.9001</gx:coord>
<gx:coord>-71.892136 -13.545897 3272.3</gx:coord>
<gx:coord>-71.89212 -13.545899 3272.3</gx:coord>
<gx:coord>-71.8921 -13.545905 3271.8</gx:coord>
<gx:coord>-71.89208 -13.545912 3271.8</gx:coord>
<gx:coord>-71.89208 -13.545913 3272.3</gx:coord>
<gx:coord>-71.89207 -13.5459175 3271.8</gx:coord>
<gx:coord>-71.89207 -13.54592 3271.8</gx:coord>
<gx:coord>-71.89205 -13.545923 3272.3</gx:coord>
<gx:coord>-71.892044 -13.54593 3272.3</gx:coord>
<gx:coord>-71.89204 -13.545929 3272.3</gx:coord>
<gx:coord>-71.89204 -13.545928 3271.6</gx:coord>
<gx:coord>-71.892044 -13.545928 3271.6</gx:coord>
<gx:coord>-71.89202 -13.545929 3271.5002</gx:coord>
<gx:coord>-71.89202 -13.545931 3271.5002</gx:coord>
<gx:coord>-71.89202 -13.545933 3271.5002</gx:coord>
<gx:coord>-71.89204 -13.545939 3271.6</gx:coord>
<gx:coord>-71.89204 -13.54594 3271.6</gx:coord>
<gx:coord>-71.89203 -13.545945 3272.3</gx:coord>
<gx:coord>-71.89202 -13.545938 3272.3</gx:coord>
<gx:coord>-71.89201 -13.545934 3272.3</gx:coord>
<gx:coord>-71.89201 -13.545934 3271.4001</gx:coord>
<gx:coord>-71.89201 -13.545937 3271.4001</gx:coord>
<gx:coord>-71.89199 -13.545945 3271.4001</gx:coord>
<gx:coord>-71.89198 -13.545946 3271.5002</gx:coord>
<gx:coord>-71.89198 -13.545946 3271.5002</gx:coord>
<gx:coord>-71.89198 -13.545948 3271.4001</gx:coord>
<gx:coord>-71.891975 -13.545951 3271.4001</gx:coord>
<gx:coord>-71.89197 -13.545957 3271.4001</gx:coord>
<gx:coord>-71.89196 -13.545961 3271.5002</gx:coord>
<gx:coord>-71.89196 -13.545965 3271.5002</gx:coord>
<gx:coord>-71.89188 -13.545984 3272.3</gx:coord>
<gx:coord>-71.891846 -13.54599 3272.3</gx:coord>
<gx:coord>-71.891846 -13.54599 3272.3</gx:coord>
<gx:coord>-71.891846 -13.545991 3272.3</gx:coord>
<gx:coord>-71.891846 -13.545992 3272.3</gx:coord>
<gx:coord>-71.89184 -13.545995 3272.3</gx:coord>
<gx:coord>-71.891815 -13.5460005 3272.3</gx:coord>
<gx:coord>-71.891785 -13.546007 3271.6</gx:coord>
<gx:coord>-71.89177 -13.54601 3271.6</gx:coord>
<gx:coord>-71.89173 -13.54601 3272.3</gx:coord>
<gx:coord>-71.891716 -13.545999 3272.3</gx:coord>
<gx:coord>-71.891685 -13.546005 3272.3</gx:coord>
<gx:coord>-71.89167 -13.546004 3271.7002</gx:coord>
<gx:coord>-71.89165 -13.546012 3271.7002</gx:coord>
<gx:coord>-71.89165 -13.546019 3271.6</gx:coord>
<gx:coord>-71.89165 -13.546016 3271.6</gx:coord>
<gx:coord>-71.89164 -13.546023 3271.7002</gx:coord>
<gx:coord>-71.89164 -13.546027 3271.7002</gx:coord>
<gx:coord>-71.89164 -13.54603 3271.6</gx:coord>
<gx:coord>-71.89164 -13.546031 3271.6</gx:coord>
<gx:coord>-71.89163 -13.54603 3271.6</gx:coord>
<gx:coord>-71.89163 -13.546028 3271.6</gx:coord>
<gx:coord>-71.89163 -13.546027 3271.6</gx:coord>
<gx:coord>-71.891624 -13.546027 3271.6</gx:coord>
<gx:coord>-71.89163 -13.546028 3271.6</gx:coord>
<gx:coord>-71.89163 -13.546028 3271.6</gx:coord>
<gx:coord>-71.89162 -13.546031 3271.6</gx:coord>
<gx:coord>-71.891624 -13.546029 3271.6</gx:coord>
<gx:coord>-71.89162 -13.546028 3271.7002</gx:coord>
<gx:coord>-71.891624 -13.546012 3271.7002</gx:coord>
<gx:coord>-71.891624 -13.546014 3271.7002</gx:coord>
<gx:coord>-71.891624 -13.546011 3271.7002</gx:coord>
<gx:coord>-71.89162 -13.546019 3271.9001</gx:coord>
<gx:coord>-71.89162 -13.5460205 3271.9001</gx:coord>
<gx:coord>-71.89161 -13.546024 3271.6</gx:coord>
<gx:coord>-71.89161 -13.546023 3271.6</gx:coord>
<gx:coord>-71.89161 -13.546029 3271.6</gx:coord>
<gx:coord>-71.89161 -13.54603 3271.6</gx:coord>
<gx:coord>-71.8916 -13.546032 3271.6</gx:coord>
<gx:coord>-71.89159 -13.546036 3271.6</gx:coord>
<gx:coord>-71.89158 -13.54604 3271.3</gx:coord>
<gx:coord>-71.89158 -13.54604 3271.3</gx:coord>
<gx:coord>-71.89156 -13.546044 3271.3</gx:coord>
<gx:coord>-71.89154 -13.546054 3271.3</gx:coord>
<gx:coord>-71.8915 -13.546067 3271.3</gx:coord>
<gx:coord>-71.89147 -13.546086 3271.3</gx:coord>
<gx:coord>-71.89145 -13.5461 3271.3</gx:coord>
<gx:coord>-71.89142 -13.546109 3271.3</gx:coord>
<gx:coord>-71.89142 -13.546105 3271.3</gx:coord>
<gx:coord>-71.89141 -13.546111 3271.9001</gx:coord>
<gx:coord>-71.891396 -13.546117 3271.9001</gx:coord>
<gx:coord>-71.891396 -13.546115 3271.9001</gx:coord>
<gx:coord>-71.8914 -13.546111 3271.7002</gx:coord>
<gx:coord>-71.8914 -13.54611 3271.7002</gx:coord>
<gx:coord>-71.891396 -13.546118 3271.7002</gx:coord>
<gx:coord>-71.89139 -13.546121 3271.7002</gx:coord>
<gx:coord>-71.89139 -13.546117 3271.7002</gx:coord>
<gx:coord>-71.891396 -13.546116 3272.3</gx:coord>
<gx:coord>-71.89139 -13.546114 3272.3</gx:coord>
<gx:coord>-71.89139 -13.546111 3272.3</gx:coord>
<gx:coord>-71.89139 -13.546138 3271.4001</gx:coord>
<gx:coord>-71.89139 -13.546143 3271.4001</gx:coord>
<gx:coord>-71.89139 -13.546145 3271.4001</gx:coord>
<gx:coord>-71.89139 -13.546153 3271.3</gx:coord>
<gx:coord>-71.89135 -13.54616 3271.6</gx:coord>
<gx:coord>-71.89133 -13.546162 3271.6</gx:coord>
<gx:coord>-71.89133 -13.546161 3271.6</gx:coord>
<gx:coord>-71.89133 -13.546171 3271.4001</gx:coord>
<gx:coord>-71.89133 -13.546173 3271.4001</gx:coord>
<gx:coord>-71.89133 -13.546192 3271.3</gx:coord>
<gx:coord>-71.89132 -13.546217 3271.3</gx:coord>
<gx:coord>-71.89133 -13.546227 3271.3</gx:coord>
<gx:coord>-71.89134 -13.546219 3271.3</gx:coord>
<gx:coord>-71.89135 -13.546224 3271.3</gx:coord>
<gx:coord>-71.89136 -13.546232 3270.4001</gx:coord>
<gx:coord>-71.89136 -13.546233 3271.3</gx:coord>
<gx:coord>-71.89137 -13.546237 3271.3</gx:coord>
<gx:coord>-71.89139 -13.546263 3270.4001</gx:coord>
<gx:coord>-71.891396 -13.546274 3270.3</gx:coord>
<gx:coord>-71.891396 -13.546274 3270.3</gx:coord>
<gx:coord>-71.891396 -13.546274 3270.3</gx:coord>
<gx:coord>-71.891396 -13.546278 3270.2002</gx:coord>
<gx:coord>-71.891396 -13.546278 3270.2002</gx:coord>
<gx:coord>-71.8914 -13.54629 3270.2002</gx:coord>
<gx:coord>-71.89143 -13.546478 3270.3</gx:coord>
<gx:coord>-71.891426 -13.546469 3270.3</gx:coord>
<gx:coord>-71.89143 -13.546537 3270.4001</gx:coord>
<gx:coord>-71.891426 -13.546583 3270.2002</gx:coord>
<gx:coord>-71.89142 -13.546581 3270.2002</gx:coord>
<gx:coord>-71.89141 -13.546584 3270.2002</gx:coord>
<gx:coord>-71.89142 -13.546563 3270.2002</gx:coord>
<gx:coord>-71.89142 -13.546592 3270.4001</gx:coord>
<gx:coord>-71.89142 -13.546582 3270.2002</gx:coord>
<gx:coord>-71.89142 -13.546608 3270.2002</gx:coord>
<gx:coord>-71.89144 -13.546652 3269.8</gx:coord>
<gx:coord>-71.89146 -13.54667 3269.8</gx:coord>
<gx:coord>-71.89147 -13.54669 3269.0002</gx:coord>
<gx:coord>-71.89148 -13.546706 3269.0002</gx:coord>
<gx:coord>-71.891495 -13.546719 3269.0002</gx:coord>
<gx:coord>-71.8915 -13.546672 3268.8</gx:coord>
<gx:coord>-71.89151 -13.546693 3268.8</gx:coord>
<gx:coord>-71.891495 -13.5466585 3269.0002</gx:coord>
<gx:coord>-71.89149 -13.546642 3268.8</gx:coord>
<gx:coord>-71.89149 -13.54664 3268.8</gx:coord>
<gx:coord>-71.89149 -13.546639 3268.8</gx:coord>
<gx:coord>-71.89149 -13.546639 3268.8</gx:coord>
<gx:coord>-71.891495 -13.546637 3268.8</gx:coord>
<gx:coord>-71.891495 -13.546634 3268.8</gx:coord>
<gx:coord>-71.891525 -13.546608 3268.8</gx:coord>
<gx:coord>-71.89154 -13.546606 3268.8</gx:coord>
<gx:coord>-71.89152 -13.546625 3268.8</gx:coord>
<gx:coord>-71.891495 -13.546635 3268.8</gx:coord>
<gx:coord>-71.891495 -13.546637 3268.8</gx:coord>
<gx:coord>-71.891495 -13.5466385 3268.8</gx:coord>
<gx:coord>-71.891495 -13.5466385 3268.8</gx:coord>
<gx:coord>-71.8915 -13.546641 3268.8</gx:coord>
<gx:coord>-71.891495 -13.546644 3268.8</gx:coord>
<gx:coord>-71.891495 -13.546648 3268.8</gx:coord>
<gx:coord>-71.8915 -13.546654 3268.8</gx:coord>
<gx:coord>-71.891495 -13.546653 3268.8</gx:coord>
<gx:coord>-71.8915 -13.546655 3268.8</gx:coord>
<gx:coord>-71.8915 -13.546654 3268.8</gx:coord>
<gx:coord>-71.8915 -13.546654 3268.8</gx:coord>
<gx:coord>-71.89151 -13.546658 3268.8</gx:coord>
<gx:coord>-71.89151 -13.546666 3268.8</gx:coord>
<gx:coord>-71.89152 -13.546682 3268.8</gx:coord>
<gx:coord>-71.891525 -13.546716 3270.4001</gx:coord>
<gx:coord>-71.89154 -13.546746 3270.4001</gx:coord>
<gx:coord>-71.89153 -13.546738 3270.4001</gx:coord>
<gx:coord>-71.89153 -13.54675 3268.8</gx:coord>
<gx:coord>-71.89155 -13.546777 3268.8</gx:coord>
<gx:coord>-71.89155 -13.546762 3268.8</gx:coord>
<gx:coord>-71.89155 -13.546755 3268.8</gx:coord>
<gx:coord>-71.89156 -13.54677 3268.8</gx:coord>
<gx:coord>-71.89157 -13.546776 3270.4001</gx:coord>
<gx:coord>-71.891594 -13.546801 3270.4001</gx:coord>
<gx:coord>-71.8916 -13.546816 3268.8</gx:coord>
<gx:coord>-71.8916 -13.546826 3268.8</gx:coord>
<gx:coord>-71.89163 -13.54689 3268.8</gx:coord>
<gx:coord>-71.891624 -13.546876 3268.8</gx:coord>
<gx:coord>-71.891624 -13.546848 3268.8</gx:coord>
<gx:coord>-71.891624 -13.546852 3268.8</gx:coord>
<gx:coord>-71.891624 -13.54686 3268.8</gx:coord>
<gx:coord>-71.891624 -13.546855 3268.8</gx:coord>
<gx:coord>-71.891624 -13.546853 3269.2002</gx:coord>
<gx:coord>-71.89165 -13.546911 3269.2002</gx:coord>
<gx:coord>-71.891624 -13.546854 3268.8</gx:coord>
<gx:coord>-71.89163 -13.546874 3268.8</gx:coord>
<gx:coord>-71.89164 -13.546913 3268.8</gx:coord>
<gx:coord>-71.89164 -13.546905 3268.8</gx:coord>
<gx:coord>-71.89165 -13.546922 3268.8</gx:coord>
<gx:coord>-71.89166 -13.546938 3265.8</gx:coord>
<gx:coord>-71.891655 -13.54702 3265.8</gx:coord>
<gx:coord>-71.891655 -13.547053 3265.8</gx:coord>
<gx:coord>-71.891655 -13.5470915 3265.8</gx:coord>
<gx:coord>-71.891655 -13.547096 3265.8</gx:coord>
<gx:coord>-71.89166 -13.5471 3265.4001</gx:coord>
<gx:coord>-71.89166 -13.547104 3265.4001</gx:coord>
<gx:coord>-71.89166 -13.547104 3265.5002</gx:coord>
<gx:coord>-71.89166 -13.547107 3265.5002</gx:coord>
<gx:coord>-71.89167 -13.5471115 3265.5002</gx:coord>
<gx:coord>-71.89167 -13.547117 3265.8</gx:coord>
<gx:coord>-71.89172 -13.547167 3265.8</gx:coord>
<gx:coord>-71.89175 -13.547188 3265.8</gx:coord>
<gx:coord>-71.891754 -13.547201 3265.5002</gx:coord>
<gx:coord>-71.89175 -13.547213 3265.9001</gx:coord>
<gx:coord>-71.89175 -13.547214 3265.9001</gx:coord>
<gx:coord>-71.89174 -13.5472145 3265.9001</gx:coord>
<gx:coord>-71.89171 -13.54724 3265.9001</gx:coord>
<gx:coord>-71.89171 -13.547238 3265.9001</gx:coord>
<gx:coord>-71.891716 -13.547243 3265.8</gx:coord>
<gx:coord>-71.89171 -13.547243 3265.8</gx:coord>
<gx:coord>-71.89171 -13.547247 3265.8</gx:coord>
<gx:coord>-71.891716 -13.547261 3265.5002</gx:coord>
<gx:coord>-71.891716 -13.547267 3265.5002</gx:coord>
<gx:coord>-71.89172 -13.54727 3265.5002</gx:coord>
<gx:coord>-71.89174 -13.5473175 3265.9001</gx:coord>
<gx:coord>-71.89174 -13.547317 3265.9001</gx:coord>
<gx:coord>-71.89175 -13.547342 3265.8</gx:coord>
<gx:coord>-71.89178 -13.547403 3265.8</gx:coord>
<gx:coord>-71.8918 -13.547402 3265.8</gx:coord>
<gx:coord>-71.89181 -13.5473995 3265.8</gx:coord>
<gx:coord>-71.891815 -13.547412 3265.8</gx:coord>
<gx:coord>-71.891815 -13.547412 3265.8</gx:coord>
<gx:coord>-71.89182 -13.547418 3265.8</gx:coord>
<gx:coord>-71.89182 -13.547426 3265.8</gx:coord>
<gx:coord>-71.89184 -13.547438 3265.7002</gx:coord>
<gx:coord>-71.89184 -13.547447 3265.7002</gx:coord>
<gx:coord>-71.891846 -13.547447 3265.7002</gx:coord>
<gx:coord>-71.891846 -13.547452 3265.7002</gx:coord>
<gx:coord>-71.89185 -13.547458 3265.7002</gx:coord>
<gx:coord>-71.89186 -13.547469 3265.7002</gx:coord>
<gx:coord>-71.89186 -13.547492 3265.7002</gx:coord>
<gx:coord>-71.89186 -13.547524 3265.7002</gx:coord>
<gx:coord>-71.891884 -13.54758 3266.1</gx:coord>
<gx:coord>-71.891884 -13.547602 3266.1</gx:coord>
<gx:coord>-71.8919 -13.547602 3266.0002</gx:coord>
<gx:coord>-71.8919 -13.547607 3266.0002</gx:coord>
<gx:coord>-71.8919 -13.547613 3266.0002</gx:coord>
<gx:coord>-71.89189 -13.547619 3265.8</gx:coord>
<gx:coord>-71.891884 -13.547627 3265.8</gx:coord>
<gx:coord>-71.891884 -13.547627 3266.1</gx:coord>
<gx:coord>-71.89181 -13.5477085 3266.1</gx:coord>
<gx:coord>-71.89178 -13.54773 3266.1</gx:coord>
<gx:coord>-71.89181 -13.547728 3266.1</gx:coord>
<gx:coord>-71.891785 -13.547749 3266.1</gx:coord>
<gx:coord>-71.89176 -13.547744 3265.5002</gx:coord>
<gx:coord>-71.89176 -13.547747 3265.5002</gx:coord>
<gx:coord>-71.891754 -13.547749 3265.6</gx:coord>
<gx:coord>-71.891754 -13.547751 3265.6</gx:coord>
<gx:coord>-71.89176 -13.547756 3265.6</gx:coord>
<gx:coord>-71.89179 -13.54775 3265.7002</gx:coord>
<gx:coord>-71.89179 -13.5477495 3265.7002</gx:coord>
<gx:coord>-71.8918 -13.547743 3265.7002</gx:coord>
<gx:coord>-71.8918 -13.547741 3265.7002</gx:coord>
<gx:coord>-71.8918 -13.547741 3265.7002</gx:coord>
<gx:coord>-71.89181 -13.547732 3265.7002</gx:coord>
<gx:coord>-71.891815 -13.54772 3265.7002</gx:coord>
<gx:coord>-71.89178 -13.547748 3265.7002</gx:coord>
<gx:coord>-71.89171 -13.54775 3265.5002</gx:coord>
<gx:coord>-71.89165 -13.547757 3265.5002</gx:coord>
<gx:coord>-71.89163 -13.547763 3265.5002</gx:coord>
<gx:coord>-71.89165 -13.547779 3265.5002</gx:coord>
<gx:coord>-71.89162 -13.547781 3265.5002</gx:coord>
<gx:coord>-71.89161 -13.547795 3265.5002</gx:coord>
<gx:coord>-71.89159 -13.547795 3265.5002</gx:coord>
<gx:coord>-71.89157 -13.547784 3265.5002</gx:coord>
<gx:coord>-71.89154 -13.54782 3265.5002</gx:coord>
<gx:coord>-71.891464 -13.547822 3265.5002</gx:coord>
<gx:coord>-71.89143 -13.547821 3265.5002</gx:coord>
<gx:coord>-71.89139 -13.54781 3265.5002</gx:coord>
<gx:coord>-71.89136 -13.547807 3265.5002</gx:coord>
<gx:coord>-71.89132 -13.547814 3265.5002</gx:coord>
<gx:coord>-71.89128 -13.5478325 3265.5002</gx:coord>
<gx:coord>-71.89125 -13.547838 3265.5002</gx:coord>
<gx:coord>-71.89121 -13.547851 3265.5002</gx:coord>
<gx:coord>-71.89119 -13.547866 3265.5002</gx:coord>
<gx:coord>-71.89116 -13.547883 3265.5002</gx:coord>
<gx:coord>-71.89119 -13.547888 3265.5002</gx:coord>
<gx:coord>-71.8912 -13.547883 3265.7002</gx:coord>
<gx:coord>-71.89119 -13.547888 3265.5002</gx:coord>
<gx:coord>-71.89119 -13.5478945 3265.5002</gx:coord>
<gx:coord>-71.89119 -13.5478945 3265.5002</gx:coord>
<gx:coord>-71.89119 -13.547896 3265.5002</gx:coord>
<gx:coord>-71.89116 -13.547912 3265.5002</gx:coord>
<gx:coord>-71.891136 -13.547918 3265.5002</gx:coord>
<gx:coord>-71.89111 -13.54792 3265.5002</gx:coord>
<gx:coord>-71.89108 -13.547926 3265.5002</gx:coord>
<gx:coord>-71.89104 -13.547936 3265.5002</gx:coord>
<gx:coord>-71.89102 -13.547941 3265.5002</gx:coord>
<gx:coord>-71.89099 -13.547948 3265.5002</gx:coord>
<gx:coord>-71.89096 -13.547957 3265.5002</gx:coord>
<gx:coord>-71.890945 -13.547973 3265.5002</gx:coord>
<gx:coord>-71.89092 -13.547988 3265.5002</gx:coord>
<gx:coord>-71.89092 -13.547991 3265.5002</gx:coord>
<gx:coord>-71.89092 -13.547986 3265.5002</gx:coord>
<gx:coord>-71.89093 -13.547985 3265.5002</gx:coord>
<gx:coord>-71.89094 -13.54799 3265.5002</gx:coord>
<gx:coord>-71.89093 -13.547986 3265.5002</gx:coord>
<gx:coord>-71.89093 -13.547983 3265.5002</gx:coord>
<gx:coord>-71.89092 -13.547984 3265.5002</gx:coord>
<gx:coord>-71.89092 -13.547983 3265.5002</gx:coord>
<gx:coord>-71.890915 -13.547984 3265.5002</gx:coord>
<gx:coord>-71.890915 -13.547985 3265.5002</gx:coord>
<gx:coord>-71.89089 -13.547985 3265.5002</gx:coord>
<gx:coord>-71.89087 -13.547972 3267.0002</gx:coord>
<gx:coord>-71.890854 -13.547964 3267.0002</gx:coord>
<gx:coord>-71.89085 -13.547956 3266.7002</gx:coord>
<gx:coord>-71.89083 -13.547938 3266.7002</gx:coord>
<gx:coord>-71.890816 -13.547913 3266.7002</gx:coord>
<gx:coord>-71.89081 -13.547891 3266.7002</gx:coord>
<gx:coord>-71.890816 -13.547891 3266.7002</gx:coord>
<gx:coord>-71.89082 -13.547892 3266.7002</gx:coord>
<gx:coord>-71.890816 -13.54789 3267.0002</gx:coord>
<gx:coord>-71.890816 -13.54789 3268.2002</gx:coord>
<gx:coord>-71.890816 -13.547892 3268.2002</gx:coord>
<gx:coord>-71.89081 -13.547884 3267.0002</gx:coord>
<gx:coord>-71.89081 -13.547886 3267.0002</gx:coord>
<gx:coord>-71.890816 -13.547901 3267.0002</gx:coord>
<gx:coord>-71.890816 -13.547902 3266.5002</gx:coord>
<gx:coord>-71.89081 -13.547904 3266.5002</gx:coord>
<gx:coord>-71.8908 -13.547901 3266.7002</gx:coord>
<gx:coord>-71.89077 -13.547926 3266.7002</gx:coord>
<gx:coord>-71.89079 -13.547926 3266.0002</gx:coord>
<gx:coord>-71.8908 -13.547921 3266.0002</gx:coord>
<gx:coord>-71.89081 -13.54792 3266.0002</gx:coord>
<gx:coord>-71.890816 -13.547921 3266.0002</gx:coord>
<gx:coord>-71.89081 -13.547922 3266.0002</gx:coord>
<gx:coord>-71.890816 -13.547923 3266.0002</gx:coord>
<gx:coord>-71.890816 -13.547915 3267.0002</gx:coord>
<gx:coord>-71.89078 -13.547869 3267.0002</gx:coord>
<gx:coord>-71.890785 -13.547781 3267.0002</gx:coord>
<gx:coord>-71.89075 -13.547777 3267.0002</gx:coord>
<gx:coord>-71.8907 -13.547762 3267.0002</gx:coord>
<gx:coord>-71.890656 -13.547776 3267.0002</gx:coord>
<gx:coord>-71.89063 -13.547785 3267.0002</gx:coord>
<gx:coord>-71.89062 -13.547744 3267.0002</gx:coord>
<gx:coord>-71.89063 -13.547732 3267.0002</gx:coord>
<gx:coord>-71.89064 -13.547731 3267.0002</gx:coord>
<gx:coord>-71.89065 -13.547725 3267.0002</gx:coord>
<gx:coord>-71.89064 -13.547725 3267.0002</gx:coord>
<gx:coord>-71.89063 -13.547718 3267.0002</gx:coord>
<gx:coord>-71.89062 -13.547707 3267.0002</gx:coord>
<gx:coord>-71.89062 -13.547703 3267.0002</gx:coord>
<gx:coord>-71.89062 -13.5477 3267.0002</gx:coord>
<gx:coord>-71.89062 -13.547689 3267.0002</gx:coord>
<gx:coord>-71.89062 -13.547681 3267.0002</gx:coord>
<gx:coord>-71.89062 -13.54767 3267.0002</gx:coord>
<gx:coord>-71.89062 -13.547662 3267.0002</gx:coord>
<gx:coord>-71.89062 -13.54766 3267.0002</gx:coord>
<gx:coord>-71.89062 -13.547657 3267.0002</gx:coord>
<gx:coord>-71.89062 -13.547654 3267.0002</gx:coord>
<gx:coord>-71.89062 -13.547653 3267.0002</gx:coord>
<gx:coord>-71.89061 -13.547646 3267.0002</gx:coord>
<gx:coord>-71.89061 -13.547636 3267.0002</gx:coord>
<gx:coord>-71.8906 -13.547636 3267.0002</gx:coord>
<gx:coord>-71.890594 -13.547613 3267.0002</gx:coord>
<gx:coord>-71.89059 -13.547586 3267.0002</gx:coord>
<gx:coord>-71.89059 -13.547574 3267.5002</gx:coord>
<gx:coord>-71.89059 -13.547563 3267.5002</gx:coord>
<gx:coord>-71.89059 -13.547542 3268.1</gx:coord>
<gx:coord>-71.89059 -13.547524 3268.1</gx:coord>
<gx:coord>-71.89059 -13.547511 3267.9001</gx:coord>
<gx:coord>-71.89058 -13.547478 3267.9001</gx:coord>
<gx:coord>-71.89057 -13.547447 3268.1</gx:coord>
<gx:coord>-71.890564 -13.547441 3268.2002</gx:coord>
<gx:coord>-71.89056 -13.547407 3268.2002</gx:coord>
<gx:coord>-71.89055 -13.547387 3268.1</gx:coord>
<gx:coord>-71.89054 -13.547386 3268.1</gx:coord>
<gx:coord>-71.89055 -13.547383 3268.2002</gx:coord>
<gx:coord>-71.89054 -13.547363 3268.2002</gx:coord>
<gx:coord>-71.89054 -13.547351 3268.2002</gx:coord>
<gx:coord>-71.89054 -13.547364 3268.2002</gx:coord>
<gx:coord>-71.89054 -13.547362 3268.2002</gx:coord>
<gx:coord>-71.89053 -13.547346 3269.2002</gx:coord>
<gx:coord>-71.89053 -13.547345 3269.2002</gx:coord>
<gx:coord>-71.890526 -13.547332 3269.2002</gx:coord>
<gx:coord>-71.89051 -13.547299 3269.2002</gx:coord>
<gx:coord>-71.8905 -13.547276 3269.2002</gx:coord>
<gx:coord>-71.89049 -13.547257 3269.2002</gx:coord>
<gx:coord>-71.89049 -13.547247 3269.2002</gx:coord>
<gx:coord>-71.89048 -13.54724 3268.8</gx:coord>
<gx:coord>-71.89048 -13.547256 3268.8</gx:coord>
<gx:coord>-71.89049 -13.547262 3268.8</gx:coord>
<gx:coord>-71.89049 -13.547263 3268.8</gx:coord>
<gx:coord>-71.89048 -13.547265 3268.8</gx:coord>
<gx:coord>-71.89048 -13.54725 3268.8</gx:coord>
<gx:coord>-71.89048 -13.547239 3270.1</gx:coord>
<gx:coord>-71.89048 -13.547244 3269.2002</gx:coord>
<gx:coord>-71.89049 -13.547244 3269.2002</gx:coord>
<gx:coord>-71.89048 -13.547237 3268.8</gx:coord>
<gx:coord>-71.89048 -13.5472355 3269.2002</gx:coord>
<gx:coord>-71.89048 -13.54723 3269.2002</gx:coord>
<gx:coord>-71.890495 -13.547242 3269.5002</gx:coord>
<gx:coord>-71.890495 -13.547246 3269.5002</gx:coord>
<gx:coord>-71.890495 -13.547246 3269.5002</gx:coord>
<gx:coord>-71.890495 -13.547246 3268.8</gx:coord>
<gx:coord>-71.890495 -13.547248 3268.8</gx:coord>
<gx:coord>-71.890495 -13.547247 3268.2002</gx:coord>
<gx:coord>-71.890495 -13.547247 3268.2002</gx:coord>
<gx:coord>-71.890495 -13.547247 3268.2002</gx:coord>
<gx:coord>-71.890495 -13.547245 3269.2002</gx:coord>
<gx:coord>-71.890495 -13.547243 3269.2002</gx:coord>
<gx:coord>-71.890495 -13.547244 3269.2002</gx:coord>
<gx:coord>-71.890495 -13.547244 3268.2002</gx:coord>
<gx:coord>-71.89048 -13.547229 3268.2002</gx:coord>
<gx:coord>-71.89048 -13.547217 3269.5002</gx:coord>
<gx:coord>-71.89048 -13.547214 3269.5002</gx:coord>
<gx:coord>-71.89048 -13.547202 3269.5002</gx:coord>
<gx:coord>-71.89047 -13.547173 3268.8</gx:coord>
<gx:coord>-71.89047 -13.5471525 3268.8</gx:coord>
<gx:coord>-71.890465 -13.54715 3268.8</gx:coord>
<gx:coord>-71.890465 -13.547149 3268.8</gx:coord>
<gx:coord>-71.890465 -13.547141 3268.8</gx:coord>
<gx:coord>-71.890465 -13.547139 3268.8</gx:coord>
<gx:coord>-71.890465 -13.547137 3268.8</gx:coord>
<gx:coord>-71.89046 -13.547118 3268.8</gx:coord>
<gx:coord>-71.89046 -13.547081 3268.8</gx:coord>
<gx:coord>-71.89046 -13.547052 3268.8</gx:coord>
<gx:coord>-71.89046 -13.5470295 3268.8</gx:coord>
<gx:coord>-71.89044 -13.547012 3269.4001</gx:coord>
<gx:coord>-71.89041 -13.546978 3270.1</gx:coord>
<gx:coord>-71.8904 -13.546973 3270.1</gx:coord>
<gx:coord>-71.8904 -13.546968 3270.1</gx:coord>
<gx:coord>-71.8904 -13.546968 3270.1</gx:coord>
<gx:coord>-71.8904 -13.546971 3269.5002</gx:coord>
<gx:coord>-71.8904 -13.546972 3269.8</gx:coord>
<gx:coord>-71.8904 -13.546966 3269.8</gx:coord>
<gx:coord>-71.89041 -13.546961 3269.5002</gx:coord>
<gx:coord>-71.89042 -13.546958 3269.5002</gx:coord>
<gx:coord>-71.89041 -13.54697 3269.1</gx:coord>
<gx:coord>-71.89041 -13.546971 3269.4001</gx:coord>
<gx:coord>-71.89041 -13.54697 3269.4001</gx:coord>
<gx:coord>-71.89042 -13.546968 3270.1</gx:coord>
<gx:coord>-71.89041 -13.546968 3270.1</gx:coord>
<gx:coord>-71.8904 -13.546955 3270.1</gx:coord>
<gx:coord>-71.890396 -13.546954 3269.8</gx:coord>
<gx:coord>-71.890396 -13.546948 3269.8</gx:coord>
<gx:coord>-71.89039 -13.546949 3269.5002</gx:coord>
<gx:coord>-71.89039 -13.546949 3269.5002</gx:coord>
<gx:coord>-71.89039 -13.546948 3269.5002</gx:coord>
<gx:coord>-71.89039 -13.546948 3269.5002</gx:coord>
<gx:coord>-71.89039 -13.546944 3269.5002</gx:coord>
<gx:coord>-71.89039 -13.546945 3269.5002</gx:coord>
<gx:coord>-71.89039 -13.546944 3269.5002</gx:coord>
<gx:coord>-71.89039 -13.546943 3269.5002</gx:coord>
<gx:coord>-71.89039 -13.546941 3270.1</gx:coord>
<gx:coord>-71.89038 -13.546917 3270.1</gx:coord>
<gx:coord>-71.89039 -13.546929 3269.8</gx:coord>
<gx:coord>-71.89039 -13.546919 3269.8</gx:coord>
<gx:coord>-71.89038 -13.546913 3270.1</gx:coord>
<gx:coord>-71.89037 -13.546903 3270.1</gx:coord>
<gx:coord>-71.89035 -13.546887 3270.1</gx:coord>
<gx:coord>-71.89034 -13.546859 3270.1</gx:coord>
<gx:coord>-71.890335 -13.546822 3270.1</gx:coord>
<gx:coord>-71.89033 -13.546762 3270.6</gx:coord>
<gx:coord>-71.89033 -13.546768 3270.6</gx:coord>
<gx:coord>-71.890335 -13.546761 3270.6</gx:coord>
<gx:coord>-71.89034 -13.546755 3270.6</gx:coord>
<gx:coord>-71.89033 -13.546757 3270.6</gx:coord>
<gx:coord>-71.89032 -13.546759 3270.6</gx:coord>
<gx:coord>-71.89032 -13.546753 3270.6</gx:coord>
<gx:coord>-71.89031 -13.546737 3270.6</gx:coord>
<gx:coord>-71.890305 -13.546719 3270.9001</gx:coord>
<gx:coord>-71.8903 -13.546709 3270.9001</gx:coord>
<gx:coord>-71.8903 -13.546689 3273.2002</gx:coord>
<gx:coord>-71.890274 -13.546636 3273.2002</gx:coord>
<gx:coord>-71.89026 -13.546615 3271.8</gx:coord>
<gx:coord>-71.89025 -13.546607 3270.8</gx:coord>
<gx:coord>-71.89023 -13.546553 3270.8</gx:coord>
<gx:coord>-71.89023 -13.546555 3270.8</gx:coord>
<gx:coord>-71.89023 -13.546564 3270.9001</gx:coord>
<gx:coord>-71.89023 -13.546561 3270.9001</gx:coord>
<gx:coord>-71.89023 -13.546557 3270.9001</gx:coord>
<gx:coord>-71.89023 -13.546559 3270.9001</gx:coord>
<gx:coord>-71.89023 -13.546558 3270.9001</gx:coord>
<gx:coord>-71.89023 -13.546559 3270.9001</gx:coord>
<gx:coord>-71.89024 -13.546561 3270.9001</gx:coord>
<gx:coord>-71.890236 -13.546566 3270.9001</gx:coord>
<gx:coord>-71.89027 -13.546577 3270.9001</gx:coord>
<gx:coord>-71.89027 -13.546579 3270.9001</gx:coord>
<gx:coord>-71.890274 -13.546579 3271.8</gx:coord>
<gx:coord>-71.890274 -13.546579 3271.8</gx:coord>
<gx:coord>-71.89027 -13.546576 3271.8</gx:coord>
<gx:coord>-71.89024 -13.546574 3270.9001</gx:coord>
<gx:coord>-71.89024 -13.54655 3270.9001</gx:coord>
<gx:coord>-71.89024 -13.546566 3270.9001</gx:coord>
<gx:coord>-71.89024 -13.546564 3273.2002</gx:coord>
<gx:coord>-71.89024 -13.546551 3273.2002</gx:coord>
<gx:coord>-71.89024 -13.546538 3273.3</gx:coord>
<gx:coord>-71.890236 -13.546523 3273.3</gx:coord>
<gx:coord>-71.890236 -13.546509 3273.3</gx:coord>
<gx:coord>-71.89023 -13.546489 3273.2002</gx:coord>
<gx:coord>-71.89023 -13.546473 3273.2002</gx:coord>
<gx:coord>-71.890236 -13.546453 3273.5002</gx:coord>
<gx:coord>-71.890205 -13.54643 3273.5002</gx:coord>
<gx:coord>-71.89023 -13.546394 3273.5002</gx:coord>
<gx:coord>-71.890236 -13.546403 3273.5002</gx:coord>
<gx:coord>-71.89023 -13.546411 3273.5002</gx:coord>
<gx:coord>-71.89021 -13.546395 3273.5002</gx:coord>
<gx:coord>-71.89021 -13.546391 3273.5002</gx:coord>
<gx:coord>-71.890205 -13.546383 3273.7002</gx:coord>
<gx:coord>-71.890205 -13.54638 3273.7002</gx:coord>
<gx:coord>-71.890205 -13.546381 3273.7002</gx:coord>
<gx:coord>-71.890205 -13.546375 3273.5002</gx:coord>
<gx:coord>-71.890205 -13.546372 3273.5002</gx:coord>
<gx:coord>-71.890205 -13.546372 3273.5002</gx:coord>
<gx:coord>-71.890205 -13.546372 3273.5002</gx:coord>
<gx:coord>-71.890205 -13.546369 3273.5002</gx:coord>
<gx:coord>-71.8902 -13.546369 3273.5002</gx:coord>
<gx:coord>-71.89019 -13.546373 3273.5002</gx:coord>
<gx:coord>-71.89019 -13.546374 3273.5002</gx:coord>
<gx:coord>-71.8902 -13.546373 3273.2002</gx:coord>
<gx:coord>-71.8902 -13.546373 3273.2002</gx:coord>
<gx:coord>-71.8902 -13.546373 3273.5002</gx:coord>
<gx:coord>-71.8902 -13.546373 3273.5002</gx:coord>
<gx:coord>-71.8902 -13.546373 3273.2002</gx:coord>
<gx:coord>-71.8902 -13.546375 3273.2002</gx:coord>
<gx:coord>-71.8902 -13.546376 3273.5002</gx:coord>
<gx:coord>-71.8902 -13.546376 3273.5002</gx:coord>
<gx:coord>-71.8902 -13.546376 3273.5002</gx:coord>
<gx:coord>-71.8902 -13.546376 3273.5002</gx:coord>
<gx:coord>-71.8902 -13.546376 3273.5002</gx:coord>
<gx:coord>-71.8902 -13.546376 3273.5002</gx:coord>
<gx:coord>-71.8902 -13.546376 3273.5002</gx:coord>
<gx:coord>-71.8902 -13.546376 3273.5002</gx:coord>
<gx:coord>-71.8902 -13.546376 3273.3</gx:coord>
<gx:coord>-71.8902 -13.546376 3273.3</gx:coord>
<gx:coord>-71.8902 -13.546376 3273.3</gx:coord>
<gx:coord>-71.8902 -13.546376 3273.3</gx:coord>
<gx:coord>-71.8902 -13.546376 3273.3</gx:coord>
<gx:coord>-71.8902 -13.546377 3273.3</gx:coord>
<gx:coord>-71.8902 -13.546377 3273.2002</gx:coord>
<gx:coord>-71.8902 -13.546377 3273.2002</gx:coord>
<gx:coord>-71.8902 -13.546377 3273.5002</gx:coord>
<gx:coord>-71.8902 -13.546377 3273.5002</gx:coord>
<gx:coord>-71.8902 -13.546377 3273.5002</gx:coord>
<gx:coord>-71.8902 -13.546377 3273.3</gx:coord>
<gx:coord>-71.8902 -13.546377 3273.3</gx:coord>
<gx:coord>-71.890205 -13.546377 3273.5002</gx:coord>
<gx:coord>-71.89021 -13.546371 3273.5002</gx:coord>
<gx:coord>-71.89021 -13.546375 3273.5002</gx:coord>
<gx:coord>-71.89021 -13.546375 3273.5002</gx:coord>
<gx:coord>-71.89021 -13.546375 3273.5002</gx:coord>
<gx:coord>-71.89021 -13.546375 3273.5002</gx:coord>
<gx:coord>-71.89021 -13.546375 3273.5002</gx:coord>
<gx:coord>-71.89021 -13.546375 3273.5002</gx:coord>
<gx:coord>-71.89022 -13.546374 3273.2002</gx:coord>
<gx:coord>-71.89022 -13.546374 3273.2002</gx:coord>
<gx:coord>-71.89022 -13.546374 3273.2002</gx:coord>
<gx:coord>-71.89022 -13.546374 3273.5002</gx:coord>
<gx:coord>-71.89022 -13.546374 3273.5002</gx:coord>
<gx:coord>-71.89022 -13.546374 3273.5002</gx:coord>
<gx:coord>-71.89022 -13.546374 3273.5002</gx:coord>
<gx:coord>-71.89022 -13.546374 3273.2002</gx:coord>
<gx:coord>-71.89022 -13.546374 3273.2002</gx:coord>
<gx:coord>-71.89022 -13.546374 3273.2002</gx:coord>
<gx:coord>-71.89022 -13.546374 3273.2002</gx:coord>
<gx:coord>-71.89022 -13.546374 3273.2002</gx:coord>
<gx:coord>-71.89022 -13.546374 3273.2002</gx:coord>
<gx:coord>-71.89022 -13.546374 3273.5002</gx:coord>
<gx:coord>-71.89022 -13.546374 3273.5002</gx:coord>
<gx:coord>-71.89022 -13.546374 3273.2002</gx:coord>
<gx:coord>-71.89022 -13.546375 3273.2002</gx:coord>
<gx:coord>-71.89022 -13.546377 3273.2002</gx:coord>
<gx:coord>-71.89022 -13.546376 3270.6</gx:coord>
<gx:coord>-71.89022 -13.546376 3270.6</gx:coord>
<gx:coord>-71.89022 -13.54638 3270.6</gx:coord>
<gx:coord>-71.89022 -13.54638 3270.6</gx:coord>
<gx:coord>-71.89022 -13.54638 3270.8</gx:coord>
<gx:coord>-71.89022 -13.54638 3270.8</gx:coord>
<gx:coord>-71.89022 -13.546378 3270.8</gx:coord>
<gx:coord>-71.89022 -13.546379 3273.2002</gx:coord>
<gx:coord>-71.89022 -13.546379 3273.2002</gx:coord>
<gx:coord>-71.89023 -13.546382 3273.2002</gx:coord>
<gx:coord>-71.89023 -13.546382 3273.2002</gx:coord>
<gx:coord>-71.89023 -13.546383 3270.9001</gx:coord>
<gx:coord>-71.89023 -13.546383 3273.2002</gx:coord>
<gx:coord>-71.89023 -13.546384 3273.2002</gx:coord>
<gx:coord>-71.89023 -13.546384 3273.2002</gx:coord>
<gx:coord>-71.89023 -13.546384 3273.5002</gx:coord>
<gx:coord>-71.89023 -13.546384 3273.5002</gx:coord>
<gx:coord>-71.89023 -13.546384 3270.6</gx:coord>
<gx:coord>-71.89023 -13.546384 3270.6</gx:coord>
<gx:coord>-71.89023 -13.546385 3270.6</gx:coord>
<gx:coord>-71.89023 -13.546385 3270.6</gx:coord>
<gx:coord>-71.89023 -13.546385 3270.6</gx:coord>
<gx:coord>-71.89023 -13.546385 3270.6</gx:coord>
<gx:coord>-71.89023 -13.546385 3273.2002</gx:coord>
<gx:coord>-71.89023 -13.546385 3273.2002</gx:coord>
<gx:coord>-71.89023 -13.546385 3273.3</gx:coord>
<gx:coord>-71.89023 -13.546385 3273.3</gx:coord>
<gx:coord>-71.89023 -13.546385 3273.3</gx:coord>
<gx:coord>-71.89023 -13.546385 3273.5002</gx:coord>
<gx:coord>-71.89023 -13.546385 3273.5002</gx:coord>
<gx:coord>-71.89023 -13.546385 3273.5002</gx:coord>
<gx:coord>-71.89023 -13.546385 3273.5002</gx:coord>
<gx:coord>-71.89023 -13.546385 3273.5002</gx:coord>
<gx:coord>-71.89023 -13.546385 3273.5002</gx:coord>
<gx:coord>-71.89023 -13.546386 3273.5002</gx:coord>
<gx:coord>-71.89023 -13.546386 3273.3</gx:coord>
<gx:coord>-71.89023 -13.546385 3273.3</gx:coord>
<gx:coord>-71.890236 -13.546385 3273.3</gx:coord>
<gx:coord>-71.890236 -13.546386 3273.2002</gx:coord>
<gx:coord>-71.890236 -13.546386 3273.2002</gx:coord>
<gx:coord>-71.890236 -13.546386 3273.5002</gx:coord>
<gx:coord>-71.890236 -13.546387 3273.5002</gx:coord>
<gx:coord>-71.890236 -13.546387 3273.5002</gx:coord>
<gx:coord>-71.890236 -13.546387 3273.2002</gx:coord>
<gx:coord>-71.890236 -13.546387 3273.2002</gx:coord>
<gx:coord>-71.890236 -13.546387 3273.2002</gx:coord>
<gx:coord>-71.890236 -13.546387 3273.2002</gx:coord>
<gx:coord>-71.890236 -13.546387 3273.2002</gx:coord>
<gx:coord>-71.890236 -13.546387 3273.2002</gx:coord>
<gx:coord>-71.890236 -13.546387 3273.2002</gx:coord>
<gx:coord>-71.890236 -13.546387 3273.2002</gx:coord>
<gx:coord>-71.890236 -13.546387 3270.9001</gx:coord>
<gx:coord>-71.890236 -13.546386 3270.9001</gx:coord>
<gx:coord>-71.890236 -13.546386 3273.2002</gx:coord>
<gx:coord>-71.890236 -13.546386 3273.2002</gx:coord>
<gx:coord>-71.890236 -13.546386 3273.2002</gx:coord>
<gx:coord>-71.890236 -13.546386 3273.2002</gx:coord>
<gx:coord>-71.890236 -13.546386 3273.2002</gx:coord>
<gx:coord>-71.890236 -13.546386 3273.2002</gx:coord>
<gx:coord>-71.890236 -13.546386 3273.5002</gx:coord>
<gx:coord>-71.890236 -13.546386 3273.5002</gx:coord>
<gx:coord>-71.890236 -13.546386 3273.5002</gx:coord>
<gx:coord>-71.890236 -13.546386 3273.5002</gx:coord>
<gx:coord>-71.890236 -13.546386 3273.5002</gx:coord>
<gx:coord>-71.890236 -13.546386 3273.5002</gx:coord>
<gx:coord>-71.890236 -13.546386 3273.5002</gx:coord>
<gx:coord>-71.890236 -13.546386 3273.5002</gx:coord>
<gx:coord>-71.890236 -13.546386 3273.5002</gx:coord>
<gx:coord>-71.890236 -13.546386 3273.5002</gx:coord>
<gx:coord>-71.890236 -13.546386 3273.5002</gx:coord>
<gx:coord>-71.890236 -13.546387 3273.5002</gx:coord>
<gx:coord>-71.890236 -13.546387 3273.5002</gx:coord>
<gx:coord>-71.890236 -13.546385 3273.5002</gx:coord>
<gx:coord>-71.890236 -13.546385 3273.5002</gx:coord>
<gx:coord>-71.890236 -13.546385 3273.5002</gx:coord>
<gx:coord>-71.890236 -13.546385 3273.5002</gx:coord>
<gx:coord>-71.89024 -13.546385 3273.5002</gx:coord>
<gx:coord>-71.89024 -13.546385 3273.5002</gx:coord>
<gx:coord>-71.89024 -13.546385 3273.5002</gx:coord>
<gx:coord>-71.89024 -13.546385 3273.5002</gx:coord>
<gx:coord>-71.89024 -13.546385 3273.5002</gx:coord>
<gx:coord>-71.89024 -13.546385 3273.3</gx:coord>
<gx:coord>-71.89024 -13.546385 3273.3</gx:coord>
<gx:coord>-71.89024 -13.546385 3273.2002</gx:coord>
<gx:coord>-71.89024 -13.546386 3273.2002</gx:coord>
<gx:coord>-71.89024 -13.546386 3273.2002</gx:coord>
<gx:coord>-71.89024 -13.546386 3273.3</gx:coord>
<gx:coord>-71.89024 -13.546386 3273.3</gx:coord>
<gx:coord>-71.89024 -13.546386 3273.3</gx:coord>
<gx:coord>-71.89024 -13.546386 3273.2002</gx:coord>
<gx:coord>-71.89024 -13.546386 3273.2002</gx:coord>
<gx:coord>-71.89024 -13.546386 3273.2002</gx:coord>
<gx:coord>-71.89024 -13.546386 3273.2002</gx:coord>
<gx:coord>-71.89024 -13.546386 3273.2002</gx:coord>
<gx:coord>-71.89024 -13.546386 3273.5002</gx:coord>
<gx:coord>-71.89024 -13.546386 3273.5002</gx:coord>
<gx:coord>-71.89024 -13.546386 3273.5002</gx:coord>
<gx:coord>-71.89024 -13.546386 3273.5002</gx:coord>
<gx:coord>-71.89024 -13.546386 3273.5002</gx:coord>
<gx:coord>-71.89024 -13.546386 3273.5002</gx:coord>
<gx:coord>-71.89024 -13.546386 3273.5002</gx:coord>
<gx:coord>-71.89024 -13.546386 3273.5002</gx:coord>
<gx:coord>-71.89024 -13.546386 3273.5002</gx:coord>
<gx:coord>-71.89024 -13.546386 3273.5002</gx:coord>
<gx:coord>-71.89024 -13.546386 3273.2002</gx:coord>
<gx:coord>-71.89024 -13.546386 3273.2002</gx:coord>
<gx:coord>-71.89024 -13.546386 3273.2002</gx:coord>
<gx:coord>-71.89024 -13.546386 3273.8</gx:coord>
<gx:coord>-71.89024 -13.546386 3273.8</gx:coord>
<gx:coord>-71.89024 -13.546386 3273.5002</gx:coord>
<gx:coord>-71.89024 -13.546386 3273.5002</gx:coord>
<gx:coord>-71.89024 -13.546386 3273.5002</gx:coord>
<gx:coord>-71.89024 -13.546386 3273.5002</gx:coord>
<gx:coord>-71.89024 -13.546386 3273.5002</gx:coord>
<gx:coord>-71.89024 -13.546386 3273.5002</gx:coord>
<gx:coord>-71.89024 -13.546386 3273.5002</gx:coord>
<gx:coord>-71.89024 -13.546386 3273.5002</gx:coord>
<gx:coord>-71.89024 -13.546386 3273.5002</gx:coord>
<gx:coord>-71.89024 -13.546386 3273.5002</gx:coord>
<gx:coord>-71.89024 -13.546386 3273.5002</gx:coord>
<gx:coord>-71.89025 -13.546387 3273.5002</gx:coord>
<gx:coord>-71.89025 -13.546387 3273.5002</gx:coord>
<gx:coord>-71.89025 -13.546387 3273.5002</gx:coord>
<gx:coord>-71.89025 -13.546387 3273.5002</gx:coord>
<gx:coord>-71.89025 -13.546387 3273.5002</gx:coord>
<gx:coord>-71.89025 -13.546387 3273.5002</gx:coord>
<gx:coord>-71.89025 -13.546387 3273.5002</gx:coord>
<gx:coord>-71.89025 -13.546387 3273.5002</gx:coord>
<gx:coord>-71.89025 -13.546387 3273.5002</gx:coord>
<gx:coord>-71.89025 -13.546387 3273.5002</gx:coord>
<gx:coord>-71.89025 -13.546387 3273.5002</gx:coord>
<gx:coord>-71.89025 -13.546387 3273.5002</gx:coord>
<gx:coord>-71.89025 -13.546387 3273.5002</gx:coord>
<gx:coord>-71.89025 -13.546387 3273.5002</gx:coord>
<gx:coord>-71.89025 -13.546387 3273.5002</gx:coord>
<gx:coord>-71.89025 -13.546387 3273.2002</gx:coord>
<gx:coord>-71.89025 -13.546387 3273.2002</gx:coord>
<gx:coord>-71.89025 -13.546387 3273.2002</gx:coord>
<gx:coord>-71.89025 -13.546387 3273.2002</gx:coord>
<gx:coord>-71.89025 -13.546387 3273.2002</gx:coord>
<gx:coord>-71.89025 -13.546387 3273.5002</gx:coord>
<gx:coord>-71.89025 -13.546387 3273.5002</gx:coord>
<gx:coord>-71.89025 -13.546387 3273.5002</gx:coord>
<gx:coord>-71.89025 -13.546387 3273.5002</gx:coord>
<gx:coord>-71.89025 -13.546387 3273.5002</gx:coord>
<gx:coord>-71.89025 -13.546387 3273.5002</gx:coord>
<gx:coord>-71.89025 -13.546387 3273.5002</gx:coord>
<gx:coord>-71.89025 -13.546387 3273.5002</gx:coord>
<gx:coord>-71.89025 -13.546388 3273.5002</gx:coord>
<gx:coord>-71.89025 -13.546388 3273.5002</gx:coord>
<gx:coord>-71.89025 -13.546388 3271.8</gx:coord>
<gx:coord>-71.89025 -13.546388 3273.5002</gx:coord>
<gx:coord>-71.89025 -13.546388 3273.5002</gx:coord>
<gx:coord>-71.89025 -13.546388 3273.5002</gx:coord>
<gx:coord>-71.89025 -13.546388 3273.5002</gx:coord>
<gx:coord>-71.89025 -13.546388 3273.8</gx:coord>
<gx:coord>-71.89025 -13.546388 3273.5002</gx:coord>
<gx:coord>-71.89025 -13.546388 3273.5002</gx:coord>
<gx:coord>-71.89025 -13.546388 3273.5002</gx:coord>
<gx:coord>-71.89025 -13.546388 3273.5002</gx:coord>
<gx:coord>-71.89025 -13.546388 3273.5002</gx:coord>
<gx:coord>-71.89025 -13.546388 3273.5002</gx:coord>
<gx:coord>-71.89025 -13.546389 3273.5002</gx:coord>
<gx:coord>-71.89026 -13.5463915 3273.5002</gx:coord>
<gx:coord>-71.89025 -13.546395 3273.5002</gx:coord>
<gx:coord>-71.89025 -13.546401 3273.5002</gx:coord>
<gx:coord>-71.89025 -13.546417 3273.5002</gx:coord>
<gx:coord>-71.89025 -13.546463 3271.8</gx:coord>
<gx:coord>-71.89026 -13.546481 3271.8</gx:coord>
<gx:coord>-71.890274 -13.546519 3270.8</gx:coord>
<gx:coord>-71.890274 -13.54655 3270.8</gx:coord>
<gx:coord>-71.89027 -13.546583 3270.9001</gx:coord>
<gx:coord>-71.890274 -13.546608 3270.8</gx:coord>
<gx:coord>-71.890274 -13.5466385 3270.8</gx:coord>
<gx:coord>-71.89029 -13.546678 3270.6</gx:coord>
<gx:coord>-71.890305 -13.546705 3270.6</gx:coord>
<gx:coord>-71.89033 -13.546731 3270.6</gx:coord>
<gx:coord>-71.89035 -13.546761 3270.6</gx:coord>
<gx:coord>-71.890366 -13.546785 3270.1</gx:coord>
<gx:coord>-71.89038 -13.546818 3270.1</gx:coord>
<gx:coord>-71.890396 -13.546849 3270.1</gx:coord>
<gx:coord>-71.89039 -13.546853 3270.1</gx:coord>
<gx:coord>-71.890396 -13.546898 3269.5002</gx:coord>
<gx:coord>-71.8904 -13.546922 3269.5002</gx:coord>
<gx:coord>-71.89039 -13.546934 3269.4001</gx:coord>
<gx:coord>-71.89038 -13.546937 3269.4001</gx:coord>
<gx:coord>-71.890396 -13.546978 3269.4001</gx:coord>
<gx:coord>-71.89042 -13.546998 3269.2002</gx:coord>
<gx:coord>-71.89043 -13.547019 3269.2002</gx:coord>
<gx:coord>-71.89041 -13.547031 3269.2002</gx:coord>
<gx:coord>-71.89041 -13.547028 3269.8</gx:coord>
<gx:coord>-71.8904 -13.547029 3269.8</gx:coord>
<gx:coord>-71.8904 -13.54703 3269.8</gx:coord>
<gx:coord>-71.8904 -13.547039 3268.8</gx:coord>
<gx:coord>-71.89039 -13.5470915 3268.8</gx:coord>
<gx:coord>-71.890396 -13.547112 3268.2002</gx:coord>
<gx:coord>-71.89039 -13.547113 3268.2002</gx:coord>
<gx:coord>-71.89039 -13.547127 3268.2002</gx:coord>
<gx:coord>-71.8904 -13.547133 3268.8</gx:coord>
<gx:coord>-71.89041 -13.547149 3268.2002</gx:coord>
<gx:coord>-71.89041 -13.547151 3268.2002</gx:coord>
<gx:coord>-71.89043 -13.54718 3268.2002</gx:coord>
<gx:coord>-71.89045 -13.547226 3268.2002</gx:coord>
<gx:coord>-71.89048 -13.547255 3268.2002</gx:coord>
<gx:coord>-71.89048 -13.547278 3268.2002</gx:coord>
<gx:coord>-71.89049 -13.547289 3268.2002</gx:coord>
<gx:coord>-71.8905 -13.547303 3268.2002</gx:coord>
<gx:coord>-71.8905 -13.547337 3268.2002</gx:coord>
<gx:coord>-71.8905 -13.547352 3268.2002</gx:coord>
<gx:coord>-71.8905 -13.547366 3268.2002</gx:coord>
<gx:coord>-71.890495 -13.547359 3268.2002</gx:coord>
<gx:coord>-71.890495 -13.547375 3268.2002</gx:coord>
<gx:coord>-71.8905 -13.547382 3268.2002</gx:coord>
<gx:coord>-71.8905 -13.547387 3268.1</gx:coord>
<gx:coord>-71.89052 -13.5473995 3268.1</gx:coord>
<gx:coord>-71.890526 -13.547407 3268.1</gx:coord>
<gx:coord>-71.89053 -13.54741 3267.9001</gx:coord>
<gx:coord>-71.89054 -13.547416 3267.9001</gx:coord>
<gx:coord>-71.89054 -13.547418 3268.1</gx:coord>
<gx:coord>-71.89055 -13.5474205 3268.1</gx:coord>
<gx:coord>-71.89056 -13.547426 3268.1</gx:coord>
<gx:coord>-71.89056 -13.547427 3267.9001</gx:coord>
<gx:coord>-71.890564 -13.547448 3267.9001</gx:coord>
<gx:coord>-71.890564 -13.547451 3268.1</gx:coord>
<gx:coord>-71.890564 -13.547452 3268.1</gx:coord>
<gx:coord>-71.890564 -13.547452 3267.9001</gx:coord>
<gx:coord>-71.890564 -13.547452 3267.9001</gx:coord>
<gx:coord>-71.890564 -13.547452 3267.8</gx:coord>
<gx:coord>-71.890564 -13.547452 3267.5002</gx:coord>
<gx:coord>-71.890564 -13.547451 3267.5002</gx:coord>
<gx:coord>-71.890564 -13.547451 3267.4001</gx:coord>
<gx:coord>-71.890564 -13.547451 3267.4001</gx:coord>
<gx:coord>-71.890564 -13.547451 3267.4001</gx:coord>
<gx:coord>-71.890564 -13.547451 3267.4001</gx:coord>
<gx:coord>-71.890564 -13.547451 3267.4001</gx:coord>
<gx:coord>-71.890564 -13.547451 3267.0002</gx:coord>
<gx:coord>-71.890564 -13.547451 3267.0002</gx:coord>
<gx:coord>-71.890564 -13.54745 3267.0002</gx:coord>
<gx:coord>-71.890564 -13.54745 3267.0002</gx:coord>
<gx:coord>-71.890564 -13.54745 3267.0002</gx:coord>
<gx:coord>-71.890564 -13.54745 3267.5002</gx:coord>
<gx:coord>-71.890564 -13.54745 3267.5002</gx:coord>
<gx:coord>-71.890564 -13.54745 3267.5002</gx:coord>
<gx:coord>-71.890564 -13.547452 3267.5002</gx:coord>
<gx:coord>-71.890564 -13.54745 3267.5002</gx:coord>
<gx:coord>-71.890564 -13.547451 3267.4001</gx:coord>
<gx:coord>-71.890564 -13.547451 3267.4001</gx:coord>
<gx:coord>-71.890564 -13.547451 3267.4001</gx:coord>
<gx:coord>-71.890564 -13.547451 3267.4001</gx:coord>
<gx:coord>-71.890564 -13.547449 3267.4001</gx:coord>
<gx:coord>-71.890564 -13.547449 3267.4001</gx:coord>
<gx:coord>-71.890564 -13.547449 3267.9001</gx:coord>
<gx:coord>-71.890564 -13.547448 3267.9001</gx:coord>
<gx:coord>-71.890564 -13.547448 3267.9001</gx:coord>
<gx:coord>-71.890564 -13.547448 3267.9001</gx:coord>
<gx:coord>-71.890564 -13.547448 3267.4001</gx:coord>
<gx:coord>-71.890564 -13.547448 3267.4001</gx:coord>
<gx:coord>-71.890564 -13.547448 3267.9001</gx:coord>
<gx:coord>-71.890564 -13.547448 3267.5002</gx:coord>
<gx:coord>-71.890564 -13.547448 3267.5002</gx:coord>
<gx:coord>-71.890564 -13.547448 3267.9001</gx:coord>
<gx:coord>-71.890564 -13.547448 3267.9001</gx:coord>
<gx:coord>-71.890564 -13.547448 3267.5002</gx:coord>
<gx:coord>-71.890564 -13.547449 3267.9001</gx:coord>
<gx:coord>-71.890564 -13.547451 3267.9001</gx:coord>
<gx:coord>-71.890564 -13.547451 3267.9001</gx:coord>
<gx:coord>-71.890564 -13.547449 3267.9001</gx:coord>
<gx:coord>-71.890564 -13.547448 3267.9001</gx:coord>
<gx:coord>-71.890564 -13.547448 3267.9001</gx:coord>
<gx:coord>-71.890564 -13.547448 3267.4001</gx:coord>
<gx:coord>-71.890564 -13.547448 3267.5002</gx:coord>
<gx:coord>-71.890564 -13.547448 3267.5002</gx:coord>
<gx:coord>-71.890564 -13.547448 3267.5002</gx:coord>
<gx:coord>-71.890564 -13.547448 3267.5002</gx:coord>
<gx:coord>-71.890564 -13.547448 3267.4001</gx:coord>
<gx:coord>-71.890564 -13.547448 3267.4001</gx:coord>
<gx:coord>-71.890564 -13.547448 3267.4001</gx:coord>
<gx:coord>-71.890564 -13.547448 3267.5002</gx:coord>
<gx:coord>-71.890564 -13.547448 3267.5002</gx:coord>
<gx:coord>-71.890564 -13.547448 3267.9001</gx:coord>
<gx:coord>-71.890564 -13.547448 3267.9001</gx:coord>
<gx:coord>-71.890564 -13.547448 3268.1</gx:coord>
<gx:coord>-71.890564 -13.547448 3268.1</gx:coord>
<gx:coord>-71.890564 -13.547448 3268.1</gx:coord>
<gx:coord>-71.890564 -13.547448 3267.5002</gx:coord>
<gx:coord>-71.890564 -13.547448 3267.5002</gx:coord>
<gx:coord>-71.890564 -13.547448 3268.1</gx:coord>
<gx:coord>-71.890564 -13.547448 3268.1</gx:coord>
<gx:coord>-71.890564 -13.547448 3267.8</gx:coord>
<gx:coord>-71.890564 -13.547448 3267.8</gx:coord>
<gx:coord>-71.890564 -13.547448 3267.5002</gx:coord>
<gx:coord>-71.890564 -13.547448 3267.5002</gx:coord>
<gx:coord>-71.890564 -13.547448 3267.5002</gx:coord>
<gx:coord>-71.890564 -13.547448 3267.9001</gx:coord>
<gx:coord>-71.890564 -13.547448 3267.9001</gx:coord>
<gx:coord>-71.890564 -13.547447 3267.9001</gx:coord>
<gx:coord>-71.890564 -13.547447 3267.9001</gx:coord>
<gx:coord>-71.890564 -13.547447 3267.9001</gx:coord>
<gx:coord>-71.890564 -13.547447 3267.8</gx:coord>
<gx:coord>-71.890564 -13.547447 3267.8</gx:coord>
<gx:coord>-71.890564 -13.547447 3267.8</gx:coord>
<gx:coord>-71.890564 -13.547447 3268.1</gx:coord>
<gx:coord>-71.890564 -13.547447 3268.1</gx:coord>
<gx:coord>-71.890564 -13.547447 3268.1</gx:coord>
<gx:coord>-71.890564 -13.547447 3267.9001</gx:coord>
<gx:coord>-71.890564 -13.547447 3267.9001</gx:coord>
<gx:coord>-71.890564 -13.547447 3267.9001</gx:coord>
<gx:coord>-71.890564 -13.547447 3267.9001</gx:coord>
<gx:coord>-71.890564 -13.547449 3267.5002</gx:coord>
<gx:coord>-71.890564 -13.54745 3267.5002</gx:coord>
<gx:coord>-71.890564 -13.54745 3267.5002</gx:coord>
<gx:coord>-71.890564 -13.54745 3267.4001</gx:coord>
<gx:coord>-71.890564 -13.54745 3267.4001</gx:coord>
<gx:coord>-71.890564 -13.547451 3267.4001</gx:coord>
<gx:coord>-71.890564 -13.547451 3267.4001</gx:coord>
<gx:coord>-71.890564 -13.547451 3267.4001</gx:coord>
<gx:coord>-71.890564 -13.547451 3267.9001</gx:coord>
<gx:coord>-71.890564 -13.547451 3267.9001</gx:coord>
<gx:coord>-71.890564 -13.547451 3267.9001</gx:coord>
<gx:coord>-71.890564 -13.547451 3267.9001</gx:coord>
<gx:coord>-71.890564 -13.547451 3267.9001</gx:coord>
<gx:coord>-71.890564 -13.547451 3267.9001</gx:coord>
<gx:coord>-71.890564 -13.547451 3267.9001</gx:coord>
<gx:coord>-71.890564 -13.547451 3267.9001</gx:coord>
<gx:coord>-71.890564 -13.547451 3267.8</gx:coord>
<gx:coord>-71.890564 -13.547451 3267.8</gx:coord>
<gx:coord>-71.890564 -13.547451 3267.8</gx:coord>
<gx:coord>-71.890564 -13.547451 3267.9001</gx:coord>
<gx:coord>-71.890564 -13.547451 3267.9001</gx:coord>
<gx:coord>-71.890564 -13.547451 3267.8</gx:coord>
<gx:coord>-71.890564 -13.547451 3267.8</gx:coord>
<gx:coord>-71.890564 -13.547451 3267.8</gx:coord>
<gx:coord>-71.890564 -13.547451 3267.5002</gx:coord>
<gx:coord>-71.890564 -13.547451 3267.5002</gx:coord>
<gx:coord>-71.890564 -13.547451 3267.5002</gx:coord>
<gx:coord>-71.890564 -13.54745 3267.9001</gx:coord>
<gx:coord>-71.890564 -13.547449 3267.9001</gx:coord>
<gx:coord>-71.890564 -13.547447 3267.9001</gx:coord>
<gx:coord>-71.890564 -13.547446 3267.9001</gx:coord>
<gx:coord>-71.890564 -13.547447 3267.9001</gx:coord>
<gx:coord>-71.890564 -13.547447 3267.9001</gx:coord>
<gx:coord>-71.890564 -13.547447 3267.9001</gx:coord>
<gx:coord>-71.890564 -13.547447 3267.9001</gx:coord>
<gx:coord>-71.890564 -13.547447 3267.9001</gx:coord>
<gx:coord>-71.890564 -13.547447 3267.9001</gx:coord>
<gx:coord>-71.890564 -13.547447 3268.1</gx:coord>
<gx:coord>-71.890564 -13.547447 3268.1</gx:coord>
<gx:coord>-71.890564 -13.547447 3268.1</gx:coord>
<gx:coord>-71.890564 -13.547447 3267.9001</gx:coord>
<gx:coord>-71.890564 -13.547447 3267.9001</gx:coord>
<gx:coord>-71.890564 -13.547447 3267.9001</gx:coord>
<gx:coord>-71.890564 -13.547447 3267.9001</gx:coord>
<gx:coord>-71.890564 -13.547447 3267.9001</gx:coord>
<gx:coord>-71.890564 -13.547447 3267.9001</gx:coord>
<gx:coord>-71.890564 -13.547447 3267.9001</gx:coord>
<gx:coord>-71.890564 -13.547447 3267.9001</gx:coord>
<gx:coord>-71.890564 -13.547448 3267.9001</gx:coord>
<gx:coord>-71.890564 -13.547448 3267.9001</gx:coord>
<gx:coord>-71.890564 -13.547448 3267.9001</gx:coord>
<gx:coord>-71.890564 -13.547448 3267.4001</gx:coord>
<gx:coord>-71.890564 -13.547448 3267.4001</gx:coord>
<gx:coord>-71.890564 -13.547448 3267.5002</gx:coord>
<gx:coord>-71.890564 -13.547448 3267.5002</gx:coord>
<gx:coord>-71.890564 -13.547448 3267.5002</gx:coord>
<gx:coord>-71.890564 -13.547448 3267.9001</gx:coord>
<gx:coord>-71.890564 -13.547448 3267.9001</gx:coord>
<gx:coord>-71.890564 -13.547448 3267.9001</gx:coord>
<gx:coord>-71.890564 -13.547448 3267.5002</gx:coord>
<gx:coord>-71.890564 -13.547448 3267.5002</gx:coord>
<gx:coord>-71.890564 -13.547448 3267.5002</gx:coord>
<gx:coord>-71.890564 -13.547448 3267.5002</gx:coord>
<gx:coord>-71.890564 -13.547448 3267.5002</gx:coord>
<gx:coord>-71.890564 -13.547448 3267.9001</gx:coord>
<gx:coord>-71.890564 -13.547448 3267.9001</gx:coord>
<gx:coord>-71.890564 -13.547448 3267.9001</gx:coord>
<gx:coord>-71.890564 -13.547448 3267.0002</gx:coord>
<gx:coord>-71.890564 -13.547448 3267.0002</gx:coord>
<gx:coord>-71.890564 -13.547448 3267.4001</gx:coord>
<gx:coord>-71.890564 -13.547447 3267.4001</gx:coord>
<gx:coord>-71.890564 -13.547447 3267.4001</gx:coord>
<gx:coord>-71.890564 -13.547447 3267.4001</gx:coord>
<gx:coord>-71.890564 -13.547447 3267.4001</gx:coord>
<gx:coord>-71.890564 -13.547447 3267.4001</gx:coord>
<gx:coord>-71.890564 -13.547447 3267.4001</gx:coord>
<gx:coord>-71.890564 -13.547447 3267.4001</gx:coord>
<gx:coord>-71.890564 -13.547447 3267.4001</gx:coord>
<gx:coord>-71.890564 -13.547447 3267.4001</gx:coord>
<gx:coord>-71.890564 -13.547447 3267.4001</gx:coord>
<gx:coord>-71.890564 -13.547447 3267.9001</gx:coord>
<gx:coord>-71.890564 -13.547447 3267.9001</gx:coord>
<gx:coord>-71.890564 -13.547447 3267.9001</gx:coord>
<gx:coord>-71.890564 -13.547447 3267.5002</gx:coord>
<gx:coord>-71.890564 -13.547447 3267.5002</gx:coord>
<gx:coord>-71.890564 -13.547447 3267.4001</gx:coord>
<gx:coord>-71.89057 -13.547446 3267.4001</gx:coord>
<gx:coord>-71.89057 -13.547439 3267.4001</gx:coord>
<gx:coord>-71.89057 -13.547441 3268.2002</gx:coord>
<gx:coord>-71.89057 -13.547441 3268.2002</gx:coord>
<gx:coord>-71.89057 -13.547441 3267.9001</gx:coord>
<gx:coord>-71.89057 -13.547441 3267.9001</gx:coord>
<gx:coord>-71.89057 -13.547441 3267.9001</gx:coord>
<gx:coord>-71.89057 -13.547441 3267.9001</gx:coord>
<gx:coord>-71.89057 -13.5474415 3267.9001</gx:coord>
<gx:coord>-71.89057 -13.547443 3267.9001</gx:coord>
<gx:coord>-71.89057 -13.547443 3267.9001</gx:coord>
<gx:coord>-71.89057 -13.547444 3267.9001</gx:coord>
<gx:coord>-71.89057 -13.547444 3267.4001</gx:coord>
<gx:coord>-71.89057 -13.547444 3267.4001</gx:coord>
<gx:coord>-71.89057 -13.547444 3267.4001</gx:coord>
<gx:coord>-71.89057 -13.547444 3267.4001</gx:coord>
<gx:coord>-71.89057 -13.547444 3267.4001</gx:coord>
<gx:coord>-71.89057 -13.547444 3267.4001</gx:coord>
<gx:coord>-71.89057 -13.547444 3267.8</gx:coord>
<gx:coord>-71.89057 -13.547444 3267.8</gx:coord>
<gx:coord>-71.89057 -13.547444 3267.9001</gx:coord>
<gx:coord>-71.89057 -13.547444 3267.9001</gx:coord>
<gx:coord>-71.89058 -13.547446 3267.9001</gx:coord>
<gx:coord>-71.89058 -13.547447 3268.1</gx:coord>
<gx:coord>-71.89058 -13.5474415 3268.1</gx:coord>
<gx:coord>-71.89058 -13.54744 3268.1</gx:coord>
<gx:coord>-71.89058 -13.54744 3267.9001</gx:coord>
<gx:coord>-71.89058 -13.54744 3267.9001</gx:coord>
<gx:coord>-71.89058 -13.54744 3267.9001</gx:coord>
<gx:coord>-71.89058 -13.547448 3267.9001</gx:coord>
<gx:coord>-71.89058 -13.547448 3267.9001</gx:coord>
<gx:coord>-71.89058 -13.547448 3267.9001</gx:coord>
<gx:coord>-71.89058 -13.547448 3268.2002</gx:coord>
<gx:coord>-71.89058 -13.547448 3268.2002</gx:coord>
<gx:coord>-71.89058 -13.547448 3268.2002</gx:coord>
<gx:coord>-71.89058 -13.547448 3268.2002</gx:coord>
<gx:coord>-71.89058 -13.547448 3268.2002</gx:coord>
<gx:coord>-71.89058 -13.547447 3267.0002</gx:coord>
<gx:coord>-71.89058 -13.547447 3267.0002</gx:coord>
<gx:coord>-71.89058 -13.547447 3267.0002</gx:coord>
<gx:coord>-71.89058 -13.547447 3267.0002</gx:coord>
<gx:coord>-71.89058 -13.547448 3267.0002</gx:coord>
<gx:coord>-71.89058 -13.547448 3267.0002</gx:coord>
<gx:coord>-71.89058 -13.547448 3267.0002</gx:coord>
<gx:coord>-71.89058 -13.547448 3267.0002</gx:coord>
<gx:coord>-71.89058 -13.547448 3267.9001</gx:coord>
<gx:coord>-71.89058 -13.547448 3267.9001</gx:coord>
<gx:coord>-71.89058 -13.547448 3267.9001</gx:coord>
<gx:coord>-71.89058 -13.547448 3267.9001</gx:coord>
<gx:coord>-71.89058 -13.547448 3267.9001</gx:coord>
<gx:coord>-71.89058 -13.547448 3267.8</gx:coord>
<gx:coord>-71.89058 -13.547448 3267.8</gx:coord>
<gx:coord>-71.89058 -13.547448 3267.8</gx:coord>
<gx:coord>-71.89058 -13.547448 3267.9001</gx:coord>
<gx:coord>-71.89058 -13.547448 3267.9001</gx:coord>
<gx:coord>-71.89058 -13.547448 3267.9001</gx:coord>
<gx:coord>-71.89058 -13.547448 3267.9001</gx:coord>
<gx:coord>-71.89058 -13.547448 3267.9001</gx:coord>
<gx:coord>-71.89058 -13.547448 3267.9001</gx:coord>
<gx:coord>-71.89058 -13.547448 3267.9001</gx:coord>
<gx:coord>-71.89058 -13.547448 3267.9001</gx:coord>
<gx:coord>-71.89058 -13.547448 3267.9001</gx:coord>
<gx:coord>-71.89058 -13.547448 3267.9001</gx:coord>
<gx:coord>-71.89058 -13.547448 3267.9001</gx:coord>
<gx:coord>-71.89058 -13.547448 3267.9001</gx:coord>
<gx:coord>-71.89058 -13.547448 3267.9001</gx:coord>
<gx:coord>-71.89058 -13.547448 3267.9001</gx:coord>
<gx:coord>-71.89058 -13.547448 3267.9001</gx:coord>
<gx:coord>-71.89058 -13.547448 3267.9001</gx:coord>
<gx:coord>-71.89058 -13.547448 3267.9001</gx:coord>
<gx:coord>-71.89058 -13.547448 3267.9001</gx:coord>
<gx:coord>-71.89058 -13.547448 3267.9001</gx:coord>
<gx:coord>-71.89058 -13.547448 3267.9001</gx:coord>
<gx:coord>-71.89058 -13.547448 3267.9001</gx:coord>
<gx:coord>-71.89058 -13.547448 3267.9001</gx:coord>
<gx:coord>-71.89058 -13.547448 3267.9001</gx:coord>
<gx:coord>-71.89058 -13.547448 3267.9001</gx:coord>
<gx:coord>-71.89058 -13.547448 3267.9001</gx:coord>
<gx:coord>-71.89058 -13.547448 3267.9001</gx:coord>
<gx:coord>-71.89058 -13.547447 3267.9001</gx:coord>
<gx:coord>-71.89058 -13.547448 3267.9001</gx:coord>
<gx:coord>-71.89057 -13.547448 3267.9001</gx:coord>
<gx:coord>-71.89057 -13.547447 3267.9001</gx:coord>
<gx:coord>-71.89057 -13.547447 3267.9001</gx:coord>
<gx:coord>-71.89057 -13.547446 3267.9001</gx:coord>
<gx:coord>-71.89057 -13.547445 3268.1</gx:coord>
<gx:coord>-71.89057 -13.547445 3268.1</gx:coord>
<gx:coord>-71.89057 -13.547445 3268.1</gx:coord>
<gx:coord>-71.89057 -13.547445 3268.1</gx:coord>
<gx:coord>-71.89057 -13.547444 3268.1</gx:coord>
<gx:coord>-71.89057 -13.547444 3269.8</gx:coord>
<gx:coord>-71.89057 -13.547444 3269.8</gx:coord>
<gx:coord>-71.89057 -13.547445 3269.8</gx:coord>
<gx:coord>-71.89057 -13.547443 3267.9001</gx:coord>
<gx:coord>-71.89057 -13.547442 3267.9001</gx:coord>
<gx:coord>-71.89057 -13.5474415 3267.9001</gx:coord>
<gx:coord>-71.89057 -13.547441 3267.9001</gx:coord>
<gx:coord>-71.89057 -13.547439 3267.9001</gx:coord>
<gx:coord>-71.89057 -13.547436 3267.9001</gx:coord>
<gx:coord>-71.89057 -13.547435 3267.9001</gx:coord>
<gx:coord>-71.89057 -13.547435 3267.8</gx:coord>
<gx:coord>-71.89058 -13.547435 3267.8</gx:coord>
<gx:coord>-71.89058 -13.547436 3267.8</gx:coord>
<gx:coord>-71.89058 -13.547436 3267.8</gx:coord>
<gx:coord>-71.89058 -13.547436 3267.8</gx:coord>
<gx:coord>-71.89058 -13.547437 3267.0002</gx:coord>
<gx:coord>-71.89058 -13.547437 3267.0002</gx:coord>
<gx:coord>-71.89058 -13.547437 3267.0002</gx:coord>
<gx:coord>-71.89058 -13.547437 3267.0002</gx:coord>
<gx:coord>-71.89058 -13.547437 3267.0002</gx:coord>
<gx:coord>-71.89058 -13.547436 3268.1</gx:coord>
<gx:coord>-71.89058 -13.547436 3268.1</gx:coord>
<gx:coord>-71.89058 -13.547436 3268.1</gx:coord>
<gx:coord>-71.89058 -13.547436 3268.2002</gx:coord>
<gx:coord>-71.89058 -13.547436 3268.2002</gx:coord>
<gx:coord>-71.89058 -13.547436 3268.2002</gx:coord>
<gx:coord>-71.89058 -13.547436 3267.9001</gx:coord>
<gx:coord>-71.89058 -13.547436 3267.9001</gx:coord>
<gx:coord>-71.89058 -13.547436 3267.9001</gx:coord>
<gx:coord>-71.89058 -13.547436 3267.9001</gx:coord>
<gx:coord>-71.89058 -13.547436 3267.9001</gx:coord>
<gx:coord>-71.89058 -13.547436 3267.9001</gx:coord>
<gx:coord>-71.89058 -13.547436 3267.9001</gx:coord>
<gx:coord>-71.89058 -13.547436 3267.9001</gx:coord>
<gx:coord>-71.89058 -13.547436 3267.9001</gx:coord>
<gx:coord>-71.89058 -13.547436 3267.9001</gx:coord>
<gx:coord>-71.89058 -13.547438 3267.9001</gx:coord>
<gx:coord>-71.89058 -13.547438 3267.9001</gx:coord>
<gx:coord>-71.89058 -13.547439 3267.4001</gx:coord>
<gx:coord>-71.89058 -13.54744 3267.4001</gx:coord>
<gx:coord>-71.89058 -13.54744 3267.4001</gx:coord>
<gx:coord>-71.89058 -13.547441 3267.5002</gx:coord>
<gx:coord>-71.89058 -13.5474415 3267.5002</gx:coord>
<gx:coord>-71.89058 -13.5474415 3267.5002</gx:coord>
<gx:coord>-71.89058 -13.547441 3267.5002</gx:coord>
<gx:coord>-71.89058 -13.5474415 3267.5002</gx:coord>
<gx:coord>-71.89058 -13.5474415 3267.5002</gx:coord>
<gx:coord>-71.89058 -13.547442 3267.5002</gx:coord>
<gx:coord>-71.89058 -13.547443 3267.5002</gx:coord>
<gx:coord>-71.89058 -13.547444 3267.9001</gx:coord>
<gx:coord>-71.89058 -13.547448 3267.9001</gx:coord>
<gx:coord>-71.89058 -13.547448 3267.9001</gx:coord>
<gx:coord>-71.89077 -13.548031 3266.7002</gx:coord>
<gx:coord>-71.89076 -13.548031 3266.5002</gx:coord>
<gx:coord>-71.89076 -13.54803 3266.5002</gx:coord>
<gx:coord>-71.890755 -13.548029 3266.5002</gx:coord>
<gx:coord>-71.89075 -13.54803 3266.5002</gx:coord>
<gx:coord>-71.89074 -13.54803 3266.5002</gx:coord>
<gx:coord>-71.890724 -13.548036 3266.0002</gx:coord>
<gx:coord>-71.89072 -13.548037 3266.0002</gx:coord>
<gx:coord>-71.8907 -13.548041 3266.0002</gx:coord>
<gx:coord>-71.89069 -13.548045 3266.0002</gx:coord>
<gx:coord>-71.890686 -13.548048 3266.0002</gx:coord>
<gx:coord>-71.89067 -13.548054 3266.0002</gx:coord>
<gx:coord>-71.89066 -13.548057 3266.0002</gx:coord>
<gx:coord>-71.890656 -13.5480585 3266.0002</gx:coord>
<gx:coord>-71.89065 -13.548061 3266.0002</gx:coord>
<gx:coord>-71.89063 -13.548063 3266.0002</gx:coord>
<gx:coord>-71.890625 -13.548064 3266.0002</gx:coord>
<gx:coord>-71.89061 -13.548066 3266.0002</gx:coord>
<gx:coord>-71.8906 -13.548068 3266.0002</gx:coord>
<gx:coord>-71.890594 -13.548075 3266.0002</gx:coord>
<gx:coord>-71.89059 -13.548082 3266.0002</gx:coord>
<gx:coord>-71.89057 -13.548091 3266.0002</gx:coord>
<gx:coord>-71.890564 -13.548097 3266.0002</gx:coord>
<gx:coord>-71.89056 -13.548102 3266.0002</gx:coord>
<gx:coord>-71.89055 -13.548108 3266.0002</gx:coord>
<gx:coord>-71.89054 -13.548112 3266.0002</gx:coord>
<gx:coord>-71.89053 -13.548113 3266.3</gx:coord>
<gx:coord>-71.890526 -13.548118 3266.3</gx:coord>
<gx:coord>-71.89052 -13.548124 3266.3</gx:coord>
<gx:coord>-71.8905 -13.548129 3266.3</gx:coord>
<gx:coord>-71.890495 -13.548133 3266.3</gx:coord>
<gx:coord>-71.89048 -13.548137 3265.4001</gx:coord>
<gx:coord>-71.89048 -13.548139 3265.4001</gx:coord>
<gx:coord>-71.89047 -13.5481415 3265.4001</gx:coord>
<gx:coord>-71.89046 -13.548145 3265.4001</gx:coord>
<gx:coord>-71.89045 -13.548148 3265.4001</gx:coord>
<gx:coord>-71.890434 -13.548151 3265.4001</gx:coord>
<gx:coord>-71.89043 -13.548153 3265.4001</gx:coord>
<gx:coord>-71.89042 -13.548156 3265.4001</gx:coord>
<gx:coord>-71.89041 -13.548158 3265.4001</gx:coord>
<gx:coord>-71.890396 -13.548161 3265.4001</gx:coord>
<gx:coord>-71.89038 -13.548164 3264.8</gx:coord>
<gx:coord>-71.89037 -13.548166 3264.8</gx:coord>
<gx:coord>-71.890366 -13.548168 3264.8</gx:coord>
<gx:coord>-71.89036 -13.54817 3264.8</gx:coord>
<gx:coord>-71.89035 -13.548173 3264.8</gx:coord>
<gx:coord>-71.890335 -13.548176 3264.5002</gx:coord>
<gx:coord>-71.89033 -13.54818 3264.5002</gx:coord>
<gx:coord>-71.89032 -13.548183 3264.5002</gx:coord>
<gx:coord>-71.89032 -13.548186 3264.5002</gx:coord>
<gx:coord>-71.89031 -13.548189 3264.5002</gx:coord>
<gx:coord>-71.8903 -13.548192 3264.5002</gx:coord>
<gx:coord>-71.89028 -13.548195 3264.5002</gx:coord>
<gx:coord>-71.890274 -13.548199 3264.5002</gx:coord>
<gx:coord>-71.89027 -13.548204 3264.5002</gx:coord>
<gx:coord>-71.89026 -13.548209 3264.5002</gx:coord>
<gx:coord>-71.89024 -13.54821 3265.4001</gx:coord>
<gx:coord>-71.890236 -13.548213 3265.4001</gx:coord>
<gx:coord>-71.89023 -13.548215 3265.4001</gx:coord>
<gx:coord>-71.89022 -13.548217 3265.4001</gx:coord>
<gx:coord>-71.89021 -13.548218 3265.4001</gx:coord>
<gx:coord>-71.8902 -13.548221 3265.4001</gx:coord>
<gx:coord>-71.89019 -13.548221 3265.4001</gx:coord>
<gx:coord>-71.89018 -13.548225 3265.4001</gx:coord>
<gx:coord>-71.89018 -13.548235 3265.4001</gx:coord>
<gx:coord>-71.890175 -13.548237 3265.4001</gx:coord>
<gx:coord>-71.89017 -13.5482435 3265.4001</gx:coord>
<gx:coord>-71.89019 -13.548251 3265.4001</gx:coord>
<gx:coord>-71.89017 -13.548264 3265.4001</gx:coord>
<gx:coord>-71.89015 -13.548258 3264.5002</gx:coord>
<gx:coord>-71.89011 -13.548252 3264.5002</gx:coord>
<gx:coord>-71.890076 -13.548292 3264.5002</gx:coord>
<gx:coord>-71.890045 -13.548324 3264.5002</gx:coord>
<gx:coord>-71.890015 -13.548329 3264.5002</gx:coord>
<gx:coord>-71.889984 -13.548349 3264.5002</gx:coord>
<gx:coord>-71.88995 -13.54836 3264.5002</gx:coord>
<gx:coord>-71.88994 -13.548363 3264.5002</gx:coord>
<gx:coord>-71.889915 -13.5483675 3264.8</gx:coord>
<gx:coord>-71.889885 -13.548373 3264.8</gx:coord>
<gx:coord>-71.889854 -13.54838 3263.9001</gx:coord>
<gx:coord>-71.889824 -13.548382 3263.9001</gx:coord>
<gx:coord>-71.88979 -13.548386 3263.9001</gx:coord>
<gx:coord>-71.88977 -13.548347 3263.9001</gx:coord>
<gx:coord>-71.88974 -13.548346 3263.9001</gx:coord>
<gx:coord>-71.88971 -13.5483465 3263.9001</gx:coord>
<gx:coord>-71.88969 -13.548354 3263.9001</gx:coord>
<gx:coord>-71.889656 -13.548369 3263.9001</gx:coord>
<gx:coord>-71.88963 -13.548389 3263.9001</gx:coord>
<gx:coord>-71.889626 -13.5484 3264.9001</gx:coord>
<gx:coord>-71.88963 -13.548402 3266.4001</gx:coord>
<gx:coord>-71.889626 -13.548427 3266.4001</gx:coord>
<gx:coord>-71.88961 -13.548439 3263.9001</gx:coord>
<gx:coord>-71.8896 -13.548446 3263.9001</gx:coord>
<gx:coord>-71.88957 -13.548476 3263.9001</gx:coord>
<gx:coord>-71.889534 -13.548486 3263.9001</gx:coord>
<gx:coord>-71.8895 -13.54849 3263.9001</gx:coord>
<gx:coord>-71.88947 -13.548502 3263.9001</gx:coord>
<gx:coord>-71.88945 -13.5485115 3263.9001</gx:coord>
<gx:coord>-71.88943 -13.548529 3263.9001</gx:coord>
<gx:coord>-71.8894 -13.548533 3263.9001</gx:coord>
<gx:coord>-71.88938 -13.548544 3262.8</gx:coord>
<gx:coord>-71.88938 -13.548547 3262.8</gx:coord>
<gx:coord>-71.88939 -13.548547 3262.8</gx:coord>
<gx:coord>-71.88939 -13.548545 3262.8</gx:coord>
<gx:coord>-71.88939 -13.548546 3262.8</gx:coord>
<gx:coord>-71.88938 -13.548547 3262.8</gx:coord>
<gx:coord>-71.88937 -13.548549 3262.8</gx:coord>
<gx:coord>-71.889366 -13.5485525 3263.9001</gx:coord>
<gx:coord>-71.88936 -13.548556 3263.9001</gx:coord>
<gx:coord>-71.88935 -13.54856 3263.9001</gx:coord>
<gx:coord>-71.88935 -13.548562 3263.9001</gx:coord>
<gx:coord>-71.88935 -13.548561 3263.9001</gx:coord>
<gx:coord>-71.88935 -13.54856 3263.9001</gx:coord>
<gx:coord>-71.88935 -13.548559 3263.9001</gx:coord>
<gx:coord>-71.88935 -13.548559 3263.9001</gx:coord>
<gx:coord>-71.88934 -13.548562 3264.9001</gx:coord>
<gx:coord>-71.889336 -13.548566 3264.9001</gx:coord>
<gx:coord>-71.88933 -13.548572 3264.9001</gx:coord>
<gx:coord>-71.88931 -13.548581 3264.9001</gx:coord>
<gx:coord>-71.889305 -13.548588 3264.9001</gx:coord>
<gx:coord>-71.8893 -13.548595 3264.8</gx:coord>
<gx:coord>-71.88929 -13.548599 3264.8</gx:coord>
<gx:coord>-71.889275 -13.548605 3264.8</gx:coord>
<gx:coord>-71.88927 -13.54861 3264.8</gx:coord>
<gx:coord>-71.88926 -13.5486145 3264.8</gx:coord>
<gx:coord>-71.889244 -13.54862 3266.4001</gx:coord>
<gx:coord>-71.88924 -13.548624 3266.4001</gx:coord>
<gx:coord>-71.88922 -13.548628 3266.4001</gx:coord>
<gx:coord>-71.88921 -13.548635 3266.4001</gx:coord>
<gx:coord>-71.889206 -13.54864 3266.4001</gx:coord>
<gx:coord>-71.88919 -13.548636 3266.6</gx:coord>
<gx:coord>-71.88918 -13.548639 3266.6</gx:coord>
<gx:coord>-71.889175 -13.548644 3266.6</gx:coord>
<gx:coord>-71.88916 -13.548648 3266.6</gx:coord>
<gx:coord>-71.88915 -13.548651 3266.6</gx:coord>
<gx:coord>-71.889145 -13.548653 3266.6</gx:coord>
<gx:coord>-71.88913 -13.548655 3262.8</gx:coord>
<gx:coord>-71.88912 -13.548657 3262.8</gx:coord>
<gx:coord>-71.88911 -13.548661 3262.8</gx:coord>
<gx:coord>-71.8891 -13.548665 3262.8</gx:coord>
<gx:coord>-71.889084 -13.548669 3263.3</gx:coord>
<gx:coord>-71.88908 -13.548672 3263.3</gx:coord>
<gx:coord>-71.88906 -13.5486765 3263.3</gx:coord>
<gx:coord>-71.88905 -13.548682 3263.3</gx:coord>
<gx:coord>-71.889046 -13.548686 3263.3</gx:coord>
<gx:coord>-71.88903 -13.548692 3263.3</gx:coord>
<gx:coord>-71.88902 -13.5486965 3263.3</gx:coord>
<gx:coord>-71.88901 -13.548701 3263.3</gx:coord>
<gx:coord>-71.889 -13.548708 3263.3</gx:coord>
<gx:coord>-71.88899 -13.548713 3263.3</gx:coord>
<gx:coord>-71.88898 -13.54872 3263.3</gx:coord>
<gx:coord>-71.88897 -13.548721 3263.3</gx:coord>
<gx:coord>-71.88896 -13.548725 3263.3</gx:coord>
<gx:coord>-71.888954 -13.548729 3263.3</gx:coord>
<gx:coord>-71.88894 -13.548732 3263.3</gx:coord>
<gx:coord>-71.88893 -13.548736 3263.3</gx:coord>
<gx:coord>-71.888916 -13.5487385 3263.3</gx:coord>
<gx:coord>-71.88891 -13.548743 3263.3</gx:coord>
<gx:coord>-71.8889 -13.548748 3263.3</gx:coord>
<gx:coord>-71.888885 -13.548754 3263.3</gx:coord>
<gx:coord>-71.88888 -13.54876 3263.3</gx:coord>
<gx:coord>-71.88887 -13.548764 3263.3</gx:coord>
<gx:coord>-71.88886 -13.548769 3263.3</gx:coord>
<gx:coord>-71.88885 -13.548774 3263.3</gx:coord>
<gx:coord>-71.88884 -13.548778 3263.3</gx:coord>
<gx:coord>-71.88883 -13.548781 3263.3</gx:coord>
<gx:coord>-71.88882 -13.548785 3263.3</gx:coord>
<gx:coord>-71.88881 -13.548789 3263.3</gx:coord>
<gx:coord>-71.8888 -13.548793 3263.3</gx:coord>
<gx:coord>-71.88879 -13.548799 3263.3</gx:coord>
<gx:coord>-71.88877 -13.548804 3263.3</gx:coord>
<gx:coord>-71.88876 -13.548808 3263.3</gx:coord>
<gx:coord>-71.888756 -13.548814 3263.3</gx:coord>
<gx:coord>-71.88875 -13.548819 3263.3</gx:coord>
<gx:coord>-71.88874 -13.548824 3263.3</gx:coord>
<gx:coord>-71.88873 -13.548833 3263.3</gx:coord>
<gx:coord>-71.888725 -13.548838 3263.3</gx:coord>
<gx:coord>-71.88872 -13.548843 3263.3</gx:coord>
<gx:coord>-71.8887 -13.548848 3263.3</gx:coord>
<gx:coord>-71.888695 -13.548853 3263.3</gx:coord>
<gx:coord>-71.88869 -13.5488615 3263.3</gx:coord>
<gx:coord>-71.88868 -13.548866 3263.3</gx:coord>
<gx:coord>-71.88867 -13.54887 3263.3</gx:coord>
<gx:coord>-71.888664 -13.548876 3263.3</gx:coord>
<gx:coord>-71.88866 -13.548882 3263.3</gx:coord>
<gx:coord>-71.88865 -13.548888 3263.3</gx:coord>
<gx:coord>-71.88864 -13.548894 3263.3</gx:coord>
<gx:coord>-71.88863 -13.548899 3263.3</gx:coord>
<gx:coord>-71.888626 -13.548903 3263.3</gx:coord>
<gx:coord>-71.88862 -13.548905 3263.3</gx:coord>
<gx:coord>-71.8886 -13.548909 3263.3</gx:coord>
<gx:coord>-71.888596 -13.548914 3263.3</gx:coord>
<gx:coord>-71.88859 -13.54892 3263.3</gx:coord>
<gx:coord>-71.88858 -13.5489235 3263.3</gx:coord>
<gx:coord>-71.888565 -13.548926 3263.3</gx:coord>
<gx:coord>-71.88855 -13.54893 3259.1</gx:coord>
<gx:coord>-71.88854 -13.548932 3259.1</gx:coord>
<gx:coord>-71.88853 -13.548935 3259.1</gx:coord>
<gx:coord>-71.88852 -13.548938 3259.1</gx:coord>
<gx:coord>-71.88851 -13.548937 3259.1</gx:coord>
<gx:coord>-71.8885 -13.548937 3262.0002</gx:coord>
<gx:coord>-71.8885 -13.548938 3262.0002</gx:coord>
<gx:coord>-71.88849 -13.548941 3262.0002</gx:coord>
<gx:coord>-71.88848 -13.548946 3262.0002</gx:coord>
<gx:coord>-71.888466 -13.548951 3262.0002</gx:coord>
<gx:coord>-71.88846 -13.548958 3262.0002</gx:coord>
<gx:coord>-71.88845 -13.548964 3262.0002</gx:coord>
<gx:coord>-71.88844 -13.548969 3262.0002</gx:coord>
<gx:coord>-71.888435 -13.548975 3262.0002</gx:coord>
<gx:coord>-71.88843 -13.548981 3262.0002</gx:coord>
<gx:coord>-71.88841 -13.548987 3260.6</gx:coord>
<gx:coord>-71.888405 -13.54899 3260.6</gx:coord>
<gx:coord>-71.8884 -13.548994 3260.6</gx:coord>
<gx:coord>-71.88839 -13.548999 3260.6</gx:coord>
<gx:coord>-71.888374 -13.549004 3260.6</gx:coord>
<gx:coord>-71.88836 -13.549007 3260.6</gx:coord>
<gx:coord>-71.88835 -13.54901 3260.6</gx:coord>
<gx:coord>-71.88834 -13.549012 3260.6</gx:coord>
<gx:coord>-71.88833 -13.549016 3260.6</gx:coord>
<gx:coord>-71.88832 -13.549021 3260.6</gx:coord>
<gx:coord>-71.888306 -13.549028 3260.9001</gx:coord>
<gx:coord>-71.8883 -13.549032 3260.9001</gx:coord>
<gx:coord>-71.88829 -13.549036 3260.9001</gx:coord>
<gx:coord>-71.88828 -13.54904 3260.9001</gx:coord>
<gx:coord>-71.88827 -13.549045 3260.9001</gx:coord>
<gx:coord>-71.88826 -13.549048 3260.6</gx:coord>
<gx:coord>-71.88825 -13.549052 3260.6</gx:coord>
<gx:coord>-71.888245 -13.549057 3260.6</gx:coord>
<gx:coord>-71.88824 -13.549061 3260.6</gx:coord>
<gx:coord>-71.88823 -13.549065 3260.6</gx:coord>
<gx:coord>-71.888214 -13.5490675 3261.6</gx:coord>
<gx:coord>-71.888214 -13.549071 3261.6</gx:coord>
<gx:coord>-71.88821 -13.549075 3261.6</gx:coord>
<gx:coord>-71.88819 -13.549079 3261.6</gx:coord>
<gx:coord>-71.88818 -13.549083 3261.6</gx:coord>
<gx:coord>-71.888176 -13.549086 3260.6</gx:coord>
<gx:coord>-71.88817 -13.549087 3260.6</gx:coord>
<gx:coord>-71.88816 -13.549088 3260.6</gx:coord>
<gx:coord>-71.888145 -13.54909 3260.6</gx:coord>
<gx:coord>-71.88814 -13.549094 3260.6</gx:coord>
<gx:coord>-71.88813 -13.549093 3260.6</gx:coord>
<gx:coord>-71.88813 -13.549093 3260.9001</gx:coord>
<gx:coord>-71.88812 -13.549095 3260.9001</gx:coord>
<gx:coord>-71.88812 -13.5491 3260.9001</gx:coord>
<gx:coord>-71.888115 -13.549103 3260.9001</gx:coord>
<gx:coord>-71.88811 -13.549104 3260.9001</gx:coord>
<gx:coord>-71.8881 -13.549108 3260.9001</gx:coord>
<gx:coord>-71.888084 -13.549113 3260.9001</gx:coord>
<gx:coord>-71.888084 -13.549115 3260.9001</gx:coord>
<gx:coord>-71.88807 -13.549116 3260.9001</gx:coord>
<gx:coord>-71.88806 -13.549116 3260.9001</gx:coord>
<gx:coord>-71.888054 -13.549118 3260.9001</gx:coord>
<gx:coord>-71.88804 -13.549119 3260.9001</gx:coord>
<gx:coord>-71.88803 -13.549122 3260.9001</gx:coord>
<gx:coord>-71.888016 -13.549124 3260.9001</gx:coord>
<gx:coord>-71.88801 -13.549129 3260.9001</gx:coord>
<gx:coord>-71.888 -13.549133 3260.9001</gx:coord>
<gx:coord>-71.887985 -13.549137 3260.9001</gx:coord>
<gx:coord>-71.88798 -13.549141 3260.9001</gx:coord>
<gx:coord>-71.88797 -13.549146 3260.9001</gx:coord>
<gx:coord>-71.88796 -13.549152 3260.9001</gx:coord>
<gx:coord>-71.88796 -13.54916 3260.9001</gx:coord>
<gx:coord>-71.88795 -13.549166 3260.9001</gx:coord>
<gx:coord>-71.88794 -13.5491705 3260.9001</gx:coord>
<gx:coord>-71.88793 -13.549179 3260.9001</gx:coord>
<gx:coord>-71.88792 -13.54919 3260.9001</gx:coord>
<gx:coord>-71.88791 -13.549196 3260.9001</gx:coord>
<gx:coord>-71.8879 -13.549199 3260.9001</gx:coord>
<gx:coord>-71.887886 -13.549199 3260.9001</gx:coord>
<gx:coord>-71.88788 -13.549199 3260.9001</gx:coord>
<gx:coord>-71.88787 -13.549206 3260.9001</gx:coord>
<gx:coord>-71.88786 -13.549215 3260.9001</gx:coord>
<gx:coord>-71.88785 -13.54922 3260.9001</gx:coord>
<gx:coord>-71.88784 -13.549223 3260.9001</gx:coord>
<gx:coord>-71.887825 -13.549225 3260.9001</gx:coord>
<gx:coord>-71.88782 -13.549229 3260.9001</gx:coord>
<gx:coord>-71.88781 -13.549232 3260.9001</gx:coord>
<gx:coord>-71.887794 -13.5492325 3260.9001</gx:coord>
<gx:coord>-71.88779 -13.549234 3260.9001</gx:coord>
<gx:coord>-71.88777 -13.549236 3260.9001</gx:coord>
<gx:coord>-71.887764 -13.549237 3260.9001</gx:coord>
<gx:coord>-71.88776 -13.549236 3262.0002</gx:coord>
<gx:coord>-71.88775 -13.549238 3262.0002</gx:coord>
<gx:coord>-71.88773 -13.549243 3262.0002</gx:coord>
<gx:coord>-71.887726 -13.549248 3262.0002</gx:coord>
<gx:coord>-71.88772 -13.549253 3260.3</gx:coord>
<gx:coord>-71.8877 -13.549257 3260.3</gx:coord>
<gx:coord>-71.8877 -13.549258 3260.3</gx:coord>
<gx:coord>-71.88769 -13.549262 3260.3</gx:coord>
<gx:coord>-71.88768 -13.549267 3260.3</gx:coord>
<gx:coord>-71.887665 -13.549272 3260.3</gx:coord>
<gx:coord>-71.88766 -13.549278 3260.3</gx:coord>
<gx:coord>-71.88765 -13.549284 3260.3</gx:coord>
<gx:coord>-71.88764 -13.549292 3260.3</gx:coord>
<gx:coord>-71.88764 -13.549297 3260.3</gx:coord>
<gx:coord>-71.88764 -13.549302 3260.3</gx:coord>
<gx:coord>-71.887634 -13.549308 3259.6</gx:coord>
<gx:coord>-71.88763 -13.5493145 3259.6</gx:coord>
<gx:coord>-71.88762 -13.549321 3259.6</gx:coord>
<gx:coord>-71.8876 -13.549326 3259.6</gx:coord>
<gx:coord>-71.887596 -13.54933 3259.6</gx:coord>
<gx:coord>-71.88758 -13.549334 3259.6</gx:coord>
<gx:coord>-71.88757 -13.549337 3259.6</gx:coord>
<gx:coord>-71.887566 -13.549341 3259.6</gx:coord>
<gx:coord>-71.88755 -13.549347 3259.6</gx:coord>
<gx:coord>-71.88754 -13.549351 3259.6</gx:coord>
<gx:coord>-71.887535 -13.549355 3259.6</gx:coord>
<gx:coord>-71.88753 -13.549358 3259.6</gx:coord>
<gx:coord>-71.88752 -13.549362 3259.6</gx:coord>
<gx:coord>-71.88751 -13.549365 3259.6</gx:coord>
<gx:coord>-71.8875 -13.54937 3259.6</gx:coord>
<gx:coord>-71.88749 -13.549376 3259.6</gx:coord>
<gx:coord>-71.88748 -13.54938 3259.6</gx:coord>
<gx:coord>-71.887474 -13.549391 3260.0002</gx:coord>
<gx:coord>-71.88747 -13.5493965 3260.0002</gx:coord>
<gx:coord>-71.88745 -13.549401 3260.0002</gx:coord>
<gx:coord>-71.887436 -13.549405 3260.0002</gx:coord>
<gx:coord>-71.88743 -13.54941 3260.0002</gx:coord>
<gx:coord>-71.88741 -13.549415 3260.0002</gx:coord>
<gx:coord>-71.887405 -13.5494175 3260.0002</gx:coord>
<gx:coord>-71.88739 -13.54942 3260.0002</gx:coord>
<gx:coord>-71.88739 -13.549426 3259.4001</gx:coord>
<gx:coord>-71.88738 -13.549429 3259.4001</gx:coord>
<gx:coord>-71.887375 -13.549432 3259.4001</gx:coord>
<gx:coord>-71.88737 -13.549435 3259.4001</gx:coord>
<gx:coord>-71.88735 -13.549438 3259.4001</gx:coord>
<gx:coord>-71.88734 -13.549444 3258.5002</gx:coord>
<gx:coord>-71.88733 -13.549449 3258.5002</gx:coord>
<gx:coord>-71.887314 -13.549454 3258.5002</gx:coord>
<gx:coord>-71.88731 -13.5494585 3258.5002</gx:coord>
<gx:coord>-71.88729 -13.549462 3258.5002</gx:coord>
<gx:coord>-71.887276 -13.549467 3259.3</gx:coord>
<gx:coord>-71.88727 -13.549471 3259.3</gx:coord>
<gx:coord>-71.88726 -13.549476 3259.3</gx:coord>
<gx:coord>-71.887245 -13.5494795 3259.3</gx:coord>
<gx:coord>-71.88724 -13.549479 3259.3</gx:coord>
<gx:coord>-71.88722 -13.549475 3258.9001</gx:coord>
<gx:coord>-71.887215 -13.549476 3258.9001</gx:coord>
<gx:coord>-71.88721 -13.549479 3258.9001</gx:coord>
<gx:coord>-71.88719 -13.549483 3258.9001</gx:coord>
<gx:coord>-71.887184 -13.549488 3258.9001</gx:coord>
<gx:coord>-71.88717 -13.549493 3260.0002</gx:coord>
<gx:coord>-71.88716 -13.549497 3260.0002</gx:coord>
<gx:coord>-71.88715 -13.5495 3260.0002</gx:coord>
<gx:coord>-71.887146 -13.549503 3260.0002</gx:coord>
<gx:coord>-71.88714 -13.549507 3260.0002</gx:coord>
<gx:coord>-71.88713 -13.549512 3260.0002</gx:coord>
<gx:coord>-71.88712 -13.549514 3260.0002</gx:coord>
<gx:coord>-71.887115 -13.549516 3260.0002</gx:coord>
<gx:coord>-71.88711 -13.54952 3260.0002</gx:coord>
<gx:coord>-71.8871 -13.549523 3260.0002</gx:coord>
<gx:coord>-71.887085 -13.549528 3259.9001</gx:coord>
<gx:coord>-71.88708 -13.54953 3259.9001</gx:coord>
<gx:coord>-71.88707 -13.549535 3259.9001</gx:coord>
<gx:coord>-71.88706 -13.549538 3259.9001</gx:coord>
<gx:coord>-71.88705 -13.549541 3259.9001</gx:coord>
<gx:coord>-71.88703 -13.549547 3260.0002</gx:coord>
<gx:coord>-71.887024 -13.549552 3260.0002</gx:coord>
<gx:coord>-71.88702 -13.549559 3260.0002</gx:coord>
<gx:coord>-71.887 -13.549564 3260.0002</gx:coord>
<gx:coord>-71.88699 -13.549571 3260.0002</gx:coord>
<gx:coord>-71.88698 -13.5495825 3260.0002</gx:coord>
<gx:coord>-71.88698 -13.549587 3260.0002</gx:coord>
<gx:coord>-71.88696 -13.549592 3260.0002</gx:coord>
<gx:coord>-71.886955 -13.549596 3260.0002</gx:coord>
<gx:coord>-71.88695 -13.549599 3260.0002</gx:coord>
<gx:coord>-71.88693 -13.5496025 3260.0002</gx:coord>
<gx:coord>-71.886925 -13.549606 3260.0002</gx:coord>
<gx:coord>-71.88691 -13.549606 3260.0002</gx:coord>
<gx:coord>-71.8869 -13.54961 3260.0002</gx:coord>
<gx:coord>-71.886894 -13.549611 3260.0002</gx:coord>
<gx:coord>-71.88688 -13.549612 3260.0002</gx:coord>
<gx:coord>-71.88687 -13.549613 3260.0002</gx:coord>
<gx:coord>-71.88686 -13.549613 3260.0002</gx:coord>
<gx:coord>-71.88685 -13.549613 3260.0002</gx:coord>
<gx:coord>-71.88684 -13.549615 3260.0002</gx:coord>
<gx:coord>-71.886826 -13.549617 3260.0002</gx:coord>
<gx:coord>-71.88682 -13.549617 3260.0002</gx:coord>
<gx:coord>-71.88681 -13.54962 3260.0002</gx:coord>
<gx:coord>-71.886795 -13.549622 3260.0002</gx:coord>
<gx:coord>-71.88679 -13.549624 3260.0002</gx:coord>
<gx:coord>-71.88677 -13.549629 3260.0002</gx:coord>
<gx:coord>-71.88677 -13.54963 3260.0002</gx:coord>
<gx:coord>-71.88676 -13.549633 3260.0002</gx:coord>
<gx:coord>-71.88675 -13.549634 3260.0002</gx:coord>
<gx:coord>-71.88674 -13.549636 3260.0002</gx:coord>
<gx:coord>-71.88673 -13.549638 3260.0002</gx:coord>
<gx:coord>-71.88672 -13.549641 3260.0002</gx:coord>
<gx:coord>-71.8867 -13.549643 3260.0002</gx:coord>
<gx:coord>-71.886696 -13.549645 3260.0002</gx:coord>
<gx:coord>-71.88669 -13.54965 3260.0002</gx:coord>
<gx:coord>-71.88667 -13.549655 3260.0002</gx:coord>
<gx:coord>-71.886665 -13.549657 3260.0002</gx:coord>
<gx:coord>-71.88666 -13.549661 3260.0002</gx:coord>
<gx:coord>-71.88665 -13.549664 3260.0002</gx:coord>
<gx:coord>-71.88664 -13.549665 3260.0002</gx:coord>
<gx:coord>-71.886635 -13.549666 3260.0002</gx:coord>
<gx:coord>-71.88663 -13.549669 3260.0002</gx:coord>
<gx:coord>-71.88662 -13.549671 3260.0002</gx:coord>
<gx:coord>-71.886604 -13.549672 3260.0002</gx:coord>
<gx:coord>-71.8866 -13.549675 3260.0002</gx:coord>
<gx:coord>-71.88659 -13.54968 3259.9001</gx:coord>
<gx:coord>-71.88657 -13.549684 3259.9001</gx:coord>
<gx:coord>-71.886566 -13.549688 3259.9001</gx:coord>
<gx:coord>-71.88655 -13.549693 3259.9001</gx:coord>
<gx:coord>-71.88654 -13.549697 3259.9001</gx:coord>
<gx:coord>-71.88653 -13.549703 3259.6</gx:coord>
<gx:coord>-71.88652 -13.549706 3259.6</gx:coord>
<gx:coord>-71.886505 -13.54971 3259.6</gx:coord>
<gx:coord>-71.8865 -13.549712 3259.6</gx:coord>
<gx:coord>-71.88649 -13.549713 3259.6</gx:coord>
<gx:coord>-71.88648 -13.549715 3260.9001</gx:coord>
<gx:coord>-71.886475 -13.549717 3260.9001</gx:coord>
<gx:coord>-71.88646 -13.54972 3260.9001</gx:coord>
<gx:coord>-71.88646 -13.549725 3260.9001</gx:coord>
<gx:coord>-71.886444 -13.549728 3260.9001</gx:coord>
<gx:coord>-71.88644 -13.549731 3259.8</gx:coord>
<gx:coord>-71.88643 -13.549733 3259.8</gx:coord>
<gx:coord>-71.88642 -13.549735 3259.8</gx:coord>
<gx:coord>-71.886406 -13.549737 3259.8</gx:coord>
<gx:coord>-71.8864 -13.549742 3259.8</gx:coord>
<gx:coord>-71.88639 -13.549744 3259.8</gx:coord>
<gx:coord>-71.88638 -13.549747 3259.8</gx:coord>
<gx:coord>-71.88637 -13.549749 3259.8</gx:coord>
<gx:coord>-71.88636 -13.549752 3259.8</gx:coord>
<gx:coord>-71.88635 -13.549755 3259.8</gx:coord>
<gx:coord>-71.886345 -13.549758 3259.8</gx:coord>
<gx:coord>-71.88634 -13.549761 3259.8</gx:coord>
<gx:coord>-71.88633 -13.549763 3259.8</gx:coord>
<gx:coord>-71.88632 -13.549765 3259.8</gx:coord>
<gx:coord>-71.886314 -13.549767 3259.8</gx:coord>
<gx:coord>-71.8863 -13.549767 3259.8</gx:coord>
<gx:coord>-71.88629 -13.5497675 3259.8</gx:coord>
<gx:coord>-71.886284 -13.549767 3259.8</gx:coord>
<gx:coord>-71.88628 -13.549766 3259.8</gx:coord>
<gx:coord>-71.88626 -13.549764 3259.8</gx:coord>
<gx:coord>-71.886246 -13.549762 3259.8</gx:coord>
<gx:coord>-71.88624 -13.549763 3259.8</gx:coord>
<gx:coord>-71.88623 -13.549764 3259.8</gx:coord>
<gx:coord>-71.886215 -13.549764 3259.8</gx:coord>
<gx:coord>-71.88621 -13.549766 3259.8</gx:coord>
<gx:coord>-71.88619 -13.54977 3259.8</gx:coord>
<gx:coord>-71.886185 -13.549772 3259.8</gx:coord>
<gx:coord>-71.88618 -13.549774 3259.8</gx:coord>
<gx:coord>-71.88617 -13.549778 3259.8</gx:coord>
<gx:coord>-71.88616 -13.549782 3259.8</gx:coord>
<gx:coord>-71.88615 -13.549788 3259.8</gx:coord>
<gx:coord>-71.88614 -13.549792 3259.8</gx:coord>
<gx:coord>-71.88612 -13.549795 3259.8</gx:coord>
<gx:coord>-71.886116 -13.549799 3259.8</gx:coord>
<gx:coord>-71.8861 -13.5498 3259.8</gx:coord>
<gx:coord>-71.886086 -13.549799 3259.6</gx:coord>
<gx:coord>-71.88608 -13.549795 3259.6</gx:coord>
<gx:coord>-71.88608 -13.549793 3259.6</gx:coord>
<gx:coord>-71.88607 -13.549791 3259.6</gx:coord>
<gx:coord>-71.88607 -13.549788 3259.6</gx:coord>
<gx:coord>-71.88608 -13.549783 3259.6</gx:coord>
<gx:coord>-71.88608 -13.549782 3259.6</gx:coord>
<gx:coord>-71.88608 -13.549782 3259.6</gx:coord>
<gx:coord>-71.88608 -13.549783 3259.6</gx:coord>
<gx:coord>-71.88608 -13.549784 3259.6</gx:coord>
<gx:coord>-71.88608 -13.549783 3259.6</gx:coord>
<gx:coord>-71.88608 -13.549782 3259.6</gx:coord>
<gx:coord>-71.88606 -13.549782 3259.6</gx:coord>
<gx:coord>-71.88605 -13.549782 3259.6</gx:coord>
<gx:coord>-71.88604 -13.54978 3259.6</gx:coord>
<gx:coord>-71.88602 -13.549777 3259.6</gx:coord>
<gx:coord>-71.88601 -13.549776 3259.6</gx:coord>
<gx:coord>-71.886 -13.549776 3259.6</gx:coord>
<gx:coord>-71.88599 -13.549777 3259.6</gx:coord>
<gx:coord>-71.88598 -13.549776 3259.6</gx:coord>
<gx:coord>-71.885956 -13.549771 3258.9001</gx:coord>
<gx:coord>-71.88595 -13.549768 3258.9001</gx:coord>
<gx:coord>-71.88594 -13.549765 3258.9001</gx:coord>
<gx:coord>-71.885925 -13.549764 3258.9001</gx:coord>
<gx:coord>-71.88591 -13.549765 3258.9001</gx:coord>
<gx:coord>-71.8859 -13.549765 3258.9001</gx:coord>
<gx:coord>-71.88588 -13.549773 3259.2002</gx:coord>
<gx:coord>-71.88587 -13.549774 3259.2002</gx:coord>
<gx:coord>-71.88586 -13.549772 3259.2002</gx:coord>
<gx:coord>-71.88585 -13.549772 3259.2002</gx:coord>
<gx:coord>-71.885826 -13.549781 3259.0002</gx:coord>
<gx:coord>-71.88582 -13.549783 3259.0002</gx:coord>
<gx:coord>-71.88581 -13.549784 3259.0002</gx:coord>
<gx:coord>-71.8858 -13.549785 3259.0002</gx:coord>
<gx:coord>-71.88579 -13.549784 3259.0002</gx:coord>
<gx:coord>-71.88579 -13.549778 3259.0002</gx:coord>
<gx:coord>-71.88578 -13.549781 3259.0002</gx:coord>
<gx:coord>-71.88577 -13.549784 3259.0002</gx:coord>
<gx:coord>-71.885765 -13.549783 3259.0002</gx:coord>
<gx:coord>-71.88576 -13.549777 3259.0002</gx:coord>
<gx:coord>-71.88574 -13.549778 3259.2002</gx:coord>
<gx:coord>-71.885735 -13.549779 3259.2002</gx:coord>
<gx:coord>-71.88572 -13.549776 3259.2002</gx:coord>
<gx:coord>-71.88571 -13.549771 3259.2002</gx:coord>
<gx:coord>-71.8857 -13.5497675 3259.2002</gx:coord>
<gx:coord>-71.88568 -13.549764 3258.9001</gx:coord>
<gx:coord>-71.88567 -13.549761 3258.9001</gx:coord>
<gx:coord>-71.885666 -13.549759 3258.9001</gx:coord>
<gx:coord>-71.88566 -13.549757 3258.9001</gx:coord>
<gx:coord>-71.88565 -13.549755 3258.9001</gx:coord>
<gx:coord>-71.88564 -13.549751 3258.9001</gx:coord>
<gx:coord>-71.885635 -13.549742 3258.9001</gx:coord>
<gx:coord>-71.88563 -13.549739 3258.9001</gx:coord>
<gx:coord>-71.88562 -13.549736 3258.9001</gx:coord>
<gx:coord>-71.885605 -13.549732 3258.9001</gx:coord>
<gx:coord>-71.8856 -13.549728 3258.9001</gx:coord>
<gx:coord>-71.88559 -13.549723 3258.7002</gx:coord>
<gx:coord>-71.885574 -13.549719 3258.7002</gx:coord>
<gx:coord>-71.88557 -13.549716 3258.7002</gx:coord>
<gx:coord>-71.88556 -13.549715 3258.7002</gx:coord>
<gx:coord>-71.885544 -13.549714 3258.7002</gx:coord>
<gx:coord>-71.88554 -13.549714 3258.7002</gx:coord>
<gx:coord>-71.88553 -13.549715 3258.7002</gx:coord>
<gx:coord>-71.88551 -13.549716 3258.7002</gx:coord>
<gx:coord>-71.8855 -13.549719 3258.7002</gx:coord>
<gx:coord>-71.88549 -13.549724 3258.7002</gx:coord>
<gx:coord>-71.88548 -13.549726 3258.7002</gx:coord>
<gx:coord>-71.88547 -13.549728 3258.7002</gx:coord>
<gx:coord>-71.88546 -13.54973 3258.7002</gx:coord>
<gx:coord>-71.885445 -13.54973 3258.7002</gx:coord>
<gx:coord>-71.88544 -13.549732 3258.7002</gx:coord>
<gx:coord>-71.88542 -13.549731 3258.7002</gx:coord>
<gx:coord>-71.885414 -13.549729 3258.7002</gx:coord>
<gx:coord>-71.88541 -13.549727 3258.7002</gx:coord>
<gx:coord>-71.88539 -13.549726 3258.7002</gx:coord>
<gx:coord>-71.88539 -13.549724 3258.7002</gx:coord>
<gx:coord>-71.88539 -13.549719 3258.7002</gx:coord>
<gx:coord>-71.88538 -13.549711 3258.7002</gx:coord>
<gx:coord>-71.885376 -13.549702 3258.7002</gx:coord>
<gx:coord>-71.885376 -13.549693 3258.7002</gx:coord>
<gx:coord>-71.885376 -13.549681 3258.7002</gx:coord>
<gx:coord>-71.885376 -13.549671 3258.7002</gx:coord>
<gx:coord>-71.885376 -13.549662 3258.7002</gx:coord>
<gx:coord>-71.885376 -13.54965 3258.7002</gx:coord>
<gx:coord>-71.885376 -13.549641 3258.7002</gx:coord>
<gx:coord>-71.885376 -13.549633 3258.7002</gx:coord>
<gx:coord>-71.885376 -13.549623 3261.1</gx:coord>
<gx:coord>-71.885376 -13.549612 3261.1</gx:coord>
<gx:coord>-71.88538 -13.549601 3261.1</gx:coord>
<gx:coord>-71.88538 -13.549589 3261.1</gx:coord>
<gx:coord>-71.88539 -13.549579 3261.1</gx:coord>
<gx:coord>-71.88539 -13.549566 3258.5002</gx:coord>
<gx:coord>-71.88538 -13.549558 3258.5002</gx:coord>
<gx:coord>-71.88538 -13.549548 3258.5002</gx:coord>
<gx:coord>-71.88538 -13.549539 3258.5002</gx:coord>
<gx:coord>-71.88538 -13.549528 3258.5002</gx:coord>
<gx:coord>-71.88538 -13.549516 3257.9001</gx:coord>
<gx:coord>-71.885376 -13.549504 3257.9001</gx:coord>
<gx:coord>-71.885376 -13.549495 3257.9001</gx:coord>
<gx:coord>-71.885376 -13.549485 3257.9001</gx:coord>
<gx:coord>-71.88538 -13.549476 3257.9001</gx:coord>
<gx:coord>-71.88539 -13.549468 3257.9001</gx:coord>
<gx:coord>-71.88539 -13.5494585 3257.9001</gx:coord>
<gx:coord>-71.88538 -13.549449 3257.9001</gx:coord>
<gx:coord>-71.885376 -13.549438 3257.9001</gx:coord>
<gx:coord>-71.885376 -13.549429 3257.9001</gx:coord>
<gx:coord>-71.885376 -13.549421 3257.9001</gx:coord>
<gx:coord>-71.885376 -13.549413 3257.9001</gx:coord>
<gx:coord>-71.88537 -13.549405 3257.9001</gx:coord>
<gx:coord>-71.88536 -13.549397 3257.9001</gx:coord>
<gx:coord>-71.88535 -13.549387 3257.9001</gx:coord>
<gx:coord>-71.885345 -13.549373 3261.1</gx:coord>
<gx:coord>-71.885345 -13.549362 3261.1</gx:coord>
<gx:coord>-71.88534 -13.549352 3261.1</gx:coord>
<gx:coord>-71.88534 -13.549341 3261.1</gx:coord>
<gx:coord>-71.88533 -13.549331 3261.1</gx:coord>
<gx:coord>-71.88533 -13.54931 3261.3</gx:coord>
<gx:coord>-71.88533 -13.549297 3261.3</gx:coord>
<gx:coord>-71.88533 -13.549286 3261.3</gx:coord>
<gx:coord>-71.88532 -13.549274 3261.3</gx:coord>
<gx:coord>-71.885315 -13.549255 3261.1</gx:coord>
<gx:coord>-71.885315 -13.549246 3261.1</gx:coord>
<gx:coord>-71.885315 -13.549235 3261.1</gx:coord>
<gx:coord>-71.88531 -13.549225 3261.1</gx:coord>
<gx:coord>-71.88531 -13.549214 3261.1</gx:coord>
<gx:coord>-71.88531 -13.549202 3261.1</gx:coord>
<gx:coord>-71.88531 -13.549185 3261.1</gx:coord>
<gx:coord>-71.885315 -13.549175 3261.1</gx:coord>
<gx:coord>-71.885315 -13.549165 3261.1</gx:coord>
<gx:coord>-71.885315 -13.549154 3261.1</gx:coord>
<gx:coord>-71.885315 -13.549145 3261.1</gx:coord>
<gx:coord>-71.88531 -13.5491295 3261.1</gx:coord>
<gx:coord>-71.885315 -13.549119 3261.1</gx:coord>
<gx:coord>-71.885315 -13.5491085 3261.1</gx:coord>
<gx:coord>-71.88532 -13.549099 3261.1</gx:coord>
<gx:coord>-71.88532 -13.54909 3261.1</gx:coord>
<gx:coord>-71.88533 -13.54908 3261.3</gx:coord>
<gx:coord>-71.885345 -13.549073 3261.3</gx:coord>
<gx:coord>-71.88535 -13.5490675 3261.3</gx:coord>
<gx:coord>-71.88536 -13.54906 3261.3</gx:coord>
<gx:coord>-71.88535 -13.549048 3261.2002</gx:coord>
<gx:coord>-71.88536 -13.54904 3261.2002</gx:coord>
<gx:coord>-71.88537 -13.549031 3261.2002</gx:coord>
<gx:coord>-71.885376 -13.549022 3261.2002</gx:coord>
<gx:coord>-71.885376 -13.549011 3261.2002</gx:coord>
<gx:coord>-71.885376 -13.549002 3261.2002</gx:coord>
<gx:coord>-71.885376 -13.54899 3261.3</gx:coord>
<gx:coord>-71.88537 -13.548979 3261.3</gx:coord>
<gx:coord>-71.885376 -13.548968 3261.3</gx:coord>
<gx:coord>-71.885376 -13.548958 3261.3</gx:coord>
<gx:coord>-71.885376 -13.548946 3261.3</gx:coord>
<gx:coord>-71.885376 -13.548939 3261.4001</gx:coord>
<gx:coord>-71.885376 -13.54893 3261.4001</gx:coord>
<gx:coord>-71.885376 -13.548923 3261.4001</gx:coord>
<gx:coord>-71.88538 -13.548913 3261.4001</gx:coord>
<gx:coord>-71.88538 -13.548905 3261.4001</gx:coord>
<gx:coord>-71.88539 -13.548898 3261.4001</gx:coord>
<gx:coord>-71.88539 -13.54889 3261.4001</gx:coord>
<gx:coord>-71.88539 -13.548881 3261.4001</gx:coord>
<gx:coord>-71.8854 -13.548871 3261.4001</gx:coord>
<gx:coord>-71.8854 -13.54886 3261.4001</gx:coord>
<gx:coord>-71.8854 -13.548854 3261.4001</gx:coord>
<gx:coord>-71.88541 -13.548841 3261.4001</gx:coord>
<gx:coord>-71.88541 -13.548831 3261.4001</gx:coord>
<gx:coord>-71.885414 -13.548823 3261.4001</gx:coord>
<gx:coord>-71.885414 -13.548816 3261.4001</gx:coord>
<gx:coord>-71.885414 -13.548809 3261.4001</gx:coord>
<gx:coord>-71.885414 -13.548801 3261.4001</gx:coord>
<gx:coord>-71.885414 -13.548791 3261.4001</gx:coord>
<gx:coord>-71.88542 -13.54878 3261.4001</gx:coord>
<gx:coord>-71.88542 -13.54877 3261.4001</gx:coord>
<gx:coord>-71.88542 -13.548758 3261.4001</gx:coord>
<gx:coord>-71.88542 -13.548752 3261.4001</gx:coord>
<gx:coord>-71.88543 -13.548742 3261.4001</gx:coord>
<gx:coord>-71.88543 -13.548733 3261.4001</gx:coord>
<gx:coord>-71.88544 -13.548723 3261.4001</gx:coord>
<gx:coord>-71.885445 -13.548712 3261.7002</gx:coord>
<gx:coord>-71.88545 -13.548703 3261.7002</gx:coord>
<gx:coord>-71.88546 -13.548693 3261.7002</gx:coord>
<gx:coord>-71.88546 -13.548682 3261.7002</gx:coord>
<gx:coord>-71.88546 -13.54867 3261.4001</gx:coord>
<gx:coord>-71.88546 -13.54866 3261.4001</gx:coord>
<gx:coord>-71.88546 -13.548649 3261.4001</gx:coord>
<gx:coord>-71.88546 -13.548636 3261.4001</gx:coord>
<gx:coord>-71.88546 -13.548626 3261.4001</gx:coord>
<gx:coord>-71.88546 -13.548614 3261.4001</gx:coord>
<gx:coord>-71.88545 -13.548606 3261.9001</gx:coord>
<gx:coord>-71.88545 -13.548595 3261.9001</gx:coord>
<gx:coord>-71.88546 -13.548587 3261.9001</gx:coord>
<gx:coord>-71.88546 -13.548576 3261.9001</gx:coord>
<gx:coord>-71.88546 -13.548565 3261.9001</gx:coord>
<gx:coord>-71.88546 -13.548553 3261.7002</gx:coord>
<gx:coord>-71.88546 -13.548544 3261.7002</gx:coord>
<gx:coord>-71.88546 -13.548535 3261.7002</gx:coord>
<gx:coord>-71.88547 -13.548525 3261.7002</gx:coord>
<gx:coord>-71.885475 -13.548514 3261.7002</gx:coord>
<gx:coord>-71.88547 -13.548498 3261.4001</gx:coord>
<gx:coord>-71.885475 -13.5484915 3261.4001</gx:coord>
<gx:coord>-71.885475 -13.548482 3261.4001</gx:coord>
<gx:coord>-71.88548 -13.548472 3261.4001</gx:coord>
<gx:coord>-71.88549 -13.548462 3261.4001</gx:coord>
<gx:coord>-71.8855 -13.548452 3261.4001</gx:coord>
<gx:coord>-71.885506 -13.548443 3261.4001</gx:coord>
<gx:coord>-71.88551 -13.54843 3261.4001</gx:coord>
<gx:coord>-71.88551 -13.548419 3261.4001</gx:coord>
<gx:coord>-71.88552 -13.5484085 3261.4001</gx:coord>
<gx:coord>-71.88552 -13.5484 3261.7002</gx:coord>
<gx:coord>-71.88553 -13.548392 3261.7002</gx:coord>
<gx:coord>-71.88554 -13.548383 3261.7002</gx:coord>
<gx:coord>-71.88554 -13.548372 3261.7002</gx:coord>
<gx:coord>-71.885544 -13.548362 3261.7002</gx:coord>
<gx:coord>-71.885544 -13.548351 3261.7002</gx:coord>
<gx:coord>-71.885544 -13.54834 3261.7002</gx:coord>
<gx:coord>-71.88555 -13.548328 3261.7002</gx:coord>
<gx:coord>-71.88555 -13.548316 3261.7002</gx:coord>
<gx:coord>-71.88555 -13.5483055 3261.7002</gx:coord>
<gx:coord>-71.88556 -13.54829 3262.5002</gx:coord>
<gx:coord>-71.88556 -13.548283 3262.5002</gx:coord>
<gx:coord>-71.88556 -13.548271 3262.5002</gx:coord>
<gx:coord>-71.88556 -13.54826 3262.5002</gx:coord>
<gx:coord>-71.88555 -13.548245 3262.7002</gx:coord>
<gx:coord>-71.88555 -13.548236 3262.7002</gx:coord>
<gx:coord>-71.88555 -13.5482235 3262.7002</gx:coord>
<gx:coord>-71.88555 -13.548213 3262.7002</gx:coord>
<gx:coord>-71.88555 -13.548203 3262.7002</gx:coord>
<gx:coord>-71.885544 -13.548193 3262.7002</gx:coord>
<gx:coord>-71.885544 -13.548183 3262.5002</gx:coord>
<gx:coord>-71.885544 -13.548173 3262.5002</gx:coord>
<gx:coord>-71.885544 -13.548162 3262.5002</gx:coord>
<gx:coord>-71.88554 -13.548151 3262.5002</gx:coord>
<gx:coord>-71.88554 -13.548141 3262.5002</gx:coord>
<gx:coord>-71.88554 -13.548126 3262.5002</gx:coord>
<gx:coord>-71.88553 -13.54812 3262.5002</gx:coord>
<gx:coord>-71.88553 -13.548111 3262.5002</gx:coord>
<gx:coord>-71.88553 -13.5481 3262.5002</gx:coord>
<gx:coord>-71.88552 -13.548093 3262.5002</gx:coord>
<gx:coord>-71.88552 -13.548083 3262.5002</gx:coord>
<gx:coord>-71.88551 -13.548079 3262.5002</gx:coord>
<gx:coord>-71.88551 -13.548073 3262.5002</gx:coord>
<gx:coord>-71.885506 -13.548065 3262.5002</gx:coord>
<gx:coord>-71.88553 -13.548052 3262.4001</gx:coord>
<gx:coord>-71.88553 -13.548045 3262.4001</gx:coord>
<gx:coord>-71.88553 -13.548036 3262.4001</gx:coord>
<gx:coord>-71.88553 -13.548027 3262.4001</gx:coord>
<gx:coord>-71.88553 -13.5480175 3262.4001</gx:coord>
<gx:coord>-71.88552 -13.548008 3262.4001</gx:coord>
<gx:coord>-71.88552 -13.547997 3262.4001</gx:coord>
<gx:coord>-71.88551 -13.547993 3262.4001</gx:coord>
<gx:coord>-71.88551 -13.547984 3262.4001</gx:coord>
<gx:coord>-71.885506 -13.547974 3262.4001</gx:coord>
<gx:coord>-71.8855 -13.547964 3262.4001</gx:coord>
<gx:coord>-71.8855 -13.547952 3262.5002</gx:coord>
<gx:coord>-71.88549 -13.547945 3262.5002</gx:coord>
<gx:coord>-71.88549 -13.547935 3262.5002</gx:coord>
<gx:coord>-71.8855 -13.547926 3262.5002</gx:coord>
<gx:coord>-71.8855 -13.547917 3262.5002</gx:coord>
<gx:coord>-71.885506 -13.547911 3262.5002</gx:coord>
<gx:coord>-71.88552 -13.547904 3262.5002</gx:coord>
<gx:coord>-71.88553 -13.547898 3262.5002</gx:coord>
<gx:coord>-71.88553 -13.547892 3262.5002</gx:coord>
<gx:coord>-71.88554 -13.547892 3262.5002</gx:coord>
<gx:coord>-71.885544 -13.547896 3262.5002</gx:coord>
<gx:coord>-71.885544 -13.547897 3262.5002</gx:coord>
<gx:coord>-71.88555 -13.547894 3262.5002</gx:coord>
<gx:coord>-71.88555 -13.547885 3262.5002</gx:coord>
<gx:coord>-71.88555 -13.547877 3262.5002</gx:coord>
<gx:coord>-71.88555 -13.5478735 3262.8</gx:coord>
<gx:coord>-71.88556 -13.547858 3262.8</gx:coord>
<gx:coord>-71.88556 -13.547852 3262.8</gx:coord>
<gx:coord>-71.88556 -13.547851 3262.8</gx:coord>
<gx:coord>-71.88556 -13.547854 3262.8</gx:coord>
<gx:coord>-71.88557 -13.547847 3262.8</gx:coord>
<gx:coord>-71.88557 -13.547841 3262.8</gx:coord>
<gx:coord>-71.88557 -13.547831 3262.8</gx:coord>
<gx:coord>-71.88557 -13.547819 3262.8</gx:coord>
<gx:coord>-71.88557 -13.547808 3262.8</gx:coord>
<gx:coord>-71.885574 -13.547794 3262.5002</gx:coord>
<gx:coord>-71.885574 -13.547787 3262.5002</gx:coord>
<gx:coord>-71.885574 -13.547775 3262.5002</gx:coord>
<gx:coord>-71.885574 -13.547764 3262.5002</gx:coord>
<gx:coord>-71.885574 -13.547747 3262.8</gx:coord>
<gx:coord>-71.88557 -13.547742 3262.8</gx:coord>
<gx:coord>-71.88557 -13.547733 3262.8</gx:coord>
<gx:coord>-71.88557 -13.547724 3262.8</gx:coord>
<gx:coord>-71.88557 -13.547713 3262.8</gx:coord>
<gx:coord>-71.88557 -13.547702 3262.8</gx:coord>
<gx:coord>-71.88556 -13.547689 3265.5002</gx:coord>
<gx:coord>-71.88556 -13.547675 3265.5002</gx:coord>
<gx:coord>-71.88557 -13.547665 3265.5002</gx:coord>
<gx:coord>-71.88557 -13.54766 3265.5002</gx:coord>
<gx:coord>-71.885574 -13.547656 3265.5002</gx:coord>
<gx:coord>-71.885574 -13.547647 3265.5002</gx:coord>
<gx:coord>-71.88557 -13.547637 3265.3</gx:coord>
<gx:coord>-71.88557 -13.547627 3265.3</gx:coord>
<gx:coord>-71.88556 -13.547619 3265.3</gx:coord>
<gx:coord>-71.88556 -13.547607 3265.3</gx:coord>
<gx:coord>-71.88555 -13.547596 3265.3</gx:coord>
<gx:coord>-71.88555 -13.547584 3264.6</gx:coord>
<gx:coord>-71.885544 -13.547572 3264.6</gx:coord>
<gx:coord>-71.885544 -13.547561 3264.6</gx:coord>
<gx:coord>-71.885544 -13.547548 3265.5002</gx:coord>
<gx:coord>-71.88555 -13.547536 3265.5002</gx:coord>
<gx:coord>-71.88555 -13.547524 3265.5002</gx:coord>
<gx:coord>-71.88555 -13.547514 3265.5002</gx:coord>
<gx:coord>-71.88556 -13.547504 3265.5002</gx:coord>
<gx:coord>-71.88556 -13.547496 3265.5002</gx:coord>
<gx:coord>-71.88557 -13.547486 3265.5002</gx:coord>
<gx:coord>-71.885574 -13.547476 3265.5002</gx:coord>
<gx:coord>-71.88558 -13.547466 3265.5002</gx:coord>
<gx:coord>-71.88559 -13.547455 3265.5002</gx:coord>
<gx:coord>-71.8856 -13.547444 3265.5002</gx:coord>
<gx:coord>-71.885605 -13.547435 3265.5002</gx:coord>
<gx:coord>-71.88559 -13.54742 3265.5002</gx:coord>
<gx:coord>-71.8856 -13.547413 3265.5002</gx:coord>
<gx:coord>-71.885605 -13.547407 3265.5002</gx:coord>
<gx:coord>-71.88561 -13.5474 3265.5002</gx:coord>
<gx:coord>-71.88562 -13.547395 3265.5002</gx:coord>
<gx:coord>-71.88561 -13.547379 3265.5002</gx:coord>
<gx:coord>-71.88562 -13.547377 3265.5002</gx:coord>
<gx:coord>-71.885635 -13.547374 3265.5002</gx:coord>
<gx:coord>-71.88565 -13.547369 3265.8</gx:coord>
<gx:coord>-71.885666 -13.547366 3265.8</gx:coord>
<gx:coord>-71.88568 -13.547365 3265.8</gx:coord>
<gx:coord>-71.8857 -13.547365 3265.8</gx:coord>
<gx:coord>-71.88571 -13.547366 3265.8</gx:coord>
<gx:coord>-71.88573 -13.547367 3265.8</gx:coord>
<gx:coord>-71.88574 -13.547371 3265.8</gx:coord>
<gx:coord>-71.88575 -13.547364 3265.8</gx:coord>
<gx:coord>-71.885765 -13.547369 3265.8</gx:coord>
<gx:coord>-71.88578 -13.547376 3265.8</gx:coord>
<gx:coord>-71.885796 -13.547384 3265.8</gx:coord>
<gx:coord>-71.8858 -13.547395 3265.8</gx:coord>
<gx:coord>-71.88581 -13.547399 3265.9001</gx:coord>
<gx:coord>-71.885826 -13.547403 3265.9001</gx:coord>
<gx:coord>-71.88583 -13.547405 3265.9001</gx:coord>
<gx:coord>-71.88584 -13.547409 3265.9001</gx:coord>
<gx:coord>-71.88585 -13.54741 3265.9001</gx:coord>
<gx:coord>-71.88586 -13.5473995 3265.9001</gx:coord>
<gx:coord>-71.885864 -13.547399 3265.9001</gx:coord>
<gx:coord>-71.88587 -13.547397 3265.9001</gx:coord>
<gx:coord>-71.88588 -13.54738 3265.9001</gx:coord>
<gx:coord>-71.88589 -13.547376 3265.9001</gx:coord>
<gx:coord>-71.885895 -13.54737 3265.9001</gx:coord>
<gx:coord>-71.88591 -13.547366 3265.9001</gx:coord>
<gx:coord>-71.88592 -13.547359 3265.9001</gx:coord>
<gx:coord>-71.88593 -13.547355 3265.9001</gx:coord>
<gx:coord>-71.88594 -13.54735 3265.9001</gx:coord>
<gx:coord>-71.885956 -13.547343 3266.0002</gx:coord>
<gx:coord>-71.88596 -13.547341 3266.0002</gx:coord>
<gx:coord>-71.88597 -13.547338 3266.0002</gx:coord>
<gx:coord>-71.88599 -13.547332 3266.0002</gx:coord>
<gx:coord>-71.885994 -13.547324 3266.0002</gx:coord>
<gx:coord>-71.88601 -13.547313 3266.0002</gx:coord>
<gx:coord>-71.88601 -13.547303 3266.0002</gx:coord>
<gx:coord>-71.88601 -13.547296 3266.0002</gx:coord>
<gx:coord>-71.886 -13.547294 3266.0002</gx:coord>
<gx:coord>-71.886 -13.547289 3266.0002</gx:coord>
<gx:coord>-71.88601 -13.54728 3265.9001</gx:coord>
<gx:coord>-71.88601 -13.547274 3265.9001</gx:coord>
<gx:coord>-71.886024 -13.547267 3265.9001</gx:coord>
<gx:coord>-71.88603 -13.547263 3266.0002</gx:coord>
<gx:coord>-71.88605 -13.547262 3266.0002</gx:coord>
<gx:coord>-71.886055 -13.547266 3266.0002</gx:coord>
<gx:coord>-71.88606 -13.547268 3266.0002</gx:coord>
<gx:coord>-71.88606 -13.547264 3266.0002</gx:coord>
<gx:coord>-71.886055 -13.547262 3266.0002</gx:coord>
<gx:coord>-71.886055 -13.547262 3266.0002</gx:coord>
<gx:coord>-71.88604 -13.547261 3265.9001</gx:coord>
<gx:coord>-71.88605 -13.547261 3265.9001</gx:coord>
<gx:coord>-71.88605 -13.547261 3265.9001</gx:coord>
<gx:coord>-71.88605 -13.54726 3265.9001</gx:coord>
<gx:coord>-71.886055 -13.547258 3265.9001</gx:coord>
<gx:coord>-71.88607 -13.547256 3266.5002</gx:coord>
<gx:coord>-71.886086 -13.547254 3266.5002</gx:coord>
<gx:coord>-71.8861 -13.547253 3266.5002</gx:coord>
<gx:coord>-71.88612 -13.547252 3266.5002</gx:coord>
<gx:coord>-71.88614 -13.547251 3266.5002</gx:coord>
<gx:coord>-71.886154 -13.547248 3266.5002</gx:coord>
<gx:coord>-71.88617 -13.547245 3266.5002</gx:coord>
<gx:coord>-71.886185 -13.547243 3266.5002</gx:coord>
<gx:coord>-71.88621 -13.5472355 3266.5002</gx:coord>
<gx:coord>-71.886215 -13.547234 3266.5002</gx:coord>
<gx:coord>-71.88623 -13.547233 3266.5002</gx:coord>
<gx:coord>-71.88624 -13.547227 3266.5002</gx:coord>
<gx:coord>-71.88625 -13.547223 3266.5002</gx:coord>
<gx:coord>-71.88626 -13.54722 3266.5002</gx:coord>
<gx:coord>-71.88628 -13.547215 3266.5002</gx:coord>
<gx:coord>-71.88629 -13.547208 3266.5002</gx:coord>
<gx:coord>-71.8863 -13.547204 3266.5002</gx:coord>
<gx:coord>-71.886314 -13.547195 3266.5002</gx:coord>
<gx:coord>-71.88632 -13.547189 3266.5002</gx:coord>
<gx:coord>-71.88633 -13.547183 3266.5002</gx:coord>
<gx:coord>-71.88635 -13.547172 3266.5002</gx:coord>
<gx:coord>-71.886345 -13.547151 3266.5002</gx:coord>
<gx:coord>-71.88633 -13.547121 3266.5002</gx:coord>
<gx:coord>-71.88634 -13.547104 3266.5002</gx:coord>
<gx:coord>-71.88635 -13.547095 3266.5002</gx:coord>
<gx:coord>-71.88636 -13.547091 3266.5002</gx:coord>
<gx:coord>-71.886375 -13.547096 3266.5002</gx:coord>
<gx:coord>-71.88638 -13.547094 3266.5002</gx:coord>
<gx:coord>-71.88639 -13.547101 3266.4001</gx:coord>
<gx:coord>-71.8864 -13.547107 3266.4001</gx:coord>
<gx:coord>-71.88642 -13.547108 3266.4001</gx:coord>
<gx:coord>-71.88644 -13.547104 3266.4001</gx:coord>
<gx:coord>-71.88645 -13.547101 3266.4001</gx:coord>
<gx:coord>-71.88647 -13.547096 3266.4001</gx:coord>
<gx:coord>-71.88648 -13.547097 3266.5002</gx:coord>
<gx:coord>-71.88649 -13.547097 3266.5002</gx:coord>
<gx:coord>-71.886505 -13.547093 3266.5002</gx:coord>
<gx:coord>-71.88651 -13.547087 3266.5002</gx:coord>
<gx:coord>-71.88653 -13.547082 3266.5002</gx:coord>
<gx:coord>-71.886536 -13.547089 3266.5002</gx:coord>
<gx:coord>-71.886536 -13.547085 3266.5002</gx:coord>
<gx:coord>-71.886536 -13.547079 3266.5002</gx:coord>
<gx:coord>-71.88654 -13.547073 3266.5002</gx:coord>
<gx:coord>-71.88655 -13.547068 3266.5002</gx:coord>
<gx:coord>-71.88656 -13.547064 3266.5002</gx:coord>
<gx:coord>-71.886566 -13.547062 3266.5002</gx:coord>
<gx:coord>-71.88658 -13.547062 3266.5002</gx:coord>
<gx:coord>-71.8866 -13.547065 3266.5002</gx:coord>
<gx:coord>-71.886604 -13.547069 3266.5002</gx:coord>
<gx:coord>-71.88661 -13.54707 3266.5002</gx:coord>
<gx:coord>-71.88663 -13.547069 3266.5002</gx:coord>
<gx:coord>-71.886635 -13.547066 3266.5002</gx:coord>
<gx:coord>-71.88664 -13.547062 3266.5002</gx:coord>
<gx:coord>-71.88666 -13.547059 3266.5002</gx:coord>
<gx:coord>-71.88667 -13.547061 3266.5002</gx:coord>
<gx:coord>-71.88668 -13.547063 3266.5002</gx:coord>
<gx:coord>-71.88669 -13.547065 3266.5002</gx:coord>
<gx:coord>-71.8867 -13.547067 3266.5002</gx:coord>
<gx:coord>-71.88671 -13.547068 3266.5002</gx:coord>
<gx:coord>-71.886734 -13.5470705 3266.5002</gx:coord>
<gx:coord>-71.886734 -13.547071 3266.5002</gx:coord>
<gx:coord>-71.88675 -13.547072 3266.5002</gx:coord>
<gx:coord>-71.88676 -13.547073 3266.5002</gx:coord>
<gx:coord>-71.88677 -13.547074 3266.5002</gx:coord>
<gx:coord>-71.886795 -13.547074 3266.5002</gx:coord>
<gx:coord>-71.8868 -13.547075 3266.5002</gx:coord>
<gx:coord>-71.88681 -13.547075 3266.5002</gx:coord>
<gx:coord>-71.886826 -13.547077 3266.5002</gx:coord>
<gx:coord>-71.88684 -13.547077 3266.5002</gx:coord>
<gx:coord>-71.88685 -13.547078 3266.5002</gx:coord>
<gx:coord>-71.886856 -13.547078 3266.5002</gx:coord>
<gx:coord>-71.88686 -13.547075 3266.5002</gx:coord>
<gx:coord>-71.88688 -13.5470705 3266.5002</gx:coord>
<gx:coord>-71.88689 -13.547064 3266.5002</gx:coord>
<gx:coord>-71.8869 -13.547044 3266.5002</gx:coord>
<gx:coord>-71.88691 -13.547038 3266.5002</gx:coord>
<gx:coord>-71.88692 -13.547033 3266.5002</gx:coord>
<gx:coord>-71.886925 -13.54702 3266.5002</gx:coord>
<gx:coord>-71.88694 -13.547015 3266.5002</gx:coord>
<gx:coord>-71.88695 -13.547011 3266.5002</gx:coord>
<gx:coord>-71.886955 -13.547011 3266.5002</gx:coord>
<gx:coord>-71.88696 -13.54701 3266.5002</gx:coord>
<gx:coord>-71.88697 -13.54701 3266.5002</gx:coord>
<gx:coord>-71.88698 -13.547012 3266.5002</gx:coord>
<gx:coord>-71.88699 -13.547013 3266.5002</gx:coord>
<gx:coord>-71.887 -13.547016 3266.6</gx:coord>
<gx:coord>-71.88701 -13.547016 3266.6</gx:coord>
<gx:coord>-71.88702 -13.547016 3266.6</gx:coord>
<gx:coord>-71.88703 -13.547018 3266.6</gx:coord>
<gx:coord>-71.88704 -13.54702 3266.6</gx:coord>
<gx:coord>-71.88705 -13.547022 3266.6</gx:coord>
<gx:coord>-71.88706 -13.547024 3266.6</gx:coord>
<gx:coord>-71.88707 -13.547024 3266.6</gx:coord>
<gx:coord>-71.88708 -13.547028 3266.6</gx:coord>
<gx:coord>-71.887085 -13.54703 3266.6</gx:coord>
<gx:coord>-71.887085 -13.54703 3266.7002</gx:coord>
<gx:coord>-71.88709 -13.547031 3266.7002</gx:coord>
<gx:coord>-71.8871 -13.547031 3266.7002</gx:coord>
<gx:coord>-71.88711 -13.547034 3266.7002</gx:coord>
<gx:coord>-71.887115 -13.547036 3266.7002</gx:coord>
<gx:coord>-71.88711 -13.547037 3266.6</gx:coord>
<gx:coord>-71.88711 -13.547037 3266.6</gx:coord>
<gx:coord>-71.8871 -13.547036 3266.6</gx:coord>
<gx:coord>-71.8871 -13.547035 3266.6</gx:coord>
<gx:coord>-71.8871 -13.547034 3266.7002</gx:coord>
<gx:coord>-71.8871 -13.547034 3266.6</gx:coord>
<gx:coord>-71.8871 -13.547033 3266.6</gx:coord>
<gx:coord>-71.8871 -13.547031 3266.6</gx:coord>
<gx:coord>-71.8871 -13.547026 3266.6</gx:coord>
<gx:coord>-71.8871 -13.547024 3266.6</gx:coord>
<gx:coord>-71.8871 -13.547019 3266.6</gx:coord>
<gx:coord>-71.88711 -13.547017 3266.6</gx:coord>
<gx:coord>-71.88712 -13.547015 3266.6</gx:coord>
<gx:coord>-71.88713 -13.547013 3266.6</gx:coord>
<gx:coord>-71.88713 -13.547012 3266.6</gx:coord>
<gx:coord>-71.88713 -13.547011 3266.6</gx:coord>
<gx:coord>-71.88713 -13.547012 3266.6</gx:coord>
<gx:coord>-71.88713 -13.547012 3266.6</gx:coord>
<gx:coord>-71.88713 -13.547012 3266.6</gx:coord>
<gx:coord>-71.88713 -13.547012 3266.6</gx:coord>
<gx:coord>-71.88714 -13.54701 3266.6</gx:coord>
<gx:coord>-71.88716 -13.547009 3266.8</gx:coord>
<gx:coord>-71.88718 -13.547008 3266.8</gx:coord>
<gx:coord>-71.887184 -13.547006 3266.8</gx:coord>
<gx:coord>-71.8872 -13.547003 3266.8</gx:coord>
<gx:coord>-71.887215 -13.547003 3266.8</gx:coord>
<gx:coord>-71.88722 -13.547005 3266.7002</gx:coord>
<gx:coord>-71.88723 -13.547006 3266.7002</gx:coord>
<gx:coord>-71.88724 -13.547007 3266.7002</gx:coord>
<gx:coord>-71.88725 -13.547 3266.7002</gx:coord>
<gx:coord>-71.88726 -13.546989 3266.7002</gx:coord>
<gx:coord>-71.88727 -13.5469675 3266.9001</gx:coord>
<gx:coord>-71.88728 -13.546964 3266.9001</gx:coord>
<gx:coord>-71.88729 -13.546961 3266.9001</gx:coord>
<gx:coord>-71.88731 -13.546959 3266.9001</gx:coord>
<gx:coord>-71.887314 -13.546956 3266.9001</gx:coord>
<gx:coord>-71.88733 -13.546951 3268.0002</gx:coord>
<gx:coord>-71.887344 -13.546947 3268.0002</gx:coord>
<gx:coord>-71.88735 -13.546942 3268.0002</gx:coord>
<gx:coord>-71.88737 -13.546937 3268.0002</gx:coord>
<gx:coord>-71.887375 -13.546932 3268.0002</gx:coord>
<gx:coord>-71.88739 -13.546925 3266.9001</gx:coord>
<gx:coord>-71.887405 -13.546921 3266.9001</gx:coord>
<gx:coord>-71.88741 -13.546915 3266.9001</gx:coord>
<gx:coord>-71.88742 -13.54691 3266.9001</gx:coord>
<gx:coord>-71.887436 -13.546906 3266.9001</gx:coord>
<gx:coord>-71.88745 -13.546902 3269.4001</gx:coord>
<gx:coord>-71.88746 -13.546897 3269.4001</gx:coord>
<gx:coord>-71.887474 -13.546891 3269.4001</gx:coord>
<gx:coord>-71.88748 -13.5468855 3269.4001</gx:coord>
<gx:coord>-71.8875 -13.546882 3269.4001</gx:coord>
<gx:coord>-71.88751 -13.546874 3268.7002</gx:coord>
<gx:coord>-71.88752 -13.546873 3268.7002</gx:coord>
<gx:coord>-71.887535 -13.546871 3268.7002</gx:coord>
<gx:coord>-71.88755 -13.546868 3268.7002</gx:coord>
<gx:coord>-71.88756 -13.546864 3268.7002</gx:coord>
<gx:coord>-71.887566 -13.546857 3268.7002</gx:coord>
<gx:coord>-71.88758 -13.546853 3268.7002</gx:coord>
<gx:coord>-71.88759 -13.54685 3268.7002</gx:coord>
<gx:coord>-71.8876 -13.546849 3268.7002</gx:coord>
<gx:coord>-71.88762 -13.546849 3268.7002</gx:coord>
<gx:coord>-71.88763 -13.546846 3268.7002</gx:coord>
<gx:coord>-71.88764 -13.546845 3268.7002</gx:coord>
<gx:coord>-71.88765 -13.546845 3268.7002</gx:coord>
<gx:coord>-71.887665 -13.546846 3268.7002</gx:coord>
<gx:coord>-71.88767 -13.5468445 3268.7002</gx:coord>
<gx:coord>-71.88768 -13.5468445 3268.0002</gx:coord>
<gx:coord>-71.887695 -13.5468445 3268.0002</gx:coord>
<gx:coord>-71.8877 -13.5468445 3268.0002</gx:coord>
<gx:coord>-71.88771 -13.5468445 3268.0002</gx:coord>
<gx:coord>-71.887726 -13.5468445 3268.0002</gx:coord>
<gx:coord>-71.88774 -13.5468445 3265.7073</gx:coord>
<gx:coord>-71.88775 -13.546844 3265.8354</gx:coord>
<gx:coord>-71.88776 -13.546842 3265.6143</gx:coord>
<gx:coord>-71.88777 -13.54684 3265.0269</gx:coord>
<gx:coord>-71.88777 -13.546843 3264.7893</gx:coord>
<gx:coord>-71.88778 -13.546844 3269.1</gx:coord>
<gx:coord>-71.887794 -13.546841 3269.1</gx:coord>
<gx:coord>-71.8878 -13.546837 3269.1</gx:coord>
<gx:coord>-71.88782 -13.546833 3269.1</gx:coord>
<gx:coord>-71.887825 -13.546829 3269.1</gx:coord>
<gx:coord>-71.88784 -13.546823 3269.5002</gx:coord>
<gx:coord>-71.88785 -13.546821 3269.5002</gx:coord>
<gx:coord>-71.88786 -13.54682 3269.5002</gx:coord>
<gx:coord>-71.88787 -13.546818 3269.5002</gx:coord>
<gx:coord>-71.887886 -13.546817 3269.5002</gx:coord>
<gx:coord>-71.88789 -13.546814 3263.2456</gx:coord>
<gx:coord>-71.88791 -13.546811 3263.4688</gx:coord>
<gx:coord>-71.88792 -13.546808 3263.4282</gx:coord>
<gx:coord>-71.88793 -13.546806 3263.4282</gx:coord>
<gx:coord>-71.88795 -13.546808 3263.5288</gx:coord>
<gx:coord>-71.88795 -13.54681 3269.5002</gx:coord>
<gx:coord>-71.88796 -13.546809 3269.5002</gx:coord>
<gx:coord>-71.88798 -13.546806 3269.5002</gx:coord>
<gx:coord>-71.887985 -13.5468025 3269.5002</gx:coord>
<gx:coord>-71.888 -13.546799 3269.5002</gx:coord>
<gx:coord>-71.88801 -13.546794 3269.5002</gx:coord>
<gx:coord>-71.888016 -13.546791 3269.5002</gx:coord>
<gx:coord>-71.88803 -13.546787 3269.5002</gx:coord>
<gx:coord>-71.88804 -13.5467825 3269.5002</gx:coord>
<gx:coord>-71.888054 -13.546781 3269.5002</gx:coord>
<gx:coord>-71.88806 -13.546778 3269.5002</gx:coord>
<gx:coord>-71.88808 -13.546778 3269.5002</gx:coord>
<gx:coord>-71.888084 -13.546773 3269.5002</gx:coord>
<gx:coord>-71.88809 -13.546768 3269.5002</gx:coord>
<gx:coord>-71.8881 -13.546767 3269.5002</gx:coord>
<gx:coord>-71.888115 -13.546765 3273.8</gx:coord>
<gx:coord>-71.888115 -13.546759 3273.8</gx:coord>
<gx:coord>-71.88812 -13.546754 3273.8</gx:coord>
<gx:coord>-71.88814 -13.546753 3273.8</gx:coord>
<gx:coord>-71.888145 -13.546758 3273.8</gx:coord>
<gx:coord>-71.88815 -13.546758 3273.7002</gx:coord>
<gx:coord>-71.88816 -13.546756 3273.7002</gx:coord>
<gx:coord>-71.88817 -13.546752 3273.7002</gx:coord>
<gx:coord>-71.88818 -13.546749 3273.7002</gx:coord>
<gx:coord>-71.88819 -13.546746 3273.7002</gx:coord>
<gx:coord>-71.88821 -13.546743 3273.7002</gx:coord>
<gx:coord>-71.888214 -13.5467415 3273.7002</gx:coord>
<gx:coord>-71.88823 -13.546739 3273.7002</gx:coord>
<gx:coord>-71.88824 -13.546736 3273.7002</gx:coord>
<gx:coord>-71.888245 -13.546733 3273.7002</gx:coord>
<gx:coord>-71.88826 -13.54673 3273.9001</gx:coord>
<gx:coord>-71.88827 -13.546727 3273.9001</gx:coord>
<gx:coord>-71.88828 -13.546725 3273.9001</gx:coord>
<gx:coord>-71.88829 -13.546723 3273.9001</gx:coord>
<gx:coord>-71.888306 -13.546721 3273.9001</gx:coord>
<gx:coord>-71.88832 -13.54672 3273.7002</gx:coord>
<gx:coord>-71.88833 -13.546719 3273.7002</gx:coord>
<gx:coord>-71.88834 -13.546719 3273.7002</gx:coord>
<gx:coord>-71.88836 -13.546717 3273.7002</gx:coord>
<gx:coord>-71.88837 -13.54672 3273.7002</gx:coord>
<gx:coord>-71.888374 -13.54672 3273.9001</gx:coord>
<gx:coord>-71.88838 -13.546716 3273.9001</gx:coord>
<gx:coord>-71.8884 -13.546711 3273.9001</gx:coord>
<gx:coord>-71.888405 -13.546706 3273.9001</gx:coord>
<gx:coord>-71.88842 -13.546702 3273.9001</gx:coord>
<gx:coord>-71.88843 -13.546699 3273.9001</gx:coord>
<gx:coord>-71.88845 -13.546695 3267.1865</gx:coord>
<gx:coord>-71.88845 -13.54669 3267.736</gx:coord>
<gx:coord>-71.888466 -13.546684 3267.5767</gx:coord>
<gx:coord>-71.88847 -13.5466795 3268.1282</gx:coord>
<gx:coord>-71.88849 -13.546673 3266.9001</gx:coord>
<gx:coord>-71.8885 -13.546667 3266.9001</gx:coord>
<gx:coord>-71.888504 -13.54666 3266.9001</gx:coord>
<gx:coord>-71.88851 -13.546655 3266.9001</gx:coord>
<gx:coord>-71.88852 -13.546651 3266.9001</gx:coord>
<gx:coord>-71.88853 -13.546653 3268.4001</gx:coord>
<gx:coord>-71.888535 -13.546653 3268.4001</gx:coord>
<gx:coord>-71.88854 -13.546652 3268.4001</gx:coord>
<gx:coord>-71.88854 -13.546654 3268.4001</gx:coord>
<gx:coord>-71.888535 -13.546657 3268.4001</gx:coord>
<gx:coord>-71.88853 -13.546658 3266.9001</gx:coord>
<gx:coord>-71.88853 -13.5466585 3266.9001</gx:coord>
<gx:coord>-71.88853 -13.5466585 3266.9001</gx:coord>
<gx:coord>-71.88853 -13.5466585 3266.9001</gx:coord>
<gx:coord>-71.88853 -13.546659 3266.9001</gx:coord>
<gx:coord>-71.88853 -13.546659 3266.9001</gx:coord>
<gx:coord>-71.88853 -13.54666 3266.9001</gx:coord>
<gx:coord>-71.88853 -13.54666 3268.2002</gx:coord>
<gx:coord>-71.88853 -13.54666 3268.2002</gx:coord>
<gx:coord>-71.88852 -13.54666 3268.2002</gx:coord>
<gx:coord>-71.88852 -13.546661 3268.2002</gx:coord>
<gx:coord>-71.88852 -13.546662 3268.2002</gx:coord>
<gx:coord>-71.88853 -13.546662 3268.2002</gx:coord>
<gx:coord>-71.88853 -13.546663 3268.2002</gx:coord>
<gx:coord>-71.888535 -13.546664 3268.2002</gx:coord>
<gx:coord>-71.88855 -13.546661 3268.6</gx:coord>
<gx:coord>-71.88856 -13.5466585 3268.6</gx:coord>
<gx:coord>-71.88857 -13.5466585 3268.6</gx:coord>
<gx:coord>-71.88858 -13.5466585 3268.6</gx:coord>
<gx:coord>-71.888596 -13.546653 3268.6</gx:coord>
<gx:coord>-71.88861 -13.546647 3273.0002</gx:coord>
<gx:coord>-71.888626 -13.546645 3273.0002</gx:coord>
<gx:coord>-71.88864 -13.546643 3273.0002</gx:coord>
<gx:coord>-71.88865 -13.546639 3273.0002</gx:coord>
<gx:coord>-71.888664 -13.546634 3273.0002</gx:coord>
<gx:coord>-71.88868 -13.546629 3268.6</gx:coord>
<gx:coord>-71.88869 -13.546625 3268.6</gx:coord>
<gx:coord>-71.888695 -13.54662 3268.6</gx:coord>
<gx:coord>-71.88871 -13.546617 3268.6</gx:coord>
<gx:coord>-71.888725 -13.546615 3268.6</gx:coord>
<gx:coord>-71.88873 -13.546624 3268.6</gx:coord>
<gx:coord>-71.88875 -13.546624 3268.6</gx:coord>
<gx:coord>-71.888756 -13.546622 3268.6</gx:coord>
<gx:coord>-71.88877 -13.546619 3268.6</gx:coord>
<gx:coord>-71.88878 -13.546616 3268.6</gx:coord>
<gx:coord>-71.888794 -13.546615 3268.6</gx:coord>
<gx:coord>-71.8888 -13.546613 3268.6</gx:coord>
<gx:coord>-71.88882 -13.546608 3268.6</gx:coord>
<gx:coord>-71.888824 -13.546605 3268.6</gx:coord>
<gx:coord>-71.88883 -13.546601 3268.6</gx:coord>
<gx:coord>-71.88885 -13.546596 3273.0002</gx:coord>
<gx:coord>-71.888855 -13.546593 3273.0002</gx:coord>
<gx:coord>-71.88887 -13.546589 3273.0002</gx:coord>
<gx:coord>-71.88888 -13.546586 3273.0002</gx:coord>
<gx:coord>-71.88889 -13.546587 3273.0002</gx:coord>
<gx:coord>-71.88891 -13.546582 3273.0002</gx:coord>
<gx:coord>-71.888916 -13.54658 3273.0002</gx:coord>
<gx:coord>-71.88892 -13.546584 3273.0002</gx:coord>
<gx:coord>-71.88893 -13.546583 3273.0002</gx:coord>
<gx:coord>-71.88894 -13.546578 3273.0002</gx:coord>
<gx:coord>-71.88895 -13.546569 3273.2002</gx:coord>
<gx:coord>-71.888954 -13.546565 3273.2002</gx:coord>
<gx:coord>-71.88896 -13.546559 3273.2002</gx:coord>
<gx:coord>-71.88898 -13.5465555 3273.2002</gx:coord>
<gx:coord>-71.888985 -13.546552 3273.2002</gx:coord>
<gx:coord>-71.88901 -13.546549 3273.7002</gx:coord>
<gx:coord>-71.88902 -13.546551 3273.7002</gx:coord>
<gx:coord>-71.88903 -13.5465555 3273.7002</gx:coord>
<gx:coord>-71.88904 -13.546565 3273.7002</gx:coord>
<gx:coord>-71.889046 -13.546567 3273.7002</gx:coord>
<gx:coord>-71.88907 -13.546566 3273.7002</gx:coord>
<gx:coord>-71.88908 -13.546568 3273.7002</gx:coord>
<gx:coord>-71.889084 -13.546571 3273.7002</gx:coord>
<gx:coord>-71.88909 -13.546574 3273.7002</gx:coord>
<gx:coord>-71.8891 -13.546575 3273.7002</gx:coord>
<gx:coord>-71.88913 -13.546565 3273.7002</gx:coord>
<gx:coord>-71.88914 -13.546562 3273.7002</gx:coord>
<gx:coord>-71.889145 -13.546566 3273.7002</gx:coord>
<gx:coord>-71.88915 -13.546566 3273.7002</gx:coord>
<gx:coord>-71.88916 -13.546563 3273.7002</gx:coord>
<gx:coord>-71.889175 -13.546561 3273.2002</gx:coord>
<gx:coord>-71.889175 -13.546558 3273.2002</gx:coord>
<gx:coord>-71.88919 -13.5465555 3273.2002</gx:coord>
<gx:coord>-71.8892 -13.546552 3273.2002</gx:coord>
<gx:coord>-71.8892 -13.546548 3273.2002</gx:coord>
<gx:coord>-71.88921 -13.54654 3273.7002</gx:coord>
<gx:coord>-71.88921 -13.546536 3273.7002</gx:coord>
<gx:coord>-71.88922 -13.546532 3273.7002</gx:coord>
<gx:coord>-71.88923 -13.546532 3273.7002</gx:coord>
<gx:coord>-71.88924 -13.546528 3273.7002</gx:coord>
<gx:coord>-71.889244 -13.546521 3273.7002</gx:coord>
<gx:coord>-71.889244 -13.54652 3273.7002</gx:coord>
<gx:coord>-71.88926 -13.546519 3273.7002</gx:coord>
<gx:coord>-71.88927 -13.546516 3273.7002</gx:coord>
<gx:coord>-71.889275 -13.546511 3273.7002</gx:coord>
<gx:coord>-71.88929 -13.546505 3273.7002</gx:coord>
<gx:coord>-71.8893 -13.5465 3273.7002</gx:coord>
<gx:coord>-71.889305 -13.546499 3273.7002</gx:coord>
<gx:coord>-71.88931 -13.546497 3273.7002</gx:coord>
<gx:coord>-71.88933 -13.546496 3273.7002</gx:coord>
<gx:coord>-71.889336 -13.546497 3273.7002</gx:coord>
<gx:coord>-71.88935 -13.546497 3273.7002</gx:coord>
<gx:coord>-71.88936 -13.546495 3273.7002</gx:coord>
<gx:coord>-71.88937 -13.546499 3273.7002</gx:coord>
<gx:coord>-71.88938 -13.5465 3273.7002</gx:coord>
<gx:coord>-71.8894 -13.546498 3273.8</gx:coord>
<gx:coord>-71.88941 -13.546497 3273.8</gx:coord>
<gx:coord>-71.88942 -13.546496 3273.8</gx:coord>
<gx:coord>-71.889435 -13.546494 3273.8</gx:coord>
<gx:coord>-71.88944 -13.54649 3273.8</gx:coord>
<gx:coord>-71.88946 -13.54649 3273.7002</gx:coord>
<gx:coord>-71.88946 -13.54649 3273.7002</gx:coord>
<gx:coord>-71.88947 -13.546487 3273.7002</gx:coord>
<gx:coord>-71.88948 -13.546484 3273.7002</gx:coord>
<gx:coord>-71.889496 -13.546479 3273.7002</gx:coord>
<gx:coord>-71.8895 -13.546476 3273.7002</gx:coord>
<gx:coord>-71.8895 -13.546474 3273.7002</gx:coord>
<gx:coord>-71.88952 -13.5464735 3273.7002</gx:coord>
<gx:coord>-71.88953 -13.546472 3273.7002</gx:coord>
<gx:coord>-71.88954 -13.54647 3273.7002</gx:coord>
<gx:coord>-71.88955 -13.546466 3273.7002</gx:coord>
<gx:coord>-71.88955 -13.546472 3273.7002</gx:coord>
<gx:coord>-71.889565 -13.546469 3273.7002</gx:coord>
<gx:coord>-71.88958 -13.546469 3273.7002</gx:coord>
<gx:coord>-71.88959 -13.546468 3273.7002</gx:coord>
<gx:coord>-71.8896 -13.546466 3273.8</gx:coord>
<gx:coord>-71.88961 -13.54647 3273.8</gx:coord>
<gx:coord>-71.88962 -13.546469 3273.8</gx:coord>
<gx:coord>-71.88963 -13.546466 3273.8</gx:coord>
<gx:coord>-71.88964 -13.546462 3273.8</gx:coord>
<gx:coord>-71.889656 -13.546467 3274.0002</gx:coord>
<gx:coord>-71.88966 -13.546467 3274.0002</gx:coord>
<gx:coord>-71.88967 -13.546467 3274.0002</gx:coord>
<gx:coord>-71.88969 -13.546465 3274.0002</gx:coord>
<gx:coord>-71.889694 -13.546459 3274.0002</gx:coord>
<gx:coord>-71.8897 -13.546454 3274.0002</gx:coord>
<gx:coord>-71.88972 -13.546451 3274.2002</gx:coord>
<gx:coord>-71.889725 -13.546448 3274.2002</gx:coord>
<gx:coord>-71.88974 -13.546444 3274.2002</gx:coord>
<gx:coord>-71.88975 -13.546439 3274.2002</gx:coord>
<gx:coord>-71.88976 -13.546438 3274.2002</gx:coord>
<gx:coord>-71.88976 -13.546433 3274.0002</gx:coord>
<gx:coord>-71.88978 -13.54643 3274.0002</gx:coord>
<gx:coord>-71.889786 -13.546424 3274.0002</gx:coord>
<gx:coord>-71.8898 -13.546419 3274.0002</gx:coord>
<gx:coord>-71.88982 -13.546416 3274.0002</gx:coord>
<gx:coord>-71.889824 -13.546416 3274.0002</gx:coord>
<gx:coord>-71.88983 -13.546415 3274.0002</gx:coord>
<gx:coord>-71.88985 -13.546413 3274.0002</gx:coord>
<gx:coord>-71.889854 -13.546412 3274.0002</gx:coord>
<gx:coord>-71.88987 -13.546411 3274.0002</gx:coord>
<gx:coord>-71.88988 -13.546407 3274.0002</gx:coord>
<gx:coord>-71.88989 -13.546406 3274.0002</gx:coord>
<gx:coord>-71.88991 -13.546406 3274.0002</gx:coord>
<gx:coord>-71.889915 -13.546409 3274.0002</gx:coord>
<gx:coord>-71.88993 -13.546413 3274.0002</gx:coord>
<gx:coord>-71.88994 -13.546412 3274.0002</gx:coord>
<gx:coord>-71.889946 -13.546413 3274.0002</gx:coord>
<gx:coord>-71.88996 -13.546414 3274.0002</gx:coord>
<gx:coord>-71.88997 -13.546415 3274.0002</gx:coord>
<gx:coord>-71.889984 -13.546415 3274.0002</gx:coord>
<gx:coord>-71.88999 -13.546406 3273.8</gx:coord>
<gx:coord>-71.89 -13.546399 3273.8</gx:coord>
<gx:coord>-71.89001 -13.546391 3273.8</gx:coord>
<gx:coord>-71.89002 -13.546382 3273.8</gx:coord>
<gx:coord>-71.89003 -13.546374 3273.8</gx:coord>
<gx:coord>-71.89004 -13.546364 3274.0002</gx:coord>
<gx:coord>-71.890045 -13.546356 3274.0002</gx:coord>
<gx:coord>-71.89005 -13.5463505 3274.0002</gx:coord>
<gx:coord>-71.89006 -13.546346 3274.0002</gx:coord>
<gx:coord>-71.89007 -13.546342 3274.0002</gx:coord>
<gx:coord>-71.890076 -13.546338 3273.9001</gx:coord>
<gx:coord>-71.89009 -13.546335 3273.9001</gx:coord>
<gx:coord>-71.8901 -13.546332 3273.9001</gx:coord>
<gx:coord>-71.89011 -13.5463295 3273.9001</gx:coord>
<gx:coord>-71.890114 -13.546326 3273.9001</gx:coord>
<gx:coord>-71.89013 -13.546326 3273.8</gx:coord>
<gx:coord>-71.89014 -13.546324 3273.8</gx:coord>
<gx:coord>-71.890144 -13.54632 3273.8</gx:coord>
<gx:coord>-71.89015 -13.546315 3273.8</gx:coord>
<gx:coord>-71.89015 -13.54631 3273.8</gx:coord>
<gx:coord>-71.89016 -13.546317 3273.8</gx:coord>
<gx:coord>-71.89017 -13.546317 3273.8</gx:coord>
<gx:coord>-71.89017 -13.546318 3273.8</gx:coord>
<gx:coord>-71.89017 -13.546316 3273.8</gx:coord>
<gx:coord>-71.890175 -13.546316 3273.8</gx:coord>
<gx:coord>-71.89018 -13.546326 3273.8</gx:coord>
<gx:coord>-71.89019 -13.546331 3273.8</gx:coord>
<gx:coord>-71.8902 -13.546339 3273.8</gx:coord>
<gx:coord>-71.890205 -13.546348 3273.8</gx:coord>
<gx:coord>-71.890205 -13.546357 3273.8</gx:coord>
<gx:coord>-71.89021 -13.546377 3273.5002</gx:coord>
<gx:coord>-71.89021 -13.546387 3273.5002</gx:coord>
<gx:coord>-71.89022 -13.546398 3273.5002</gx:coord>
<gx:coord>-71.89022 -13.546408 3273.5002</gx:coord>
<gx:coord>-71.89023 -13.546417 3273.5002</gx:coord>
<gx:coord>-71.89023 -13.546435 3273.2002</gx:coord>
<gx:coord>-71.89023 -13.546441 3273.2002</gx:coord>
<gx:coord>-71.890236 -13.546449 3273.2002</gx:coord>
<gx:coord>-71.890236 -13.546452 3273.2002</gx:coord>
<gx:coord>-71.890236 -13.546456 3273.2002</gx:coord>
<gx:coord>-71.890236 -13.546462 3271.8</gx:coord>
<gx:coord>-71.890236 -13.546469 3271.8</gx:coord>
<gx:coord>-71.890236 -13.5464735 3271.8</gx:coord>
<gx:coord>-71.89023 -13.546481 3271.8</gx:coord>
<gx:coord>-71.89023 -13.546485 3271.8</gx:coord>
<gx:coord>-71.89023 -13.54649 3271.8</gx:coord>
<gx:coord>-71.89106 -13.548189 3265.7002</gx:coord>
<gx:coord>-71.89106 -13.548189 3265.7002</gx:coord>
<gx:coord>-71.89106 -13.548189 3265.7002</gx:coord>
<gx:coord>-71.89106 -13.548188 3265.5002</gx:coord>
<gx:coord>-71.89107 -13.548189 3265.5002</gx:coord>
<gx:coord>-71.891075 -13.548191 3265.5002</gx:coord>
<gx:coord>-71.89109 -13.548194 3265.5002</gx:coord>
<gx:coord>-71.8911 -13.548194 3265.5002</gx:coord>
<gx:coord>-71.891106 -13.548194 3265.5002</gx:coord>
<gx:coord>-71.89111 -13.548182 3266.0002</gx:coord>
<gx:coord>-71.891136 -13.548159 3266.0002</gx:coord>
<gx:coord>-71.89116 -13.548151 3266.0002</gx:coord>
<gx:coord>-71.89118 -13.548145 3265.5002</gx:coord>
<gx:coord>-71.89118 -13.548146 3265.5002</gx:coord>
<gx:coord>-71.891174 -13.548137 3265.5002</gx:coord>
<gx:coord>-71.89118 -13.548126 3265.5002</gx:coord>
<gx:coord>-71.891174 -13.548125 3265.5002</gx:coord>
<gx:coord>-71.891174 -13.548125 3265.5002</gx:coord>
<gx:coord>-71.89118 -13.54812 3265.5002</gx:coord>
<gx:coord>-71.89119 -13.548112 3265.5002</gx:coord>
<gx:coord>-71.8912 -13.548116 3265.5002</gx:coord>
<gx:coord>-71.8912 -13.548118 3265.7002</gx:coord>
<gx:coord>-71.8912 -13.548118 3265.7002</gx:coord>
<gx:coord>-71.89122 -13.548131 3265.7002</gx:coord>
<gx:coord>-71.89122 -13.548126 3265.5002</gx:coord>
<gx:coord>-71.89122 -13.548127 3265.5002</gx:coord>
<gx:coord>-71.89123 -13.548129 3265.5002</gx:coord>
<gx:coord>-71.89123 -13.548135 3265.5002</gx:coord>
<gx:coord>-71.89123 -13.548137 3265.5002</gx:coord>
<gx:coord>-71.89123 -13.548139 3265.5002</gx:coord>
<gx:coord>-71.89122 -13.54814 3265.5002</gx:coord>
<gx:coord>-71.89122 -13.548141 3265.5002</gx:coord>
<gx:coord>-71.89122 -13.548142 3265.5002</gx:coord>
<gx:coord>-71.89122 -13.548142 3265.5002</gx:coord>
<gx:coord>-71.89122 -13.5481415 3265.5002</gx:coord>
<gx:coord>-71.891235 -13.548127 3265.5002</gx:coord>
<gx:coord>-71.89123 -13.548131 3265.5002</gx:coord>
<gx:coord>-71.891266 -13.548114 3265.5002</gx:coord>
<gx:coord>-71.89129 -13.548106 3265.5002</gx:coord>
<gx:coord>-71.8913 -13.548114 3265.5002</gx:coord>
<gx:coord>-71.8913 -13.548115 3265.5002</gx:coord>
<gx:coord>-71.8913 -13.548114 3265.5002</gx:coord>
<gx:coord>-71.891304 -13.548114 3265.5002</gx:coord>
<gx:coord>-71.89132 -13.548108 3266.0002</gx:coord>
<gx:coord>-71.891335 -13.548104 3265.6</gx:coord>
<gx:coord>-71.89135 -13.548104 3265.6</gx:coord>
<gx:coord>-71.89136 -13.548102 3265.6</gx:coord>
<gx:coord>-71.89136 -13.5480995 3265.6</gx:coord>
<gx:coord>-71.89136 -13.548099 3265.6</gx:coord>
<gx:coord>-71.891365 -13.548096 3265.6</gx:coord>
<gx:coord>-71.891365 -13.548097 3265.6</gx:coord>
<gx:coord>-71.891365 -13.548103 3265.6</gx:coord>
<gx:coord>-71.89138 -13.548104 3265.6</gx:coord>
<gx:coord>-71.89139 -13.548101 3265.7002</gx:coord>
<gx:coord>-71.89139 -13.5480995 3265.7002</gx:coord>
<gx:coord>-71.89139 -13.5480995 3265.6</gx:coord>
<gx:coord>-71.891396 -13.5481 3265.6</gx:coord>
<gx:coord>-71.891396 -13.548101 3265.6</gx:coord>
<gx:coord>-71.891396 -13.548101 3265.7002</gx:coord>
<gx:coord>-71.8914 -13.5480995 3265.7002</gx:coord>
<gx:coord>-71.8914 -13.548097 3265.7002</gx:coord>
<gx:coord>-71.89141 -13.548088 3265.7002</gx:coord>
<gx:coord>-71.89141 -13.548087 3265.5002</gx:coord>
<gx:coord>-71.89141 -13.548089 3265.5002</gx:coord>
<gx:coord>-71.89141 -13.548096 3265.5002</gx:coord>
<gx:coord>-71.89141 -13.548097 3265.5002</gx:coord>
<gx:coord>-71.89141 -13.548097 3265.5002</gx:coord>
<gx:coord>-71.89141 -13.548097 3265.5002</gx:coord>
<gx:coord>-71.89141 -13.548097 3265.5002</gx:coord>
<gx:coord>-71.89141 -13.548098 3265.5002</gx:coord>
<gx:coord>-71.89141 -13.548098 3265.5002</gx:coord>
<gx:coord>-71.89141 -13.548098 3265.5002</gx:coord>
<gx:coord>-71.89141 -13.548098 3265.5002</gx:coord>
<gx:coord>-71.89141 -13.548098 3265.5002</gx:coord>
<gx:coord>-71.89141 -13.548098 3265.5002</gx:coord>
<gx:coord>-71.89141 -13.548098 3265.5002</gx:coord>
<gx:coord>-71.89141 -13.548098 3265.5002</gx:coord>
<gx:coord>-71.89141 -13.548098 3265.5002</gx:coord>
<gx:coord>-71.891396 -13.548085 3265.5002</gx:coord>
<gx:coord>-71.8914 -13.5480795 3265.5002</gx:coord>
<gx:coord>-71.8914 -13.54808 3265.6</gx:coord>
<gx:coord>-71.8914 -13.548083 3265.6</gx:coord>
<gx:coord>-71.8914 -13.548084 3265.5002</gx:coord>
<gx:coord>-71.8914 -13.548082 3265.5002</gx:coord>
<gx:coord>-71.8914 -13.548082 3265.7002</gx:coord>
<gx:coord>-71.8914 -13.548074 3265.7002</gx:coord>
<gx:coord>-71.8914 -13.54807 3265.7002</gx:coord>
<gx:coord>-71.8914 -13.548071 3265.7002</gx:coord>
<gx:coord>-71.89142 -13.548075 3265.7002</gx:coord>
<gx:coord>-71.89144 -13.548075 3265.7002</gx:coord>
<gx:coord>-71.891426 -13.548077 3265.5002</gx:coord>
<gx:coord>-71.89146 -13.54807 3266.0002</gx:coord>
<gx:coord>-71.891464 -13.548071 3266.0002</gx:coord>
<gx:coord>-71.89147 -13.548073 3265.8</gx:coord>
<gx:coord>-71.89147 -13.548073 3265.5002</gx:coord>
<gx:coord>-71.89147 -13.548069 3265.5002</gx:coord>
<gx:coord>-71.89147 -13.548068 3265.5002</gx:coord>
<gx:coord>-71.89147 -13.548067 3265.5002</gx:coord>
<gx:coord>-71.891464 -13.548062 3265.5002</gx:coord>
<gx:coord>-71.891464 -13.548062 3265.5002</gx:coord>
<gx:coord>-71.891464 -13.548071 3265.5002</gx:coord>
<gx:coord>-71.89147 -13.548074 3265.5002</gx:coord>
<gx:coord>-71.89147 -13.548083 3265.5002</gx:coord>
<gx:coord>-71.89147 -13.548086 3265.7002</gx:coord>
<gx:coord>-71.891464 -13.548082 3265.5002</gx:coord>
<gx:coord>-71.89148 -13.548075 3265.5002</gx:coord>
<gx:coord>-71.89148 -13.548068 3265.5002</gx:coord>
<gx:coord>-71.89148 -13.548052 3265.5002</gx:coord>
<gx:coord>-71.89149 -13.548045 3265.5002</gx:coord>
<gx:coord>-71.89151 -13.548034 3265.5002</gx:coord>
<gx:coord>-71.891525 -13.548029 3265.5002</gx:coord>
<gx:coord>-71.89154 -13.548026 3265.5002</gx:coord>
<gx:coord>-71.89154 -13.5480385 3265.5002</gx:coord>
<gx:coord>-71.89154 -13.548041 3265.5002</gx:coord>
<gx:coord>-71.89155 -13.548045 3265.5002</gx:coord>
<gx:coord>-71.89155 -13.548043 3265.6</gx:coord>
<gx:coord>-71.89155 -13.548044 3265.6</gx:coord>
<gx:coord>-71.89159 -13.548042 3265.6</gx:coord>
<gx:coord>-71.89158 -13.548029 3265.7002</gx:coord>
<gx:coord>-71.8916 -13.548033 3265.7002</gx:coord>
<gx:coord>-71.89161 -13.548021 3265.6</gx:coord>
<gx:coord>-71.89162 -13.548029 3266.0002</gx:coord>
<gx:coord>-71.891624 -13.548034 3266.0002</gx:coord>
<gx:coord>-71.89163 -13.548029 3265.5002</gx:coord>
<gx:coord>-71.89163 -13.548031 3265.6</gx:coord>
<gx:coord>-71.89165 -13.548033 3265.6</gx:coord>
<gx:coord>-71.89165 -13.548033 3265.6</gx:coord>
<gx:coord>-71.89166 -13.548029 3265.7002</gx:coord>
<gx:coord>-71.891685 -13.5480175 3265.6</gx:coord>
<gx:coord>-71.891685 -13.548017 3265.7002</gx:coord>
<gx:coord>-71.891685 -13.548017 3265.5002</gx:coord>
<gx:coord>-71.89168 -13.548019 3265.5002</gx:coord>
<gx:coord>-71.891685 -13.5480175 3265.9001</gx:coord>
<gx:coord>-71.891685 -13.548017 3265.9001</gx:coord>
<gx:coord>-71.891685 -13.548017 3265.9001</gx:coord>
<gx:coord>-71.891685 -13.548017 3267.3</gx:coord>
<gx:coord>-71.891685 -13.548017 3267.3</gx:coord>
<gx:coord>-71.891685 -13.548012 3265.6</gx:coord>
<gx:coord>-71.891685 -13.548008 3265.6</gx:coord>
<gx:coord>-71.891685 -13.548011 3265.6</gx:coord>
<gx:coord>-71.89169 -13.548009 3265.5002</gx:coord>
<gx:coord>-71.89171 -13.547998 3265.5002</gx:coord>
<gx:coord>-71.89174 -13.547997 3265.5002</gx:coord>
<gx:coord>-71.89176 -13.547994 3265.7002</gx:coord>
<gx:coord>-71.891754 -13.548001 3265.7002</gx:coord>
<gx:coord>-71.891754 -13.548002 3265.9001</gx:coord>
<gx:coord>-71.891754 -13.548003 3265.9001</gx:coord>
<gx:coord>-71.891754 -13.548005 3266.2002</gx:coord>
<gx:coord>-71.891754 -13.548005 3265.7002</gx:coord>
<gx:coord>-71.891754 -13.548006 3265.7002</gx:coord>
<gx:coord>-71.891754 -13.548007 3266.2002</gx:coord>
<gx:coord>-71.89176 -13.548007 3266.2002</gx:coord>
<gx:coord>-71.89176 -13.548006 3266.1</gx:coord>
<gx:coord>-71.89176 -13.548005 3266.1</gx:coord>
<gx:coord>-71.89176 -13.548003 3265.5002</gx:coord>
<gx:coord>-71.89176 -13.548002 3265.5002</gx:coord>
<gx:coord>-71.89176 -13.548002 3266.1</gx:coord>
<gx:coord>-71.89176 -13.547999 3266.1</gx:coord>
<gx:coord>-71.891785 -13.547991 3265.7002</gx:coord>
<gx:coord>-71.891815 -13.547983 3264.8416</gx:coord>
<gx:coord>-71.89184 -13.547979 3265.241</gx:coord>
<gx:coord>-71.89185 -13.547969 3266.1</gx:coord>
<gx:coord>-71.89186 -13.547969 3266.1</gx:coord>
<gx:coord>-71.891884 -13.547958 3265.9001</gx:coord>
<gx:coord>-71.8919 -13.547943 3265.7002</gx:coord>
<gx:coord>-71.89193 -13.547934 3266.1</gx:coord>
<gx:coord>-71.89194 -13.54793 3266.2002</gx:coord>
<gx:coord>-71.89196 -13.547929 3266.2002</gx:coord>
<gx:coord>-71.89197 -13.547929 3265.7002</gx:coord>
<gx:coord>-71.89196 -13.54793 3265.7002</gx:coord>
<gx:coord>-71.89196 -13.547931 3265.7002</gx:coord>
<gx:coord>-71.89196 -13.547933 3265.7002</gx:coord>
<gx:coord>-71.89196 -13.547932 3265.7002</gx:coord>
<gx:coord>-71.89197 -13.547935 3265.7002</gx:coord>
<gx:coord>-71.89197 -13.5479355 3265.7002</gx:coord>
<gx:coord>-71.89197 -13.547935 3265.7002</gx:coord>
<gx:coord>-71.89197 -13.547935 3266.4001</gx:coord>
<gx:coord>-71.89197 -13.547934 3266.4001</gx:coord>
<gx:coord>-71.891975 -13.547933 3265.8</gx:coord>
<gx:coord>-71.89197 -13.5479355 3265.8</gx:coord>
<gx:coord>-71.89197 -13.54794 3265.7002</gx:coord>
<gx:coord>-71.89197 -13.547944 3265.9001</gx:coord>
<gx:coord>-71.891975 -13.547949 3265.8</gx:coord>
<gx:coord>-71.891975 -13.547938 3265.9001</gx:coord>
<gx:coord>-71.891975 -13.547941 3265.9001</gx:coord>
<gx:coord>-71.89198 -13.547944 3265.7002</gx:coord>
<gx:coord>-71.89198 -13.547942 3266.4001</gx:coord>
<gx:coord>-71.891975 -13.54794 3264.463</gx:coord>
<gx:coord>-71.891975 -13.54794 3264.4614</gx:coord>
<gx:coord>-71.891975 -13.54794 3265.7002</gx:coord>
<gx:coord>-71.891975 -13.547942 3265.7002</gx:coord>
<gx:coord>-71.891975 -13.547942 3266.2002</gx:coord>
<gx:coord>-71.891975 -13.547943 3265.7002</gx:coord>
<gx:coord>-71.891975 -13.547943 3265.7002</gx:coord>
<gx:coord>-71.891975 -13.547943 3265.8</gx:coord>
<gx:coord>-71.891975 -13.547943 3265.8</gx:coord>
<gx:coord>-71.891975 -13.547943 3268.8</gx:coord>
<gx:coord>-71.891975 -13.547944 3265.8</gx:coord>
<gx:coord>-71.891975 -13.547942 3266.2002</gx:coord>
<gx:coord>-71.891975 -13.547943 3266.2002</gx:coord>
<gx:coord>-71.891975 -13.547941 3265.8</gx:coord>
<gx:coord>-71.891975 -13.54794 3265.8</gx:coord>
<gx:coord>-71.891975 -13.547939 3266.1</gx:coord>
<gx:coord>-71.891975 -13.547938 3265.8</gx:coord>
<gx:coord>-71.891975 -13.547938 3265.7002</gx:coord>
<gx:coord>-71.891975 -13.547939 3265.7002</gx:coord>
<gx:coord>-71.891975 -13.547935 3265.7002</gx:coord>
<gx:coord>-71.89199 -13.547931 3265.7002</gx:coord>
<gx:coord>-71.892006 -13.547914 3265.7002</gx:coord>
<gx:coord>-71.89201 -13.547908 3265.7002</gx:coord>
<gx:coord>-71.89203 -13.547907 3265.1545</gx:coord>
<gx:coord>-71.892044 -13.547899 3265.7002</gx:coord>
<gx:coord>-71.89206 -13.547893 3265.7002</gx:coord>
<gx:coord>-71.89207 -13.5478945 3264.165</gx:coord>
<gx:coord>-71.892075 -13.547895 3264.218</gx:coord>
<gx:coord>-71.89208 -13.547893 3264.4597</gx:coord>
<gx:coord>-71.8921 -13.547894 3264.586</gx:coord>
<gx:coord>-71.89211 -13.547889 3264.3794</gx:coord>
<gx:coord>-71.89213 -13.547879 3264.7456</gx:coord>
<gx:coord>-71.89212 -13.547884 3264.7336</gx:coord>
<gx:coord>-71.89212 -13.547885 3266.1</gx:coord>
<gx:coord>-71.89212 -13.547881 3266.1</gx:coord>
<gx:coord>-71.89212 -13.547884 3266.2002</gx:coord>
<gx:coord>-71.89212 -13.547892 3266.2002</gx:coord>
<gx:coord>-71.89212 -13.547893 3266.2002</gx:coord>
<gx:coord>-71.89211 -13.54789 3266.1</gx:coord>
<gx:coord>-71.89211 -13.547872 3266.1</gx:coord>
<gx:coord>-71.89212 -13.547886 3264.944</gx:coord>
<gx:coord>-71.89212 -13.547888 3265.7002</gx:coord>
<gx:coord>-71.89212 -13.547879 3265.7002</gx:coord>
<gx:coord>-71.89212 -13.547874 3265.7002</gx:coord>
<gx:coord>-71.89212 -13.547874 3266.1</gx:coord>
<gx:coord>-71.89212 -13.547874 3265.7002</gx:coord>
<gx:coord>-71.89212 -13.547884 3265.7002</gx:coord>
<gx:coord>-71.89212 -13.547884 3264.4841</gx:coord>
<gx:coord>-71.89212 -13.547884 3265.7002</gx:coord>
<gx:coord>-71.89212 -13.547869 3264.2156</gx:coord>
<gx:coord>-71.89212 -13.547884 3264.1948</gx:coord>
<gx:coord>-71.89212 -13.547886 3265.7002</gx:coord>
<gx:coord>-71.89212 -13.547886 3265.8</gx:coord>
<gx:coord>-71.89212 -13.547876 3264.1738</gx:coord>
<gx:coord>-71.89212 -13.547886 3264.2524</gx:coord>
<gx:coord>-71.89212 -13.547888 3264.2556</gx:coord>
<gx:coord>-71.89212 -13.547887 3264.2502</gx:coord>
<gx:coord>-71.89212 -13.547888 3264.1777</gx:coord>
<gx:coord>-71.89212 -13.547887 3265.8</gx:coord>
<gx:coord>-71.89213 -13.547866 3265.7002</gx:coord>
<gx:coord>-71.89215 -13.547866 3265.7002</gx:coord>
<gx:coord>-71.89214 -13.54786 3263.8667</gx:coord>
<gx:coord>-71.89214 -13.547851 3265.8</gx:coord>
<gx:coord>-71.89214 -13.5478525 3265.8</gx:coord>
<gx:coord>-71.89214 -13.547855 3265.7002</gx:coord>
<gx:coord>-71.89214 -13.547858 3265.7002</gx:coord>
<gx:coord>-71.89215 -13.547844 3265.7002</gx:coord>
<gx:coord>-71.89215 -13.547844 3265.7002</gx:coord>
<gx:coord>-71.89215 -13.547865 3265.8</gx:coord>
<gx:coord>-71.89215 -13.547866 3265.7002</gx:coord>
<gx:coord>-71.89215 -13.547866 3265.7002</gx:coord>
<gx:coord>-71.89215 -13.547866 3265.7002</gx:coord>
<gx:coord>-71.89215 -13.547865 3265.7002</gx:coord>
<gx:coord>-71.89215 -13.547867 3265.7002</gx:coord>
<gx:coord>-71.89215 -13.547867 3265.7002</gx:coord>
<gx:coord>-71.89215 -13.547867 3265.7002</gx:coord>
<gx:coord>-71.89215 -13.547867 3265.7002</gx:coord>
<gx:coord>-71.89215 -13.547867 3265.7002</gx:coord>
<gx:coord>-71.89215 -13.547867 3265.7002</gx:coord>
<gx:coord>-71.89215 -13.547867 3265.7002</gx:coord>
<gx:coord>-71.89215 -13.547867 3265.8</gx:coord>
<gx:coord>-71.89215 -13.547867 3263.7246</gx:coord>
<gx:coord>-71.89215 -13.547867 3265.6</gx:coord>
<gx:coord>-71.89215 -13.547866 3265.6</gx:coord>
<gx:coord>-71.89215 -13.547866 3265.6</gx:coord>
<gx:coord>-71.89215 -13.547868 3265.6</gx:coord>
<gx:coord>-71.89215 -13.547867 3265.8</gx:coord>
<gx:coord>-71.89215 -13.547866 3265.8</gx:coord>
<gx:coord>-71.89215 -13.547866 3263.9165</gx:coord>
<gx:coord>-71.89215 -13.547866 3263.925</gx:coord>
<gx:coord>-71.89216 -13.54786 3263.5457</gx:coord>
<gx:coord>-71.89216 -13.547857 3263.3467</gx:coord>
<gx:coord>-71.89216 -13.547865 3263.3462</gx:coord>
<gx:coord>-71.892166 -13.54785 3263.3855</gx:coord>
<gx:coord>-71.892166 -13.547849 3263.0342</gx:coord>
<gx:coord>-71.89218 -13.547847 3263.2546</gx:coord>
<gx:coord>-71.89219 -13.547847 3263.2546</gx:coord>
<gx:coord>-71.89218 -13.547848 3263.2136</gx:coord>
<gx:coord>-71.89219 -13.547835 3262.9094</gx:coord>
<gx:coord>-71.8922 -13.547839 3262.9133</gx:coord>
<gx:coord>-71.892204 -13.547826 3262.9165</gx:coord>
<gx:coord>-71.892204 -13.547828 3262.916</gx:coord>
<gx:coord>-71.892204 -13.5478325 3262.916</gx:coord>
<gx:coord>-71.892204 -13.54783 3262.8826</gx:coord>
<gx:coord>-71.892204 -13.5478325 3262.8972</gx:coord>
<gx:coord>-71.892204 -13.547844 3262.917</gx:coord>
<gx:coord>-71.89221 -13.547839 3266.7002</gx:coord>
<gx:coord>-71.89221 -13.547842 3266.7002</gx:coord>
<gx:coord>-71.89221 -13.547845 3266.7002</gx:coord>
<gx:coord>-71.8922 -13.547862 3266.1</gx:coord>
<gx:coord>-71.8922 -13.547863 3266.1</gx:coord>
<gx:coord>-71.8922 -13.547863 3266.0002</gx:coord>
<gx:coord>-71.8922 -13.547863 3262.9849</gx:coord>
<gx:coord>-71.89221 -13.547863 3262.9326</gx:coord>
<gx:coord>-71.892235 -13.547837 3266.1</gx:coord>
<gx:coord>-71.892235 -13.5478525 3266.1</gx:coord>
<gx:coord>-71.89225 -13.547821 3264.039</gx:coord>
<gx:coord>-71.892265 -13.547826 3263.86</gx:coord>
<gx:coord>-71.89228 -13.547826 3263.7236</gx:coord>
<gx:coord>-71.89228 -13.547819 3263.5793</gx:coord>
<gx:coord>-71.89228 -13.547814 3265.7002</gx:coord>
<gx:coord>-71.89227 -13.547817 3264.6038</gx:coord>
<gx:coord>-71.89227 -13.547819 3264.616</gx:coord>
<gx:coord>-71.89227 -13.547801 3264.6455</gx:coord>
<gx:coord>-71.89227 -13.547793 3264.671</gx:coord>
<gx:coord>-71.89227 -13.547798 3264.6765</gx:coord>
<gx:coord>-71.89227 -13.547829 3264.592</gx:coord>
<gx:coord>-71.89227 -13.547829 3266.1</gx:coord>
<gx:coord>-71.89227 -13.547829 3264.595</gx:coord>
<gx:coord>-71.89227 -13.547829 3266.1</gx:coord>
<gx:coord>-71.89227 -13.547829 3264.5913</gx:coord>
<gx:coord>-71.89227 -13.547829 3264.5854</gx:coord>
<gx:coord>-71.89227 -13.547826 3265.8</gx:coord>
<gx:coord>-71.89228 -13.547811 3264.7024</gx:coord>
<gx:coord>-71.89228 -13.5478115 3264.8152</gx:coord>
<gx:coord>-71.89229 -13.547795 3264.9424</gx:coord>
<gx:coord>-71.89231 -13.547798 3266.1</gx:coord>
<gx:coord>-71.89232 -13.547771 3266.1</gx:coord>
<gx:coord>-71.89235 -13.547765 3265.5105</gx:coord>
<gx:coord>-71.892365 -13.547774 3265.488</gx:coord>
<gx:coord>-71.89239 -13.547778 3265.6765</gx:coord>
<gx:coord>-71.89239 -13.54778 3265.3474</gx:coord>
<gx:coord>-71.89239 -13.547776 3265.0342</gx:coord>
<gx:coord>-71.89239 -13.547775 3264.8872</gx:coord>
<gx:coord>-71.89239 -13.547776 3264.6462</gx:coord>
<gx:coord>-71.89239 -13.547781 3264.8835</gx:coord>
<gx:coord>-71.89239 -13.547778 3264.8005</gx:coord>
<gx:coord>-71.89239 -13.54778 3265.0728</gx:coord>
<gx:coord>-71.89242 -13.54777 3265.7153</gx:coord>
<gx:coord>-71.89244 -13.547766 3265.6143</gx:coord>
<gx:coord>-71.89246 -13.547763 3265.6162</gx:coord>
<gx:coord>-71.892494 -13.547755 3265.6187</gx:coord>
<gx:coord>-71.8925 -13.547763 3265.568</gx:coord>
<gx:coord>-71.892494 -13.547755 3265.1409</gx:coord>
<gx:coord>-71.89251 -13.547744 3264.5696</gx:coord>
<gx:coord>-71.89253 -13.547732 3264.4504</gx:coord>
<gx:coord>-71.89254 -13.547718 3264.3425</gx:coord>
<gx:coord>-71.89256 -13.547718 3264.2024</gx:coord>
<gx:coord>-71.89256 -13.547722 3264.177</gx:coord>
<gx:coord>-71.892555 -13.547725 3264.1606</gx:coord>
<gx:coord>-71.892555 -13.547727 3264.1536</gx:coord>
<gx:coord>-71.892555 -13.547729 3264.25</gx:coord>
<gx:coord>-71.89255 -13.54773 3264.2441</gx:coord>
<gx:coord>-71.89256 -13.547747 3264.2424</gx:coord>
<gx:coord>-71.89256 -13.547747 3264.2493</gx:coord>
<gx:coord>-71.89255 -13.547736 3264.258</gx:coord>
<gx:coord>-71.89255 -13.547729 3264.2048</gx:coord>
<gx:coord>-71.892555 -13.547727 3264.2654</gx:coord>
<gx:coord>-71.892555 -13.547721 3264.1096</gx:coord>
<gx:coord>-71.89257 -13.547719 3264.3564</gx:coord>
<gx:coord>-71.89258 -13.547706 3264.4136</gx:coord>
<gx:coord>-71.89261 -13.547707 3264.2786</gx:coord>
<gx:coord>-71.89263 -13.547689 3264.4092</gx:coord>
<gx:coord>-71.892654 -13.54767 3264.2913</gx:coord>
<gx:coord>-71.89267 -13.547671 3264.3777</gx:coord>
<gx:coord>-71.89269 -13.547656 3264.836</gx:coord>
<gx:coord>-71.89271 -13.547632 3264.9238</gx:coord>
<gx:coord>-71.89272 -13.54763 3265.303</gx:coord>
<gx:coord>-71.89274 -13.547617 3265.322</gx:coord>
<gx:coord>-71.89275 -13.547624 3265.1746</gx:coord>
<gx:coord>-71.89275 -13.547641 3265.5432</gx:coord>
<gx:coord>-71.89275 -13.547632 3265.5403</gx:coord>
<gx:coord>-71.89276 -13.547634 3266.222</gx:coord>
<gx:coord>-71.892784 -13.547634 3265.8013</gx:coord>
<gx:coord>-71.8928 -13.547638 3265.693</gx:coord>
<gx:coord>-71.89279 -13.547635 3265.6897</gx:coord>
<gx:coord>-71.892784 -13.547632 3265.6733</gx:coord>
<gx:coord>-71.89278 -13.547642 3265.667</gx:coord>
<gx:coord>-71.892784 -13.547654 3264.5647</gx:coord>
<gx:coord>-71.89278 -13.54764 3264.5361</gx:coord>
<gx:coord>-71.89278 -13.547643 3264.441</gx:coord>
<gx:coord>-71.892784 -13.547652 3264.436</gx:coord>
<gx:coord>-71.892784 -13.547646 3264.4382</gx:coord>
<gx:coord>-71.89278 -13.547648 3264.4429</gx:coord>
<gx:coord>-71.89279 -13.547674 3264.4434</gx:coord>
<gx:coord>-71.89279 -13.547675 3264.4436</gx:coord>
<gx:coord>-71.89279 -13.547675 3264.4521</gx:coord>
<gx:coord>-71.89278 -13.547649 3264.8586</gx:coord>
<gx:coord>-71.89277 -13.54764 3264.866</gx:coord>
<gx:coord>-71.89277 -13.547643 3264.8657</gx:coord>
<gx:coord>-71.89279 -13.547673 3264.8025</gx:coord>
<gx:coord>-71.89277 -13.547625 3264.793</gx:coord>
<gx:coord>-71.89277 -13.547633 3264.7756</gx:coord>
<gx:coord>-71.89278 -13.547644 3264.762</gx:coord>
<gx:coord>-71.89279 -13.547672 3264.756</gx:coord>
<gx:coord>-71.89279 -13.547672 3264.7507</gx:coord>
<gx:coord>-71.89279 -13.547672 3264.7463</gx:coord>
<gx:coord>-71.89279 -13.547671 3264.7385</gx:coord>
<gx:coord>-71.89279 -13.547671 3264.7214</gx:coord>
<gx:coord>-71.89279 -13.547671 3264.7053</gx:coord>
<gx:coord>-71.89279 -13.54767 3264.7058</gx:coord>
<gx:coord>-71.89279 -13.54767 3264.6953</gx:coord>
<gx:coord>-71.89279 -13.54767 3264.6887</gx:coord>
<gx:coord>-71.89279 -13.547671 3264.6592</gx:coord>
<gx:coord>-71.892784 -13.547658 3264.904</gx:coord>
<gx:coord>-71.892784 -13.547659 3265.2202</gx:coord>
<gx:coord>-71.89278 -13.547646 3265.292</gx:coord>
<gx:coord>-71.89277 -13.547635 3265.4202</gx:coord>
<gx:coord>-71.89277 -13.547646 3265.7412</gx:coord>
<gx:coord>-71.89276 -13.547658 3265.937</gx:coord>
<gx:coord>-71.89277 -13.547661 3265.9355</gx:coord>
<gx:coord>-71.89278 -13.547664 3265.9385</gx:coord>
<gx:coord>-71.89278 -13.547668 3265.9336</gx:coord>
<gx:coord>-71.89277 -13.547668 3265.9907</gx:coord>
<gx:coord>-71.89277 -13.5476675 3265.9001</gx:coord>
<gx:coord>-71.89277 -13.547663 3266.096</gx:coord>
<gx:coord>-71.89276 -13.547662 3266.081</gx:coord>
<gx:coord>-71.89276 -13.547663 3266.0833</gx:coord>
<gx:coord>-71.89276 -13.547659 3265.8572</gx:coord>
<gx:coord>-71.89275 -13.5476265 3265.6008</gx:coord>
<gx:coord>-71.892746 -13.547606 3265.6</gx:coord>
<gx:coord>-71.89274 -13.547574 3265.6948</gx:coord>
<gx:coord>-71.89276 -13.547578 3266.0508</gx:coord>
<gx:coord>-71.89276 -13.547584 3266.004</gx:coord>
<gx:coord>-71.89276 -13.547579 3266.2817</gx:coord>
<gx:coord>-71.89275 -13.547576 3266.5325</gx:coord>
<gx:coord>-71.89276 -13.547587 3266.5378</gx:coord>
<gx:coord>-71.892784 -13.547629 3266.9253</gx:coord>
<gx:coord>-71.892784 -13.547634 3266.9272</gx:coord>
<gx:coord>-71.892784 -13.547634 3266.938</gx:coord>
<gx:coord>-71.892784 -13.547634 3266.944</gx:coord>
<gx:coord>-71.892784 -13.547634 3266.952</gx:coord>
<gx:coord>-71.892784 -13.547633 3266.6016</gx:coord>
<gx:coord>-71.892784 -13.547632 3266.662</gx:coord>
<gx:coord>-71.892784 -13.547632 3266.674</gx:coord>
<gx:coord>-71.892784 -13.547632 3266.674</gx:coord>
<gx:coord>-71.892784 -13.54763 3266.6467</gx:coord>
<gx:coord>-71.892784 -13.547628 3266.6394</gx:coord>
<gx:coord>-71.892784 -13.547628 3266.6316</gx:coord>
<gx:coord>-71.892784 -13.547628 3266.6138</gx:coord>
<gx:coord>-71.892784 -13.547628 3266.6086</gx:coord>
<gx:coord>-71.892784 -13.54763 3266.4573</gx:coord>
<gx:coord>-71.892784 -13.54763 3266.4468</gx:coord>
<gx:coord>-71.892784 -13.54763 3266.435</gx:coord>
<gx:coord>-71.892784 -13.54763 3266.4272</gx:coord>
<gx:coord>-71.892784 -13.54763 3266.4214</gx:coord>
<gx:coord>-71.892784 -13.54763 3266.4136</gx:coord>
<gx:coord>-71.892784 -13.54763 3266.4146</gx:coord>
<gx:coord>-71.892784 -13.54763 3266.4116</gx:coord>
<gx:coord>-71.892784 -13.54763 3266.4177</gx:coord>
<gx:coord>-71.892784 -13.54763 3266.4216</gx:coord>
<gx:coord>-71.892784 -13.54763 3266.4194</gx:coord>
<gx:coord>-71.892784 -13.54763 3266.4148</gx:coord>
<gx:coord>-71.892784 -13.54763 3266.4106</gx:coord>
<gx:coord>-71.892784 -13.54763 3266.4016</gx:coord>
<gx:coord>-71.892784 -13.54763 3266.3926</gx:coord>
<gx:coord>-71.892784 -13.54763 3266.3843</gx:coord>
<gx:coord>-71.892784 -13.54763 3266.378</gx:coord>
<gx:coord>-71.892784 -13.54763 3266.374</gx:coord>
<gx:coord>-71.892784 -13.54763 3266.375</gx:coord>
<gx:coord>-71.892784 -13.54763 3266.3762</gx:coord>
<gx:coord>-71.892784 -13.54763 3266.3833</gx:coord>
<gx:coord>-71.892784 -13.54763 3266.3826</gx:coord>
<gx:coord>-71.892784 -13.54763 3266.2053</gx:coord>
<gx:coord>-71.892784 -13.547626 3266.2195</gx:coord>
<gx:coord>-71.892784 -13.547627 3266.9734</gx:coord>
<gx:coord>-71.892784 -13.547622 3266.9905</gx:coord>
<gx:coord>-71.892784 -13.547624 3266.9983</gx:coord>
<gx:coord>-71.892784 -13.547616 3267.2192</gx:coord>
<gx:coord>-71.892784 -13.547613 3267.2104</gx:coord>
<gx:coord>-71.892784 -13.547615 3267.201</gx:coord>
<gx:coord>-71.89279 -13.547634 3267.1897</gx:coord>
<gx:coord>-71.89279 -13.547635 3267.1934</gx:coord>
<gx:coord>-71.89279 -13.547635 3267.2</gx:coord>
<gx:coord>-71.89279 -13.547635 3267.2166</gx:coord>
<gx:coord>-71.89279 -13.547635 3267.2195</gx:coord>
<gx:coord>-71.89279 -13.547635 3267.2268</gx:coord>
<gx:coord>-71.89279 -13.547635 3267.2336</gx:coord>
<gx:coord>-71.89279 -13.547635 3267.234</gx:coord>
<gx:coord>-71.89279 -13.547636 3267.2349</gx:coord>
<gx:coord>-71.89279 -13.547636 3267.2312</gx:coord>
<gx:coord>-71.89279 -13.547636 3267.2297</gx:coord>
<gx:coord>-71.89279 -13.547638 3267.3027</gx:coord>
<gx:coord>-71.892784 -13.547641 3267.5974</gx:coord>
<gx:coord>-71.89279 -13.547638 3267.5945</gx:coord>
<gx:coord>-71.892784 -13.547637 3267.5994</gx:coord>
<gx:coord>-71.89278 -13.54762 3267.2305</gx:coord>
<gx:coord>-71.89278 -13.547622 3267.302</gx:coord>
<gx:coord>-71.89278 -13.547613 3267.3022</gx:coord>
<gx:coord>-71.89278 -13.547605 3267.3076</gx:coord>
<gx:coord>-71.892784 -13.547642 3267.4778</gx:coord>
<gx:coord>-71.89279 -13.547661 3267.5857</gx:coord>
<gx:coord>-71.892784 -13.547628 3266.59</gx:coord>
<gx:coord>-71.89279 -13.547639 3266.59</gx:coord>
<gx:coord>-71.89277 -13.547653 3265.832</gx:coord>
<gx:coord>-71.89277 -13.547651 3265.6755</gx:coord>
<gx:coord>-71.89277 -13.547639 3265.6553</gx:coord>
<gx:coord>-71.89277 -13.547644 3265.7004</gx:coord>
<gx:coord>-71.89276 -13.547633 3265.7117</gx:coord>
<gx:coord>-71.89276 -13.54762 3265.7117</gx:coord>
<gx:coord>-71.89276 -13.54763 3265.8804</gx:coord>
<gx:coord>-71.89277 -13.547685 3265.885</gx:coord>
<gx:coord>-71.89277 -13.547688 3265.8882</gx:coord>
<gx:coord>-71.89277 -13.547688 3265.8865</gx:coord>
<gx:coord>-71.89277 -13.547688 3265.889</gx:coord>
<gx:coord>-71.89277 -13.547687 3265.8384</gx:coord>
<gx:coord>-71.89278 -13.54768 3266.5125</gx:coord>
<gx:coord>-71.89278 -13.5476885 3266.349</gx:coord>
<gx:coord>-71.89278 -13.547685 3265.5562</gx:coord>
<gx:coord>-71.89278 -13.547684 3265.5574</gx:coord>
<gx:coord>-71.89278 -13.547684 3265.561</gx:coord>
<gx:coord>-71.89278 -13.547684 3265.567</gx:coord>
<gx:coord>-71.89278 -13.547684 3265.5608</gx:coord>
<gx:coord>-71.89278 -13.547684 3265.5676</gx:coord>
<gx:coord>-71.89278 -13.547688 3265.576</gx:coord>
<gx:coord>-71.89278 -13.547662 3265.7021</gx:coord>
<gx:coord>-71.89277 -13.547654 3265.7065</gx:coord>
<gx:coord>-71.89277 -13.547652 3265.7095</gx:coord>
<gx:coord>-71.89277 -13.547656 3265.7056</gx:coord>
<gx:coord>-71.89277 -13.547653 3265.6965</gx:coord>
<gx:coord>-71.89277 -13.547655 3265.6921</gx:coord>
<gx:coord>-71.89278 -13.547684 3265.6985</gx:coord>
<gx:coord>-71.89278 -13.547686 3265.7402</gx:coord>
<gx:coord>-71.89278 -13.547686 3265.7354</gx:coord>
<gx:coord>-71.89279 -13.547684 3265.7158</gx:coord>
<gx:coord>-71.89279 -13.5476675 3265.8064</gx:coord>
<gx:coord>-71.89281 -13.547663 3265.8064</gx:coord>
<gx:coord>-71.89284 -13.54767 3266.0208</gx:coord>
<gx:coord>-71.892845 -13.547643 3265.527</gx:coord>
<gx:coord>-71.89286 -13.547648 3265.527</gx:coord>
<gx:coord>-71.89288 -13.547625 3265.2214</gx:coord>
<gx:coord>-71.89289 -13.547613 3265.442</gx:coord>
<gx:coord>-71.8929 -13.547626 3265.4458</gx:coord>
<gx:coord>-71.89289 -13.547624 3265.4463</gx:coord>
<gx:coord>-71.89289 -13.547624 3265.4463</gx:coord>
<gx:coord>-71.89288 -13.547616 3265.4358</gx:coord>
<gx:coord>-71.89288 -13.547609 3265.4312</gx:coord>
<gx:coord>-71.89288 -13.547619 3264.8965</gx:coord>
<gx:coord>-71.892876 -13.547596 3265.5369</gx:coord>
<gx:coord>-71.892876 -13.547597 3265.5369</gx:coord>
<gx:coord>-71.89287 -13.547596 3265.527</gx:coord>
<gx:coord>-71.89286 -13.547593 3265.5298</gx:coord>
<gx:coord>-71.89287 -13.5476 3265.5295</gx:coord>
<gx:coord>-71.89286 -13.547599 3265.5374</gx:coord>
<gx:coord>-71.89286 -13.547599 3265.5374</gx:coord>
<gx:coord>-71.89289 -13.547638 3265.5483</gx:coord>
<gx:coord>-71.89289 -13.547641 3265.551</gx:coord>
<gx:coord>-71.89289 -13.547641 3265.5552</gx:coord>
<gx:coord>-71.89289 -13.547641 3265.5544</gx:coord>
<gx:coord>-71.89289 -13.547641 3265.5525</gx:coord>
<gx:coord>-71.89289 -13.547641 3265.5542</gx:coord>
<gx:coord>-71.89289 -13.547641 3265.5522</gx:coord>
<gx:coord>-71.89289 -13.547641 3265.5515</gx:coord>
<gx:coord>-71.89289 -13.547641 3265.5488</gx:coord>
<gx:coord>-71.89289 -13.547641 3265.5498</gx:coord>
<gx:coord>-71.89289 -13.547641 3265.8818</gx:coord>
<gx:coord>-71.89289 -13.547641 3265.8845</gx:coord>
<gx:coord>-71.89289 -13.547641 3265.8901</gx:coord>
<gx:coord>-71.89289 -13.547641 3265.8972</gx:coord>
<gx:coord>-71.89289 -13.547643 3265.6094</gx:coord>
<gx:coord>-71.89289 -13.547648 3265.4368</gx:coord>
<gx:coord>-71.89289 -13.547643 3265.8008</gx:coord>
<gx:coord>-71.89289 -13.547644 3265.688</gx:coord>
<gx:coord>-71.89289 -13.547645 3265.685</gx:coord>
<gx:coord>-71.892876 -13.547633 3265.6826</gx:coord>
<gx:coord>-71.892876 -13.547634 3265.6807</gx:coord>
<gx:coord>-71.892876 -13.547631 3265.6772</gx:coord>
<gx:coord>-71.892876 -13.547634 3265.6685</gx:coord>
<gx:coord>-71.89289 -13.547648 3265.6643</gx:coord>
<gx:coord>-71.89289 -13.54765 3265.6602</gx:coord>
<gx:coord>-71.89289 -13.547651 3265.6475</gx:coord>
<gx:coord>-71.89289 -13.547651 3265.6353</gx:coord>
<gx:coord>-71.89289 -13.54765 3265.6255</gx:coord>
<gx:coord>-71.89289 -13.54765 3265.6199</gx:coord>
<gx:coord>-71.89289 -13.54765 3265.6094</gx:coord>
<gx:coord>-71.89289 -13.54765 3265.605</gx:coord>
<gx:coord>-71.89289 -13.54765 3265.606</gx:coord>
<gx:coord>-71.89289 -13.54765 3265.6072</gx:coord>
<gx:coord>-71.89289 -13.54765 3265.614</gx:coord>
<gx:coord>-71.89289 -13.54765 3265.6194</gx:coord>
<gx:coord>-71.89289 -13.54765 3265.621</gx:coord>
<gx:coord>-71.89289 -13.547649 3265.7688</gx:coord>
<gx:coord>-71.89289 -13.54765 3265.7778</gx:coord>
<gx:coord>-71.89289 -13.54765 3265.7886</gx:coord>
<gx:coord>-71.89289 -13.54765 3265.7856</gx:coord>
<gx:coord>-71.89289 -13.54765 3265.783</gx:coord>
<gx:coord>-71.89289 -13.547651 3265.8909</gx:coord>
<gx:coord>-71.8929 -13.54765 3265.802</gx:coord>
<gx:coord>-71.89288 -13.547639 3265.162</gx:coord>
<gx:coord>-71.892876 -13.547626 3265.043</gx:coord>
<gx:coord>-71.89288 -13.54763 3265.2263</gx:coord>
<gx:coord>-71.8929 -13.547616 3265.2263</gx:coord>
<gx:coord>-71.892914 -13.547588 3265.066</gx:coord>
<gx:coord>-71.892944 -13.547591 3264.2905</gx:coord>
<gx:coord>-71.892944 -13.547574 3264.2905</gx:coord>
<gx:coord>-71.89295 -13.547571 3264.8748</gx:coord>
<gx:coord>-71.89295 -13.547536 3264.662</gx:coord>
<gx:coord>-71.892944 -13.547524 3264.702</gx:coord>
<gx:coord>-71.892944 -13.547537 3265.2583</gx:coord>
<gx:coord>-71.89294 -13.547544 3265.3135</gx:coord>
<gx:coord>-71.89294 -13.547549 3265.3157</gx:coord>
<gx:coord>-71.89292 -13.547551 3265.326</gx:coord>
<gx:coord>-71.89291 -13.547556 3265.3296</gx:coord>
<gx:coord>-71.89291 -13.547558 3265.3398</gx:coord>
<gx:coord>-71.89294 -13.54759 3265.3474</gx:coord>
<gx:coord>-71.892944 -13.547593 3265.3518</gx:coord>
<gx:coord>-71.892944 -13.547594 3265.3516</gx:coord>
<gx:coord>-71.892944 -13.547593 3265.3608</gx:coord>
<gx:coord>-71.89294 -13.547595 3265.326</gx:coord>
<gx:coord>-71.89291 -13.547569 3265.3289</gx:coord>
<gx:coord>-71.89292 -13.547582 3265.3281</gx:coord>
<gx:coord>-71.89292 -13.547582 3265.3274</gx:coord>
<gx:coord>-71.89292 -13.547581 3265.3171</gx:coord>
<gx:coord>-71.89292 -13.547584 3265.3145</gx:coord>
<gx:coord>-71.892914 -13.547578 3265.3145</gx:coord>
<gx:coord>-71.892914 -13.547582 3265.0723</gx:coord>
<gx:coord>-71.89292 -13.547597 3265.0012</gx:coord>
<gx:coord>-71.89293 -13.547598 3264.7808</gx:coord>
<gx:coord>-71.892914 -13.547582 3264.766</gx:coord>
<gx:coord>-71.89291 -13.547578 3264.764</gx:coord>
<gx:coord>-71.89291 -13.54758 3264.7632</gx:coord>
<gx:coord>-71.8929 -13.547582 3264.7644</gx:coord>
<gx:coord>-71.89293 -13.547597 3264.7654</gx:coord>
<gx:coord>-71.89294 -13.547599 3264.7644</gx:coord>
<gx:coord>-71.89294 -13.547599 3264.7666</gx:coord>
<gx:coord>-71.89294 -13.547599 3264.769</gx:coord>
<gx:coord>-71.89294 -13.547599 3264.7637</gx:coord>
<gx:coord>-71.89294 -13.5476 3264.7554</gx:coord>
<gx:coord>-71.89294 -13.5476 3264.7507</gx:coord>
<gx:coord>-71.89294 -13.5476 3264.748</gx:coord>
<gx:coord>-71.89294 -13.547602 3264.4348</gx:coord>
<gx:coord>-71.89294 -13.54761 3264.7644</gx:coord>
<gx:coord>-71.89294 -13.547606 3265.0554</gx:coord>
<gx:coord>-71.89294 -13.547605 3265.0508</gx:coord>
<gx:coord>-71.89292 -13.547597 3265.0415</gx:coord>
<gx:coord>-71.89293 -13.547601 3265.034</gx:coord>
<gx:coord>-71.892914 -13.547598 3265.0266</gx:coord>
<gx:coord>-71.892914 -13.5476 3265.0234</gx:coord>
<gx:coord>-71.89294 -13.547613 3265.0242</gx:coord>
<gx:coord>-71.892944 -13.547614 3265.0244</gx:coord>
<gx:coord>-71.892944 -13.547614 3265.0227</gx:coord>
<gx:coord>-71.892944 -13.547613 3265.0166</gx:coord>
<gx:coord>-71.89294 -13.547617 3264.9683</gx:coord>
<gx:coord>-71.89294 -13.547617 3265.4912</gx:coord>
<gx:coord>-71.89294 -13.547617 3265.3926</gx:coord>
<gx:coord>-71.89294 -13.547617 3265.397</gx:coord>
<gx:coord>-71.89294 -13.547617 3265.4006</gx:coord>
<gx:coord>-71.89294 -13.547617 3265.404</gx:coord>
<gx:coord>-71.89294 -13.547616 3265.4038</gx:coord>
<gx:coord>-71.89294 -13.547616 3265.396</gx:coord>
<gx:coord>-71.89294 -13.547616 3265.3918</gx:coord>
<gx:coord>-71.89294 -13.547616 3265.3887</gx:coord>
<gx:coord>-71.89294 -13.547616 3265.3884</gx:coord>
<gx:coord>-71.89294 -13.547616 3265.3938</gx:coord>
<gx:coord>-71.89294 -13.547616 3265.4014</gx:coord>
<gx:coord>-71.89294 -13.547614 3265.6587</gx:coord>
<gx:coord>-71.89294 -13.547614 3265.6733</gx:coord>
<gx:coord>-71.89294 -13.547614 3265.6885</gx:coord>
<gx:coord>-71.89294 -13.547615 3265.9622</gx:coord>
<gx:coord>-71.89294 -13.547615 3265.974</gx:coord>
<gx:coord>-71.89294 -13.547615 3265.9766</gx:coord>
<gx:coord>-71.89294 -13.547616 3265.9995</gx:coord>
<gx:coord>-71.89294 -13.547616 3266.0022</gx:coord>
<gx:coord>-71.89294 -13.547614 3265.5906</gx:coord>
<gx:coord>-71.89294 -13.547613 3265.5857</gx:coord>
<gx:coord>-71.89294 -13.547613 3270.1</gx:coord>
<gx:coord>-71.89294 -13.547613 3270.6</gx:coord>
<gx:coord>-71.89294 -13.547613 3270.6</gx:coord>
<gx:coord>-71.89294 -13.547613 3265.5825</gx:coord>
<gx:coord>-71.89294 -13.547613 3265.5798</gx:coord>
<gx:coord>-71.89294 -13.547613 3265.5784</gx:coord>
<gx:coord>-71.892944 -13.547612 3269.6</gx:coord>
<gx:coord>-71.89294 -13.54761 3269.6</gx:coord>
<gx:coord>-71.89294 -13.547608 3264.998</gx:coord>
<gx:coord>-71.89294 -13.547609 3265.0303</gx:coord>
<gx:coord>-71.89294 -13.547609 3265.2998</gx:coord>
<gx:coord>-71.89294 -13.547611 3265.2996</gx:coord>
<gx:coord>-71.89294 -13.547612 3265.3027</gx:coord>
<gx:coord>-71.89294 -13.547612 3265.31</gx:coord>
<gx:coord>-71.89294 -13.547611 3265.385</gx:coord>
<gx:coord>-71.89294 -13.547611 3265.3857</gx:coord>
<gx:coord>-71.89294 -13.547611 3265.393</gx:coord>
<gx:coord>-71.89294 -13.547611 3265.398</gx:coord>
<gx:coord>-71.89294 -13.547611 3265.398</gx:coord>
<gx:coord>-71.89294 -13.54761 3265.333</gx:coord>
<gx:coord>-71.89294 -13.547612 3265.63</gx:coord>
<gx:coord>-71.89294 -13.547613 3265.6262</gx:coord>
<gx:coord>-71.89294 -13.547613 3265.6235</gx:coord>
<gx:coord>-71.89294 -13.547613 3265.6218</gx:coord>
<gx:coord>-71.89294 -13.547613 3265.6223</gx:coord>
<gx:coord>-71.89294 -13.547613 3265.608</gx:coord>
<gx:coord>-71.89294 -13.547613 3265.6099</gx:coord>
<gx:coord>-71.89294 -13.547613 3265.6118</gx:coord>
<gx:coord>-71.89294 -13.547613 3265.6113</gx:coord>
<gx:coord>-71.89294 -13.547613 3265.615</gx:coord>
<gx:coord>-71.89294 -13.547613 3265.611</gx:coord>
<gx:coord>-71.89294 -13.547613 3265.6104</gx:coord>
<gx:coord>-71.89294 -13.547613 3265.6016</gx:coord>
<gx:coord>-71.89294 -13.547613 3265.6067</gx:coord>
<gx:coord>-71.89294 -13.547613 3265.6096</gx:coord>
<gx:coord>-71.89294 -13.547613 3265.6165</gx:coord>
<gx:coord>-71.89294 -13.547613 3265.6245</gx:coord>
<gx:coord>-71.89294 -13.547613 3265.627</gx:coord>
<gx:coord>-71.89294 -13.547613 3265.626</gx:coord>
<gx:coord>-71.89294 -13.547613 3265.6238</gx:coord>
<gx:coord>-71.89294 -13.547613 3265.625</gx:coord>
<gx:coord>-71.89294 -13.547613 3265.6353</gx:coord>
<gx:coord>-71.89294 -13.547612 3266.0522</gx:coord>
<gx:coord>-71.89294 -13.547611 3266.052</gx:coord>
<gx:coord>-71.89294 -13.547611 3266.0496</gx:coord>
<gx:coord>-71.89294 -13.547611 3266.0579</gx:coord>
<gx:coord>-71.89294 -13.547607 3269.7002</gx:coord>
<gx:coord>-71.89294 -13.547606 3269.7002</gx:coord>
<gx:coord>-71.89294 -13.547606 3269.7002</gx:coord>
<gx:coord>-71.89294 -13.547606 3265.7585</gx:coord>
<gx:coord>-71.89294 -13.547606 3265.758</gx:coord>
<gx:coord>-71.89294 -13.547606 3270.2002</gx:coord>
<gx:coord>-71.89294 -13.547606 3270.2002</gx:coord>
<gx:coord>-71.89294 -13.547606 3270.2002</gx:coord>
<gx:coord>-71.89294 -13.547606 3265.765</gx:coord>
<gx:coord>-71.89294 -13.547606 3265.7642</gx:coord>
<gx:coord>-71.89294 -13.547606 3265.765</gx:coord>
<gx:coord>-71.89294 -13.547606 3265.5515</gx:coord>
<gx:coord>-71.89294 -13.547606 3265.9673</gx:coord>
<gx:coord>-71.89294 -13.547606 3266.0352</gx:coord>
<gx:coord>-71.89294 -13.547606 3266.0474</gx:coord>
<gx:coord>-71.89294 -13.547606 3266.053</gx:coord>
<gx:coord>-71.89294 -13.547606 3266.0583</gx:coord>
<gx:coord>-71.89294 -13.547606 3266.0596</gx:coord>
<gx:coord>-71.89294 -13.547606 3266.047</gx:coord>
<gx:coord>-71.89294 -13.5476055 3265.9304</gx:coord>
<gx:coord>-71.89294 -13.5476055 3265.9153</gx:coord>
<gx:coord>-71.89294 -13.5476055 3265.9094</gx:coord>
<gx:coord>-71.89294 -13.547606 3265.9114</gx:coord>
<gx:coord>-71.89294 -13.547606 3265.9094</gx:coord>
<gx:coord>-71.89294 -13.547605 3265.6533</gx:coord>
<gx:coord>-71.89294 -13.547605 3265.6504</gx:coord>
<gx:coord>-71.89294 -13.547605 3265.65</gx:coord>
<gx:coord>-71.89294 -13.547605 3265.6504</gx:coord>
<gx:coord>-71.89294 -13.547605 3265.654</gx:coord>
<gx:coord>-71.89294 -13.547605 3265.6562</gx:coord>
<gx:coord>-71.89294 -13.547605 3265.6565</gx:coord>
<gx:coord>-71.89294 -13.5476055 3265.6528</gx:coord>
<gx:coord>-71.89294 -13.5476055 3265.6611</gx:coord>
<gx:coord>-71.89294 -13.5476055 3265.6597</gx:coord>
<gx:coord>-71.89294 -13.5476055 3265.634</gx:coord>
<gx:coord>-71.89294 -13.5476055 3265.6409</gx:coord>
<gx:coord>-71.89294 -13.5476055 3265.6538</gx:coord>
<gx:coord>-71.89294 -13.547603 3265.2568</gx:coord>
<gx:coord>-71.89294 -13.547601 3265.3232</gx:coord>
<gx:coord>-71.89294 -13.547601 3265.2334</gx:coord>
<gx:coord>-71.89294 -13.5476 3265.144</gx:coord>
<gx:coord>-71.89294 -13.547601 3265.146</gx:coord>
<gx:coord>-71.89294 -13.547604 3266.8</gx:coord>
<gx:coord>-71.89294 -13.547604 3266.8</gx:coord>
<gx:coord>-71.89294 -13.547604 3265.4434</gx:coord>
<gx:coord>-71.89294 -13.547604 3265.4448</gx:coord>
<gx:coord>-71.89294 -13.547604 3265.4421</gx:coord>
<gx:coord>-71.89294 -13.547604 3265.4365</gx:coord>
<gx:coord>-71.89294 -13.547604 3265.4377</gx:coord>
<gx:coord>-71.89294 -13.547604 3265.4407</gx:coord>
<gx:coord>-71.89294 -13.547604 3265.4424</gx:coord>
<gx:coord>-71.89294 -13.547604 3265.4556</gx:coord>
<gx:coord>-71.89294 -13.547604 3265.4717</gx:coord>
<gx:coord>-71.89294 -13.547604 3265.4807</gx:coord>
<gx:coord>-71.89294 -13.547604 3265.4922</gx:coord>
<gx:coord>-71.89294 -13.547604 3265.4983</gx:coord>
<gx:coord>-71.89294 -13.547604 3265.4849</gx:coord>
<gx:coord>-71.89294 -13.547604 3265.5095</gx:coord>
<gx:coord>-71.89294 -13.547601 3265.5688</gx:coord>
<gx:coord>-71.89294 -13.5476 3265.8528</gx:coord>
<gx:coord>-71.892944 -13.547601 3265.8645</gx:coord>
<gx:coord>-71.892944 -13.547601 3265.8657</gx:coord>
<gx:coord>-71.892944 -13.547601 3265.8604</gx:coord>
<gx:coord>-71.892944 -13.547599 3266.003</gx:coord>
<gx:coord>-71.892944 -13.547599 3266.0063</gx:coord>
<gx:coord>-71.892944 -13.547599 3266.009</gx:coord>
<gx:coord>-71.892944 -13.547599 3266.0063</gx:coord>
<gx:coord>-71.892944 -13.547599 3265.996</gx:coord>
<gx:coord>-71.892944 -13.547599 3265.996</gx:coord>
<gx:coord>-71.89294 -13.547597 3265.8313</gx:coord>
<gx:coord>-71.892944 -13.547601 3265.6724</gx:coord>
<gx:coord>-71.89294 -13.547602 3266.0886</gx:coord>
<gx:coord>-71.892944 -13.547603 3266.8</gx:coord>
<gx:coord>-71.892944 -13.547603 3266.8</gx:coord>
<gx:coord>-71.892944 -13.547603 3266.839</gx:coord>
<gx:coord>-71.892944 -13.547603 3266.8416</gx:coord>
<gx:coord>-71.892944 -13.547603 3266.8442</gx:coord>
<gx:coord>-71.892944 -13.547603 3266.8538</gx:coord>
<gx:coord>-71.892944 -13.547603 3266.8616</gx:coord>
<gx:coord>-71.892944 -13.547604 3266.8806</gx:coord>
<gx:coord>-71.892944 -13.547604 3266.8933</gx:coord>
<gx:coord>-71.892944 -13.547604 3266.895</gx:coord>
<gx:coord>-71.892944 -13.547604 3266.8882</gx:coord>
<gx:coord>-71.892944 -13.547604 3266.8</gx:coord>
<gx:coord>-71.892944 -13.547604 3266.8</gx:coord>
<gx:coord>-71.892944 -13.547604 3266.8</gx:coord>
<gx:coord>-71.892944 -13.547604 3266.916</gx:coord>
<gx:coord>-71.892944 -13.547604 3266.919</gx:coord>
<gx:coord>-71.892944 -13.547604 3266.9238</gx:coord>
<gx:coord>-71.892944 -13.547604 3266.9258</gx:coord>
<gx:coord>-71.892944 -13.547604 3266.9287</gx:coord>
<gx:coord>-71.892944 -13.547602 3267.0002</gx:coord>
<gx:coord>-71.892944 -13.547602 3267.0002</gx:coord>
<gx:coord>-71.892944 -13.547603 3267.2517</gx:coord>
<gx:coord>-71.892944 -13.547603 3267.2576</gx:coord>
<gx:coord>-71.892944 -13.547603 3267.2588</gx:coord>
<gx:coord>-71.892944 -13.547603 3267.2659</gx:coord>
<gx:coord>-71.892944 -13.547604 3267.779</gx:coord>
<gx:coord>-71.89295 -13.5476 3267.822</gx:coord>
<gx:coord>-71.89295 -13.547601 3267.1604</gx:coord>
<gx:coord>-71.892944 -13.547601 3267.161</gx:coord>
<gx:coord>-71.892944 -13.5476 3267.1619</gx:coord>
<gx:coord>-71.892944 -13.547599 3267.4353</gx:coord>
<gx:coord>-71.892944 -13.547599 3267.4387</gx:coord>
<gx:coord>-71.892944 -13.547599 3267.4421</gx:coord>
<gx:coord>-71.892944 -13.547599 3267.4395</gx:coord>
<gx:coord>-71.892944 -13.5476 3267.8477</gx:coord>
<gx:coord>-71.892944 -13.5476 3267.8564</gx:coord>
<gx:coord>-71.892944 -13.5476 3267.8796</gx:coord>
<gx:coord>-71.892944 -13.5476 3267.877</gx:coord>
<gx:coord>-71.892944 -13.547599 3267.5942</gx:coord>
<gx:coord>-71.89294 -13.547599 3267.588</gx:coord>
<gx:coord>-71.89294 -13.547599 3267.5898</gx:coord>
<gx:coord>-71.89294 -13.547599 3267.6016</gx:coord>
<gx:coord>-71.89294 -13.5476 3267.767</gx:coord>
<gx:coord>-71.892944 -13.5476 3267.6216</gx:coord>
<gx:coord>-71.89294 -13.547598 3267.5693</gx:coord>
<gx:coord>-71.89294 -13.547579 3268.6824</gx:coord>
<gx:coord>-71.89294 -13.547592 3268.7349</gx:coord>
<gx:coord>-71.89294 -13.547581 3268.722</gx:coord>
<gx:coord>-71.89294 -13.547568 3268.7053</gx:coord>
<gx:coord>-71.89294 -13.547567 3268.6921</gx:coord>
<gx:coord>-71.89294 -13.547554 3269.3179</gx:coord>
<gx:coord>-71.89294 -13.547552 3269.3179</gx:coord>
<gx:coord>-71.892944 -13.547539 3269.931</gx:coord>
<gx:coord>-71.892944 -13.547531 3269.931</gx:coord>
<gx:coord>-71.89295 -13.547526 3267.934</gx:coord>
<gx:coord>-71.89295 -13.54752 3267.9495</gx:coord>
<gx:coord>-71.89295 -13.547518 3267.9473</gx:coord>
<gx:coord>-71.89296 -13.54752 3267.9463</gx:coord>
<gx:coord>-71.89295 -13.547514 3267.9512</gx:coord>
<gx:coord>-71.89296 -13.547518 3267.959</gx:coord>
<gx:coord>-71.89296 -13.547518 3267.9556</gx:coord>
<gx:coord>-71.89299 -13.547538 3267.9607</gx:coord>
<gx:coord>-71.89299 -13.5475445 3267.718</gx:coord>
<gx:coord>-71.89299 -13.547551 3267.4705</gx:coord>
<gx:coord>-71.89299 -13.547551 3267.3477</gx:coord>
<gx:coord>-71.89299 -13.547551 3267.3416</gx:coord>
<gx:coord>-71.89299 -13.547551 3267.338</gx:coord>
<gx:coord>-71.89299 -13.547551 3267.3271</gx:coord>
<gx:coord>-71.89299 -13.547551 3267.3152</gx:coord>
<gx:coord>-71.89299 -13.547551 3267.3064</gx:coord>
<gx:coord>-71.89299 -13.547551 3267.3003</gx:coord>
<gx:coord>-71.89299 -13.547551 3267.2966</gx:coord>
<gx:coord>-71.89299 -13.547551 3267.2837</gx:coord>
<gx:coord>-71.89299 -13.547551 3267.2827</gx:coord>
<gx:coord>-71.89299 -13.547551 3267.4155</gx:coord>
<gx:coord>-71.89299 -13.547551 3267.4148</gx:coord>
<gx:coord>-71.89299 -13.547551 3267.4138</gx:coord>
<gx:coord>-71.89299 -13.547551 3267.4102</gx:coord>
<gx:coord>-71.89299 -13.547551 3267.417</gx:coord>
<gx:coord>-71.89298 -13.547551 3267.4316</gx:coord>
<gx:coord>-71.89298 -13.547551 3267.4377</gx:coord>
<gx:coord>-71.89298 -13.547551 3267.4478</gx:coord>
<gx:coord>-71.89298 -13.547551 3267.4502</gx:coord>
<gx:coord>-71.89298 -13.547551 3267.4548</gx:coord>
<gx:coord>-71.89298 -13.547551 3267.4524</gx:coord>
<gx:coord>-71.89298 -13.547551 3267.4573</gx:coord>
<gx:coord>-71.89298 -13.547551 3267.458</gx:coord>
<gx:coord>-71.89298 -13.547551 3267.4521</gx:coord>
<gx:coord>-71.89298 -13.547551 3267.455</gx:coord>
<gx:coord>-71.89298 -13.547551 3267.455</gx:coord>
<gx:coord>-71.89298 -13.547551 3267.457</gx:coord>
<gx:coord>-71.89298 -13.547551 3267.46</gx:coord>
<gx:coord>-71.89298 -13.547551 3267.4675</gx:coord>
<gx:coord>-71.89298 -13.547551 3267.4658</gx:coord>
<gx:coord>-71.89298 -13.547551 3267.464</gx:coord>
<gx:coord>-71.89298 -13.547551 3267.462</gx:coord>
<gx:coord>-71.89298 -13.547551 3267.4575</gx:coord>
<gx:coord>-71.89298 -13.547551 3267.4521</gx:coord>
<gx:coord>-71.89298 -13.547551 3267.4473</gx:coord>
<gx:coord>-71.89298 -13.547551 3267.446</gx:coord>
<gx:coord>-71.89298 -13.547551 3267.4463</gx:coord>
<gx:coord>-71.89298 -13.547551 3267.456</gx:coord>
<gx:coord>-71.89298 -13.547551 3267.461</gx:coord>
<gx:coord>-71.89298 -13.547551 3267.461</gx:coord>
<gx:coord>-71.89298 -13.547551 3267.4543</gx:coord>
<gx:coord>-71.89298 -13.547551 3267.4514</gx:coord>
<gx:coord>-71.89298 -13.547551 3267.4666</gx:coord>
<gx:coord>-71.89298 -13.547551 3267.4802</gx:coord>
<gx:coord>-71.89298 -13.547551 3267.4963</gx:coord>
<gx:coord>-71.89298 -13.547552 3267.5103</gx:coord>
<gx:coord>-71.89298 -13.547552 3267.5227</gx:coord>
<gx:coord>-71.89298 -13.547552 3267.5366</gx:coord>
<gx:coord>-71.89298 -13.547554 3267.0208</gx:coord>
<gx:coord>-71.89298 -13.547554 3267.007</gx:coord>
<gx:coord>-71.89298 -13.547554 3266.9963</gx:coord>
<gx:coord>-71.89298 -13.547554 3266.9885</gx:coord>
<gx:coord>-71.89298 -13.547554 3266.9783</gx:coord>
<gx:coord>-71.89298 -13.547554 3266.9678</gx:coord>
<gx:coord>-71.89298 -13.547554 3266.96</gx:coord>
<gx:coord>-71.89298 -13.547554 3266.9563</gx:coord>
<gx:coord>-71.89298 -13.547554 3266.9546</gx:coord>
<gx:coord>-71.89298 -13.547554 3266.9436</gx:coord>
<gx:coord>-71.89298 -13.547554 3266.933</gx:coord>
<gx:coord>-71.89298 -13.547554 3266.9229</gx:coord>
<gx:coord>-71.89298 -13.547555 3266.911</gx:coord>
<gx:coord>-71.89298 -13.547555 3266.8953</gx:coord>
<gx:coord>-71.89298 -13.547555 3266.8875</gx:coord>
<gx:coord>-71.89298 -13.547555 3266.8784</gx:coord>
<gx:coord>-71.89298 -13.547555 3266.889</gx:coord>
<gx:coord>-71.89298 -13.547555 3266.8875</gx:coord>
<gx:coord>-71.89298 -13.547555 3266.8826</gx:coord>
<gx:coord>-71.89298 -13.547555 3266.8835</gx:coord>
<gx:coord>-71.89298 -13.547556 3266.8933</gx:coord>
<gx:coord>-71.89298 -13.547556 3266.9114</gx:coord>
<gx:coord>-71.89298 -13.547555 3266.9321</gx:coord>
<gx:coord>-71.89298 -13.547555 3266.952</gx:coord>
<gx:coord>-71.89298 -13.547555 3266.9697</gx:coord>
<gx:coord>-71.89298 -13.547556 3266.9797</gx:coord>
<gx:coord>-71.89298 -13.547556 3266.9844</gx:coord>
<gx:coord>-71.89298 -13.547556 3266.9827</gx:coord>
<gx:coord>-71.89298 -13.547556 3266.9705</gx:coord>
<gx:coord>-71.89298 -13.547556 3266.9646</gx:coord>
<gx:coord>-71.89298 -13.547556 3266.9644</gx:coord>
<gx:coord>-71.89298 -13.547556 3266.9631</gx:coord>
<gx:coord>-71.89298 -13.547556 3266.959</gx:coord>
<gx:coord>-71.89298 -13.547556 3266.9624</gx:coord>
<gx:coord>-71.89298 -13.547556 3266.956</gx:coord>
<gx:coord>-71.89298 -13.547556 3266.9482</gx:coord>
<gx:coord>-71.89298 -13.547556 3266.9397</gx:coord>
<gx:coord>-71.89298 -13.547556 3266.9314</gx:coord>
<gx:coord>-71.89298 -13.547556 3266.921</gx:coord>
<gx:coord>-71.89298 -13.547556 3266.9155</gx:coord>
<gx:coord>-71.89298 -13.547556 3266.897</gx:coord>
<gx:coord>-71.89298 -13.547556 3266.8787</gx:coord>
<gx:coord>-71.89298 -13.547556 3266.8647</gx:coord>
<gx:coord>-71.89298 -13.547556 3266.848</gx:coord>
<gx:coord>-71.89298 -13.547556 3266.8267</gx:coord>
<gx:coord>-71.89298 -13.547556 3266.807</gx:coord>
<gx:coord>-71.89298 -13.547556 3266.7935</gx:coord>
<gx:coord>-71.89298 -13.547556 3266.7751</gx:coord>
<gx:coord>-71.89298 -13.547556 3266.7534</gx:coord>
<gx:coord>-71.89298 -13.547556 3266.7432</gx:coord>
<gx:coord>-71.89298 -13.547556 3266.7378</gx:coord>
<gx:coord>-71.89298 -13.547556 3266.7375</gx:coord>
<gx:coord>-71.89298 -13.547556 3266.744</gx:coord>
<gx:coord>-71.89298 -13.547556 3266.7485</gx:coord>
<gx:coord>-71.89298 -13.547556 3266.4873</gx:coord>
<gx:coord>-71.89298 -13.547556 3266.489</gx:coord>
<gx:coord>-71.89298 -13.547556 3266.4941</gx:coord>
<gx:coord>-71.89298 -13.547556 3266.5112</gx:coord>
<gx:coord>-71.89298 -13.547557 3266.525</gx:coord>
<gx:coord>-71.89298 -13.547557 3266.525</gx:coord>
<gx:coord>-71.89298 -13.547557 3266.5225</gx:coord>
<gx:coord>-71.89298 -13.547557 3266.526</gx:coord>
<gx:coord>-71.89298 -13.547557 3266.5312</gx:coord>
<gx:coord>-71.89298 -13.547557 3266.5308</gx:coord>
<gx:coord>-71.89298 -13.547556 3266.5295</gx:coord>
<gx:coord>-71.89298 -13.547556 3266.5327</gx:coord>
<gx:coord>-71.89298 -13.547556 3266.5342</gx:coord>
<gx:coord>-71.89298 -13.547556 3266.5322</gx:coord>
<gx:coord>-71.89298 -13.547556 3266.5344</gx:coord>
<gx:coord>-71.89298 -13.547556 3266.54</gx:coord>
<gx:coord>-71.89298 -13.547556 3266.5447</gx:coord>
<gx:coord>-71.89298 -13.547556 3266.5518</gx:coord>
<gx:coord>-71.89298 -13.547556 3266.561</gx:coord>
<gx:coord>-71.89298 -13.547556 3266.561</gx:coord>
<gx:coord>-71.89298 -13.547556 3266.5608</gx:coord>
<gx:coord>-71.89298 -13.547556 3266.563</gx:coord>
<gx:coord>-71.89298 -13.547556 3266.5657</gx:coord>
<gx:coord>-71.89298 -13.547556 3266.5703</gx:coord>
<gx:coord>-71.89298 -13.547556 3266.575</gx:coord>
<gx:coord>-71.89298 -13.547556 3266.578</gx:coord>
<gx:coord>-71.89298 -13.547556 3266.5813</gx:coord>
<gx:coord>-71.89298 -13.547556 3266.5874</gx:coord>
<gx:coord>-71.89298 -13.547556 3266.5955</gx:coord>
<gx:coord>-71.89298 -13.547556 3266.5986</gx:coord>
<gx:coord>-71.89298 -13.547556 3266.6038</gx:coord>
<gx:coord>-71.89298 -13.547556 3266.6104</gx:coord>
<gx:coord>-71.89298 -13.547556 3266.618</gx:coord>
<gx:coord>-71.89298 -13.547556 3266.6252</gx:coord>
<gx:coord>-71.89298 -13.547556 3266.6304</gx:coord>
<gx:coord>-71.89298 -13.547556 3266.636</gx:coord>
<gx:coord>-71.89298 -13.547556 3266.6414</gx:coord>
<gx:coord>-71.89298 -13.547556 3266.6458</gx:coord>
<gx:coord>-71.89298 -13.547556 3266.6504</gx:coord>
<gx:coord>-71.89298 -13.547556 3266.6528</gx:coord>
<gx:coord>-71.89298 -13.547556 3266.6533</gx:coord>
<gx:coord>-71.89298 -13.547555 3266.6533</gx:coord>
<gx:coord>-71.89298 -13.547555 3266.6565</gx:coord>
<gx:coord>-71.89298 -13.547555 3266.6582</gx:coord>
<gx:coord>-71.89298 -13.547555 3266.6558</gx:coord>
<gx:coord>-71.89298 -13.547555 3266.6497</gx:coord>
<gx:coord>-71.89298 -13.547553 3266.6704</gx:coord>
<gx:coord>-71.89297 -13.547556 3266.1</gx:coord>
<gx:coord>-71.89296 -13.547556 3266.1</gx:coord>
<gx:coord>-71.89296 -13.547555 3264.6602</gx:coord>
<gx:coord>-71.89296 -13.547555 3264.659</gx:coord>
<gx:coord>-71.89296 -13.547555 3264.6648</gx:coord>
<gx:coord>-71.89296 -13.547556 3264.661</gx:coord>
<gx:coord>-71.89296 -13.547556 3264.658</gx:coord>
<gx:coord>-71.89296 -13.547555 3264.6729</gx:coord>
<gx:coord>-71.89296 -13.547555 3264.677</gx:coord>
<gx:coord>-71.89296 -13.547555 3264.6782</gx:coord>
<gx:coord>-71.89296 -13.547555 3264.6826</gx:coord>
<gx:coord>-71.89296 -13.547555 3265.147</gx:coord>
<gx:coord>-71.89296 -13.547555 3267.0002</gx:coord>
<gx:coord>-71.89296 -13.547555 3267.0002</gx:coord>
<gx:coord>-71.89296 -13.547555 3265.1692</gx:coord>
<gx:coord>-71.89296 -13.547555 3265.1743</gx:coord>
<gx:coord>-71.89296 -13.547555 3265.1936</gx:coord>
<gx:coord>-71.89296 -13.547556 3265.2085</gx:coord>
<gx:coord>-71.89296 -13.547556 3265.2197</gx:coord>
<gx:coord>-71.89296 -13.547556 3265.2356</gx:coord>
<gx:coord>-71.89296 -13.547556 3265.2644</gx:coord>
<gx:coord>-71.89296 -13.547556 3265.2864</gx:coord>
<gx:coord>-71.89296 -13.547556 3265.31</gx:coord>
<gx:coord>-71.89296 -13.547556 3265.3313</gx:coord>
<gx:coord>-71.89296 -13.547556 3265.3381</gx:coord>
<gx:coord>-71.89296 -13.547556 3266.7002</gx:coord>
<gx:coord>-71.89296 -13.547556 3266.7002</gx:coord>
<gx:coord>-71.89296 -13.547556 3265.362</gx:coord>
<gx:coord>-71.89296 -13.547556 3265.3496</gx:coord>
<gx:coord>-71.89296 -13.547556 3265.3477</gx:coord>
<gx:coord>-71.89296 -13.547556 3265.3223</gx:coord>
<gx:coord>-71.89296 -13.547556 3265.3118</gx:coord>
<gx:coord>-71.89296 -13.547546 3265.321</gx:coord>
<gx:coord>-71.89296 -13.547544 3265.3235</gx:coord>
<gx:coord>-71.89296 -13.547544 3265.3315</gx:coord>
<gx:coord>-71.89295 -13.547538 3265.3315</gx:coord>
<gx:coord>-71.89295 -13.547538 3265.3574</gx:coord>
<gx:coord>-71.89296 -13.547555 3265.3557</gx:coord>
<gx:coord>-71.89296 -13.547556 3265.3552</gx:coord>
<gx:coord>-71.89296 -13.547556 3265.333</gx:coord>
<gx:coord>-71.89296 -13.547556 3265.325</gx:coord>
<gx:coord>-71.89296 -13.547556 3265.3132</gx:coord>
<gx:coord>-71.89296 -13.547556 3265.301</gx:coord>
<gx:coord>-71.89296 -13.547556 3265.2893</gx:coord>
<gx:coord>-71.89296 -13.547556 3265.2761</gx:coord>
<gx:coord>-71.89296 -13.547556 3265.2544</gx:coord>
<gx:coord>-71.89296 -13.547556 3265.2393</gx:coord>
<gx:coord>-71.89296 -13.547556 3265.236</gx:coord>
<gx:coord>-71.89296 -13.547556 3265.2244</gx:coord>
<gx:coord>-71.89296 -13.547556 3265.2185</gx:coord>
<gx:coord>-71.89296 -13.547556 3265.222</gx:coord>
<gx:coord>-71.89296 -13.547556 3265.235</gx:coord>
<gx:coord>-71.89296 -13.547555 3265.252</gx:coord>
<gx:coord>-71.89296 -13.547555 3265.2695</gx:coord>
<gx:coord>-71.89296 -13.547555 3265.2825</gx:coord>
<gx:coord>-71.89296 -13.547555 3265.274</gx:coord>
<gx:coord>-71.89297 -13.547555 3265.26</gx:coord>
<gx:coord>-71.89297 -13.547555 3265.2446</gx:coord>
<gx:coord>-71.89297 -13.547555 3265.244</gx:coord>
<gx:coord>-71.89297 -13.547555 3265.234</gx:coord>
<gx:coord>-71.89297 -13.547556 3265.209</gx:coord>
<gx:coord>-71.89297 -13.547556 3265.1816</gx:coord>
<gx:coord>-71.89297 -13.547556 3265.1804</gx:coord>
<gx:coord>-71.89297 -13.547556 3265.1885</gx:coord>
<gx:coord>-71.89297 -13.547556 3265.1865</gx:coord>
<gx:coord>-71.89297 -13.547556 3265.1853</gx:coord>
<gx:coord>-71.89297 -13.547556 3265.1729</gx:coord>
<gx:coord>-71.89297 -13.547556 3265.1694</gx:coord>
<gx:coord>-71.89297 -13.547556 3265.156</gx:coord>
<gx:coord>-71.89297 -13.547556 3265.1619</gx:coord>
<gx:coord>-71.89297 -13.547556 3265.164</gx:coord>
<gx:coord>-71.89297 -13.547556 3265.1633</gx:coord>
<gx:coord>-71.89297 -13.547556 3265.157</gx:coord>
<gx:coord>-71.89297 -13.547556 3265.1567</gx:coord>
<gx:coord>-71.89297 -13.547556 3265.1526</gx:coord>
<gx:coord>-71.89297 -13.547556 3265.1484</gx:coord>
<gx:coord>-71.89297 -13.547556 3265.1396</gx:coord>
<gx:coord>-71.89297 -13.547556 3265.146</gx:coord>
<gx:coord>-71.89297 -13.547556 3265.158</gx:coord>
<gx:coord>-71.89297 -13.547556 3265.16</gx:coord>
<gx:coord>-71.89297 -13.547556 3265.1658</gx:coord>
<gx:coord>-71.89297 -13.547556 3265.1511</gx:coord>
<gx:coord>-71.89297 -13.547556 3265.1257</gx:coord>
<gx:coord>-71.89297 -13.547556 3265.103</gx:coord>
<gx:coord>-71.89297 -13.547556 3265.0776</gx:coord>
<gx:coord>-71.89297 -13.547556 3265.0583</gx:coord>
<gx:coord>-71.89297 -13.547556 3265.048</gx:coord>
<gx:coord>-71.89297 -13.547556 3265.0432</gx:coord>
<gx:coord>-71.89297 -13.547556 3265.047</gx:coord>
<gx:coord>-71.89297 -13.547556 3265.06</gx:coord>
<gx:coord>-71.89297 -13.547556 3265.072</gx:coord>
<gx:coord>-71.89297 -13.547556 3265.092</gx:coord>
<gx:coord>-71.89297 -13.547556 3265.1277</gx:coord>
<gx:coord>-71.89297 -13.547551 3265.7031</gx:coord>
<gx:coord>-71.89297 -13.547555 3266.2798</gx:coord>
<gx:coord>-71.89297 -13.54755 3266.2798</gx:coord>
<gx:coord>-71.89297 -13.547552 3266.285</gx:coord>
<gx:coord>-71.89297 -13.54755 3266.3003</gx:coord>
<gx:coord>-71.89296 -13.5475445 3266.3127</gx:coord>
<gx:coord>-71.89296 -13.5475445 3266.3127</gx:coord>
<gx:coord>-71.89296 -13.547542 3266.338</gx:coord>
<gx:coord>-71.89296 -13.547545 3266.3787</gx:coord>
<gx:coord>-71.89296 -13.54754 3266.3933</gx:coord>
<gx:coord>-71.89296 -13.547536 3266.4065</gx:coord>
<gx:coord>-71.89296 -13.54754 3266.4133</gx:coord>
<gx:coord>-71.89296 -13.547539 3266.4163</gx:coord>
<gx:coord>-71.89296 -13.547533 3266.4185</gx:coord>
<gx:coord>-71.892975 -13.547561 3266.4236</gx:coord>
<gx:coord>-71.892975 -13.547564 3266.4285</gx:coord>
<gx:coord>-71.892975 -13.547564 3266.4358</gx:coord>
<gx:coord>-71.892975 -13.547564 3266.4363</gx:coord>
<gx:coord>-71.892975 -13.547564 3266.433</gx:coord>
<gx:coord>-71.892975 -13.547564 3266.433</gx:coord>
<gx:coord>-71.892975 -13.547564 3266.431</gx:coord>
<gx:coord>-71.892975 -13.547564 3266.4258</gx:coord>
<gx:coord>-71.892975 -13.547564 3266.4258</gx:coord>
<gx:coord>-71.892975 -13.547564 3266.4224</gx:coord>
<gx:coord>-71.892975 -13.547564 3266.4207</gx:coord>
<gx:coord>-71.892975 -13.547564 3266.4226</gx:coord>
<gx:coord>-71.892975 -13.547564 3266.4236</gx:coord>
<gx:coord>-71.892975 -13.547564 3266.4297</gx:coord>
<gx:coord>-71.892975 -13.547563 3266.4397</gx:coord>
<gx:coord>-71.892975 -13.547563 3266.4492</gx:coord>
<gx:coord>-71.892975 -13.547563 3266.458</gx:coord>
<gx:coord>-71.892975 -13.547563 3266.4617</gx:coord>
<gx:coord>-71.892975 -13.547563 3266.4644</gx:coord>
<gx:coord>-71.892975 -13.547563 3266.4683</gx:coord>
<gx:coord>-71.892975 -13.547563 3266.4712</gx:coord>
<gx:coord>-71.892975 -13.547563 3266.47</gx:coord>
<gx:coord>-71.892975 -13.547563 3266.4678</gx:coord>
<gx:coord>-71.892975 -13.547564 3266.471</gx:coord>
<gx:coord>-71.892975 -13.547564 3266.4739</gx:coord>
<gx:coord>-71.892975 -13.547564 3266.4795</gx:coord>
<gx:coord>-71.892975 -13.547564 3266.481</gx:coord>
<gx:coord>-71.892975 -13.547564 3266.4844</gx:coord>
<gx:coord>-71.892975 -13.547564 3266.4841</gx:coord>
<gx:coord>-71.892975 -13.547564 3266.4885</gx:coord>
<gx:coord>-71.892975 -13.547564 3266.4907</gx:coord>
<gx:coord>-71.892975 -13.547563 3266.4966</gx:coord>
<gx:coord>-71.892975 -13.547563 3266.501</gx:coord>
<gx:coord>-71.892975 -13.547563 3266.5095</gx:coord>
<gx:coord>-71.892975 -13.547563 3266.512</gx:coord>
<gx:coord>-71.892975 -13.547563 3266.5166</gx:coord>
<gx:coord>-71.892975 -13.547563 3266.5225</gx:coord>
<gx:coord>-71.892975 -13.547563 3266.5278</gx:coord>
<gx:coord>-71.892975 -13.547563 3266.539</gx:coord>
<gx:coord>-71.892975 -13.547563 3266.551</gx:coord>
<gx:coord>-71.892975 -13.547563 3266.566</gx:coord>
<gx:coord>-71.892975 -13.547563 3266.5735</gx:coord>
<gx:coord>-71.892975 -13.547563 3266.5852</gx:coord>
<gx:coord>-71.892975 -13.547563 3266.5996</gx:coord>
<gx:coord>-71.892975 -13.547563 3266.612</gx:coord>
<gx:coord>-71.892975 -13.547562 3266.6191</gx:coord>
<gx:coord>-71.892975 -13.547562 3266.6248</gx:coord>
<gx:coord>-71.892975 -13.547562 3266.6294</gx:coord>
<gx:coord>-71.892975 -13.547562 3266.6343</gx:coord>
<gx:coord>-71.892975 -13.547562 3266.6345</gx:coord>
<gx:coord>-71.892975 -13.547562 3266.64</gx:coord>
<gx:coord>-71.892975 -13.547562 3266.642</gx:coord>
<gx:coord>-71.892975 -13.547562 3266.6448</gx:coord>
<gx:coord>-71.892975 -13.547562 3266.6523</gx:coord>
<gx:coord>-71.892975 -13.547562 3266.655</gx:coord>
<gx:coord>-71.892975 -13.547562 3266.6575</gx:coord>
<gx:coord>-71.892975 -13.547562 3266.6604</gx:coord>
<gx:coord>-71.892975 -13.547562 3266.6685</gx:coord>
<gx:coord>-71.892975 -13.547562 3266.674</gx:coord>
<gx:coord>-71.892975 -13.547562 3266.6814</gx:coord>
<gx:coord>-71.89297 -13.547543 3266.704</gx:coord>
<gx:coord>-71.892975 -13.547546 3267.3618</gx:coord>
<gx:coord>-71.89297 -13.547541 3267.3562</gx:coord>
<gx:coord>-71.892975 -13.54756 3267.343</gx:coord>
<gx:coord>-71.892975 -13.547561 3267.3455</gx:coord>
<gx:coord>-71.892975 -13.547562 3267.3403</gx:coord>
<gx:coord>-71.892975 -13.547562 3267.339</gx:coord>
<gx:coord>-71.892975 -13.547562 3267.3289</gx:coord>
<gx:coord>-71.892975 -13.547562 3267.325</gx:coord>
<gx:coord>-71.892975 -13.547562 3267.3203</gx:coord>
<gx:coord>-71.892975 -13.547562 3267.3142</gx:coord>
<gx:coord>-71.892975 -13.547562 3267.3083</gx:coord>
<gx:coord>-71.892975 -13.547562 3267.3167</gx:coord>
<gx:coord>-71.892975 -13.547562 3267.3225</gx:coord>
<gx:coord>-71.892975 -13.547562 3267.324</gx:coord>
<gx:coord>-71.892975 -13.547562 3267.3276</gx:coord>
<gx:coord>-71.892975 -13.547562 3267.3298</gx:coord>
<gx:coord>-71.892975 -13.547563 3267.3337</gx:coord>
<gx:coord>-71.892975 -13.547563 3267.341</gx:coord>
<gx:coord>-71.892975 -13.547563 3267.3496</gx:coord>
<gx:coord>-71.892975 -13.547563 3267.357</gx:coord>
<gx:coord>-71.892975 -13.547563 3267.3643</gx:coord>
<gx:coord>-71.892975 -13.547563 3267.3655</gx:coord>
<gx:coord>-71.892975 -13.547563 3267.3687</gx:coord>
<gx:coord>-71.892975 -13.547563 3267.3723</gx:coord>
<gx:coord>-71.892975 -13.547563 3267.376</gx:coord>
<gx:coord>-71.892975 -13.547563 3267.3765</gx:coord>
<gx:coord>-71.892975 -13.547563 3267.365</gx:coord>
<gx:coord>-71.892975 -13.547563 3267.3535</gx:coord>
<gx:coord>-71.892975 -13.547563 3267.336</gx:coord>
<gx:coord>-71.892975 -13.547563 3267.3254</gx:coord>
<gx:coord>-71.892975 -13.547563 3267.3152</gx:coord>
<gx:coord>-71.89298 -13.547563 3267.3088</gx:coord>
<gx:coord>-71.89298 -13.547563 3267.3047</gx:coord>
<gx:coord>-71.89298 -13.547563 3267.3032</gx:coord>
<gx:coord>-71.89298 -13.547563 3267.3018</gx:coord>
<gx:coord>-71.89298 -13.547563 3267.3013</gx:coord>
<gx:coord>-71.89298 -13.547563 3267.3027</gx:coord>
<gx:coord>-71.89298 -13.547563 3267.3013</gx:coord>
<gx:coord>-71.89298 -13.547563 3267.302</gx:coord>
<gx:coord>-71.89298 -13.547563 3267.2998</gx:coord>
<gx:coord>-71.89298 -13.547564 3267.2932</gx:coord>
<gx:coord>-71.89298 -13.547564 3267.2808</gx:coord>
<gx:coord>-71.89298 -13.547564 3267.268</gx:coord>
<gx:coord>-71.89298 -13.547564 3267.2551</gx:coord>
<gx:coord>-71.89298 -13.547564 3267.2441</gx:coord>
<gx:coord>-71.89298 -13.547564 3267.2305</gx:coord>
<gx:coord>-71.89298 -13.547563 3267.2258</gx:coord>
<gx:coord>-71.89298 -13.547563 3267.2273</gx:coord>
<gx:coord>-71.89298 -13.547563 3267.2346</gx:coord>
<gx:coord>-71.89298 -13.547563 3267.2393</gx:coord>
<gx:coord>-71.89298 -13.547563 3267.2417</gx:coord>
<gx:coord>-71.89298 -13.547563 3267.2478</gx:coord>
<gx:coord>-71.89298 -13.547563 3267.2534</gx:coord>
<gx:coord>-71.89298 -13.547563 3267.2615</gx:coord>
<gx:coord>-71.89298 -13.547563 3267.2715</gx:coord>
<gx:coord>-71.89298 -13.547563 3267.282</gx:coord>
<gx:coord>-71.89298 -13.547563 3267.2842</gx:coord>
<gx:coord>-71.89298 -13.547563 3267.2866</gx:coord>
<gx:coord>-71.89298 -13.547563 3267.2883</gx:coord>
<gx:coord>-71.89298 -13.547563 3267.2913</gx:coord>
<gx:coord>-71.89298 -13.547563 3267.2988</gx:coord>
<gx:coord>-71.89298 -13.547563 3267.3093</gx:coord>
<gx:coord>-71.89298 -13.547563 3267.3225</gx:coord>
<gx:coord>-71.89298 -13.547563 3267.329</gx:coord>
<gx:coord>-71.89298 -13.547563 3267.3245</gx:coord>
<gx:coord>-71.89298 -13.5475645 3267.2224</gx:coord>
<gx:coord>-71.89298 -13.547565 3266.9343</gx:coord>
<gx:coord>-71.89298 -13.547565 3266.9343</gx:coord>
<gx:coord>-71.892975 -13.547564 3266.5618</gx:coord>
<gx:coord>-71.89297 -13.547559 3266.5767</gx:coord>
<gx:coord>-71.892975 -13.547561 3266.6074</gx:coord>
<gx:coord>-71.89297 -13.547553 3266.631</gx:coord>
<gx:coord>-71.89297 -13.547553 3266.631</gx:coord>
<gx:coord>-71.89297 -13.547544 3266.477</gx:coord>
<gx:coord>-71.89297 -13.547539 3265.663</gx:coord>
<gx:coord>-71.89297 -13.547549 3265.5012</gx:coord>
<gx:coord>-71.89297 -13.547544 3265.423</gx:coord>
<gx:coord>-71.89296 -13.547551 3265.6062</gx:coord>
<gx:coord>-71.89293 -13.547545 3265.9678</gx:coord>
<gx:coord>-71.89294 -13.547551 3266.248</gx:coord>
<gx:coord>-71.89294 -13.547562 3265.6653</gx:coord>
<gx:coord>-71.89294 -13.547565 3265.56</gx:coord>
<gx:coord>-71.89294 -13.547566 3265.56</gx:coord>
<gx:coord>-71.892944 -13.547566 3265.6167</gx:coord>
<gx:coord>-71.89294 -13.547567 3265.2432</gx:coord>
<gx:coord>-71.89294 -13.54757 3265.231</gx:coord>
<gx:coord>-71.89294 -13.547573 3265.238</gx:coord>
<gx:coord>-71.89294 -13.547575 3265.0977</gx:coord>
<gx:coord>-71.892944 -13.547568 3265.101</gx:coord>
<gx:coord>-71.89295 -13.547558 3265.087</gx:coord>
<gx:coord>-71.89295 -13.547573 3265.2495</gx:coord>
<gx:coord>-71.89295 -13.54757 3264.9106</gx:coord>
<gx:coord>-71.89295 -13.547568 3264.9106</gx:coord>
<gx:coord>-71.89296 -13.547563 3264.4678</gx:coord>
<gx:coord>-71.89297 -13.547565 3264.7734</gx:coord>
<gx:coord>-71.892975 -13.547571 3264.8438</gx:coord>
<gx:coord>-71.892975 -13.547566 3264.8438</gx:coord>
<gx:coord>-71.89298 -13.547567 3264.9653</gx:coord>
<gx:coord>-71.89299 -13.54756 3265.1235</gx:coord>
<gx:coord>-71.893005 -13.547544 3265.223</gx:coord>
<gx:coord>-71.89304 -13.5475445 3264.9077</gx:coord>
<gx:coord>-71.89304 -13.547537 3264.9077</gx:coord>
<gx:coord>-71.89305 -13.5475445 3264.8804</gx:coord>
<gx:coord>-71.893074 -13.547539 3264.1785</gx:coord>
<gx:coord>-71.89309 -13.547526 3264.18</gx:coord>
<gx:coord>-71.89311 -13.547529 3264.255</gx:coord>
<gx:coord>-71.89313 -13.547516 3264.2046</gx:coord>
<gx:coord>-71.89315 -13.547516 3264.16</gx:coord>
<gx:coord>-71.893135 -13.547516 3264.16</gx:coord>
<gx:coord>-71.89315 -13.547509 3264.5977</gx:coord>
<gx:coord>-71.89317 -13.547501 3264.5298</gx:coord>
<gx:coord>-71.89319 -13.547502 3264.3687</gx:coord>
<gx:coord>-71.8932 -13.547496 3264.3687</gx:coord>
<gx:coord>-71.89323 -13.547503 3264.3362</gx:coord>
<gx:coord>-71.89323 -13.547492 3264.1348</gx:coord>
<gx:coord>-71.89325 -13.547495 3264.272</gx:coord>
<gx:coord>-71.89324 -13.547489 3264.7576</gx:coord>
<gx:coord>-71.89325 -13.547486 3264.7576</gx:coord>
<gx:coord>-71.893265 -13.547475 3265.0115</gx:coord>
<gx:coord>-71.893265 -13.547472 3265.5957</gx:coord>
<gx:coord>-71.89327 -13.547478 3265.2126</gx:coord>
<gx:coord>-71.89327 -13.547473 3265.3923</gx:coord>
<gx:coord>-71.893295 -13.547473 3265.2546</gx:coord>
<gx:coord>-71.89329 -13.547461 3265.2546</gx:coord>
<gx:coord>-71.8933 -13.547465 3266.0002</gx:coord>
<gx:coord>-71.893326 -13.547463 3266.0002</gx:coord>
<gx:coord>-71.89335 -13.547459 3264.9531</gx:coord>
<gx:coord>-71.89339 -13.547464 3265.2324</gx:coord>
<gx:coord>-71.89341 -13.547473 3264.7424</gx:coord>
<gx:coord>-71.893425 -13.547476 3266.1</gx:coord>
<gx:coord>-71.893425 -13.547473 3266.1</gx:coord>
<gx:coord>-71.89344 -13.547481 3265.3076</gx:coord>
<gx:coord>-71.89344 -13.547484 3265.2976</gx:coord>
<gx:coord>-71.89344 -13.547488 3265.2976</gx:coord>
<gx:coord>-71.89344 -13.547486 3266.1</gx:coord>
<gx:coord>-71.89344 -13.547486 3266.1</gx:coord>
<gx:coord>-71.89343 -13.547483 3265.2896</gx:coord>
<gx:coord>-71.89345 -13.547496 3265.1628</gx:coord>
<gx:coord>-71.89343 -13.547484 3266.1</gx:coord>
<gx:coord>-71.89344 -13.54748 3265.446</gx:coord>
<gx:coord>-71.89346 -13.547475 3265.54</gx:coord>
<gx:coord>-71.89347 -13.54747 3265.686</gx:coord>
<gx:coord>-71.89347 -13.547467 3265.686</gx:coord>
<gx:coord>-71.893486 -13.54746 3266.8</gx:coord>
<gx:coord>-71.8935 -13.547448 3266.8</gx:coord>
<gx:coord>-71.893524 -13.5474415 3266.8</gx:coord>
<gx:coord>-71.89353 -13.547444 3266.8</gx:coord>
<gx:coord>-71.89355 -13.547442 3267.5002</gx:coord>
<gx:coord>-71.89357 -13.547446 3267.5002</gx:coord>
<gx:coord>-71.893585 -13.547448 3266.1</gx:coord>
<gx:coord>-71.893585 -13.547447 3266.1</gx:coord>
<gx:coord>-71.89359 -13.547447 3266.1</gx:coord>
<gx:coord>-71.8936 -13.54745 3269.7002</gx:coord>
<gx:coord>-71.89362 -13.547453 3269.7002</gx:coord>
<gx:coord>-71.89363 -13.547452 3270.7002</gx:coord>
<gx:coord>-71.89363 -13.547451 3270.6</gx:coord>
<gx:coord>-71.89363 -13.547451 3270.6</gx:coord>
<gx:coord>-71.89364 -13.547452 3270.6</gx:coord>
<gx:coord>-71.89364 -13.547458 3270.6</gx:coord>
<gx:coord>-71.89364 -13.547459 3270.6</gx:coord>
<gx:coord>-71.89365 -13.547454 3269.7002</gx:coord>
<gx:coord>-71.89364 -13.547446 3269.7002</gx:coord>
<gx:coord>-71.89365 -13.547444 3266.9001</gx:coord>
<gx:coord>-71.893654 -13.547444 3266.9001</gx:coord>
<gx:coord>-71.89367 -13.547443 3266.8</gx:coord>
<gx:coord>-71.89368 -13.547442 3266.8</gx:coord>
<gx:coord>-71.893684 -13.5474415 3266.8</gx:coord>
<gx:coord>-71.893684 -13.547444 3266.9001</gx:coord>
<gx:coord>-71.893684 -13.547446 3266.9001</gx:coord>
<gx:coord>-71.89369 -13.547447 3266.1</gx:coord>
<gx:coord>-71.89369 -13.547448 3266.9001</gx:coord>
<gx:coord>-71.89369 -13.547449 3266.9001</gx:coord>
<gx:coord>-71.8937 -13.547444 3266.8</gx:coord>
<gx:coord>-71.89371 -13.547443 3266.8</gx:coord>
<gx:coord>-71.89371 -13.547441 3266.8</gx:coord>
<gx:coord>-71.89371 -13.547441 3266.8</gx:coord>
<gx:coord>-71.89371 -13.5474415 3266.8</gx:coord>
<gx:coord>-71.893715 -13.547437 3265.5505</gx:coord>
<gx:coord>-71.89371 -13.547439 3265.5505</gx:coord>
<gx:coord>-71.893715 -13.547435 3266.8</gx:coord>
<gx:coord>-71.89374 -13.547417 3266.8</gx:coord>
<gx:coord>-71.89375 -13.547403 3266.9001</gx:coord>
<gx:coord>-71.89375 -13.547411 3269.7002</gx:coord>
<gx:coord>-71.89375 -13.547411 3269.7002</gx:coord>
<gx:coord>-71.89375 -13.547411 3269.9001</gx:coord>
<gx:coord>-71.89375 -13.547411 3269.9001</gx:coord>
<gx:coord>-71.89376 -13.547412 3269.9001</gx:coord>
<gx:coord>-71.89376 -13.54741 3269.7002</gx:coord>
<gx:coord>-71.89378 -13.547399 3269.7002</gx:coord>
<gx:coord>-71.8938 -13.547396 3266.8</gx:coord>
<gx:coord>-71.8938 -13.547393 3266.8</gx:coord>
<gx:coord>-71.89381 -13.547392 3269.9001</gx:coord>
<gx:coord>-71.89381 -13.547393 3269.9001</gx:coord>
<gx:coord>-71.89381 -13.547391 3269.9001</gx:coord>
<gx:coord>-71.89381 -13.547394 3269.9001</gx:coord>
<gx:coord>-71.89381 -13.547395 3269.9001</gx:coord>
<gx:coord>-71.893814 -13.547397 3269.9001</gx:coord>
<gx:coord>-71.893814 -13.547397 3269.9001</gx:coord>
<gx:coord>-71.893814 -13.547398 3269.9001</gx:coord>
<gx:coord>-71.893814 -13.547397 3267.3</gx:coord>
<gx:coord>-71.893814 -13.547397 3267.3</gx:coord>
<gx:coord>-71.89382 -13.547397 3268.0002</gx:coord>
<gx:coord>-71.89383 -13.5474 3269.7002</gx:coord>
<gx:coord>-71.89382 -13.547393 3269.7002</gx:coord>
<gx:coord>-71.89383 -13.547394 3269.7002</gx:coord>
<gx:coord>-71.89384 -13.547396 3269.7002</gx:coord>
<gx:coord>-71.89384 -13.547396 3266.8</gx:coord>
<gx:coord>-71.89384 -13.547397 3266.9001</gx:coord>
<gx:coord>-71.89384 -13.547398 3266.9001</gx:coord>
<gx:coord>-71.89384 -13.5473995 3268.7002</gx:coord>
<gx:coord>-71.89384 -13.5473995 3268.7002</gx:coord>
<gx:coord>-71.89384 -13.547402 3266.8</gx:coord>
<gx:coord>-71.893845 -13.547404 3269.7002</gx:coord>
<gx:coord>-71.89386 -13.547407 3269.7002</gx:coord>
<gx:coord>-71.89386 -13.547407 3267.5002</gx:coord>
<gx:coord>-71.893875 -13.547409 3267.5002</gx:coord>
<gx:coord>-71.89389 -13.547409 3269.7002</gx:coord>
<gx:coord>-71.893906 -13.547408 3266.9001</gx:coord>
<gx:coord>-71.89391 -13.547409 3266.9001</gx:coord>
<gx:coord>-71.89393 -13.5474 3266.8</gx:coord>
<gx:coord>-71.893936 -13.5474 3266.8</gx:coord>
<gx:coord>-71.89393 -13.547402 3267.0002</gx:coord>
<gx:coord>-71.89393 -13.547402 3266.9001</gx:coord>
<gx:coord>-71.89393 -13.547401 3266.9001</gx:coord>
<gx:coord>-71.89393 -13.547403 3267.3</gx:coord>
<gx:coord>-71.89393 -13.5474 3267.3</gx:coord>
<gx:coord>-71.89392 -13.547396 3267.5002</gx:coord>
<gx:coord>-71.89393 -13.547392 3267.5002</gx:coord>
<gx:coord>-71.89394 -13.547386 3267.5002</gx:coord>
<gx:coord>-71.89394 -13.547387 3268.0002</gx:coord>
<gx:coord>-71.89397 -13.547373 3268.0002</gx:coord>
<gx:coord>-71.89399 -13.54736 3267.3</gx:coord>
<gx:coord>-71.89401 -13.547346 3268.0002</gx:coord>
<gx:coord>-71.89402 -13.547342 3268.0002</gx:coord>
<gx:coord>-71.89403 -13.547341 3270.6</gx:coord>
<gx:coord>-71.89404 -13.547343 3270.6</gx:coord>
<gx:coord>-71.89406 -13.547342 3269.9001</gx:coord>
<gx:coord>-71.89409 -13.5473385 3270.1</gx:coord>
<gx:coord>-71.894104 -13.547331 3270.1</gx:coord>
<gx:coord>-71.89413 -13.547333 3270.1</gx:coord>
<gx:coord>-71.89414 -13.547327 3270.1</gx:coord>
<gx:coord>-71.89415 -13.547325 3271.0002</gx:coord>
<gx:coord>-71.89415 -13.547326 3268.9001</gx:coord>
<gx:coord>-71.89415 -13.547327 3268.9001</gx:coord>
<gx:coord>-71.89415 -13.54733 3282.9001</gx:coord>
<gx:coord>-71.89415 -13.547328 3282.9001</gx:coord>
<gx:coord>-71.89416 -13.547327 3269.7002</gx:coord>
<gx:coord>-71.894165 -13.547328 3267.5002</gx:coord>
<gx:coord>-71.89416 -13.547332 3267.5002</gx:coord>
<gx:coord>-71.894165 -13.547332 3270.9001</gx:coord>
<gx:coord>-71.89417 -13.547332 3270.9001</gx:coord>
<gx:coord>-71.89417 -13.547332 3270.8</gx:coord>
<gx:coord>-71.89417 -13.54733 3271.0002</gx:coord>
<gx:coord>-71.89417 -13.547332 3271.0002</gx:coord>
<gx:coord>-71.89418 -13.547333 3271.0002</gx:coord>
<gx:coord>-71.89417 -13.547335 3270.9001</gx:coord>
<gx:coord>-71.89417 -13.547335 3270.9001</gx:coord>
<gx:coord>-71.89417 -13.547338 3270.9001</gx:coord>
<gx:coord>-71.89417 -13.547338 3271.3</gx:coord>
<gx:coord>-71.89417 -13.547338 3271.3</gx:coord>
<gx:coord>-71.89417 -13.547337 3271.0002</gx:coord>
<gx:coord>-71.89417 -13.547336 3271.0002</gx:coord>
<gx:coord>-71.89418 -13.547336 3270.9001</gx:coord>
<gx:coord>-71.89418 -13.547337 3270.9001</gx:coord>
<gx:coord>-71.89418 -13.547338 3270.8</gx:coord>
<gx:coord>-71.89418 -13.547338 3270.8</gx:coord>
<gx:coord>-71.89418 -13.547338 3270.8</gx:coord>
<gx:coord>-71.89418 -13.547338 3270.9001</gx:coord>
<gx:coord>-71.89418 -13.547338 3270.9001</gx:coord>
<gx:coord>-71.89418 -13.547338 3270.9001</gx:coord>
<gx:coord>-71.89418 -13.547338 3270.8</gx:coord>
<gx:coord>-71.89418 -13.547338 3270.8</gx:coord>
<gx:coord>-71.89418 -13.547338 3270.8</gx:coord>
<gx:coord>-71.89418 -13.547338 3270.8</gx:coord>
<gx:coord>-71.89418 -13.547337 3270.8</gx:coord>
<gx:coord>-71.89418 -13.547337 3271.3</gx:coord>
<gx:coord>-71.89418 -13.547337 3271.3</gx:coord>
<gx:coord>-71.89418 -13.547337 3271.3</gx:coord>
<gx:coord>-71.89418 -13.547337 3270.9001</gx:coord>
<gx:coord>-71.89416 -13.547331 3270.9001</gx:coord>
<gx:coord>-71.89416 -13.54733 3270.9001</gx:coord>
<gx:coord>-71.89416 -13.547331 3270.9001</gx:coord>
<gx:coord>-71.89416 -13.547331 3270.9001</gx:coord>
<gx:coord>-71.89416 -13.547333 3272.7002</gx:coord>
<gx:coord>-71.89416 -13.547334 3272.7002</gx:coord>
<gx:coord>-71.89416 -13.547334 3272.7002</gx:coord>
<gx:coord>-71.89416 -13.547334 3270.8</gx:coord>
<gx:coord>-71.89416 -13.547334 3270.8</gx:coord>
<gx:coord>-71.89416 -13.547334 3270.8</gx:coord>
<gx:coord>-71.89416 -13.547334 3270.9001</gx:coord>
<gx:coord>-71.89416 -13.547334 3270.9001</gx:coord>
<gx:coord>-71.89416 -13.547334 3270.9001</gx:coord>
<gx:coord>-71.89416 -13.547334 3270.8</gx:coord>
<gx:coord>-71.89416 -13.547334 3270.8</gx:coord>
<gx:coord>-71.89416 -13.547334 3270.8</gx:coord>
<gx:coord>-71.89416 -13.547334 3270.8</gx:coord>
<gx:coord>-71.894165 -13.547333 3270.8</gx:coord>
<gx:coord>-71.894165 -13.547332 3271.0002</gx:coord>
<gx:coord>-71.894165 -13.547332 3271.0002</gx:coord>
<gx:coord>-71.894165 -13.547332 3271.0002</gx:coord>
<gx:coord>-71.894165 -13.547333 3270.9001</gx:coord>
<gx:coord>-71.894165 -13.547328 3270.9001</gx:coord>
<gx:coord>-71.89417 -13.547326 3270.8</gx:coord>
<gx:coord>-71.89418 -13.547314 3272.4001</gx:coord>
<gx:coord>-71.89418 -13.547315 3272.4001</gx:coord>
<gx:coord>-71.89418 -13.547307 3272.4001</gx:coord>
<gx:coord>-71.89417 -13.547312 3270.9001</gx:coord>
<gx:coord>-71.89417 -13.547313 3270.9001</gx:coord>
<gx:coord>-71.89417 -13.547314 3270.9001</gx:coord>
<gx:coord>-71.89417 -13.547315 3270.9001</gx:coord>
<gx:coord>-71.89417 -13.547316 3270.9001</gx:coord>
<gx:coord>-71.89418 -13.547317 3270.9001</gx:coord>
<gx:coord>-71.89418 -13.5473175 3270.9001</gx:coord>
<gx:coord>-71.89419 -13.547319 3270.9001</gx:coord>
<gx:coord>-71.894196 -13.547319 3270.9001</gx:coord>
<gx:coord>-71.8942 -13.547321 3270.9001</gx:coord>
<gx:coord>-71.89421 -13.547322 3270.9001</gx:coord>
<gx:coord>-71.89422 -13.547323 3270.9001</gx:coord>
<gx:coord>-71.89423 -13.547326 3271.0002</gx:coord>
<gx:coord>-71.89424 -13.547327 3271.0002</gx:coord>
<gx:coord>-71.89425 -13.547326 3271.0002</gx:coord>
<gx:coord>-71.89426 -13.547322 3271.0002</gx:coord>
<gx:coord>-71.89426 -13.547318 3271.0002</gx:coord>
<gx:coord>-71.89426 -13.5473175 3271.0002</gx:coord>
<gx:coord>-71.894264 -13.547318 3270.9001</gx:coord>
<gx:coord>-71.89427 -13.547318 3270.9001</gx:coord>
<gx:coord>-71.89428 -13.54732 3270.9001</gx:coord>
<gx:coord>-71.89428 -13.547322 3270.9001</gx:coord>
<gx:coord>-71.894295 -13.547324 3270.9001</gx:coord>
<gx:coord>-71.894295 -13.547327 3270.9001</gx:coord>
<gx:coord>-71.8943 -13.547331 3270.9001</gx:coord>
<gx:coord>-71.89431 -13.547333 3270.9001</gx:coord>
<gx:coord>-71.89432 -13.547334 3270.9001</gx:coord>
<gx:coord>-71.894325 -13.547337 3270.8</gx:coord>
<gx:coord>-71.89433 -13.5473385 3270.8</gx:coord>
<gx:coord>-71.89433 -13.547341 3270.8</gx:coord>
<gx:coord>-71.89433 -13.547341 3270.8</gx:coord>
<gx:coord>-71.89434 -13.547341 3270.8</gx:coord>
<gx:coord>-71.89435 -13.547342 3270.9001</gx:coord>
<gx:coord>-71.89435 -13.547332 3270.9001</gx:coord>
<gx:coord>-71.894356 -13.547326 3270.9001</gx:coord>
<gx:coord>-71.89436 -13.547317 3270.9001</gx:coord>
<gx:coord>-71.89437 -13.54731 3270.9001</gx:coord>
<gx:coord>-71.89438 -13.547297 3271.0002</gx:coord>
<gx:coord>-71.89438 -13.547294 3271.0002</gx:coord>
<gx:coord>-71.89439 -13.547287 3271.0002</gx:coord>
<gx:coord>-71.894394 -13.547284 3271.0002</gx:coord>
<gx:coord>-71.894394 -13.547282 3271.0002</gx:coord>
<gx:coord>-71.894394 -13.547282 3271.8</gx:coord>
<gx:coord>-71.8944 -13.547281 3271.8</gx:coord>
<gx:coord>-71.89441 -13.547279 3271.8</gx:coord>
<gx:coord>-71.89441 -13.5472765 3271.8</gx:coord>
<gx:coord>-71.89442 -13.547276 3271.8</gx:coord>
<gx:coord>-71.89442 -13.547275 3270.8</gx:coord>
<gx:coord>-71.894424 -13.547272 3270.8</gx:coord>
<gx:coord>-71.89443 -13.547271 3270.8</gx:coord>
<gx:coord>-71.89443 -13.547269 3270.8</gx:coord>
<gx:coord>-71.89444 -13.547269 3270.8</gx:coord>
<gx:coord>-71.89445 -13.54727 3270.8</gx:coord>
<gx:coord>-71.894455 -13.54727 3270.8</gx:coord>
<gx:coord>-71.89446 -13.54727 3270.8</gx:coord>
<gx:coord>-71.89447 -13.54727 3270.8</gx:coord>
<gx:coord>-71.89447 -13.547268 3270.8</gx:coord>
<gx:coord>-71.89447 -13.547267 3270.8</gx:coord>
<gx:coord>-71.89447 -13.547263 3270.8</gx:coord>
<gx:coord>-71.89447 -13.547263 3270.8</gx:coord>
<gx:coord>-71.89447 -13.547264 3270.8</gx:coord>
<gx:coord>-71.89447 -13.547265 3270.8</gx:coord>
<gx:coord>-71.89446 -13.547265 3270.7002</gx:coord>
<gx:coord>-71.89446 -13.547265 3270.7002</gx:coord>
<gx:coord>-71.89446 -13.547265 3270.7002</gx:coord>
<gx:coord>-71.89446 -13.547265 3270.7002</gx:coord>
<gx:coord>-71.89446 -13.547265 3270.7002</gx:coord>
<gx:coord>-71.89446 -13.547265 3270.8</gx:coord>
<gx:coord>-71.89446 -13.547265 3270.8</gx:coord>
<gx:coord>-71.89446 -13.547265 3270.8</gx:coord>
<gx:coord>-71.89446 -13.547264 3270.8</gx:coord>
<gx:coord>-71.89446 -13.547264 3270.8</gx:coord>
<gx:coord>-71.89446 -13.547265 3270.8</gx:coord>
<gx:coord>-71.89446 -13.547265 3270.8</gx:coord>
<gx:coord>-71.89446 -13.547264 3270.8</gx:coord>
<gx:coord>-71.89446 -13.547265 3270.8</gx:coord>
<gx:coord>-71.89446 -13.547265 3270.8</gx:coord>
<gx:coord>-71.89447 -13.547267 3270.8</gx:coord>
<gx:coord>-71.89447 -13.547269 3270.7002</gx:coord>
<gx:coord>-71.89448 -13.547271 3270.7002</gx:coord>
<gx:coord>-71.894485 -13.547275 3270.7002</gx:coord>
<gx:coord>-71.89449 -13.5472765 3270.7002</gx:coord>
<gx:coord>-71.8945 -13.547277 3270.7002</gx:coord>
<gx:coord>-71.89451 -13.547276 3270.7002</gx:coord>
<gx:coord>-71.894516 -13.547271 3270.7002</gx:coord>
<gx:coord>-71.89452 -13.547262 3270.7002</gx:coord>
<gx:coord>-71.89452 -13.547251 3270.7002</gx:coord>
<gx:coord>-71.89452 -13.54724 3270.7002</gx:coord>
<gx:coord>-71.894516 -13.547229 3270.2002</gx:coord>
<gx:coord>-71.894516 -13.547225 3270.2002</gx:coord>
<gx:coord>-71.89452 -13.547222 3270.2002</gx:coord>
<gx:coord>-71.89452 -13.547221 3270.2002</gx:coord>
<gx:coord>-71.89452 -13.547221 3270.7002</gx:coord>
<gx:coord>-71.89453 -13.547221 3270.7002</gx:coord>
<gx:coord>-71.89454 -13.547222 3270.7002</gx:coord>
<gx:coord>-71.89455 -13.547224 3270.7002</gx:coord>
<gx:coord>-71.894554 -13.547225 3270.7002</gx:coord>
<gx:coord>-71.89456 -13.547227 3270.7002</gx:coord>
<gx:coord>-71.89457 -13.547228 3270.7002</gx:coord>
<gx:coord>-71.89458 -13.547227 3270.7002</gx:coord>
<gx:coord>-71.894585 -13.547226 3270.7002</gx:coord>
<gx:coord>-71.89459 -13.547224 3270.7002</gx:coord>
<gx:coord>-71.8946 -13.547223 3270.7002</gx:coord>
<gx:coord>-71.89461 -13.547221 3270.9001</gx:coord>
<gx:coord>-71.894615 -13.54722 3270.9001</gx:coord>
<gx:coord>-71.894615 -13.547219 3270.9001</gx:coord>
<gx:coord>-71.89462 -13.547218 3270.9001</gx:coord>
<gx:coord>-71.89463 -13.547216 3270.9001</gx:coord>
<gx:coord>-71.89464 -13.5472145 3270.9001</gx:coord>
<gx:coord>-71.894646 -13.547211 3270.9001</gx:coord>
<gx:coord>-71.89465 -13.547207 3270.9001</gx:coord>
<gx:coord>-71.89466 -13.547202 3270.9001</gx:coord>
<gx:coord>-71.89467 -13.547197 3270.7002</gx:coord>
<gx:coord>-71.89466 -13.5471945 3270.7002</gx:coord>
<gx:coord>-71.89466 -13.547199 3270.7002</gx:coord>
<gx:coord>-71.89466 -13.547202 3271.0002</gx:coord>
<gx:coord>-71.89466 -13.547203 3271.0002</gx:coord>
<gx:coord>-71.89466 -13.547203 3270.7002</gx:coord>
<gx:coord>-71.89466 -13.547205 3270.7002</gx:coord>
<gx:coord>-71.89466 -13.547206 3270.7002</gx:coord>
<gx:coord>-71.89469 -13.547207 3270.7002</gx:coord>
<gx:coord>-71.89473 -13.547195 3270.7002</gx:coord>
<gx:coord>-71.89475 -13.547184 3270.7002</gx:coord>
<gx:coord>-71.89477 -13.547178 3270.7002</gx:coord>
<gx:coord>-71.89478 -13.547177 3270.7002</gx:coord>
<gx:coord>-71.89478 -13.547174 3270.7002</gx:coord>
<gx:coord>-71.89478 -13.547173 3270.7002</gx:coord>
<gx:coord>-71.894775 -13.547173 3269.6</gx:coord>
<gx:coord>-71.894775 -13.547172 3270.7002</gx:coord>
<gx:coord>-71.894775 -13.54717 3270.7002</gx:coord>
<gx:coord>-71.894775 -13.54718 3270.7002</gx:coord>
<gx:coord>-71.894775 -13.54718 3270.7002</gx:coord>
<gx:coord>-71.894775 -13.54718 3270.7002</gx:coord>
<gx:coord>-71.894775 -13.547179 3270.7002</gx:coord>
<gx:coord>-71.894775 -13.547179 3270.7002</gx:coord>
<gx:coord>-71.894775 -13.547179 3270.5002</gx:coord>
<gx:coord>-71.894775 -13.547179 3270.7002</gx:coord>
<gx:coord>-71.89478 -13.547181 3270.2002</gx:coord>
<gx:coord>-71.89478 -13.54718 3270.7002</gx:coord>
<gx:coord>-71.89479 -13.547177 3270.7002</gx:coord>
<gx:coord>-71.8948 -13.547175 3270.7002</gx:coord>
<gx:coord>-71.894806 -13.547173 3270.7002</gx:coord>
<gx:coord>-71.894806 -13.54717 3270.7002</gx:coord>
<gx:coord>-71.89481 -13.547164 3270.7002</gx:coord>
<gx:coord>-71.89482 -13.54716 3270.7002</gx:coord>
<gx:coord>-71.89484 -13.547149 3270.9001</gx:coord>
<gx:coord>-71.894844 -13.547146 3270.9001</gx:coord>
<gx:coord>-71.89485 -13.547143 3270.9001</gx:coord>
<gx:coord>-71.89486 -13.547142 3270.9001</gx:coord>
<gx:coord>-71.89487 -13.547138 3270.9001</gx:coord>
<gx:coord>-71.894875 -13.547133 3270.9001</gx:coord>
<gx:coord>-71.89488 -13.54713 3270.9001</gx:coord>
<gx:coord>-71.89489 -13.547128 3270.9001</gx:coord>
<gx:coord>-71.8949 -13.547126 3270.9001</gx:coord>
<gx:coord>-71.894905 -13.547124 3270.9001</gx:coord>
<gx:coord>-71.894905 -13.547121 3270.9001</gx:coord>
<gx:coord>-71.89491 -13.547118 3270.9001</gx:coord>
<gx:coord>-71.89491 -13.547115 3270.9001</gx:coord>
<gx:coord>-71.89492 -13.5471115 3270.7002</gx:coord>
<gx:coord>-71.89493 -13.5471115 3270.7002</gx:coord>
<gx:coord>-71.894936 -13.547111 3270.7002</gx:coord>
<gx:coord>-71.894936 -13.547107 3270.7002</gx:coord>
<gx:coord>-71.894936 -13.547103 3270.7002</gx:coord>
<gx:coord>-71.89494 -13.547101 3270.7002</gx:coord>
<gx:coord>-71.89495 -13.547102 3270.7002</gx:coord>
<gx:coord>-71.89496 -13.547105 3270.7002</gx:coord>
<gx:coord>-71.894966 -13.547107 3270.7002</gx:coord>
<gx:coord>-71.89497 -13.547108 3270.7002</gx:coord>
<gx:coord>-71.89499 -13.547106 3270.7002</gx:coord>
<gx:coord>-71.89499 -13.547104 3270.7002</gx:coord>
<gx:coord>-71.895 -13.547102 3270.7002</gx:coord>
<gx:coord>-71.895004 -13.547099 3270.7002</gx:coord>
<gx:coord>-71.89501 -13.547096 3270.7002</gx:coord>
<gx:coord>-71.89502 -13.5470915 3270.7002</gx:coord>
<gx:coord>-71.89503 -13.547091 3270.7002</gx:coord>
<gx:coord>-71.895035 -13.54709 3270.7002</gx:coord>
<gx:coord>-71.895035 -13.547088 3270.7002</gx:coord>
<gx:coord>-71.89504 -13.547085 3270.7002</gx:coord>
<gx:coord>-71.89505 -13.547082 3270.7002</gx:coord>
<gx:coord>-71.89506 -13.547082 3270.7002</gx:coord>
<gx:coord>-71.895065 -13.54708 3270.7002</gx:coord>
<gx:coord>-71.895065 -13.547077 3270.7002</gx:coord>
<gx:coord>-71.89507 -13.547075 3270.7002</gx:coord>
<gx:coord>-71.89508 -13.547067 3270.7002</gx:coord>
<gx:coord>-71.89509 -13.547063 3270.7002</gx:coord>
<gx:coord>-71.89509 -13.547057 3270.7002</gx:coord>
<gx:coord>-71.89509 -13.547051 3270.7002</gx:coord>
<gx:coord>-71.895096 -13.547046 3270.7002</gx:coord>
<gx:coord>-71.895096 -13.547041 3271.3</gx:coord>
<gx:coord>-71.895096 -13.547037 3271.3</gx:coord>
<gx:coord>-71.895096 -13.547032 3271.3</gx:coord>
<gx:coord>-71.895096 -13.547026 3271.3</gx:coord>
<gx:coord>-71.895096 -13.547016 3271.3</gx:coord>
<gx:coord>-71.8951 -13.547008 3270.7002</gx:coord>
<gx:coord>-71.89511 -13.547007 3270.7002</gx:coord>
<gx:coord>-71.89511 -13.547006 3270.7002</gx:coord>
<gx:coord>-71.89512 -13.547007 3270.7002</gx:coord>
<gx:coord>-71.89513 -13.547008 3270.7002</gx:coord>
<gx:coord>-71.895134 -13.547013 3270.5002</gx:coord>
<gx:coord>-71.895134 -13.547016 3270.5002</gx:coord>
<gx:coord>-71.89515 -13.547018 3270.5002</gx:coord>
<gx:coord>-71.89516 -13.54702 3270.5002</gx:coord>
<gx:coord>-71.89516 -13.547019 3270.5002</gx:coord>
<gx:coord>-71.89517 -13.547016 3270.7002</gx:coord>
<gx:coord>-71.89517 -13.547013 3270.7002</gx:coord>
<gx:coord>-71.89518 -13.547008 3270.7002</gx:coord>
<gx:coord>-71.89519 -13.547002 3270.7002</gx:coord>
<gx:coord>-71.89519 -13.546994 3270.7002</gx:coord>
<gx:coord>-71.895195 -13.546987 3270.9001</gx:coord>
<gx:coord>-71.8952 -13.546982 3270.9001</gx:coord>
<gx:coord>-71.89521 -13.546975 3270.9001</gx:coord>
<gx:coord>-71.89522 -13.5469675 3270.9001</gx:coord>
<gx:coord>-71.89522 -13.54696 3270.9001</gx:coord>
<gx:coord>-71.895226 -13.54695 3270.8</gx:coord>
<gx:coord>-71.895226 -13.546945 3270.8</gx:coord>
<gx:coord>-71.89523 -13.546942 3270.8</gx:coord>
<gx:coord>-71.89524 -13.546943 3270.8</gx:coord>
<gx:coord>-71.89524 -13.546935 3270.8</gx:coord>
<gx:coord>-71.895226 -13.546936 3270.7002</gx:coord>
<gx:coord>-71.89523 -13.546932 3270.7002</gx:coord>
<gx:coord>-71.89523 -13.546931 3270.7002</gx:coord>
<gx:coord>-71.89523 -13.5469265 3270.8</gx:coord>
<gx:coord>-71.895226 -13.546924 3270.8</gx:coord>
<gx:coord>-71.895226 -13.546923 3270.7002</gx:coord>
<gx:coord>-71.895226 -13.546923 3270.2002</gx:coord>
<gx:coord>-71.895226 -13.546922 3270.2002</gx:coord>
<gx:coord>-71.895226 -13.546926 3270.7002</gx:coord>
<gx:coord>-71.895226 -13.5469265 3270.7002</gx:coord>
<gx:coord>-71.895226 -13.5469265 3270.5002</gx:coord>
<gx:coord>-71.895226 -13.5469265 3270.7002</gx:coord>
<gx:coord>-71.895226 -13.5469265 3270.7002</gx:coord>
<gx:coord>-71.895226 -13.5469265 3270.7002</gx:coord>
<gx:coord>-71.895226 -13.5469265 3270.7002</gx:coord>
<gx:coord>-71.895226 -13.5469265 3270.7002</gx:coord>
<gx:coord>-71.895226 -13.5469265 3270.7002</gx:coord>
<gx:coord>-71.895226 -13.5469265 3270.7002</gx:coord>
<gx:coord>-71.895226 -13.5469265 3270.7002</gx:coord>
<gx:coord>-71.895226 -13.5469265 3270.7002</gx:coord>
<gx:coord>-71.895226 -13.5469265 3270.7002</gx:coord>
<gx:coord>-71.895226 -13.5469265 3270.7002</gx:coord>
<gx:coord>-71.895226 -13.5469265 3270.7002</gx:coord>
<gx:coord>-71.895226 -13.546926 3270.7002</gx:coord>
<gx:coord>-71.895226 -13.546926 3270.7002</gx:coord>
<gx:coord>-71.895226 -13.546926 3270.7002</gx:coord>
<gx:coord>-71.895226 -13.546926 3270.7002</gx:coord>
<gx:coord>-71.895226 -13.5469265 3270.7002</gx:coord>
<gx:coord>-71.895226 -13.5469265 3270.7002</gx:coord>
<gx:coord>-71.895226 -13.5469265 3270.7002</gx:coord>
<gx:coord>-71.895226 -13.5469265 3270.7002</gx:coord>
<gx:coord>-71.895226 -13.5469265 3270.7002</gx:coord>
<gx:coord>-71.895226 -13.5469265 3270.7002</gx:coord>
<gx:coord>-71.895226 -13.5469265 3270.7002</gx:coord>
<gx:coord>-71.895226 -13.5469265 3270.7002</gx:coord>
<gx:coord>-71.895226 -13.5469265 3270.7002</gx:coord>
<gx:coord>-71.895226 -13.546926 3270.7002</gx:coord>
<gx:coord>-71.895226 -13.546926 3270.7002</gx:coord>
<gx:coord>-71.895226 -13.546926 3270.7002</gx:coord>
<gx:coord>-71.895226 -13.546926 3270.7002</gx:coord>
<gx:coord>-71.895226 -13.546926 3270.7002</gx:coord>
<gx:coord>-71.895226 -13.546926 3270.7002</gx:coord>
<gx:coord>-71.895226 -13.546926 3270.7002</gx:coord>
<gx:coord>-71.895226 -13.546927 3270.7002</gx:coord>
<gx:coord>-71.89523 -13.546928 3270.5002</gx:coord>
<gx:coord>-71.89523 -13.546931 3270.5002</gx:coord>
<gx:coord>-71.895226 -13.546931 3270.5002</gx:coord>
<gx:coord>-71.895226 -13.546931 3270.5002</gx:coord>
<gx:coord>-71.895226 -13.546931 3270.5002</gx:coord>
<gx:coord>-71.895226 -13.546931 3270.7002</gx:coord>
<gx:coord>-71.89523 -13.546934 3270.7002</gx:coord>
<gx:coord>-71.89523 -13.546935 3270.7002</gx:coord>
<gx:coord>-71.89523 -13.546934 3270.7002</gx:coord>
<gx:coord>-71.89523 -13.546935 3270.7002</gx:coord>
<gx:coord>-71.895226 -13.546935 3270.7002</gx:coord>
<gx:coord>-71.89523 -13.546935 3270.7002</gx:coord>
<gx:coord>-71.89523 -13.546935 3270.7002</gx:coord>
<gx:coord>-71.89523 -13.546935 3270.7002</gx:coord>
<gx:coord>-71.89523 -13.546935 3270.7002</gx:coord>
<gx:coord>-71.895226 -13.546936 3270.7002</gx:coord>
<gx:coord>-71.895226 -13.546936 3270.7002</gx:coord>
<gx:coord>-71.895226 -13.546935 3270.7002</gx:coord>
<gx:coord>-71.895226 -13.546935 3270.7002</gx:coord>
<gx:coord>-71.895226 -13.546935 3270.7002</gx:coord>
<gx:coord>-71.895226 -13.546932 3270.5002</gx:coord>
<gx:coord>-71.895226 -13.54693 3270.5002</gx:coord>
<gx:coord>-71.895226 -13.546931 3270.7002</gx:coord>
<gx:coord>-71.895226 -13.546931 3270.7002</gx:coord>
<gx:coord>-71.89522 -13.546931 3270.7002</gx:coord>
<gx:coord>-71.89522 -13.546928 3270.7002</gx:coord>
<gx:coord>-71.89522 -13.546927 3270.7002</gx:coord>
<gx:coord>-71.895226 -13.546929 3270.7002</gx:coord>
<gx:coord>-71.895226 -13.54693 3270.7002</gx:coord>
<gx:coord>-71.895226 -13.546931 3271.3</gx:coord>
<gx:coord>-71.895226 -13.546932 3271.3</gx:coord>
<gx:coord>-71.895226 -13.546932 3270.8</gx:coord>
<gx:coord>-71.89523 -13.546931 3270.8</gx:coord>
<gx:coord>-71.89523 -13.54693 3270.8</gx:coord>
<gx:coord>-71.89523 -13.54693 3270.8</gx:coord>
<gx:coord>-71.89525 -13.546925 3270.8</gx:coord>
<gx:coord>-71.89527 -13.546924 3270.8</gx:coord>
<gx:coord>-71.8953 -13.546911 3270.8</gx:coord>
<gx:coord>-71.895325 -13.546891 3270.7002</gx:coord>
<gx:coord>-71.89534 -13.546883 3270.8</gx:coord>
<gx:coord>-71.895355 -13.546868 3270.8</gx:coord>
<gx:coord>-71.89537 -13.546864 3270.8</gx:coord>
<gx:coord>-71.89537 -13.546859 3270.8</gx:coord>
<gx:coord>-71.89537 -13.546863 3270.8</gx:coord>
<gx:coord>-71.89538 -13.546868 3270.8</gx:coord>
<gx:coord>-71.89538 -13.546869 3270.8</gx:coord>
<gx:coord>-71.895386 -13.546869 3270.8</gx:coord>
<ExtendedData>
<SchemaData schemaUrl="#schema">
<gx:SimpleArrayData name="speed">
<gx:value>1.1870067</gx:value>
<gx:value>1.2166398</gx:value>
<gx:value>1.2806778</gx:value>
<gx:value>1.2613884</gx:value>
<gx:value>1.2518635</gx:value>
<gx:value>1.0368104</gx:value>
<gx:value>0.63479304</gx:value>
<gx:value>1.1989913</gx:value>
<gx:value>1.3911245</gx:value>
<gx:value>1.4087524</gx:value>
<gx:value>1.4387935</gx:value>
<gx:value>1.4315869</gx:value>
<gx:value>1.3529644</gx:value>
<gx:value>1.3366221</gx:value>
<gx:value>1.3540201</gx:value>
<gx:value>1.4432402</gx:value>
<gx:value>1.2888955</gx:value>
<gx:value>1.2575313</gx:value>
<gx:value>1.2496092</gx:value>
<gx:value>1.3694317</gx:value>
<gx:value>1.7356207</gx:value>
<gx:value>1.692098</gx:value>
<gx:value>0.9475768</gx:value>
<gx:value>9.041558E-4</gx:value>
<gx:value>0.034596574</gx:value>
<gx:value>0.07350739</gx:value>
<gx:value>0.06848024</gx:value>
<gx:value>0.06313659</gx:value>
<gx:value>0.016725797</gx:value>
<gx:value>0.063581765</gx:value>
<gx:value>0.037586544</gx:value>
<gx:value>0.01823731</gx:value>
<gx:value>0.010857271</gx:value>
<gx:value>0.011664067</gx:value>
<gx:value>0.013083504</gx:value>
<gx:value>0.0064079077</gx:value>
<gx:value>0.06393552</gx:value>
<gx:value>0.02425542</gx:value>
<gx:value>0.0021670652</gx:value>
<gx:value>0.0358384</gx:value>
<gx:value>0.009629421</gx:value>
<gx:value>0.008321697</gx:value>
<gx:value>0.007586497</gx:value>
<gx:value>0.0010032639</gx:value>
<gx:value>0.0064226678</gx:value>
<gx:value>0.0052400124</gx:value>
<gx:value>0.0069489717</gx:value>
<gx:value>9.845167E-4</gx:value>
<gx:value>0.0044671916</gx:value>
<gx:value>0.0036383888</gx:value>
<gx:value>0.0033517636</gx:value>
<gx:value>0.0031353452</gx:value>
<gx:value>0.12016373</gx:value>
<gx:value>0.0641382</gx:value>
<gx:value>0.04731818</gx:value>
<gx:value>0.030623298</gx:value>
<gx:value>0.021665156</gx:value>
<gx:value>0.0025641606</gx:value>
<gx:value>0.004120048</gx:value>
<gx:value>7.1036845E-4</gx:value>
<gx:value>3.998022E-5</gx:value>
<gx:value>8.032138E-6</gx:value>
<gx:value>0.0031217951</gx:value>
<gx:value>0.0026360403</gx:value>
<gx:value>4.7528336E-4</gx:value>
<gx:value>1.7231725E-5</gx:value>
<gx:value>7.5050807E-6</gx:value>
<gx:value>1.5320932E-6</gx:value>
<gx:value>7.677021E-8</gx:value>
<gx:value>2.0902968E-8</gx:value>
<gx:value>3.7744563E-9</gx:value>
<gx:value>0.0031470638</gx:value>
<gx:value>4.970948E-4</gx:value>
<gx:value>9.459996E-6</gx:value>
<gx:value>9.176772E-6</gx:value>
<gx:value>0.0032596323</gx:value>
<gx:value>5.377286E-4</gx:value>
<gx:value>9.980609E-6</gx:value>
<gx:value>5.8942815E-6</gx:value>
<gx:value>0.028922087</gx:value>
<gx:value>0.008487852</gx:value>
<gx:value>7.567806E-4</gx:value>
<gx:value>0.0031333007</gx:value>
<gx:value>0.0031460617</gx:value>
<gx:value>0.003238496</gx:value>
<gx:value>1.813883</gx:value>
<gx:value>0.525358</gx:value>
<gx:value>0.09843439</gx:value>
<gx:value>0.06546899</gx:value>
<gx:value>0.02037985</gx:value>
<gx:value>0.039519053</gx:value>
<gx:value>0.08329113</gx:value>
<gx:value>0.07352203</gx:value>
<gx:value>0.07325858</gx:value>
<gx:value>0.060662124</gx:value>
<gx:value>0.04427114</gx:value>
<gx:value>0.038903337</gx:value>
<gx:value>0.025262542</gx:value>
<gx:value>0.021272505</gx:value>
<gx:value>0.024910964</gx:value>
<gx:value>0.0037186411</gx:value>
<gx:value>0.032454655</gx:value>
<gx:value>0.01632461</gx:value>
<gx:value>0.042542446</gx:value>
<gx:value>0.026156187</gx:value>
<gx:value>0.01799493</gx:value>
<gx:value>0.013755642</gx:value>
<gx:value>0.4604543</gx:value>
<gx:value>0.54492766</gx:value>
<gx:value>0.5534709</gx:value>
<gx:value>0.76884276</gx:value>
<gx:value>0.71415406</gx:value>
<gx:value>0.743556</gx:value>
<gx:value>0.63090175</gx:value>
<gx:value>0.3598986</gx:value>
<gx:value>0.15899235</gx:value>
<gx:value>0.16456121</gx:value>
<gx:value>0.34159893</gx:value>
<gx:value>0.28299475</gx:value>
<gx:value>0.24195388</gx:value>
<gx:value>0.16646576</gx:value>
<gx:value>0.3198591</gx:value>
<gx:value>0.14259748</gx:value>
<gx:value>0.08354304</gx:value>
<gx:value>0.20617965</gx:value>
<gx:value>0.36184168</gx:value>
<gx:value>0.18287307</gx:value>
<gx:value>0.24566999</gx:value>
<gx:value>0.09651996</gx:value>
<gx:value>0.12763281</gx:value>
<gx:value>0.22034203</gx:value>
<gx:value>0.7942479</gx:value>
<gx:value>0.852102</gx:value>
<gx:value>0.8898497</gx:value>
<gx:value>1.0086335</gx:value>
<gx:value>1.236288</gx:value>
<gx:value>0.87501585</gx:value>
<gx:value>0.40762636</gx:value>
<gx:value>0.09737839</gx:value>
<gx:value>0.08905566</gx:value>
<gx:value>0.065824896</gx:value>
<gx:value>0.075334705</gx:value>
<gx:value>0.07902663</gx:value>
<gx:value>0.04505927</gx:value>
<gx:value>0.10625132</gx:value>
<gx:value>0.21086244</gx:value>
<gx:value>0.5424737</gx:value>
<gx:value>0.857776</gx:value>
<gx:value>0.8123204</gx:value>
<gx:value>0.750154</gx:value>
<gx:value>0.7602597</gx:value>
<gx:value>0.79422027</gx:value>
<gx:value>0.610473</gx:value>
<gx:value>0.7703004</gx:value>
<gx:value>0.5155504</gx:value>
<gx:value>0.12832583</gx:value>
<gx:value>0.13506074</gx:value>
<gx:value>0.13502042</gx:value>
<gx:value>0.29761487</gx:value>
<gx:value>0.60243726</gx:value>
<gx:value>0.49901736</gx:value>
<gx:value>0.34972903</gx:value>
<gx:value>0.78917223</gx:value>
<gx:value>0.7621231</gx:value>
<gx:value>0.24784616</gx:value>
<gx:value>0.09313159</gx:value>
<gx:value>0.09190859</gx:value>
<gx:value>0.21902914</gx:value>
<gx:value>0.11439052</gx:value>
<gx:value>0.07428446</gx:value>
<gx:value>0.12073601</gx:value>
<gx:value>0.12783703</gx:value>
<gx:value>0.3222637</gx:value>
<gx:value>0.2165541</gx:value>
<gx:value>0.3594981</gx:value>
<gx:value>0.36593604</gx:value>
<gx:value>0.15965903</gx:value>
<gx:value>0.08107282</gx:value>
<gx:value>0.17768422</gx:value>
<gx:value>0.16543421</gx:value>
<gx:value>0.138293</gx:value>
<gx:value>0.26012915</gx:value>
<gx:value>0.42678297</gx:value>
<gx:value>0.19353746</gx:value>
<gx:value>0.24349293</gx:value>
<gx:value>0.6877801</gx:value>
<gx:value>0.94873977</gx:value>
<gx:value>0.873305</gx:value>
<gx:value>0.78209716</gx:value>
<gx:value>0.80638385</gx:value>
<gx:value>0.60924286</gx:value>
<gx:value>0.45708513</gx:value>
<gx:value>0.12526642</gx:value>
<gx:value>0.12591198</gx:value>
<gx:value>0.3936953</gx:value>
<gx:value>0.5361878</gx:value>
<gx:value>0.45863888</gx:value>
<gx:value>0.2229496</gx:value>
<gx:value>0.21713285</gx:value>
<gx:value>0.17568022</gx:value>
<gx:value>0.43833965</gx:value>
<gx:value>1.144226</gx:value>
<gx:value>1.0414629</gx:value>
<gx:value>0.9465229</gx:value>
<gx:value>0.86796826</gx:value>
<gx:value>0.9562426</gx:value>
<gx:value>0.25778258</gx:value>
<gx:value>0.069319785</gx:value>
<gx:value>0.121703014</gx:value>
<gx:value>0.12993343</gx:value>
<gx:value>0.9884617</gx:value>
<gx:value>0.9244988</gx:value>
<gx:value>0.34613815</gx:value>
<gx:value>0.10474334</gx:value>
<gx:value>0.09764731</gx:value>
<gx:value>0.06770593</gx:value>
<gx:value>0.07351246</gx:value>
<gx:value>0.12601554</gx:value>
<gx:value>0.23592164</gx:value>
<gx:value>0.5965148</gx:value>
<gx:value>0.5696244</gx:value>
<gx:value>0.513208</gx:value>
<gx:value>0.2274636</gx:value>
<gx:value>0.065392055</gx:value>
<gx:value>0.08334343</gx:value>
<gx:value>0.18897338</gx:value>
<gx:value>0.53127664</gx:value>
<gx:value>0.12765642</gx:value>
<gx:value>0.065779015</gx:value>
<gx:value>0.08837304</gx:value>
<gx:value>0.063092686</gx:value>
<gx:value>0.11616776</gx:value>
<gx:value>0.096009165</gx:value>
<gx:value>0.4753638</gx:value>
<gx:value>0.4497274</gx:value>
<gx:value>0.6243291</gx:value>
<gx:value>0.22670357</gx:value>
<gx:value>0.20353284</gx:value>
<gx:value>0.22755648</gx:value>
<gx:value>0.24761899</gx:value>
<gx:value>0.29854974</gx:value>
<gx:value>0.09167808</gx:value>
<gx:value>0.14860071</gx:value>
<gx:value>0.1014852</gx:value>
<gx:value>0.16057318</gx:value>
<gx:value>0.3176749</gx:value>
<gx:value>0.3510819</gx:value>
<gx:value>0.17799129</gx:value>
<gx:value>0.23809029</gx:value>
<gx:value>0.12309854</gx:value>
<gx:value>0.0135585675</gx:value>
<gx:value>0.072760075</gx:value>
<gx:value>0.15508933</gx:value>
<gx:value>0.31477335</gx:value>
<gx:value>0.59354466</gx:value>
<gx:value>0.7578563</gx:value>
<gx:value>0.76069355</gx:value>
<gx:value>0.63990325</gx:value>
<gx:value>0.69831675</gx:value>
<gx:value>0.7290282</gx:value>
<gx:value>0.7020816</gx:value>
<gx:value>0.5871716</gx:value>
<gx:value>0.21397254</gx:value>
<gx:value>0.08609963</gx:value>
<gx:value>0.22319824</gx:value>
<gx:value>0.31618038</gx:value>
<gx:value>0.51415175</gx:value>
<gx:value>0.6277558</gx:value>
<gx:value>0.5809579</gx:value>
<gx:value>0.50767183</gx:value>
<gx:value>0.36327896</gx:value>
<gx:value>0.24206111</gx:value>
<gx:value>0.10992564</gx:value>
<gx:value>0.13781969</gx:value>
<gx:value>0.104518354</gx:value>
<gx:value>0.048786443</gx:value>
<gx:value>0.0696554</gx:value>
<gx:value>0.04463439</gx:value>
<gx:value>0.030574745</gx:value>
<gx:value>0.040115394</gx:value>
<gx:value>0.1203015</gx:value>
<gx:value>0.110939614</gx:value>
<gx:value>0.19375783</gx:value>
<gx:value>0.09344233</gx:value>
<gx:value>0.012816062</gx:value>
<gx:value>0.058888003</gx:value>
<gx:value>0.28221738</gx:value>
<gx:value>0.21340536</gx:value>
<gx:value>0.061327253</gx:value>
<gx:value>0.10118236</gx:value>
<gx:value>0.3101862</gx:value>
<gx:value>0.5710739</gx:value>
<gx:value>0.93558824</gx:value>
<gx:value>0.65851694</gx:value>
<gx:value>1.0350858</gx:value>
<gx:value>1.0345182</gx:value>
<gx:value>0.7254811</gx:value>
<gx:value>0.846275</gx:value>
<gx:value>0.7023353</gx:value>
<gx:value>0.08534784</gx:value>
<gx:value>0.070157744</gx:value>
<gx:value>0.028722357</gx:value>
<gx:value>0.08552617</gx:value>
<gx:value>0.08350191</gx:value>
<gx:value>0.12084815</gx:value>
<gx:value>0.24197797</gx:value>
<gx:value>0.14969362</gx:value>
<gx:value>0.16884042</gx:value>
<gx:value>0.28680348</gx:value>
<gx:value>0.095781304</gx:value>
<gx:value>0.08523364</gx:value>
<gx:value>0.20366687</gx:value>
<gx:value>0.089762166</gx:value>
<gx:value>0.10237686</gx:value>
<gx:value>0.07382233</gx:value>
<gx:value>0.07554692</gx:value>
<gx:value>0.26583686</gx:value>
<gx:value>0.61642224</gx:value>
<gx:value>0.6692906</gx:value>
<gx:value>0.50355905</gx:value>
<gx:value>0.039560307</gx:value>
<gx:value>0.10632009</gx:value>
<gx:value>0.09253184</gx:value>
<gx:value>0.07297518</gx:value>
<gx:value>0.11069183</gx:value>
<gx:value>0.0836435</gx:value>
<gx:value>0.091558024</gx:value>
<gx:value>0.009045981</gx:value>
<gx:value>2.121684E-4</gx:value>
<gx:value>0.11254061</gx:value>
<gx:value>0.030575877</gx:value>
<gx:value>0.9881248</gx:value>
<gx:value>0.13053747</gx:value>
<gx:value>0.7336963</gx:value>
<gx:value>1.1301082</gx:value>
<gx:value>1.0271417</gx:value>
<gx:value>0.81895155</gx:value>
<gx:value>0.1257946</gx:value>
<gx:value>0.099136524</gx:value>
<gx:value>0.1134436</gx:value>
<gx:value>0.17295256</gx:value>
<gx:value>1.0632362</gx:value>
<gx:value>0.88124734</gx:value>
<gx:value>0.8562925</gx:value>
<gx:value>1.0110525</gx:value>
<gx:value>1.0990831</gx:value>
<gx:value>1.005008</gx:value>
<gx:value>1.0535923</gx:value>
<gx:value>1.0534803</gx:value>
<gx:value>0.4223898</gx:value>
<gx:value>0.09808654</gx:value>
<gx:value>0.11689181</gx:value>
<gx:value>0.029159697</gx:value>
<gx:value>0.10056465</gx:value>
<gx:value>0.09083087</gx:value>
<gx:value>0.014273677</gx:value>
<gx:value>0.01411493</gx:value>
<gx:value>0.4787924</gx:value>
<gx:value>0.72528476</gx:value>
<gx:value>0.153974</gx:value>
<gx:value>0.18379691</gx:value>
<gx:value>0.13770977</gx:value>
<gx:value>0.092910096</gx:value>
<gx:value>0.15383577</gx:value>
<gx:value>0.070896655</gx:value>
<gx:value>0.007494071</gx:value>
<gx:value>0.10072062</gx:value>
<gx:value>0.103303686</gx:value>
<gx:value>0.14871322</gx:value>
<gx:value>0.26623192</gx:value>
<gx:value>0.13100119</gx:value>
<gx:value>0.2744094</gx:value>
<gx:value>0.640556</gx:value>
<gx:value>0.5796206</gx:value>
<gx:value>0.7017875</gx:value>
<gx:value>0.91160387</gx:value>
<gx:value>0.3308095</gx:value>
<gx:value>0.865431</gx:value>
<gx:value>0.9189554</gx:value>
<gx:value>0.09228053</gx:value>
<gx:value>0.12856634</gx:value>
<gx:value>0.08564964</gx:value>
<gx:value>0.0056153014</gx:value>
<gx:value>0.08748493</gx:value>
<gx:value>0.10497172</gx:value>
<gx:value>0.4280505</gx:value>
<gx:value>1.039304</gx:value>
<gx:value>0.23209645</gx:value>
<gx:value>0.10814784</gx:value>
<gx:value>0.10382048</gx:value>
<gx:value>0.06200529</gx:value>
<gx:value>0.06169343</gx:value>
<gx:value>0.060568083</gx:value>
<gx:value>0.8071299</gx:value>
<gx:value>0.2009254</gx:value>
<gx:value>0.09585612</gx:value>
<gx:value>0.081023686</gx:value>
<gx:value>0.09497325</gx:value>
<gx:value>0.20083426</gx:value>
<gx:value>0.7416721</gx:value>
<gx:value>0.973777</gx:value>
<gx:value>0.873771</gx:value>
<gx:value>0.6693719</gx:value>
<gx:value>0.30059975</gx:value>
<gx:value>0.22566345</gx:value>
<gx:value>0.18003291</gx:value>
<gx:value>0.085766144</gx:value>
<gx:value>0.021144332</gx:value>
<gx:value>0.09644103</gx:value>
<gx:value>0.010467594</gx:value>
<gx:value>0.010866324</gx:value>
<gx:value>0.19635613</gx:value>
<gx:value>1.224931</gx:value>
<gx:value>1.1983048</gx:value>
<gx:value>0.4493218</gx:value>
<gx:value>0.44186756</gx:value>
<gx:value>0.09369629</gx:value>
<gx:value>0.13191915</gx:value>
<gx:value>0.23979025</gx:value>
<gx:value>0.18849856</gx:value>
<gx:value>0.25217238</gx:value>
<gx:value>0.5365621</gx:value>
<gx:value>0.38543585</gx:value>
<gx:value>0.5084064</gx:value>
<gx:value>1.0106914</gx:value>
<gx:value>0.46595412</gx:value>
<gx:value>0.5903649</gx:value>
<gx:value>0.57831687</gx:value>
<gx:value>0.1001406</gx:value>
<gx:value>0.005200879</gx:value>
<gx:value>0.07322965</gx:value>
<gx:value>0.114649795</gx:value>
<gx:value>0.18270528</gx:value>
<gx:value>0.21182452</gx:value>
<gx:value>0.027743386</gx:value>
<gx:value>0.114404164</gx:value>
<gx:value>0.067597464</gx:value>
<gx:value>0.07545736</gx:value>
<gx:value>0.12190689</gx:value>
<gx:value>0.15061577</gx:value>
<gx:value>0.32991284</gx:value>
<gx:value>0.50352037</gx:value>
<gx:value>0.8961624</gx:value>
<gx:value>0.4443453</gx:value>
<gx:value>0.17712167</gx:value>
<gx:value>0.10757893</gx:value>
<gx:value>0.14129975</gx:value>
<gx:value>0.30266914</gx:value>
<gx:value>0.37504452</gx:value>
<gx:value>0.2455655</gx:value>
<gx:value>1.1353211</gx:value>
<gx:value>0.7905047</gx:value>
<gx:value>0.9326179</gx:value>
<gx:value>0.15865979</gx:value>
<gx:value>0.0868844</gx:value>
<gx:value>0.10260375</gx:value>
<gx:value>0.2488943</gx:value>
<gx:value>0.23969744</gx:value>
<gx:value>0.8025325</gx:value>
<gx:value>1.1178616</gx:value>
<gx:value>0.20716386</gx:value>
<gx:value>0.08440137</gx:value>
<gx:value>0.0609915</gx:value>
<gx:value>0.038684487</gx:value>
<gx:value>0.091760546</gx:value>
<gx:value>0.14470023</gx:value>
<gx:value>0.47519836</gx:value>
<gx:value>0.6404562</gx:value>
<gx:value>0.95123976</gx:value>
<gx:value>0.8344402</gx:value>
<gx:value>0.8762516</gx:value>
<gx:value>1.0752506</gx:value>
<gx:value>0.88085</gx:value>
<gx:value>0.7481883</gx:value>
<gx:value>1.2390103</gx:value>
<gx:value>0.91365224</gx:value>
<gx:value>1.0663735</gx:value>
<gx:value>1.0816039</gx:value>
<gx:value>1.1173549</gx:value>
<gx:value>1.1969944</gx:value>
<gx:value>1.252081</gx:value>
<gx:value>1.2982198</gx:value>
<gx:value>1.4010239</gx:value>
<gx:value>1.2928466</gx:value>
<gx:value>1.1400219</gx:value>
<gx:value>1.0365394</gx:value>
<gx:value>0.21493584</gx:value>
<gx:value>0.14232388</gx:value>
<gx:value>0.20764071</gx:value>
<gx:value>0.09917851</gx:value>
<gx:value>0.08770284</gx:value>
<gx:value>0.204448</gx:value>
<gx:value>0.75006074</gx:value>
<gx:value>0.506264</gx:value>
<gx:value>0.6733573</gx:value>
<gx:value>0.9222961</gx:value>
<gx:value>0.9023115</gx:value>
<gx:value>0.7031579</gx:value>
<gx:value>0.8589026</gx:value>
<gx:value>0.9480211</gx:value>
<gx:value>1.0188806</gx:value>
<gx:value>1.0348887</gx:value>
<gx:value>0.3725336</gx:value>
<gx:value>0.07324525</gx:value>
<gx:value>0.123140424</gx:value>
<gx:value>0.09045551</gx:value>
<gx:value>0.08967276</gx:value>
<gx:value>0.00853774</gx:value>
<gx:value>0.082731515</gx:value>
<gx:value>0.11775213</gx:value>
<gx:value>0.17475195</gx:value>
<gx:value>0.18130916</gx:value>
<gx:value>0.3940796</gx:value>
<gx:value>0.7228827</gx:value>
<gx:value>0.52743196</gx:value>
<gx:value>0.27545545</gx:value>
<gx:value>0.6518908</gx:value>
<gx:value>0.81894094</gx:value>
<gx:value>0.49588183</gx:value>
<gx:value>0.06712009</gx:value>
<gx:value>0.017678022</gx:value>
<gx:value>0.06324037</gx:value>
<gx:value>0.058367044</gx:value>
<gx:value>0.018085552</gx:value>
<gx:value>0.10320795</gx:value>
<gx:value>0.13164227</gx:value>
<gx:value>0.08962264</gx:value>
<gx:value>0.070279256</gx:value>
<gx:value>0.08689189</gx:value>
<gx:value>0.25560758</gx:value>
<gx:value>1.0799817</gx:value>
<gx:value>0.13504757</gx:value>
<gx:value>0.012684729</gx:value>
<gx:value>0.06055977</gx:value>
<gx:value>0.086526886</gx:value>
<gx:value>0.0058248607</gx:value>
<gx:value>0.17033622</gx:value>
<gx:value>0.1727192</gx:value>
<gx:value>1.6825444</gx:value>
<gx:value>1.9891005</gx:value>
<gx:value>1.3771462</gx:value>
<gx:value>1.2443422</gx:value>
<gx:value>1.0909567</gx:value>
<gx:value>1.0088981</gx:value>
<gx:value>0.90730125</gx:value>
<gx:value>0.08350805</gx:value>
<gx:value>0.084182225</gx:value>
<gx:value>0.12191477</gx:value>
<gx:value>0.23375337</gx:value>
<gx:value>0.33354267</gx:value>
<gx:value>0.5210425</gx:value>
<gx:value>0.37128815</gx:value>
<gx:value>0.26452765</gx:value>
<gx:value>0.109727934</gx:value>
<gx:value>0.22660804</gx:value>
<gx:value>0.12231759</gx:value>
<gx:value>0.10838124</gx:value>
<gx:value>0.0953681</gx:value>
<gx:value>0.1167645</gx:value>
<gx:value>0.08504019</gx:value>
<gx:value>0.09803114</gx:value>
<gx:value>0.27652285</gx:value>
<gx:value>0.29237875</gx:value>
<gx:value>0.101333745</gx:value>
<gx:value>0.17288981</gx:value>
<gx:value>0.23289014</gx:value>
<gx:value>0.15755153</gx:value>
<gx:value>0.33046636</gx:value>
<gx:value>0.40935472</gx:value>
<gx:value>0.38247636</gx:value>
<gx:value>0.46764472</gx:value>
<gx:value>0.66947144</gx:value>
<gx:value>0.5790639</gx:value>
<gx:value>0.531462</gx:value>
<gx:value>0.6891845</gx:value>
<gx:value>0.59755445</gx:value>
<gx:value>0.170701</gx:value>
<gx:value>0.49723923</gx:value>
<gx:value>0.6978418</gx:value>
<gx:value>0.6840936</gx:value>
<gx:value>0.21242297</gx:value>
<gx:value>0.14856805</gx:value>
<gx:value>0.14366046</gx:value>
<gx:value>0.09611335</gx:value>
<gx:value>0.3008902</gx:value>
<gx:value>0.754742</gx:value>
<gx:value>0.7434043</gx:value>
<gx:value>0.54036564</gx:value>
<gx:value>0.5397543</gx:value>
<gx:value>0.6696938</gx:value>
<gx:value>0.123751685</gx:value>
<gx:value>0.09627374</gx:value>
<gx:value>0.06732254</gx:value>
<gx:value>0.1016691</gx:value>
<gx:value>0.70379984</gx:value>
<gx:value>0.3060934</gx:value>
<gx:value>0.06386538</gx:value>
<gx:value>0.087787606</gx:value>
<gx:value>0.09295804</gx:value>
<gx:value>0.073254734</gx:value>
<gx:value>0.09857686</gx:value>
<gx:value>0.09829271</gx:value>
<gx:value>0.1500247</gx:value>
<gx:value>0.024402028</gx:value>
<gx:value>0.0042723655</gx:value>
<gx:value>0.05934454</gx:value>
<gx:value>0.023042051</gx:value>
<gx:value>0.00894394</gx:value>
<gx:value>0.0040051523</gx:value>
<gx:value>0.24962391</gx:value>
<gx:value>0.24682471</gx:value>
<gx:value>0.0028274143</gx:value>
<gx:value>0.0057827653</gx:value>
<gx:value>1.6761665</gx:value>
<gx:value>1.6316328</gx:value>
<gx:value>0.518419</gx:value>
<gx:value>0.47622028</gx:value>
<gx:value>0.61979675</gx:value>
<gx:value>0.33303675</gx:value>
<gx:value>0.09536979</gx:value>
<gx:value>0.0690592</gx:value>
<gx:value>0.089773126</gx:value>
<gx:value>0.13799036</gx:value>
<gx:value>0.15950906</gx:value>
<gx:value>0.53288925</gx:value>
<gx:value>0.8518673</gx:value>
<gx:value>0.8353621</gx:value>
<gx:value>0.76762205</gx:value>
<gx:value>0.8281357</gx:value>
<gx:value>0.99882007</gx:value>
<gx:value>0.25321853</gx:value>
<gx:value>0.07633217</gx:value>
<gx:value>0.098673224</gx:value>
<gx:value>0.09892739</gx:value>
<gx:value>0.07582019</gx:value>
<gx:value>0.05649069</gx:value>
<gx:value>0.27254516</gx:value>
<gx:value>0.6337974</gx:value>
<gx:value>0.09485938</gx:value>
<gx:value>0.07738924</gx:value>
<gx:value>0.08453469</gx:value>
<gx:value>0.13667497</gx:value>
<gx:value>0.2431557</gx:value>
<gx:value>0.22387117</gx:value>
<gx:value>0.08456094</gx:value>
<gx:value>0.0710467</gx:value>
<gx:value>0.059585657</gx:value>
<gx:value>0.09324952</gx:value>
<gx:value>0.09042905</gx:value>
<gx:value>0.06545278</gx:value>
<gx:value>0.06307714</gx:value>
<gx:value>0.04005902</gx:value>
<gx:value>0.05738702</gx:value>
<gx:value>0.0356647</gx:value>
<gx:value>0.18976177</gx:value>
<gx:value>1.4847809</gx:value>
<gx:value>0.26416576</gx:value>
<gx:value>0.2481029</gx:value>
<gx:value>0.15209988</gx:value>
<gx:value>0.17604572</gx:value>
<gx:value>0.41340795</gx:value>
<gx:value>0.8789317</gx:value>
<gx:value>1.024666</gx:value>
<gx:value>1.0246452</gx:value>
<gx:value>0.32964045</gx:value>
<gx:value>0.33177537</gx:value>
<gx:value>0.3628175</gx:value>
<gx:value>0.12377882</gx:value>
<gx:value>0.11223314</gx:value>
<gx:value>0.2121688</gx:value>
<gx:value>0.31432244</gx:value>
<gx:value>0.31247705</gx:value>
<gx:value>0.1764978</gx:value>
<gx:value>0.22880054</gx:value>
<gx:value>0.65268254</gx:value>
<gx:value>0.44557118</gx:value>
<gx:value>0.20070235</gx:value>
<gx:value>5.733886E-4</gx:value>
<gx:value>0.024418857</gx:value>
<gx:value>0.08492236</gx:value>
<gx:value>0.11107364</gx:value>
<gx:value>0.10590842</gx:value>
<gx:value>0.011816317</gx:value>
<gx:value>0.0101565</gx:value>
<gx:value>0.052737534</gx:value>
<gx:value>0.22974116</gx:value>
<gx:value>0.14111874</gx:value>
<gx:value>0.1159169</gx:value>
<gx:value>0.054527536</gx:value>
<gx:value>0.02246797</gx:value>
<gx:value>9.139192E-4</gx:value>
<gx:value>0.30990478</gx:value>
<gx:value>0.16098997</gx:value>
<gx:value>0.48869672</gx:value>
<gx:value>0.20797339</gx:value>
<gx:value>0.21078642</gx:value>
<gx:value>0.39934653</gx:value>
<gx:value>0.2511142</gx:value>
<gx:value>0.3629911</gx:value>
<gx:value>0.38748452</gx:value>
<gx:value>0.36846536</gx:value>
<gx:value>0.520443</gx:value>
<gx:value>0.6770778</gx:value>
<gx:value>0.92277396</gx:value>
<gx:value>1.123393</gx:value>
<gx:value>0.7213674</gx:value>
<gx:value>0.4417369</gx:value>
<gx:value>0.18715012</gx:value>
<gx:value>0.26508355</gx:value>
<gx:value>0.06402892</gx:value>
<gx:value>0.0990264</gx:value>
<gx:value>0.030534808</gx:value>
<gx:value>0.027452154</gx:value>
<gx:value>0.031428013</gx:value>
<gx:value>0.014073614</gx:value>
<gx:value>0.013485408</gx:value>
<gx:value>0.03841763</gx:value>
<gx:value>0.37722751</gx:value>
<gx:value>0.24014653</gx:value>
<gx:value>0.23537977</gx:value>
<gx:value>0.010920707</gx:value>
<gx:value>0.005743975</gx:value>
<gx:value>0.0035797828</gx:value>
<gx:value>0.0032611077</gx:value>
<gx:value>0.0037479505</gx:value>
<gx:value>0.08736409</gx:value>
<gx:value>0.029426727</gx:value>
<gx:value>0.014310725</gx:value>
<gx:value>0.0076632584</gx:value>
<gx:value>0.00754618</gx:value>
<gx:value>0.013601717</gx:value>
<gx:value>0.014873856</gx:value>
<gx:value>0.011326186</gx:value>
<gx:value>0.013924239</gx:value>
<gx:value>0.0048985626</gx:value>
<gx:value>0.006690035</gx:value>
<gx:value>0.005170856</gx:value>
<gx:value>0.0051715593</gx:value>
<gx:value>0.009844515</gx:value>
<gx:value>0.011271025</gx:value>
<gx:value>0.0144260395</gx:value>
<gx:value>0.013246706</gx:value>
<gx:value>0.007808351</gx:value>
<gx:value>0.007884385</gx:value>
<gx:value>0.0010646154</gx:value>
<gx:value>0.004474335</gx:value>
<gx:value>0.0076557235</gx:value>
<gx:value>0.0072295456</gx:value>
<gx:value>0.32634073</gx:value>
<gx:value>0.09963705</gx:value>
<gx:value>0.029445983</gx:value>
<gx:value>0.0028977566</gx:value>
<gx:value>0.0029434527</gx:value>
<gx:value>0.009831604</gx:value>
<gx:value>0.007702417</gx:value>
<gx:value>0.2650345</gx:value>
<gx:value>0.066551946</gx:value>
<gx:value>0.017039837</gx:value>
<gx:value>0.0074736797</gx:value>
<gx:value>0.0037556645</gx:value>
<gx:value>0.0036326596</gx:value>
<gx:value>0.0038471834</gx:value>
<gx:value>0.0027082514</gx:value>
<gx:value>0.0016977765</gx:value>
<gx:value>0.0010114879</gx:value>
<gx:value>0.0015725085</gx:value>
<gx:value>0.0017303983</gx:value>
<gx:value>0.0013379321</gx:value>
<gx:value>8.7957585E-4</gx:value>
<gx:value>6.3463376E-4</gx:value>
<gx:value>6.9809845E-5</gx:value>
<gx:value>0.15948403</gx:value>
<gx:value>0.15542008</gx:value>
<gx:value>0.007291567</gx:value>
<gx:value>0.006235887</gx:value>
<gx:value>0.1162927</gx:value>
<gx:value>0.024827875</gx:value>
<gx:value>0.0081461</gx:value>
<gx:value>0.0062081562</gx:value>
<gx:value>0.099156834</gx:value>
<gx:value>0.032182984</gx:value>
<gx:value>0.0070179827</gx:value>
<gx:value>0.09237382</gx:value>
<gx:value>0.016258273</gx:value>
<gx:value>0.009981563</gx:value>
<gx:value>0.011938149</gx:value>
<gx:value>0.011706559</gx:value>
<gx:value>0.010373083</gx:value>
<gx:value>0.01033303</gx:value>
<gx:value>0.0074617323</gx:value>
<gx:value>0.008254231</gx:value>
<gx:value>0.00797928</gx:value>
<gx:value>0.00811655</gx:value>
<gx:value>0.008024447</gx:value>
<gx:value>0.003733243</gx:value>
<gx:value>0.0035906902</gx:value>
<gx:value>0.0026410324</gx:value>
<gx:value>4.8619413E-4</gx:value>
<gx:value>0.0032094119</gx:value>
<gx:value>0.057397258</gx:value>
<gx:value>0.017826192</gx:value>
<gx:value>0.030175705</gx:value>
<gx:value>0.0579214</gx:value>
<gx:value>0.0105132405</gx:value>
<gx:value>6.37756E-4</gx:value>
<gx:value>0.0032495882</gx:value>
<gx:value>0.003125493</gx:value>
<gx:value>0.011752271</gx:value>
<gx:value>0.0014122229</gx:value>
<gx:value>0.0069999835</gx:value>
<gx:value>0.013659886</gx:value>
<gx:value>0.017943826</gx:value>
<gx:value>0.021249956</gx:value>
<gx:value>0.0677816</gx:value>
<gx:value>0.06397958</gx:value>
<gx:value>0.019510318</gx:value>
<gx:value>0.0085738525</gx:value>
<gx:value>0.003981354</gx:value>
<gx:value>0.0049372995</gx:value>
<gx:value>0.0051546837</gx:value>
<gx:value>4.969137E-4</gx:value>
<gx:value>0.0046708216</gx:value>
<gx:value>0.0061852313</gx:value>
<gx:value>0.007911143</gx:value>
<gx:value>0.00540331</gx:value>
<gx:value>0.0051779742</gx:value>
<gx:value>0.006994489</gx:value>
<gx:value>0.005188993</gx:value>
<gx:value>0.0036333594</gx:value>
<gx:value>0.0036011531</gx:value>
<gx:value>3.462603E-4</gx:value>
<gx:value>2.072895E-6</gx:value>
<gx:value>2.1788117E-6</gx:value>
<gx:value>1.2810211E-6</gx:value>
<gx:value>7.325424E-7</gx:value>
<gx:value>0.0013454597</gx:value>
<gx:value>0.0023034667</gx:value>
<gx:value>0.001553441</gx:value>
<gx:value>0.0013541075</gx:value>
<gx:value>0.0010231211</gx:value>
<gx:value>0.0016965949</gx:value>
<gx:value>0.0014751123</gx:value>
<gx:value>0.0031716917</gx:value>
<gx:value>0.0036621431</gx:value>
<gx:value>0.004947668</gx:value>
<gx:value>0.06219168</gx:value>
<gx:value>0.039994117</gx:value>
<gx:value>0.010697163</gx:value>
<gx:value>0.008090041</gx:value>
<gx:value>0.007207928</gx:value>
<gx:value>0.003978206</gx:value>
<gx:value>0.010098888</gx:value>
<gx:value>0.0082302755</gx:value>
<gx:value>0.010477663</gx:value>
<gx:value>0.0113015175</gx:value>
<gx:value>0.020898024</gx:value>
<gx:value>0.018889613</gx:value>
<gx:value>0.009120047</gx:value>
<gx:value>0.008138182</gx:value>
<gx:value>0.0054123555</gx:value>
<gx:value>0.0068778386</gx:value>
<gx:value>0.0071888324</gx:value>
<gx:value>0.007202481</gx:value>
<gx:value>0.007202032</gx:value>
<gx:value>0.003947763</gx:value>
<gx:value>0.007640587</gx:value>
<gx:value>7.5900543E-4</gx:value>
<gx:value>0.0073380726</gx:value>
<gx:value>0.0071822405</gx:value>
<gx:value>0.0034337358</gx:value>
<gx:value>0.003262255</gx:value>
<gx:value>0.006724231</gx:value>
<gx:value>0.013451356</gx:value>
<gx:value>0.0087894825</gx:value>
<gx:value>0.0038335877</gx:value>
<gx:value>0.0048367893</gx:value>
<gx:value>0.0051524565</gx:value>
<gx:value>0.0037360874</gx:value>
<gx:value>4.9472385E-4</gx:value>
<gx:value>0.006229529</gx:value>
<gx:value>0.010325141</gx:value>
<gx:value>0.007708977</gx:value>
<gx:value>0.0034657088</gx:value>
<gx:value>0.006180767</gx:value>
<gx:value>0.0051858714</gx:value>
<gx:value>0.0036370142</gx:value>
<gx:value>0.0035996675</gx:value>
<gx:value>0.0037129999</gx:value>
<gx:value>0.0036242357</gx:value>
<gx:value>3.4812177E-4</gx:value>
<gx:value>0.010334319</gx:value>
<gx:value>0.010766206</gx:value>
<gx:value>0.0043023448</gx:value>
<gx:value>0.0049304278</gx:value>
<gx:value>0.014191133</gx:value>
<gx:value>0.008756173</gx:value>
<gx:value>0.008128741</gx:value>
<gx:value>0.013717756</gx:value>
<gx:value>0.01476364</gx:value>
<gx:value>0.011154329</gx:value>
<gx:value>0.008277802</gx:value>
<gx:value>0.0025707465</gx:value>
<gx:value>2.6053892E-4</gx:value>
<gx:value>0.0032423346</gx:value>
<gx:value>3.3085333E-4</gx:value>
<gx:value>0.0032693953</gx:value>
<gx:value>3.3178585E-4</gx:value>
<gx:value>1.4575257E-5</gx:value>
<gx:value>4.7024793E-7</gx:value>
<gx:value>1.3399175E-7</gx:value>
<gx:value>1.0429621E-8</gx:value>
<gx:value>0.0032385902</gx:value>
<gx:value>0.004905706</gx:value>
<gx:value>0.0051554493</gx:value>
<gx:value>0.0036190702</gx:value>
<gx:value>0.003602222</gx:value>
<gx:value>4.8705825E-4</gx:value>
<gx:value>0.0032603845</gx:value>
<gx:value>0.0033525815</gx:value>
<gx:value>0.003597963</gx:value>
<gx:value>3.4761263E-4</gx:value>
<gx:value>0.0046805777</gx:value>
<gx:value>0.010747365</gx:value>
<gx:value>0.0042803264</gx:value>
<gx:value>0.0033833366</gx:value>
<gx:value>0.0036896276</gx:value>
<gx:value>0.0065176548</gx:value>
<gx:value>0.007922669</gx:value>
<gx:value>0.0054039313</gx:value>
<gx:value>5.0736935E-4</gx:value>
<gx:value>0.0046894774</gx:value>
<gx:value>4.7573078E-4</gx:value>
<gx:value>0.003269045</gx:value>
<gx:value>0.0049051084</gx:value>
<gx:value>0.008061084</gx:value>
<gx:value>0.007975291</gx:value>
<gx:value>0.43938667</gx:value>
<gx:value>0.11443453</gx:value>
<gx:value>0.23323002</gx:value>
<gx:value>0.7284008</gx:value>
<gx:value>0.7562251</gx:value>
<gx:value>0.87149155</gx:value>
<gx:value>0.9520909</gx:value>
<gx:value>0.82583606</gx:value>
<gx:value>0.8302566</gx:value>
<gx:value>0.9472086</gx:value>
<gx:value>1.0765785</gx:value>
<gx:value>1.1411632</gx:value>
<gx:value>1.0988305</gx:value>
<gx:value>1.08356</gx:value>
<gx:value>1.1242659</gx:value>
<gx:value>1.0784167</gx:value>
<gx:value>1.0101615</gx:value>
<gx:value>1.0485355</gx:value>
<gx:value>0.7205472</gx:value>
<gx:value>1.014314</gx:value>
<gx:value>0.8221091</gx:value>
<gx:value>0.80020183</gx:value>
<gx:value>0.9708119</gx:value>
<gx:value>0.7214209</gx:value>
<gx:value>0.7795429</gx:value>
<gx:value>0.7527544</gx:value>
<gx:value>0.33703664</gx:value>
<gx:value>0.3027776</gx:value>
<gx:value>0.0475099</gx:value>
<gx:value>0.10650607</gx:value>
<gx:value>0.12494249</gx:value>
<gx:value>0.6841951</gx:value>
<gx:value>0.16064066</gx:value>
<gx:value>0.43038067</gx:value>
<gx:value>0.14017436</gx:value>
<gx:value>0.12585482</gx:value>
<gx:value>0.15381312</gx:value>
<gx:value>0.12708615</gx:value>
<gx:value>0.4575232</gx:value>
<gx:value>0.8810427</gx:value>
<gx:value>1.0610628</gx:value>
<gx:value>0.83504725</gx:value>
<gx:value>0.30952144</gx:value>
<gx:value>0.651248</gx:value>
<gx:value>0.8375156</gx:value>
<gx:value>0.68986166</gx:value>
<gx:value>0.77160025</gx:value>
<gx:value>0.43221477</gx:value>
<gx:value>0.4420734</gx:value>
<gx:value>0.482882</gx:value>
<gx:value>0.58638024</gx:value>
<gx:value>0.48199755</gx:value>
<gx:value>0.23275393</gx:value>
<gx:value>0.1847954</gx:value>
<gx:value>0.22763331</gx:value>
<gx:value>0.15474147</gx:value>
<gx:value>0.04307216</gx:value>
<gx:value>0.09711265</gx:value>
<gx:value>0.06953654</gx:value>
<gx:value>0.06894563</gx:value>
<gx:value>0.048665185</gx:value>
<gx:value>0.0327044</gx:value>
<gx:value>0.020939056</gx:value>
<gx:value>0.012552735</gx:value>
<gx:value>0.0073698005</gx:value>
<gx:value>0.004257902</gx:value>
<gx:value>0.019795585</gx:value>
<gx:value>0.0022537184</gx:value>
<gx:value>0.0031635673</gx:value>
<gx:value>0.0034122865</gx:value>
<gx:value>0.0036961006</gx:value>
<gx:value>3.5734236E-4</gx:value>
<gx:value>1.4655313E-5</gx:value>
<gx:value>6.1274767E-7</gx:value>
<gx:value>0.027569285</gx:value>
<gx:value>0.002813937</gx:value>
<gx:value>6.3186526E-6</gx:value>
<gx:value>0.0019808565</gx:value>
<gx:value>0.0019442898</gx:value>
<gx:value>0.0012594408</gx:value>
<gx:value>0.20635311</gx:value>
<gx:value>0.18686183</gx:value>
<gx:value>0.1521436</gx:value>
<gx:value>0.102650955</gx:value>
<gx:value>0.0628909</gx:value>
<gx:value>0.03722058</gx:value>
<gx:value>0.01853825</gx:value>
<gx:value>0.017475622</gx:value>
<gx:value>0.0119770225</gx:value>
<gx:value>0.009978362</gx:value>
<gx:value>0.0072303815</gx:value>
<gx:value>0.0055765156</gx:value>
<gx:value>0.005235491</gx:value>
<gx:value>0.0045100413</gx:value>
<gx:value>0.0040989458</gx:value>
<gx:value>0.003909468</gx:value>
<gx:value>0.0022672708</gx:value>
<gx:value>0.004752053</gx:value>
<gx:value>4.9569085E-4</gx:value>
<gx:value>0.003269415</gx:value>
<gx:value>0.030981846</gx:value>
<gx:value>0.0694202</gx:value>
<gx:value>0.013464731</gx:value>
<gx:value>0.06886083</gx:value>
<gx:value>0.024131013</gx:value>
<gx:value>0.0041903956</gx:value>
<gx:value>0.0034317616</gx:value>
<gx:value>3.3690757E-4</gx:value>
<gx:value>0.0032539635</gx:value>
<gx:value>0.0033640834</gx:value>
<gx:value>0.0036895124</gx:value>
<gx:value>0.0037044566</gx:value>
<gx:value>3.5630708E-4</gx:value>
<gx:value>1.4510201E-5</gx:value>
<gx:value>0.0033474602</gx:value>
<gx:value>0.004430429</gx:value>
<gx:value>0.004690709</gx:value>
<gx:value>0.0036163148</gx:value>
<gx:value>3.1418566E-4</gx:value>
<gx:value>1.2983963E-5</gx:value>
<gx:value>6.365494E-7</gx:value>
<gx:value>0.0032547945</gx:value>
<gx:value>0.0035875423</gx:value>
<gx:value>3.4695983E-4</gx:value>
<gx:value>0.003349654</gx:value>
<gx:value>3.4196652E-4</gx:value>
<gx:value>0.0033635132</gx:value>
<gx:value>0.003368966</gx:value>
<gx:value>0.0028706419</gx:value>
<gx:value>0.004454733</gx:value>
<gx:value>0.0037030692</gx:value>
<gx:value>3.570321E-4</gx:value>
<gx:value>0.0033632398</gx:value>
<gx:value>3.412162E-4</gx:value>
<gx:value>1.497684E-5</gx:value>
<gx:value>0.0033424199</gx:value>
<gx:value>3.5967625E-4</gx:value>
<gx:value>1.6100277E-5</gx:value>
<gx:value>4.8014306E-7</gx:value>
<gx:value>1.4398807E-7</gx:value>
<gx:value>1.1864939E-8</gx:value>
<gx:value>0.0033473643</gx:value>
<gx:value>3.416883E-4</gx:value>
<gx:value>7.620016E-7</gx:value>
<gx:value>1.5448874E-6</gx:value>
<gx:value>0.3702194</gx:value>
<gx:value>0.3515601</gx:value>
<gx:value>0.27017102</gx:value>
<gx:value>0.17743376</gx:value>
<gx:value>0.1093426</gx:value>
<gx:value>0.07739368</gx:value>
<gx:value>0.047057264</gx:value>
<gx:value>0.027148515</gx:value>
<gx:value>0.014609847</gx:value>
<gx:value>0.0072038686</gx:value>
<gx:value>0.003472234</gx:value>
<gx:value>0.0019529935</gx:value>
<gx:value>2.3511205E-4</gx:value>
<gx:value>0.0013123958</gx:value>
<gx:value>4.0676945E-4</gx:value>
<gx:value>0.0014393677</gx:value>
<gx:value>0.0025300556</gx:value>
<gx:value>0.0017410845</gx:value>
<gx:value>0.0022732648</gx:value>
<gx:value>0.0021967057</gx:value>
<gx:value>0.0014387621</gx:value>
<gx:value>0.0019677917</gx:value>
<gx:value>0.0013375668</gx:value>
<gx:value>8.0710684E-4</gx:value>
<gx:value>4.7376522E-4</gx:value>
<gx:value>0.0014344729</gx:value>
<gx:value>0.0010195144</gx:value>
<gx:value>0.0019457206</gx:value>
<gx:value>0.020964487</gx:value>
<gx:value>0.051508237</gx:value>
<gx:value>0.034337122</gx:value>
<gx:value>0.018818973</gx:value>
<gx:value>0.009605591</gx:value>
<gx:value>0.005401995</gx:value>
<gx:value>0.002698216</gx:value>
<gx:value>0.0015564449</gx:value>
<gx:value>9.054364E-4</gx:value>
<gx:value>0.0014507932</gx:value>
<gx:value>0.0010335617</gx:value>
<gx:value>0.0019008542</gx:value>
<gx:value>0.0017773026</gx:value>
<gx:value>0.002256487</gx:value>
<gx:value>0.0014948011</gx:value>
<gx:value>0.0021531985</gx:value>
<gx:value>0.0014369059</gx:value>
<gx:value>8.511638E-4</gx:value>
<gx:value>0.0017807522</gx:value>
<gx:value>0.001221984</gx:value>
<gx:value>0.019418586</gx:value>
<gx:value>0.015814545</gx:value>
<gx:value>0.009838456</gx:value>
<gx:value>0.006937729</gx:value>
<gx:value>0.0040525263</gx:value>
<gx:value>0.0024054353</gx:value>
<gx:value>0.0023757715</gx:value>
<gx:value>0.0018726441</gx:value>
<gx:value>8.284601E-5</gx:value>
<gx:value>3.8968374E-6</gx:value>
<gx:value>8.497288E-7</gx:value>
<gx:value>0.0032550409</gx:value>
<gx:value>0.003363581</gx:value>
<gx:value>0.003367532</gx:value>
<gx:value>0.0028829726</gx:value>
<gx:value>0.0033622696</gx:value>
<gx:value>3.4189466E-4</gx:value>
<gx:value>1.5113022E-5</gx:value>
<gx:value>0.0032546038</gx:value>
<gx:value>0.0033646044</gx:value>
<gx:value>3.4211518E-4</gx:value>
<gx:value>0.06261421</gx:value>
<gx:value>0.022767799</gx:value>
<gx:value>0.00499483</gx:value>
<gx:value>0.0049722143</gx:value>
<gx:value>0.0037036538</gx:value>
<gx:value>3.567367E-4</gx:value>
<gx:value>0.003253939</gx:value>
<gx:value>3.3205794E-4</gx:value>
<gx:value>1.4693683E-5</gx:value>
<gx:value>4.599319E-7</gx:value>
<gx:value>1.3363379E-7</gx:value>
<gx:value>0.003254243</gx:value>
<gx:value>3.321365E-4</gx:value>
<gx:value>0.0032690496</gx:value>
<gx:value>0.0033644666</gx:value>
<gx:value>0.0032877123</gx:value>
<gx:value>3.3220323E-4</gx:value>
<gx:value>0.13625516</gx:value>
<gx:value>0.28280318</gx:value>
<gx:value>0.035965968</gx:value>
<gx:value>0.0070874784</gx:value>
<gx:value>5.417078E-4</gx:value>
<gx:value>0.0033496113</gx:value>
<gx:value>0.0034185825</gx:value>
<gx:value>0.0016136358</gx:value>
<gx:value>0.023171466</gx:value>
<gx:value>0.031362217</gx:value>
<gx:value>0.02460666</gx:value>
<gx:value>0.021849519</gx:value>
<gx:value>0.015091134</gx:value>
<gx:value>0.009112299</gx:value>
<gx:value>0.0055595334</gx:value>
<gx:value>0.0032956325</gx:value>
<gx:value>0.0019266299</gx:value>
<gx:value>0.0018588183</gx:value>
<gx:value>2.5730685E-4</gx:value>
<gx:value>0.003236362</gx:value>
<gx:value>0.0033638354</gx:value>
<gx:value>0.0030062734</gx:value>
<gx:value>0.20530811</gx:value>
<gx:value>0.050647482</gx:value>
<gx:value>0.09120177</gx:value>
<gx:value>0.08471101</gx:value>
<gx:value>0.008165569</gx:value>
<gx:value>4.0310735E-4</gx:value>
<gx:value>0.0064150994</gx:value>
<gx:value>0.5943305</gx:value>
<gx:value>0.19140138</gx:value>
<gx:value>0.08176223</gx:value>
<gx:value>0.032712605</gx:value>
<gx:value>0.06390305</gx:value>
<gx:value>0.07540636</gx:value>
<gx:value>0.06610056</gx:value>
<gx:value>0.05904095</gx:value>
<gx:value>0.060485344</gx:value>
<gx:value>0.02826317</gx:value>
<gx:value>0.022657158</gx:value>
<gx:value>0.017772956</gx:value>
<gx:value>0.018855566</gx:value>
<gx:value>0.011124779</gx:value>
<gx:value>0.010295111</gx:value>
<gx:value>0.002305115</gx:value>
<gx:value>0.004696394</gx:value>
<gx:value>0.0024521763</gx:value>
<gx:value>9.2607393E-4</gx:value>
<gx:value>3.0723738E-4</gx:value>
<gx:value>9.49369E-5</gx:value>
<gx:value>2.8019691E-5</gx:value>
<gx:value>0.006109277</gx:value>
<gx:value>0.0030362064</gx:value>
<gx:value>0.006383677</gx:value>
<gx:value>0.0031451066</gx:value>
<gx:value>0.0011651192</gx:value>
<gx:value>3.8311174E-4</gx:value>
<gx:value>0.025749203</gx:value>
<gx:value>0.0128184315</gx:value>
<gx:value>0.01097149</gx:value>
<gx:value>0.0016780664</gx:value>
<gx:value>0.0014980255</gx:value>
<gx:value>6.40976E-4</gx:value>
<gx:value>2.2517516E-4</gx:value>
<gx:value>7.193617E-5</gx:value>
<gx:value>2.1709688E-5</gx:value>
<gx:value>0.008759036</gx:value>
<gx:value>0.015971525</gx:value>
<gx:value>0.0074842027</gx:value>
<gx:value>0.0027260405</gx:value>
<gx:value>0.005402441</gx:value>
<gx:value>0.0067717643</gx:value>
<gx:value>0.003231081</gx:value>
<gx:value>0.03365635</gx:value>
<gx:value>0.016720561</gx:value>
<gx:value>0.0062104026</gx:value>
<gx:value>0.0020443553</gx:value>
<gx:value>3.5213766E-4</gx:value>
<gx:value>1.3047607E-4</gx:value>
<gx:value>0.045550246</gx:value>
<gx:value>0.04157706</gx:value>
<gx:value>0.058596626</gx:value>
<gx:value>0.0706795</gx:value>
<gx:value>0.05210461</gx:value>
<gx:value>0.059429698</gx:value>
<gx:value>0.06960468</gx:value>
<gx:value>0.063101545</gx:value>
<gx:value>0.060240574</gx:value>
<gx:value>0.045941576</gx:value>
<gx:value>0.03215831</gx:value>
<gx:value>0.19865142</gx:value>
<gx:value>0.19623245</gx:value>
<gx:value>0.16925304</gx:value>
<gx:value>0.23946214</gx:value>
<gx:value>0.23875877</gx:value>
<gx:value>0.1700134</gx:value>
<gx:value>0.12606151</gx:value>
<gx:value>0.19814754</gx:value>
<gx:value>0.25065103</gx:value>
<gx:value>0.23373348</gx:value>
<gx:value>0.12885597</gx:value>
<gx:value>0.16391568</gx:value>
<gx:value>0.14128391</gx:value>
<gx:value>0.119194515</gx:value>
<gx:value>0.097654656</gx:value>
<gx:value>0.052134667</gx:value>
<gx:value>0.015352939</gx:value>
<gx:value>0.009367695</gx:value>
<gx:value>0.0037839895</gx:value>
<gx:value>0.0073627993</gx:value>
<gx:value>0.015244424</gx:value>
<gx:value>0.00786846</gx:value>
<gx:value>0.0029615134</gx:value>
<gx:value>0.014929461</gx:value>
<gx:value>0.013158542</gx:value>
<gx:value>0.004148672</gx:value>
<gx:value>0.004848631</gx:value>
<gx:value>0.0063131074</gx:value>
<gx:value>0.0115863895</gx:value>
<gx:value>0.005307991</gx:value>
<gx:value>0.0076867244</gx:value>
<gx:value>0.011719127</gx:value>
<gx:value>0.0053959014</gx:value>
<gx:value>0.011826438</gx:value>
<gx:value>0.0062045585</gx:value>
<gx:value>0.002346313</gx:value>
<gx:value>0.18924868</gx:value>
<gx:value>0.18707433</gx:value>
<gx:value>0.1051818</gx:value>
<gx:value>0.051651537</gx:value>
<gx:value>0.0540202</gx:value>
<gx:value>0.08630066</gx:value>
<gx:value>0.16562954</gx:value>
<gx:value>0.1079131</gx:value>
<gx:value>0.017368449</gx:value>
<gx:value>0.05291855</gx:value>
<gx:value>0.06085945</gx:value>
<gx:value>0.14537236</gx:value>
<gx:value>0.12598185</gx:value>
<gx:value>0.118279144</gx:value>
<gx:value>0.0722553</gx:value>
<gx:value>0.047565997</gx:value>
<gx:value>0.8770008</gx:value>
<gx:value>0.7267259</gx:value>
<gx:value>0.8324703</gx:value>
<gx:value>0.8650988</gx:value>
<gx:value>0.8922151</gx:value>
<gx:value>0.87735176</gx:value>
<gx:value>0.8932918</gx:value>
<gx:value>0.9126412</gx:value>
<gx:value>0.90887153</gx:value>
<gx:value>0.9036717</gx:value>
<gx:value>0.916585</gx:value>
<gx:value>0.91822964</gx:value>
<gx:value>0.94791937</gx:value>
<gx:value>0.998777</gx:value>
<gx:value>1.0314403</gx:value>
<gx:value>1.0035206</gx:value>
<gx:value>1.0492245</gx:value>
<gx:value>1.1046683</gx:value>
<gx:value>1.1582069</gx:value>
<gx:value>1.1135433</gx:value>
<gx:value>1.1590152</gx:value>
<gx:value>1.1876312</gx:value>
<gx:value>1.1956265</gx:value>
<gx:value>1.2056855</gx:value>
<gx:value>1.086456</gx:value>
<gx:value>1.0939158</gx:value>
<gx:value>1.1327674</gx:value>
<gx:value>1.1298692</gx:value>
<gx:value>1.1074411</gx:value>
<gx:value>1.0584009</gx:value>
<gx:value>1.0937402</gx:value>
<gx:value>1.0670244</gx:value>
<gx:value>0.8464315</gx:value>
<gx:value>0.9295344</gx:value>
<gx:value>1.0074458</gx:value>
<gx:value>1.1015943</gx:value>
<gx:value>1.1238531</gx:value>
<gx:value>1.1508547</gx:value>
<gx:value>1.1995628</gx:value>
<gx:value>1.1740221</gx:value>
<gx:value>1.1271178</gx:value>
<gx:value>1.1625661</gx:value>
<gx:value>1.0688072</gx:value>
<gx:value>0.9761004</gx:value>
<gx:value>0.9231959</gx:value>
<gx:value>0.93698525</gx:value>
<gx:value>0.94106275</gx:value>
<gx:value>0.95008045</gx:value>
<gx:value>0.9523835</gx:value>
<gx:value>0.93645257</gx:value>
<gx:value>0.97862005</gx:value>
<gx:value>1.0682532</gx:value>
<gx:value>1.0595069</gx:value>
<gx:value>1.0096508</gx:value>
<gx:value>1.0873173</gx:value>
<gx:value>1.14054</gx:value>
<gx:value>1.2232829</gx:value>
<gx:value>1.2258444</gx:value>
<gx:value>1.2282813</gx:value>
<gx:value>1.1688309</gx:value>
<gx:value>1.1387652</gx:value>
<gx:value>1.0935676</gx:value>
<gx:value>1.0939113</gx:value>
<gx:value>1.0719194</gx:value>
<gx:value>1.0163288</gx:value>
<gx:value>1.0151905</gx:value>
<gx:value>1.084211</gx:value>
<gx:value>0.93508565</gx:value>
<gx:value>0.92648935</gx:value>
<gx:value>1.0402689</gx:value>
<gx:value>1.0533085</gx:value>
<gx:value>1.1238384</gx:value>
<gx:value>1.0711979</gx:value>
<gx:value>0.9837337</gx:value>
<gx:value>1.0472585</gx:value>
<gx:value>1.0818409</gx:value>
<gx:value>1.0509663</gx:value>
<gx:value>1.0707862</gx:value>
<gx:value>1.1568314</gx:value>
<gx:value>1.0861113</gx:value>
<gx:value>1.164596</gx:value>
<gx:value>1.1397301</gx:value>
<gx:value>1.1625007</gx:value>
<gx:value>1.1479602</gx:value>
<gx:value>1.1208934</gx:value>
<gx:value>1.0758877</gx:value>
<gx:value>1.0064225</gx:value>
<gx:value>0.71310586</gx:value>
<gx:value>0.17650764</gx:value>
<gx:value>0.102824055</gx:value>
<gx:value>0.21603677</gx:value>
<gx:value>0.37366226</gx:value>
<gx:value>0.36296138</gx:value>
<gx:value>0.8175852</gx:value>
<gx:value>1.0685958</gx:value>
<gx:value>1.0363454</gx:value>
<gx:value>1.0440631</gx:value>
<gx:value>1.0814003</gx:value>
<gx:value>1.092122</gx:value>
<gx:value>0.95148885</gx:value>
<gx:value>0.7109665</gx:value>
<gx:value>0.29011714</gx:value>
<gx:value>0.18425219</gx:value>
<gx:value>0.19862667</gx:value>
<gx:value>0.36469004</gx:value>
<gx:value>0.6031875</gx:value>
<gx:value>0.7139486</gx:value>
<gx:value>0.7558798</gx:value>
<gx:value>0.7582937</gx:value>
<gx:value>0.6693039</gx:value>
<gx:value>0.50546265</gx:value>
<gx:value>0.39367288</gx:value>
<gx:value>0.25521907</gx:value>
<gx:value>0.21865258</gx:value>
<gx:value>0.29472458</gx:value>
<gx:value>0.43756872</gx:value>
<gx:value>0.694289</gx:value>
<gx:value>0.7617628</gx:value>
<gx:value>0.94544506</gx:value>
<gx:value>0.95807487</gx:value>
<gx:value>0.9939199</gx:value>
<gx:value>1.0199019</gx:value>
<gx:value>1.0519263</gx:value>
<gx:value>1.1061125</gx:value>
<gx:value>1.138969</gx:value>
<gx:value>1.1108329</gx:value>
<gx:value>1.09379</gx:value>
<gx:value>1.0992887</gx:value>
<gx:value>1.111214</gx:value>
<gx:value>1.1487111</gx:value>
<gx:value>1.0884897</gx:value>
<gx:value>1.0681503</gx:value>
<gx:value>1.1026479</gx:value>
<gx:value>1.0908909</gx:value>
<gx:value>1.0936236</gx:value>
<gx:value>1.1305592</gx:value>
<gx:value>1.1689111</gx:value>
<gx:value>1.1778662</gx:value>
<gx:value>1.1724455</gx:value>
<gx:value>1.1993915</gx:value>
<gx:value>1.1823589</gx:value>
<gx:value>1.1764811</gx:value>
<gx:value>1.1863546</gx:value>
<gx:value>1.160423</gx:value>
<gx:value>1.1635594</gx:value>
<gx:value>1.1851714</gx:value>
<gx:value>1.2090495</gx:value>
<gx:value>1.1997719</gx:value>
<gx:value>1.1457608</gx:value>
<gx:value>1.1778224</gx:value>
<gx:value>1.2043</gx:value>
<gx:value>1.1626757</gx:value>
<gx:value>1.1658018</gx:value>
<gx:value>1.2207074</gx:value>
<gx:value>1.2575457</gx:value>
<gx:value>1.2676363</gx:value>
<gx:value>1.2732487</gx:value>
<gx:value>1.2831023</gx:value>
<gx:value>1.2818968</gx:value>
<gx:value>1.2482598</gx:value>
<gx:value>1.2116041</gx:value>
<gx:value>1.2297658</gx:value>
<gx:value>1.2657467</gx:value>
<gx:value>1.2568676</gx:value>
<gx:value>1.2578355</gx:value>
<gx:value>1.2814192</gx:value>
<gx:value>1.2790504</gx:value>
<gx:value>1.2668105</gx:value>
<gx:value>1.279351</gx:value>
<gx:value>1.2762775</gx:value>
<gx:value>1.244344</gx:value>
<gx:value>1.2708197</gx:value>
<gx:value>1.2694759</gx:value>
<gx:value>1.287442</gx:value>
<gx:value>1.2819343</gx:value>
<gx:value>1.253631</gx:value>
<gx:value>1.2586437</gx:value>
<gx:value>1.2277118</gx:value>
<gx:value>1.2037827</gx:value>
<gx:value>1.1946063</gx:value>
<gx:value>1.2014133</gx:value>
<gx:value>1.1765908</gx:value>
<gx:value>1.1471589</gx:value>
<gx:value>1.1298639</gx:value>
<gx:value>1.1576236</gx:value>
<gx:value>1.1939008</gx:value>
<gx:value>1.2164128</gx:value>
<gx:value>1.18384</gx:value>
<gx:value>1.1426997</gx:value>
<gx:value>1.1440203</gx:value>
<gx:value>1.164249</gx:value>
<gx:value>1.1743122</gx:value>
<gx:value>1.2107975</gx:value>
<gx:value>1.2071007</gx:value>
<gx:value>1.2022065</gx:value>
<gx:value>1.1989166</gx:value>
<gx:value>1.182502</gx:value>
<gx:value>1.221122</gx:value>
<gx:value>1.1986362</gx:value>
<gx:value>1.1868039</gx:value>
<gx:value>1.2247869</gx:value>
<gx:value>1.2302178</gx:value>
<gx:value>1.2734812</gx:value>
<gx:value>1.2269232</gx:value>
<gx:value>1.2143326</gx:value>
<gx:value>1.1414795</gx:value>
<gx:value>1.0954288</gx:value>
<gx:value>1.0986059</gx:value>
<gx:value>1.092512</gx:value>
<gx:value>1.0842879</gx:value>
<gx:value>1.0724776</gx:value>
<gx:value>1.0804781</gx:value>
<gx:value>1.1187483</gx:value>
<gx:value>1.1637388</gx:value>
<gx:value>1.1181496</gx:value>
<gx:value>1.1032907</gx:value>
<gx:value>1.1379927</gx:value>
<gx:value>1.1857527</gx:value>
<gx:value>1.2563213</gx:value>
<gx:value>1.2493103</gx:value>
<gx:value>1.228949</gx:value>
<gx:value>1.2101046</gx:value>
<gx:value>1.2147534</gx:value>
<gx:value>1.2032253</gx:value>
<gx:value>1.2015586</gx:value>
<gx:value>1.2391</gx:value>
<gx:value>1.228362</gx:value>
<gx:value>1.1829052</gx:value>
<gx:value>1.1884625</gx:value>
<gx:value>1.1909504</gx:value>
<gx:value>1.1612656</gx:value>
<gx:value>1.1748745</gx:value>
<gx:value>1.1777176</gx:value>
<gx:value>1.2146015</gx:value>
<gx:value>1.2065845</gx:value>
<gx:value>1.1523283</gx:value>
<gx:value>1.1563306</gx:value>
<gx:value>1.1267968</gx:value>
<gx:value>1.1577111</gx:value>
<gx:value>1.1962564</gx:value>
<gx:value>1.1355398</gx:value>
<gx:value>1.1061847</gx:value>
<gx:value>1.0229394</gx:value>
<gx:value>1.0326456</gx:value>
<gx:value>1.0945648</gx:value>
<gx:value>1.0768449</gx:value>
<gx:value>1.1690944</gx:value>
<gx:value>1.1498413</gx:value>
<gx:value>1.0463738</gx:value>
<gx:value>1.0311928</gx:value>
<gx:value>1.0643872</gx:value>
<gx:value>1.0874563</gx:value>
<gx:value>1.1355639</gx:value>
<gx:value>1.1569401</gx:value>
<gx:value>1.1974275</gx:value>
<gx:value>1.1657877</gx:value>
<gx:value>1.1526434</gx:value>
<gx:value>1.1446923</gx:value>
<gx:value>1.1380268</gx:value>
<gx:value>1.1252608</gx:value>
<gx:value>1.1249903</gx:value>
<gx:value>1.1366769</gx:value>
<gx:value>1.1453302</gx:value>
<gx:value>1.1815218</gx:value>
<gx:value>1.2029766</gx:value>
<gx:value>1.2370914</gx:value>
<gx:value>1.257472</gx:value>
<gx:value>1.1866851</gx:value>
<gx:value>1.2226753</gx:value>
<gx:value>1.1932269</gx:value>
<gx:value>1.1811932</gx:value>
<gx:value>1.1737195</gx:value>
<gx:value>1.231164</gx:value>
<gx:value>1.265944</gx:value>
<gx:value>1.3170844</gx:value>
<gx:value>1.2978245</gx:value>
<gx:value>1.2647691</gx:value>
<gx:value>1.2684492</gx:value>
<gx:value>1.2600318</gx:value>
<gx:value>1.2360755</gx:value>
<gx:value>1.1099796</gx:value>
<gx:value>1.0501634</gx:value>
<gx:value>1.1394776</gx:value>
<gx:value>1.1403054</gx:value>
<gx:value>1.0891405</gx:value>
<gx:value>1.0999863</gx:value>
<gx:value>1.1267818</gx:value>
<gx:value>1.0730386</gx:value>
<gx:value>1.1721103</gx:value>
<gx:value>1.2191579</gx:value>
<gx:value>1.2432532</gx:value>
<gx:value>1.2337973</gx:value>
<gx:value>1.2031366</gx:value>
<gx:value>1.2167053</gx:value>
<gx:value>1.1468643</gx:value>
<gx:value>1.1392514</gx:value>
<gx:value>1.191151</gx:value>
<gx:value>1.1446805</gx:value>
<gx:value>1.1545783</gx:value>
<gx:value>1.1911516</gx:value>
<gx:value>1.125247</gx:value>
<gx:value>1.139213</gx:value>
<gx:value>1.1799253</gx:value>
<gx:value>1.2429832</gx:value>
<gx:value>1.2586769</gx:value>
<gx:value>1.2496065</gx:value>
<gx:value>1.271209</gx:value>
<gx:value>1.2728013</gx:value>
<gx:value>1.2804607</gx:value>
<gx:value>1.2502167</gx:value>
<gx:value>1.2439252</gx:value>
<gx:value>1.2501751</gx:value>
<gx:value>1.2272196</gx:value>
<gx:value>1.2382023</gx:value>
<gx:value>1.2678344</gx:value>
<gx:value>1.2834473</gx:value>
<gx:value>1.2938569</gx:value>
<gx:value>1.3228183</gx:value>
<gx:value>1.3464295</gx:value>
<gx:value>1.3475183</gx:value>
<gx:value>1.3125957</gx:value>
<gx:value>1.2566333</gx:value>
<gx:value>1.2728902</gx:value>
<gx:value>1.243325</gx:value>
<gx:value>1.2326847</gx:value>
<gx:value>1.2425997</gx:value>
<gx:value>1.261074</gx:value>
<gx:value>1.275799</gx:value>
<gx:value>1.2924827</gx:value>
<gx:value>1.2696505</gx:value>
<gx:value>1.2889051</gx:value>
<gx:value>1.2582988</gx:value>
<gx:value>1.2594899</gx:value>
<gx:value>1.2423358</gx:value>
<gx:value>1.2693038</gx:value>
<gx:value>1.2907057</gx:value>
<gx:value>1.269228</gx:value>
<gx:value>1.2478367</gx:value>
<gx:value>1.189157</gx:value>
<gx:value>1.1812401</gx:value>
<gx:value>1.1786677</gx:value>
<gx:value>1.1915987</gx:value>
<gx:value>1.2168304</gx:value>
<gx:value>1.2308463</gx:value>
<gx:value>1.239642</gx:value>
<gx:value>1.2222054</gx:value>
<gx:value>1.245691</gx:value>
<gx:value>1.2667145</gx:value>
<gx:value>1.2527162</gx:value>
<gx:value>1.2346209</gx:value>
<gx:value>1.2331271</gx:value>
<gx:value>1.2219825</gx:value>
<gx:value>1.249915</gx:value>
<gx:value>1.2105988</gx:value>
<gx:value>1.1871865</gx:value>
<gx:value>1.2424562</gx:value>
<gx:value>1.2708734</gx:value>
<gx:value>1.2732002</gx:value>
<gx:value>1.245468</gx:value>
<gx:value>1.2251601</gx:value>
<gx:value>1.2086345</gx:value>
<gx:value>1.2323378</gx:value>
<gx:value>1.1763872</gx:value>
<gx:value>1.204337</gx:value>
<gx:value>1.2099634</gx:value>
<gx:value>1.2212114</gx:value>
<gx:value>1.2419608</gx:value>
<gx:value>1.2728944</gx:value>
<gx:value>1.196777</gx:value>
<gx:value>1.2067686</gx:value>
<gx:value>1.193814</gx:value>
<gx:value>1.1975467</gx:value>
<gx:value>1.2018455</gx:value>
<gx:value>1.2649868</gx:value>
<gx:value>1.2645762</gx:value>
<gx:value>1.212167</gx:value>
<gx:value>1.2251439</gx:value>
<gx:value>1.2506033</gx:value>
<gx:value>1.2544508</gx:value>
<gx:value>1.2638669</gx:value>
<gx:value>1.2122749</gx:value>
<gx:value>1.2315112</gx:value>
<gx:value>1.1210743</gx:value>
<gx:value>1.1721026</gx:value>
<gx:value>1.1962429</gx:value>
<gx:value>1.2188181</gx:value>
<gx:value>1.2465262</gx:value>
<gx:value>1.2599565</gx:value>
<gx:value>1.266517</gx:value>
<gx:value>1.2336769</gx:value>
<gx:value>1.2201251</gx:value>
<gx:value>1.1825324</gx:value>
<gx:value>1.1920288</gx:value>
<gx:value>1.2003723</gx:value>
<gx:value>1.1790378</gx:value>
<gx:value>1.1712936</gx:value>
<gx:value>1.1866882</gx:value>
<gx:value>1.2173702</gx:value>
<gx:value>1.2129039</gx:value>
<gx:value>1.2389023</gx:value>
<gx:value>1.2448888</gx:value>
<gx:value>1.2401297</gx:value>
<gx:value>1.1930825</gx:value>
<gx:value>1.1976141</gx:value>
<gx:value>1.2045505</gx:value>
<gx:value>1.1961242</gx:value>
<gx:value>1.2244034</gx:value>
<gx:value>1.205129</gx:value>
<gx:value>1.2345467</gx:value>
<gx:value>1.1871707</gx:value>
<gx:value>1.1638192</gx:value>
<gx:value>1.1999089</gx:value>
<gx:value>1.2479756</gx:value>
<gx:value>1.2433089</gx:value>
<gx:value>1.1684127</gx:value>
<gx:value>1.1875919</gx:value>
<gx:value>1.1738348</gx:value>
<gx:value>1.1669034</gx:value>
<gx:value>1.1775824</gx:value>
<gx:value>1.1925408</gx:value>
<gx:value>1.2209328</gx:value>
<gx:value>1.1805705</gx:value>
<gx:value>1.1551788</gx:value>
<gx:value>0.9998881</gx:value>
<gx:value>1.0069665</gx:value>
<gx:value>0.9682806</gx:value>
<gx:value>0.94974613</gx:value>
<gx:value>0.9852327</gx:value>
<gx:value>0.9971666</gx:value>
<gx:value>0.89378077</gx:value>
<gx:value>0.8315835</gx:value>
<gx:value>0.7955024</gx:value>
<gx:value>0.876894</gx:value>
<gx:value>0.9845587</gx:value>
<gx:value>1.0521995</gx:value>
<gx:value>1.1336484</gx:value>
<gx:value>1.166869</gx:value>
<gx:value>1.1439898</gx:value>
<gx:value>1.2101276</gx:value>
<gx:value>1.2622195</gx:value>
<gx:value>1.2677139</gx:value>
<gx:value>1.233033</gx:value>
<gx:value>1.2252517</gx:value>
<gx:value>1.1996937</gx:value>
<gx:value>1.2357441</gx:value>
<gx:value>1.2449521</gx:value>
<gx:value>1.2163067</gx:value>
<gx:value>1.2382786</gx:value>
<gx:value>1.1996009</gx:value>
<gx:value>1.1678971</gx:value>
<gx:value>1.2002375</gx:value>
<gx:value>1.1453316</gx:value>
<gx:value>1.0472106</gx:value>
<gx:value>0.85175467</gx:value>
<gx:value>0.5800783</gx:value>
<gx:value>0.37077135</gx:value>
<gx:value>0.16091047</gx:value>
<gx:value>0.07538708</gx:value>
<gx:value>0.095156975</gx:value>
<gx:value>0.06676242</gx:value>
<gx:value>0.10053126</gx:value>
<gx:value>0.21280661</gx:value>
<gx:value>0.37471864</gx:value>
<gx:value>0.62850094</gx:value>
<gx:value>0.9336935</gx:value>
<gx:value>1.0962437</gx:value>
<gx:value>1.1964524</gx:value>
<gx:value>1.2198567</gx:value>
<gx:value>1.2596648</gx:value>
<gx:value>1.235606</gx:value>
<gx:value>1.2949169</gx:value>
<gx:value>1.3023064</gx:value>
<gx:value>1.3322355</gx:value>
<gx:value>1.3179575</gx:value>
<gx:value>1.2512141</gx:value>
<gx:value>1.2390062</gx:value>
<gx:value>1.2661837</gx:value>
<gx:value>1.3024298</gx:value>
<gx:value>1.2979933</gx:value>
<gx:value>1.288609</gx:value>
<gx:value>1.2823638</gx:value>
<gx:value>1.2584493</gx:value>
<gx:value>1.2186304</gx:value>
<gx:value>1.1609814</gx:value>
<gx:value>1.1605854</gx:value>
<gx:value>1.1568704</gx:value>
<gx:value>1.0834134</gx:value>
<gx:value>0.9746645</gx:value>
<gx:value>0.8822322</gx:value>
<gx:value>0.9565143</gx:value>
<gx:value>1.1382589</gx:value>
<gx:value>1.2183894</gx:value>
<gx:value>1.2353507</gx:value>
<gx:value>1.2530758</gx:value>
<gx:value>1.2506155</gx:value>
<gx:value>1.2621769</gx:value>
<gx:value>1.2560974</gx:value>
<gx:value>1.21773</gx:value>
<gx:value>1.170658</gx:value>
<gx:value>1.0896626</gx:value>
<gx:value>1.0347904</gx:value>
<gx:value>1.0036157</gx:value>
<gx:value>1.0361686</gx:value>
<gx:value>1.0543693</gx:value>
<gx:value>1.0872761</gx:value>
<gx:value>1.144768</gx:value>
<gx:value>1.1563547</gx:value>
<gx:value>1.1745808</gx:value>
<gx:value>1.1930164</gx:value>
<gx:value>1.2211459</gx:value>
<gx:value>1.2405769</gx:value>
<gx:value>1.234865</gx:value>
<gx:value>1.2439531</gx:value>
<gx:value>1.2171166</gx:value>
<gx:value>1.2280082</gx:value>
<gx:value>1.2326509</gx:value>
<gx:value>1.2661153</gx:value>
<gx:value>1.2677729</gx:value>
<gx:value>1.2471311</gx:value>
<gx:value>1.2281517</gx:value>
<gx:value>1.2273673</gx:value>
<gx:value>1.223294</gx:value>
<gx:value>1.1850077</gx:value>
<gx:value>1.1680595</gx:value>
<gx:value>1.1328491</gx:value>
<gx:value>1.1000013</gx:value>
<gx:value>1.0431052</gx:value>
<gx:value>1.0134671</gx:value>
<gx:value>1.0356052</gx:value>
<gx:value>1.0667548</gx:value>
<gx:value>1.0747367</gx:value>
<gx:value>1.0818686</gx:value>
<gx:value>1.0861493</gx:value>
<gx:value>1.1082419</gx:value>
<gx:value>1.1084944</gx:value>
<gx:value>1.0931847</gx:value>
<gx:value>1.0605912</gx:value>
<gx:value>1.0854065</gx:value>
<gx:value>1.1359384</gx:value>
<gx:value>1.1666151</gx:value>
<gx:value>1.189337</gx:value>
<gx:value>1.1643076</gx:value>
<gx:value>1.1522589</gx:value>
<gx:value>1.1379514</gx:value>
<gx:value>1.1064309</gx:value>
<gx:value>1.1043521</gx:value>
<gx:value>1.1342925</gx:value>
<gx:value>1.1711589</gx:value>
<gx:value>1.2052679</gx:value>
<gx:value>1.1915338</gx:value>
<gx:value>1.0756375</gx:value>
<gx:value>1.119145</gx:value>
<gx:value>1.1573863</gx:value>
<gx:value>1.166235</gx:value>
<gx:value>1.1493857</gx:value>
<gx:value>1.1174004</gx:value>
<gx:value>1.0985808</gx:value>
<gx:value>1.155271</gx:value>
<gx:value>1.0931872</gx:value>
<gx:value>1.1352446</gx:value>
<gx:value>1.1645473</gx:value>
<gx:value>1.2230493</gx:value>
<gx:value>1.2620503</gx:value>
<gx:value>1.2350972</gx:value>
<gx:value>1.1764569</gx:value>
<gx:value>1.1446733</gx:value>
<gx:value>1.1343459</gx:value>
<gx:value>1.184867</gx:value>
<gx:value>1.1974262</gx:value>
<gx:value>1.2162989</gx:value>
<gx:value>1.260257</gx:value>
<gx:value>1.3122782</gx:value>
<gx:value>1.2949926</gx:value>
<gx:value>1.2637411</gx:value>
<gx:value>1.2788064</gx:value>
<gx:value>1.2879688</gx:value>
<gx:value>1.3229905</gx:value>
<gx:value>1.3594183</gx:value>
<gx:value>1.3383772</gx:value>
<gx:value>1.3001653</gx:value>
<gx:value>1.2828617</gx:value>
<gx:value>1.2721275</gx:value>
<gx:value>1.2600905</gx:value>
<gx:value>1.2856083</gx:value>
<gx:value>1.2563064</gx:value>
<gx:value>1.2355976</gx:value>
<gx:value>1.2730178</gx:value>
<gx:value>1.2535866</gx:value>
<gx:value>1.2194064</gx:value>
<gx:value>1.2101258</gx:value>
<gx:value>1.2217305</gx:value>
<gx:value>1.1985141</gx:value>
<gx:value>1.207605</gx:value>
<gx:value>1.2319815</gx:value>
<gx:value>1.2547386</gx:value>
<gx:value>1.249201</gx:value>
<gx:value>1.2770103</gx:value>
<gx:value>1.3039302</gx:value>
<gx:value>1.2833763</gx:value>
<gx:value>1.2769402</gx:value>
<gx:value>1.2782545</gx:value>
<gx:value>1.263623</gx:value>
<gx:value>1.1824806</gx:value>
<gx:value>1.1243095</gx:value>
<gx:value>1.099788</gx:value>
<gx:value>1.0677736</gx:value>
<gx:value>1.1028191</gx:value>
<gx:value>1.1129745</gx:value>
<gx:value>1.101944</gx:value>
<gx:value>1.1439536</gx:value>
<gx:value>1.1784331</gx:value>
<gx:value>1.1895163</gx:value>
<gx:value>1.2039727</gx:value>
<gx:value>1.2208875</gx:value>
<gx:value>1.2420361</gx:value>
<gx:value>1.147963</gx:value>
<gx:value>1.1311634</gx:value>
<gx:value>1.1380115</gx:value>
<gx:value>1.1459271</gx:value>
<gx:value>1.1712948</gx:value>
<gx:value>1.201707</gx:value>
<gx:value>1.2168516</gx:value>
<gx:value>1.1978691</gx:value>
<gx:value>1.16558</gx:value>
<gx:value>1.186725</gx:value>
<gx:value>1.1973622</gx:value>
<gx:value>1.2066371</gx:value>
<gx:value>1.2127535</gx:value>
<gx:value>1.2349116</gx:value>
<gx:value>1.2532808</gx:value>
<gx:value>1.3005809</gx:value>
<gx:value>1.3140879</gx:value>
<gx:value>1.3155458</gx:value>
<gx:value>1.3019409</gx:value>
<gx:value>1.2386059</gx:value>
<gx:value>1.2753161</gx:value>
<gx:value>1.3006173</gx:value>
<gx:value>1.2457619</gx:value>
<gx:value>1.2858776</gx:value>
<gx:value>1.2427586</gx:value>
<gx:value>1.246254</gx:value>
<gx:value>1.2377706</gx:value>
<gx:value>1.2444731</gx:value>
<gx:value>1.2623093</gx:value>
<gx:value>1.2605344</gx:value>
<gx:value>1.2613577</gx:value>
<gx:value>1.285379</gx:value>
<gx:value>1.2368532</gx:value>
<gx:value>1.215535</gx:value>
<gx:value>1.2091994</gx:value>
<gx:value>1.1735514</gx:value>
<gx:value>1.1910062</gx:value>
<gx:value>1.2488824</gx:value>
<gx:value>1.2793328</gx:value>
<gx:value>1.2628752</gx:value>
<gx:value>1.2250541</gx:value>
<gx:value>1.2386171</gx:value>
<gx:value>1.2178297</gx:value>
<gx:value>1.2213687</gx:value>
<gx:value>1.2064027</gx:value>
<gx:value>1.218205</gx:value>
<gx:value>1.2309836</gx:value>
<gx:value>1.253048</gx:value>
<gx:value>1.2778002</gx:value>
<gx:value>1.2431607</gx:value>
<gx:value>1.2588148</gx:value>
<gx:value>1.2478743</gx:value>
<gx:value>1.2529318</gx:value>
<gx:value>1.2276986</gx:value>
<gx:value>1.2049512</gx:value>
<gx:value>1.1841735</gx:value>
<gx:value>1.1801082</gx:value>
<gx:value>1.2029867</gx:value>
<gx:value>1.2199671</gx:value>
<gx:value>1.1320723</gx:value>
<gx:value>1.1344584</gx:value>
<gx:value>1.1256133</gx:value>
<gx:value>1.104574</gx:value>
<gx:value>1.135352</gx:value>
<gx:value>1.1190673</gx:value>
<gx:value>1.1329783</gx:value>
<gx:value>1.1814165</gx:value>
<gx:value>1.1368289</gx:value>
<gx:value>1.1095767</gx:value>
<gx:value>1.1141115</gx:value>
<gx:value>1.1222371</gx:value>
<gx:value>1.0865301</gx:value>
<gx:value>1.0471388</gx:value>
<gx:value>1.0445651</gx:value>
<gx:value>1.0125101</gx:value>
<gx:value>1.0404909</gx:value>
<gx:value>1.0580149</gx:value>
<gx:value>0.99012995</gx:value>
<gx:value>1.0602449</gx:value>
<gx:value>1.0821608</gx:value>
<gx:value>1.0922877</gx:value>
<gx:value>1.0831417</gx:value>
<gx:value>1.1150227</gx:value>
<gx:value>1.1733118</gx:value>
<gx:value>1.2164233</gx:value>
<gx:value>1.2342921</gx:value>
<gx:value>1.1035947</gx:value>
<gx:value>1.1318512</gx:value>
<gx:value>1.1732906</gx:value>
<gx:value>1.1935115</gx:value>
<gx:value>1.0646684</gx:value>
<gx:value>1.0555468</gx:value>
<gx:value>1.0641738</gx:value>
<gx:value>1.0522212</gx:value>
<gx:value>1.0459899</gx:value>
<gx:value>0.79766834</gx:value>
<gx:value>0.59028476</gx:value>
<gx:value>0.47184718</gx:value>
<gx:value>0.523158</gx:value>
<gx:value>0.63335943</gx:value>
<gx:value>0.7899667</gx:value>
<gx:value>0.88277596</gx:value>
<gx:value>0.92311233</gx:value>
<gx:value>0.9298831</gx:value>
<gx:value>0.8207168</gx:value>
<gx:value>0.7340956</gx:value>
<gx:value>0.8067734</gx:value>
<gx:value>0.840565</gx:value>
<gx:value>0.9112414</gx:value>
<gx:value>0.9779636</gx:value>
<gx:value>1.0876133</gx:value>
<gx:value>1.1416571</gx:value>
<gx:value>1.1512072</gx:value>
<gx:value>1.1707904</gx:value>
<gx:value>1.2137666</gx:value>
<gx:value>1.2129534</gx:value>
<gx:value>1.2534504</gx:value>
<gx:value>1.1992493</gx:value>
<gx:value>1.2163638</gx:value>
<gx:value>1.2228997</gx:value>
<gx:value>1.2126684</gx:value>
<gx:value>1.2248286</gx:value>
<gx:value>1.2574592</gx:value>
<gx:value>1.2412223</gx:value>
<gx:value>1.1983548</gx:value>
<gx:value>0.9549396</gx:value>
<gx:value>0.9529589</gx:value>
<gx:value>0.97453994</gx:value>
<gx:value>1.051438</gx:value>
<gx:value>1.1148412</gx:value>
<gx:value>1.1358488</gx:value>
<gx:value>1.1829594</gx:value>
<gx:value>1.2186363</gx:value>
<gx:value>1.2378912</gx:value>
<gx:value>1.2595261</gx:value>
<gx:value>1.2912158</gx:value>
<gx:value>1.317101</gx:value>
<gx:value>1.2689373</gx:value>
<gx:value>1.2260422</gx:value>
<gx:value>1.1779742</gx:value>
<gx:value>1.1487285</gx:value>
<gx:value>1.2067853</gx:value>
<gx:value>1.261994</gx:value>
<gx:value>1.3011461</gx:value>
<gx:value>1.3177625</gx:value>
<gx:value>1.3294559</gx:value>
<gx:value>1.3429172</gx:value>
<gx:value>1.3113741</gx:value>
<gx:value>1.2382377</gx:value>
<gx:value>1.2328773</gx:value>
<gx:value>1.2174263</gx:value>
<gx:value>1.102935</gx:value>
<gx:value>1.0883744</gx:value>
<gx:value>1.0476522</gx:value>
<gx:value>1.1328212</gx:value>
<gx:value>1.2269863</gx:value>
<gx:value>1.2442183</gx:value>
<gx:value>1.2748082</gx:value>
<gx:value>1.2608659</gx:value>
<gx:value>1.2580901</gx:value>
<gx:value>1.2979031</gx:value>
<gx:value>1.341316</gx:value>
<gx:value>1.3160981</gx:value>
<gx:value>1.3120854</gx:value>
<gx:value>1.438212</gx:value>
<gx:value>1.4059856</gx:value>
<gx:value>1.3664979</gx:value>
<gx:value>1.3412035</gx:value>
<gx:value>1.256014</gx:value>
<gx:value>1.207238</gx:value>
<gx:value>1.2106316</gx:value>
<gx:value>1.1001462</gx:value>
<gx:value>1.0824645</gx:value>
<gx:value>1.0705471</gx:value>
<gx:value>1.048079</gx:value>
<gx:value>1.0316781</gx:value>
<gx:value>1.0815094</gx:value>
<gx:value>1.1166062</gx:value>
<gx:value>1.1373247</gx:value>
<gx:value>1.1964911</gx:value>
<gx:value>1.2248791</gx:value>
<gx:value>1.2059484</gx:value>
<gx:value>1.1998482</gx:value>
<gx:value>1.1594983</gx:value>
<gx:value>1.1372982</gx:value>
<gx:value>1.1629202</gx:value>
<gx:value>1.1753601</gx:value>
<gx:value>1.1975406</gx:value>
<gx:value>1.2312039</gx:value>
<gx:value>1.0019209</gx:value>
<gx:value>0.7275182</gx:value>
<gx:value>0.58321375</gx:value>
<gx:value>0.6316649</gx:value>
<gx:value>0.7798003</gx:value>
<gx:value>0.8586275</gx:value>
<gx:value>1.017802</gx:value>
<gx:value>1.0913446</gx:value>
<gx:value>0.98763037</gx:value>
<gx:value>0.86164516</gx:value>
<gx:value>0.71736246</gx:value>
<gx:value>0.53510594</gx:value>
<gx:value>0.32361472</gx:value>
<gx:value>0.22190952</gx:value>
<gx:value>0.1579615</gx:value>
<gx:value>0.12826473</gx:value>
<gx:value>0.15267415</gx:value>
<gx:value>0.24114303</gx:value>
<gx:value>0.43046752</gx:value>
<gx:value>0.8955698</gx:value>
<gx:value>1.1112528</gx:value>
<gx:value>1.2088906</gx:value>
<gx:value>1.2925357</gx:value>
<gx:value>1.2413074</gx:value>
<gx:value>1.2758895</gx:value>
<gx:value>1.2980106</gx:value>
<gx:value>1.3279899</gx:value>
<gx:value>1.2908826</gx:value>
<gx:value>1.1078564</gx:value>
<gx:value>1.2071025</gx:value>
<gx:value>1.2545536</gx:value>
<gx:value>1.2641511</gx:value>
<gx:value>1.2775563</gx:value>
<gx:value>1.240361</gx:value>
<gx:value>1.2106123</gx:value>
<gx:value>1.2681882</gx:value>
<gx:value>1.2656195</gx:value>
<gx:value>1.2743871</gx:value>
<gx:value>1.324006</gx:value>
<gx:value>1.3349127</gx:value>
<gx:value>1.5104122</gx:value>
<gx:value>1.4917415</gx:value>
<gx:value>1.445754</gx:value>
<gx:value>1.388597</gx:value>
<gx:value>1.2653142</gx:value>
<gx:value>1.145099</gx:value>
<gx:value>1.1611283</gx:value>
<gx:value>1.2223799</gx:value>
<gx:value>1.2847109</gx:value>
<gx:value>1.3000153</gx:value>
<gx:value>1.2936797</gx:value>
<gx:value>1.2521917</gx:value>
<gx:value>1.2181486</gx:value>
<gx:value>1.2244486</gx:value>
<gx:value>1.1950973</gx:value>
<gx:value>1.0886241</gx:value>
<gx:value>1.0787826</gx:value>
<gx:value>1.058425</gx:value>
<gx:value>0.9945</gx:value>
<gx:value>0.8076507</gx:value>
<gx:value>0.828324</gx:value>
<gx:value>0.91168165</gx:value>
<gx:value>1.0167735</gx:value>
<gx:value>1.0545563</gx:value>
<gx:value>1.1193542</gx:value>
<gx:value>1.1827149</gx:value>
<gx:value>1.2108545</gx:value>
<gx:value>1.2370605</gx:value>
<gx:value>1.2408842</gx:value>
<gx:value>1.239809</gx:value>
<gx:value>1.199056</gx:value>
<gx:value>1.1781433</gx:value>
<gx:value>1.1439236</gx:value>
<gx:value>1.2003238</gx:value>
<gx:value>1.1877277</gx:value>
<gx:value>1.1859047</gx:value>
<gx:value>1.2036464</gx:value>
<gx:value>1.2564853</gx:value>
<gx:value>1.3214743</gx:value>
<gx:value>1.2815942</gx:value>
<gx:value>1.3187276</gx:value>
<gx:value>1.302256</gx:value>
<gx:value>1.326725</gx:value>
<gx:value>1.3485823</gx:value>
<gx:value>1.3390199</gx:value>
<gx:value>1.3230679</gx:value>
<gx:value>1.2904896</gx:value>
<gx:value>1.2771984</gx:value>
<gx:value>1.3285865</gx:value>
<gx:value>1.3348675</gx:value>
<gx:value>1.3432893</gx:value>
<gx:value>1.3381253</gx:value>
<gx:value>1.3692242</gx:value>
<gx:value>1.3684822</gx:value>
<gx:value>1.3973866</gx:value>
<gx:value>1.3866928</gx:value>
<gx:value>1.3011966</gx:value>
<gx:value>1.3166003</gx:value>
<gx:value>1.320998</gx:value>
<gx:value>1.2862289</gx:value>
<gx:value>1.291843</gx:value>
<gx:value>1.2471986</gx:value>
<gx:value>1.2099266</gx:value>
<gx:value>1.1666481</gx:value>
<gx:value>1.1870844</gx:value>
<gx:value>1.2468138</gx:value>
<gx:value>1.2495166</gx:value>
<gx:value>1.1976346</gx:value>
<gx:value>1.2498928</gx:value>
<gx:value>1.2433221</gx:value>
<gx:value>1.1896529</gx:value>
<gx:value>1.1706752</gx:value>
<gx:value>1.0941191</gx:value>
<gx:value>1.1041757</gx:value>
<gx:value>1.0766627</gx:value>
<gx:value>1.0829204</gx:value>
<gx:value>0.995293</gx:value>
<gx:value>0.79920053</gx:value>
<gx:value>0.87492496</gx:value>
<gx:value>0.33592343</gx:value>
<gx:value>0.19197634</gx:value>
<gx:value>0.104105495</gx:value>
<gx:value>0.107847355</gx:value>
<gx:value>0.099013634</gx:value>
<gx:value>0.05377132</gx:value>
<gx:value>0.08667502</gx:value>
<gx:value>0.22476865</gx:value>
<gx:value>0.24313915</gx:value>
<gx:value>0.7349179</gx:value>
<gx:value>0.9081669</gx:value>
<gx:value>0.60488385</gx:value>
<gx:value>0.47977617</gx:value>
<gx:value>0.24591838</gx:value>
<gx:value>0.10637089</gx:value>
<gx:value>0.073874414</gx:value>
<gx:value>0.08165021</gx:value>
<gx:value>0.05888244</gx:value>
<gx:value>0.074136615</gx:value>
<gx:value>0.110181004</gx:value>
<gx:value>0.5464368</gx:value>
<gx:value>0.90922415</gx:value>
<gx:value>1.0117143</gx:value>
<gx:value>1.0629855</gx:value>
<gx:value>1.1143394</gx:value>
<gx:value>1.0516161</gx:value>
<gx:value>1.0365814</gx:value>
<gx:value>1.0488752</gx:value>
<gx:value>1.0764616</gx:value>
<gx:value>1.0847933</gx:value>
<gx:value>1.0537456</gx:value>
<gx:value>1.0141897</gx:value>
<gx:value>1.0067241</gx:value>
<gx:value>1.0285999</gx:value>
<gx:value>1.0553267</gx:value>
<gx:value>1.1151716</gx:value>
<gx:value>1.1687822</gx:value>
<gx:value>1.186156</gx:value>
<gx:value>1.1979536</gx:value>
<gx:value>1.1657084</gx:value>
<gx:value>1.1922599</gx:value>
<gx:value>1.2758325</gx:value>
<gx:value>1.2524353</gx:value>
<gx:value>1.2331349</gx:value>
<gx:value>1.1700132</gx:value>
<gx:value>1.157832</gx:value>
<gx:value>1.1861997</gx:value>
<gx:value>1.2484035</gx:value>
<gx:value>1.2738703</gx:value>
<gx:value>1.2951107</gx:value>
<gx:value>1.2846954</gx:value>
<gx:value>1.3143902</gx:value>
<gx:value>1.2820148</gx:value>
<gx:value>1.3129481</gx:value>
<gx:value>1.3156018</gx:value>
<gx:value>1.3278263</gx:value>
<gx:value>1.2898304</gx:value>
<gx:value>1.2663492</gx:value>
<gx:value>1.2805648</gx:value>
<gx:value>1.3039134</gx:value>
<gx:value>1.2640871</gx:value>
<gx:value>1.2695369</gx:value>
<gx:value>1.2485622</gx:value>
<gx:value>1.2769252</gx:value>
<gx:value>1.2619421</gx:value>
<gx:value>1.2661854</gx:value>
<gx:value>1.2316443</gx:value>
<gx:value>1.2741923</gx:value>
<gx:value>1.241914</gx:value>
<gx:value>1.2344879</gx:value>
<gx:value>1.242453</gx:value>
<gx:value>1.2978109</gx:value>
<gx:value>1.2673999</gx:value>
<gx:value>1.2618086</gx:value>
<gx:value>1.2613834</gx:value>
<gx:value>1.2273539</gx:value>
<gx:value>1.2324831</gx:value>
<gx:value>1.2411454</gx:value>
<gx:value>1.2504705</gx:value>
<gx:value>1.231278</gx:value>
<gx:value>1.2411188</gx:value>
<gx:value>1.2693226</gx:value>
<gx:value>1.256713</gx:value>
<gx:value>1.2538317</gx:value>
<gx:value>1.2668473</gx:value>
<gx:value>1.239032</gx:value>
<gx:value>1.22625</gx:value>
<gx:value>1.2481018</gx:value>
<gx:value>1.2750192</gx:value>
<gx:value>1.2787827</gx:value>
<gx:value>1.294449</gx:value>
<gx:value>1.2802078</gx:value>
<gx:value>1.2762535</gx:value>
<gx:value>1.2885704</gx:value>
<gx:value>1.2638237</gx:value>
<gx:value>1.272362</gx:value>
<gx:value>1.2842327</gx:value>
<gx:value>1.2683553</gx:value>
<gx:value>1.2136923</gx:value>
<gx:value>1.2399781</gx:value>
<gx:value>1.2486368</gx:value>
<gx:value>1.2418697</gx:value>
<gx:value>1.1643038</gx:value>
<gx:value>1.1629986</gx:value>
<gx:value>1.1271392</gx:value>
<gx:value>1.1821142</gx:value>
<gx:value>1.1032034</gx:value>
<gx:value>1.0680593</gx:value>
<gx:value>1.0676665</gx:value>
<gx:value>1.1554197</gx:value>
<gx:value>1.1712639</gx:value>
<gx:value>1.208105</gx:value>
<gx:value>1.1944153</gx:value>
<gx:value>1.1979692</gx:value>
<gx:value>1.2122918</gx:value>
<gx:value>1.26032</gx:value>
<gx:value>1.2530192</gx:value>
<gx:value>1.208185</gx:value>
<gx:value>1.2081043</gx:value>
<gx:value>1.1979481</gx:value>
<gx:value>1.1463017</gx:value>
<gx:value>1.1301949</gx:value>
<gx:value>1.1778517</gx:value>
<gx:value>1.2528794</gx:value>
<gx:value>1.2563887</gx:value>
<gx:value>1.3148179</gx:value>
<gx:value>1.30218</gx:value>
<gx:value>1.2984017</gx:value>
<gx:value>1.2904626</gx:value>
<gx:value>1.2791933</gx:value>
<gx:value>1.2327031</gx:value>
<gx:value>1.2419089</gx:value>
<gx:value>1.2647668</gx:value>
<gx:value>1.267436</gx:value>
<gx:value>1.2537926</gx:value>
<gx:value>1.263765</gx:value>
<gx:value>1.2867374</gx:value>
<gx:value>1.2745377</gx:value>
<gx:value>1.2379472</gx:value>
<gx:value>1.2459954</gx:value>
<gx:value>1.2109584</gx:value>
<gx:value>1.1986548</gx:value>
<gx:value>1.198017</gx:value>
<gx:value>1.1905161</gx:value>
<gx:value>1.2116905</gx:value>
<gx:value>1.0356551</gx:value>
<gx:value>1.0040203</gx:value>
<gx:value>1.0621997</gx:value>
<gx:value>0.8407312</gx:value>
<gx:value>0.48570305</gx:value>
<gx:value>0.23626919</gx:value>
<gx:value>0.088286534</gx:value>
<gx:value>0.046151947</gx:value>
<gx:value>0.07641144</gx:value>
<gx:value>0.06844155</gx:value>
<gx:value>0.06139629</gx:value>
<gx:value>0.024323724</gx:value>
<gx:value>0.061853956</gx:value>
<gx:value>0.061134886</gx:value>
<gx:value>0.06204032</gx:value>
<gx:value>0.025642678</gx:value>
<gx:value>0.025242444</gx:value>
<gx:value>0.07989602</gx:value>
<gx:value>0.1863403</gx:value>
<gx:value>0.08395953</gx:value>
<gx:value>0.6754036</gx:value>
<gx:value>0.91277194</gx:value>
<gx:value>1.0409919</gx:value>
<gx:value>1.110087</gx:value>
<gx:value>1.1676269</gx:value>
<gx:value>1.2077868</gx:value>
<gx:value>1.2412766</gx:value>
<gx:value>1.2371999</gx:value>
<gx:value>1.2500763</gx:value>
<gx:value>1.2651833</gx:value>
<gx:value>1.2996906</gx:value>
<gx:value>1.2936536</gx:value>
<gx:value>1.2988987</gx:value>
<gx:value>1.2939147</gx:value>
<gx:value>1.2946552</gx:value>
<gx:value>1.2821401</gx:value>
<gx:value>1.2629995</gx:value>
<gx:value>1.2597727</gx:value>
<gx:value>1.2563295</gx:value>
<gx:value>1.2369989</gx:value>
<gx:value>1.2814438</gx:value>
<gx:value>1.2787162</gx:value>
<gx:value>1.2908391</gx:value>
<gx:value>1.3021472</gx:value>
<gx:value>1.2960439</gx:value>
<gx:value>1.2868801</gx:value>
<gx:value>1.3168372</gx:value>
<gx:value>1.3231195</gx:value>
<gx:value>1.3412926</gx:value>
<gx:value>1.3717829</gx:value>
<gx:value>1.3611319</gx:value>
<gx:value>1.2446871</gx:value>
<gx:value>1.1553414</gx:value>
<gx:value>1.1026218</gx:value>
<gx:value>1.0737386</gx:value>
<gx:value>1.1052027</gx:value>
<gx:value>1.1857715</gx:value>
<gx:value>1.2647535</gx:value>
<gx:value>1.325427</gx:value>
<gx:value>1.3004208</gx:value>
<gx:value>1.2594116</gx:value>
<gx:value>1.277723</gx:value>
<gx:value>1.2847854</gx:value>
<gx:value>1.2540947</gx:value>
<gx:value>1.1565161</gx:value>
<gx:value>1.094726</gx:value>
<gx:value>1.0658784</gx:value>
<gx:value>1.0464722</gx:value>
<gx:value>1.1237819</gx:value>
<gx:value>1.2007506</gx:value>
<gx:value>1.2512606</gx:value>
<gx:value>1.2583737</gx:value>
<gx:value>1.2120445</gx:value>
<gx:value>1.1916025</gx:value>
<gx:value>1.1247369</gx:value>
<gx:value>1.1178347</gx:value>
<gx:value>1.1948305</gx:value>
<gx:value>1.2266352</gx:value>
<gx:value>1.2341094</gx:value>
<gx:value>1.2243605</gx:value>
<gx:value>1.1969901</gx:value>
<gx:value>1.161931</gx:value>
<gx:value>1.1672279</gx:value>
<gx:value>1.1867105</gx:value>
<gx:value>1.1533664</gx:value>
<gx:value>1.0975196</gx:value>
<gx:value>1.0948845</gx:value>
<gx:value>1.1957873</gx:value>
<gx:value>1.1940506</gx:value>
<gx:value>1.1993449</gx:value>
<gx:value>1.2708095</gx:value>
<gx:value>1.3094866</gx:value>
<gx:value>1.3351198</gx:value>
<gx:value>1.2818234</gx:value>
<gx:value>1.2813208</gx:value>
<gx:value>1.2576035</gx:value>
<gx:value>1.251834</gx:value>
<gx:value>1.228276</gx:value>
<gx:value>1.2283447</gx:value>
<gx:value>1.2282697</gx:value>
<gx:value>1.2349179</gx:value>
<gx:value>1.2307383</gx:value>
<gx:value>1.2285085</gx:value>
<gx:value>1.2173077</gx:value>
<gx:value>1.2405468</gx:value>
<gx:value>1.1430821</gx:value>
<gx:value>1.1710447</gx:value>
<gx:value>1.1925453</gx:value>
<gx:value>1.2280666</gx:value>
<gx:value>1.2190086</gx:value>
<gx:value>1.2340703</gx:value>
<gx:value>1.1528373</gx:value>
<gx:value>1.1502123</gx:value>
<gx:value>1.1845884</gx:value>
<gx:value>1.186005</gx:value>
<gx:value>1.215029</gx:value>
<gx:value>1.2848098</gx:value>
<gx:value>1.2517779</gx:value>
<gx:value>1.2415812</gx:value>
<gx:value>1.2185773</gx:value>
<gx:value>1.2402141</gx:value>
<gx:value>1.2573037</gx:value>
<gx:value>1.2106134</gx:value>
<gx:value>1.2113878</gx:value>
<gx:value>1.2055475</gx:value>
<gx:value>1.2031082</gx:value>
<gx:value>1.1585519</gx:value>
<gx:value>1.1752373</gx:value>
<gx:value>1.1776671</gx:value>
<gx:value>1.1680611</gx:value>
<gx:value>1.1244118</gx:value>
<gx:value>1.1429664</gx:value>
<gx:value>1.175436</gx:value>
<gx:value>1.1961802</gx:value>
<gx:value>1.1832879</gx:value>
<gx:value>1.1894985</gx:value>
<gx:value>1.1688985</gx:value>
<gx:value>1.1768843</gx:value>
<gx:value>1.1837285</gx:value>
<gx:value>1.2181456</gx:value>
<gx:value>1.2404562</gx:value>
<gx:value>1.2149873</gx:value>
<gx:value>1.1712058</gx:value>
<gx:value>1.1898787</gx:value>
<gx:value>1.17625</gx:value>
<gx:value>1.1683019</gx:value>
<gx:value>1.1935388</gx:value>
<gx:value>1.2305461</gx:value>
<gx:value>1.2660223</gx:value>
<gx:value>1.2916648</gx:value>
<gx:value>1.2890657</gx:value>
<gx:value>1.2787187</gx:value>
<gx:value>1.2925162</gx:value>
<gx:value>1.2592328</gx:value>
<gx:value>1.231462</gx:value>
<gx:value>1.2450974</gx:value>
<gx:value>1.24152</gx:value>
<gx:value>1.2521588</gx:value>
<gx:value>1.268766</gx:value>
<gx:value>1.2945949</gx:value>
<gx:value>1.3085963</gx:value>
<gx:value>1.3100623</gx:value>
<gx:value>1.2498811</gx:value>
<gx:value>1.2379576</gx:value>
<gx:value>1.1321356</gx:value>
<gx:value>1.1682884</gx:value>
<gx:value>1.1628517</gx:value>
<gx:value>1.1246625</gx:value>
<gx:value>1.1289372</gx:value>
<gx:value>1.1289477</gx:value>
<gx:value>1.1383823</gx:value>
<gx:value>1.1207826</gx:value>
<gx:value>1.1010208</gx:value>
<gx:value>1.0171603</gx:value>
<gx:value>0.9965207</gx:value>
<gx:value>0.9192371</gx:value>
<gx:value>0.81328005</gx:value>
<gx:value>0.80456483</gx:value>
<gx:value>0.6263152</gx:value>
<gx:value>0.48458016</gx:value>
<gx:value>0.5058101</gx:value>
<gx:value>0.64119214</gx:value>
<gx:value>0.82423794</gx:value>
<gx:value>0.9158298</gx:value>
<gx:value>1.0089906</gx:value>
<gx:value>1.0732387</gx:value>
<gx:value>1.1051608</gx:value>
<gx:value>1.1332955</gx:value>
<gx:value>1.1283249</gx:value>
<gx:value>1.1700169</gx:value>
<gx:value>1.1804974</gx:value>
<gx:value>1.1897111</gx:value>
<gx:value>1.2304499</gx:value>
<gx:value>1.1439226</gx:value>
<gx:value>1.1518583</gx:value>
<gx:value>0.8989938</gx:value>
<gx:value>0.8707977</gx:value>
<gx:value>0.86420774</gx:value>
<gx:value>0.91065514</gx:value>
<gx:value>0.85875</gx:value>
<gx:value>1.0020046</gx:value>
<gx:value>1.0496017</gx:value>
<gx:value>1.0278885</gx:value>
<gx:value>0.059232783</gx:value>
<gx:value>0.08506226</gx:value>
<gx:value>0.10365372</gx:value>
<gx:value>0.15236774</gx:value>
<gx:value>0.2849204</gx:value>
<gx:value>0.53183585</gx:value>
<gx:value>0.740513</gx:value>
<gx:value>0.81431675</gx:value>
<gx:value>0.8183392</gx:value>
<gx:value>0.84095645</gx:value>
<gx:value>0.64968836</gx:value>
<gx:value>0.5798249</gx:value>
<gx:value>0.48885557</gx:value>
<gx:value>0.31313333</gx:value>
<gx:value>0.0783372</gx:value>
<gx:value>0.09484132</gx:value>
<gx:value>0.106808186</gx:value>
<gx:value>0.104139246</gx:value>
<gx:value>0.20874812</gx:value>
<gx:value>0.24427268</gx:value>
<gx:value>0.100587815</gx:value>
<gx:value>0.083349384</gx:value>
<gx:value>0.13476588</gx:value>
<gx:value>0.11816836</gx:value>
<gx:value>0.09346135</gx:value>
<gx:value>0.18347377</gx:value>
<gx:value>0.1469418</gx:value>
<gx:value>0.10775314</gx:value>
<gx:value>0.080531</gx:value>
<gx:value>0.09446073</gx:value>
<gx:value>0.065905645</gx:value>
<gx:value>0.060235195</gx:value>
<gx:value>0.060163368</gx:value>
<gx:value>0.044458736</gx:value>
<gx:value>0.20967923</gx:value>
<gx:value>0.61900175</gx:value>
<gx:value>0.16682887</gx:value>
<gx:value>0.7783715</gx:value>
<gx:value>0.5253171</gx:value>
<gx:value>0.13270612</gx:value>
<gx:value>0.08775757</gx:value>
<gx:value>0.09223707</gx:value>
<gx:value>0.16420065</gx:value>
<gx:value>0.25299776</gx:value>
<gx:value>0.32186916</gx:value>
<gx:value>0.18943663</gx:value>
<gx:value>0.07864339</gx:value>
<gx:value>0.08928513</gx:value>
<gx:value>0.061824217</gx:value>
<gx:value>0.06133363</gx:value>
<gx:value>0.09825952</gx:value>
<gx:value>0.030643359</gx:value>
<gx:value>0.59814215</gx:value>
<gx:value>0.4414505</gx:value>
<gx:value>0.24353097</gx:value>
<gx:value>0.1208512</gx:value>
<gx:value>0.10014626</gx:value>
<gx:value>0.096416004</gx:value>
<gx:value>0.08704013</gx:value>
<gx:value>0.12335534</gx:value>
<gx:value>0.11305093</gx:value>
<gx:value>0.1106003</gx:value>
<gx:value>0.057936996</gx:value>
<gx:value>0.033821955</gx:value>
<gx:value>0.2559341</gx:value>
<gx:value>0.22692318</gx:value>
<gx:value>0.0106636165</gx:value>
<gx:value>0.005473262</gx:value>
<gx:value>0.027277218</gx:value>
<gx:value>0.032767348</gx:value>
<gx:value>0.011575119</gx:value>
<gx:value>0.0038780447</gx:value>
<gx:value>0.007839701</gx:value>
<gx:value>0.004069776</gx:value>
<gx:value>0.0015344688</gx:value>
<gx:value>5.08469E-4</gx:value>
<gx:value>1.5711815E-4</gx:value>
<gx:value>0.0063128555</gx:value>
<gx:value>0.25010416</gx:value>
<gx:value>0.2445287</gx:value>
<gx:value>0.079317845</gx:value>
<gx:value>0.028476922</gx:value>
<gx:value>0.02668657</gx:value>
<gx:value>0.08538299</gx:value>
<gx:value>0.09629585</gx:value>
<gx:value>0.023135053</gx:value>
<gx:value>0.052660007</gx:value>
<gx:value>0.27130383</gx:value>
<gx:value>0.49556437</gx:value>
<gx:value>0.47755325</gx:value>
<gx:value>0.20598873</gx:value>
<gx:value>0.58431417</gx:value>
<gx:value>0.1216143</gx:value>
<gx:value>0.08106092</gx:value>
<gx:value>0.07213992</gx:value>
<gx:value>0.11325829</gx:value>
<gx:value>0.027964236</gx:value>
<gx:value>0.021722429</gx:value>
<gx:value>0.13131812</gx:value>
<gx:value>0.05013202</gx:value>
<gx:value>0.04733422</gx:value>
<gx:value>0.29431558</gx:value>
<gx:value>0.23857215</gx:value>
<gx:value>0.0038858538</gx:value>
<gx:value>0.099738084</gx:value>
<gx:value>0.63913137</gx:value>
<gx:value>0.28991196</gx:value>
<gx:value>0.5586808</gx:value>
<gx:value>0.49210745</gx:value>
<gx:value>0.64278674</gx:value>
<gx:value>0.67778355</gx:value>
<gx:value>0.22719643</gx:value>
<gx:value>0.06305982</gx:value>
<gx:value>0.06402627</gx:value>
<gx:value>0.21059985</gx:value>
<gx:value>0.10766474</gx:value>
<gx:value>0.07617301</gx:value>
<gx:value>0.68745935</gx:value>
<gx:value>0.6342045</gx:value>
<gx:value>0.55137825</gx:value>
<gx:value>0.27886125</gx:value>
<gx:value>0.14966023</gx:value>
<gx:value>0.113086335</gx:value>
<gx:value>0.063534856</gx:value>
<gx:value>0.08069774</gx:value>
<gx:value>0.068121254</gx:value>
<gx:value>0.0014944024</gx:value>
<gx:value>0.6884733</gx:value>
<gx:value>0.47845435</gx:value>
<gx:value>0.4091714</gx:value>
<gx:value>0.24843</gx:value>
<gx:value>0.07881359</gx:value>
<gx:value>0.058276653</gx:value>
<gx:value>0.0037036168</gx:value>
<gx:value>4.536124E-5</gx:value>
<gx:value>0.005432409</gx:value>
<gx:value>0.03046785</gx:value>
<gx:value>0.0870547</gx:value>
<gx:value>0.19704837</gx:value>
<gx:value>0.10850855</gx:value>
<gx:value>0.14414364</gx:value>
<gx:value>0.5830057</gx:value>
<gx:value>0.7093403</gx:value>
<gx:value>0.5542704</gx:value>
<gx:value>0.07007517</gx:value>
<gx:value>0.0646403</gx:value>
<gx:value>0.053742193</gx:value>
<gx:value>0.05999747</gx:value>
<gx:value>0.06386376</gx:value>
<gx:value>0.058584552</gx:value>
<gx:value>0.020745002</gx:value>
<gx:value>0.128997</gx:value>
<gx:value>0.092852205</gx:value>
<gx:value>0.089393266</gx:value>
<gx:value>0.07912764</gx:value>
<gx:value>0.06374187</gx:value>
<gx:value>0.10454019</gx:value>
<gx:value>0.114719026</gx:value>
<gx:value>0.57973456</gx:value>
<gx:value>0.80117846</gx:value>
<gx:value>0.58226055</gx:value>
<gx:value>0.5424638</gx:value>
<gx:value>0.49905494</gx:value>
<gx:value>0.6112872</gx:value>
<gx:value>0.6892642</gx:value>
<gx:value>0.6027963</gx:value>
<gx:value>0.6327084</gx:value>
<gx:value>0.4796208</gx:value>
<gx:value>0.27385756</gx:value>
<gx:value>0.10667035</gx:value>
<gx:value>0.042025626</gx:value>
<gx:value>0.08042145</gx:value>
<gx:value>0.069040306</gx:value>
<gx:value>0.087965496</gx:value>
<gx:value>0.07191531</gx:value>
<gx:value>0.06664806</gx:value>
<gx:value>0.05758369</gx:value>
<gx:value>0.07227952</gx:value>
<gx:value>0.024469325</gx:value>
<gx:value>0.05885772</gx:value>
<gx:value>0.14869703</gx:value>
<gx:value>0.17576174</gx:value>
<gx:value>0.27002823</gx:value>
<gx:value>0.08686392</gx:value>
<gx:value>0.11411188</gx:value>
<gx:value>0.08831208</gx:value>
<gx:value>0.10071055</gx:value>
<gx:value>0.035304703</gx:value>
<gx:value>0.06273864</gx:value>
<gx:value>0.06108303</gx:value>
<gx:value>0.0018159993</gx:value>
<gx:value>0.0034726756</gx:value>
<gx:value>0.20933703</gx:value>
<gx:value>0.020308368</gx:value>
<gx:value>2.8733234E-4</gx:value>
<gx:value>0.00528638</gx:value>
<gx:value>1.2146273E-4</gx:value>
<gx:value>0.035415344</gx:value>
<gx:value>0.11898828</gx:value>
<gx:value>0.20202939</gx:value>
<gx:value>0.10380294</gx:value>
<gx:value>0.066490196</gx:value>
<gx:value>0.058915686</gx:value>
<gx:value>0.059937194</gx:value>
<gx:value>0.067350976</gx:value>
<gx:value>0.040074553</gx:value>
<gx:value>0.3607496</gx:value>
<gx:value>0.5545307</gx:value>
<gx:value>0.56817776</gx:value>
<gx:value>0.46632862</gx:value>
<gx:value>0.5827139</gx:value>
<gx:value>0.57250834</gx:value>
<gx:value>0.42869678</gx:value>
<gx:value>0.31897855</gx:value>
<gx:value>0.29981405</gx:value>
<gx:value>0.38877127</gx:value>
<gx:value>0.3283995</gx:value>
<gx:value>0.488408</gx:value>
<gx:value>0.2699195</gx:value>
<gx:value>0.06738488</gx:value>
<gx:value>0.0694767</gx:value>
<gx:value>0.095056854</gx:value>
<gx:value>0.08004493</gx:value>
<gx:value>0.06946865</gx:value>
<gx:value>0.009211719</gx:value>
<gx:value>0.36914432</gx:value>
<gx:value>0.095682114</gx:value>
<gx:value>0.07397489</gx:value>
<gx:value>0.012538314</gx:value>
<gx:value>0.06037658</gx:value>
<gx:value>0.117081426</gx:value>
<gx:value>0.099519774</gx:value>
<gx:value>0.10377206</gx:value>
<gx:value>0.017714147</gx:value>
<gx:value>0.0042016115</gx:value>
<gx:value>0.0010358635</gx:value>
<gx:value>0.07255137</gx:value>
<gx:value>0.07929795</gx:value>
<gx:value>0.020700106</gx:value>
<gx:value>3.1617982E-4</gx:value>
<gx:value>0.055935968</gx:value>
<gx:value>0.081166066</gx:value>
<gx:value>0.0129197715</gx:value>
<gx:value>0.006218288</gx:value>
<gx:value>0.053553756</gx:value>
<gx:value>0.29923794</gx:value>
<gx:value>0.23702309</gx:value>
<gx:value>0.6455986</gx:value>
<gx:value>0.22303215</gx:value>
<gx:value>0.07853078</gx:value>
<gx:value>0.06300495</gx:value>
<gx:value>0.057399683</gx:value>
<gx:value>0.06719933</gx:value>
<gx:value>0.07241782</gx:value>
<gx:value>0.07950712</gx:value>
<gx:value>0.08469919</gx:value>
<gx:value>0.03439085</gx:value>
<gx:value>0.031199137</gx:value>
<gx:value>0.005246933</gx:value>
<gx:value>0.004852606</gx:value>
<gx:value>0.063964695</gx:value>
<gx:value>0.020021696</gx:value>
<gx:value>0.0060280394</gx:value>
<gx:value>0.003669956</gx:value>
<gx:value>0.004905793</gx:value>
<gx:value>4.863982E-4</gx:value>
<gx:value>0.00469068</gx:value>
<gx:value>0.0051443623</gx:value>
<gx:value>4.97409E-4</gx:value>
<gx:value>0.0069084023</gx:value>
<gx:value>0.028994717</gx:value>
<gx:value>0.06194659</gx:value>
<gx:value>0.08506305</gx:value>
<gx:value>0.11546013</gx:value>
<gx:value>0.093663186</gx:value>
<gx:value>0.067195825</gx:value>
<gx:value>0.06651407</gx:value>
<gx:value>0.08974818</gx:value>
<gx:value>0.08098255</gx:value>
<gx:value>0.08068423</gx:value>
<gx:value>0.13318875</gx:value>
<gx:value>0.3147347</gx:value>
<gx:value>0.39245203</gx:value>
<gx:value>0.3915984</gx:value>
<gx:value>0.18112284</gx:value>
<gx:value>0.15330756</gx:value>
<gx:value>0.013433131</gx:value>
<gx:value>0.026831727</gx:value>
<gx:value>0.023412766</gx:value>
<gx:value>0.15145585</gx:value>
<gx:value>0.12975495</gx:value>
<gx:value>0.11111304</gx:value>
<gx:value>0.07177591</gx:value>
<gx:value>0.10653948</gx:value>
<gx:value>0.08784384</gx:value>
<gx:value>0.061192796</gx:value>
<gx:value>0.06541453</gx:value>
<gx:value>0.040094633</gx:value>
<gx:value>0.00391706</gx:value>
<gx:value>0.0036073874</gx:value>
<gx:value>0.52987695</gx:value>
<gx:value>0.7376738</gx:value>
<gx:value>0.53861284</gx:value>
<gx:value>0.45502514</gx:value>
<gx:value>0.40176296</gx:value>
<gx:value>0.39687926</gx:value>
<gx:value>0.37536108</gx:value>
<gx:value>0.1565681</gx:value>
<gx:value>0.060172863</gx:value>
<gx:value>0.031403005</gx:value>
<gx:value>0.092906505</gx:value>
<gx:value>0.090071686</gx:value>
<gx:value>0.06260485</gx:value>
<gx:value>0.023127163</gx:value>
<gx:value>0.0034936527</gx:value>
<gx:value>0.0013254457</gx:value>
<gx:value>0.006956001</gx:value>
<gx:value>1.6764387E-4</gx:value>
<gx:value>0.0012857608</gx:value>
<gx:value>0.19984606</gx:value>
<gx:value>0.09968658</gx:value>
<gx:value>0.3004108</gx:value>
<gx:value>0.49798825</gx:value>
<gx:value>0.6347821</gx:value>
<gx:value>0.65156776</gx:value>
<gx:value>0.60812515</gx:value>
<gx:value>0.6361085</gx:value>
<gx:value>0.4854367</gx:value>
<gx:value>0.24164164</gx:value>
<gx:value>0.17332996</gx:value>
<gx:value>0.15446536</gx:value>
<gx:value>0.1661443</gx:value>
<gx:value>0.11892824</gx:value>
<gx:value>0.111589044</gx:value>
<gx:value>0.17600827</gx:value>
<gx:value>0.65590245</gx:value>
<gx:value>0.8128388</gx:value>
<gx:value>0.7762113</gx:value>
<gx:value>0.82985306</gx:value>
<gx:value>0.12338033</gx:value>
<gx:value>0.1206843</gx:value>
<gx:value>0.5392285</gx:value>
<gx:value>0.7497071</gx:value>
<gx:value>0.814554</gx:value>
<gx:value>0.57018244</gx:value>
<gx:value>0.13489732</gx:value>
<gx:value>0.09520125</gx:value>
<gx:value>0.019291636</gx:value>
<gx:value>0.0735165</gx:value>
<gx:value>0.06520589</gx:value>
<gx:value>0.08884415</gx:value>
<gx:value>0.0037505152</gx:value>
<gx:value>0.097335815</gx:value>
<gx:value>0.13916135</gx:value>
<gx:value>0.319298</gx:value>
<gx:value>0.22649543</gx:value>
<gx:value>0.34331775</gx:value>
<gx:value>0.5913071</gx:value>
<gx:value>0.62810755</gx:value>
<gx:value>0.7228461</gx:value>
<gx:value>0.68864566</gx:value>
<gx:value>0.70273644</gx:value>
<gx:value>0.73967344</gx:value>
<gx:value>0.6796909</gx:value>
<gx:value>0.57718587</gx:value>
<gx:value>0.52866185</gx:value>
<gx:value>0.36689702</gx:value>
<gx:value>0.09538439</gx:value>
<gx:value>0.12946637</gx:value>
<gx:value>0.33117506</gx:value>
<gx:value>0.61460394</gx:value>
<gx:value>0.45294037</gx:value>
<gx:value>0.10360372</gx:value>
<gx:value>0.10181756</gx:value>
<gx:value>0.09528611</gx:value>
<gx:value>0.15613599</gx:value>
<gx:value>0.12376056</gx:value>
<gx:value>0.099710934</gx:value>
<gx:value>0.06858919</gx:value>
<gx:value>0.06568194</gx:value>
<gx:value>0.05958277</gx:value>
<gx:value>0.07999194</gx:value>
<gx:value>0.011973105</gx:value>
<gx:value>0.0044097956</gx:value>
<gx:value>0.101249725</gx:value>
<gx:value>0.06204429</gx:value>
<gx:value>0.07373704</gx:value>
<gx:value>0.036646515</gx:value>
<gx:value>0.12641221</gx:value>
<gx:value>0.06954309</gx:value>
<gx:value>0.059223708</gx:value>
<gx:value>0.09267212</gx:value>
<gx:value>0.0017640517</gx:value>
<gx:value>0.009950208</gx:value>
<gx:value>0.011086767</gx:value>
<gx:value>0.0115224365</gx:value>
<gx:value>0.010233015</gx:value>
<gx:value>0.0071739783</gx:value>
<gx:value>0.01103369</gx:value>
<gx:value>0.0056806994</gx:value>
<gx:value>0.09122332</gx:value>
<gx:value>0.13372535</gx:value>
<gx:value>0.080214106</gx:value>
<gx:value>0.117972806</gx:value>
<gx:value>0.15738092</gx:value>
<gx:value>0.40368834</gx:value>
<gx:value>0.1755332</gx:value>
<gx:value>0.073601045</gx:value>
<gx:value>0.037872702</gx:value>
<gx:value>0.08553942</gx:value>
<gx:value>0.13307554</gx:value>
<gx:value>0.13003571</gx:value>
<gx:value>0.13468252</gx:value>
<gx:value>0.092936344</gx:value>
<gx:value>0.059876066</gx:value>
<gx:value>0.23754226</gx:value>
<gx:value>1.0116968</gx:value>
<gx:value>0.95512</gx:value>
<gx:value>0.43770796</gx:value>
<gx:value>0.08765305</gx:value>
<gx:value>0.047783308</gx:value>
<gx:value>0.08663522</gx:value>
<gx:value>0.07008682</gx:value>
<gx:value>0.07707118</gx:value>
<gx:value>0.29291818</gx:value>
<gx:value>0.083057135</gx:value>
<gx:value>0.015452468</gx:value>
<gx:value>0.0062534595</gx:value>
<gx:value>0.004549762</gx:value>
<gx:value>0.14966668</gx:value>
<gx:value>0.014509382</gx:value>
<gx:value>5.076989E-4</gx:value>
<gx:value>0.0055215773</gx:value>
<gx:value>0.14231123</gx:value>
<gx:value>0.027867412</gx:value>
<gx:value>0.006846743</gx:value>
<gx:value>1.5939277E-4</gx:value>
<gx:value>3.202772E-7</gx:value>
<gx:value>0.069101095</gx:value>
<gx:value>0.0078028217</gx:value>
<gx:value>0.0054081227</gx:value>
<gx:value>0.0045064692</gx:value>
<gx:value>0.0063702306</gx:value>
<gx:value>0.0046272865</gx:value>
<gx:value>1.16014744E-4</gx:value>
<gx:value>5.473529E-6</gx:value>
<gx:value>3.560857E-7</gx:value>
<gx:value>0.0046682754</gx:value>
<gx:value>0.0032295852</gx:value>
<gx:value>0.0025589326</gx:value>
<gx:value>0.0025612991</gx:value>
<gx:value>0.0067697647</gx:value>
<gx:value>0.0051652505</gx:value>
<gx:value>0.0036325038</gx:value>
<gx:value>0.0033507592</gx:value>
<gx:value>0.0050408505</gx:value>
<gx:value>0.0051169475</gx:value>
<gx:value>0.0044796923</gx:value>
<gx:value>3.7277734E-4</gx:value>
<gx:value>0.0033796083</gx:value>
<gx:value>0.036583483</gx:value>
<gx:value>0.30401143</gx:value>
<gx:value>0.12913908</gx:value>
<gx:value>0.08681991</gx:value>
<gx:value>0.08105483</gx:value>
<gx:value>0.071742244</gx:value>
<gx:value>0.084968835</gx:value>
<gx:value>0.08174735</gx:value>
<gx:value>0.0291145</gx:value>
<gx:value>0.031954348</gx:value>
<gx:value>0.0063882214</gx:value>
<gx:value>4.6581254E-4</gx:value>
<gx:value>0.0033577334</gx:value>
<gx:value>0.003688695</gx:value>
<gx:value>2.939134E-4</gx:value>
<gx:value>0.0032153758</gx:value>
<gx:value>0.0033634435</gx:value>
<gx:value>3.4196334E-4</gx:value>
<gx:value>1.5130477E-5</gx:value>
<gx:value>0.249582</gx:value>
<gx:value>0.24533843</gx:value>
<gx:value>0.12589458</gx:value>
<gx:value>0.09871046</gx:value>
<gx:value>0.10765243</gx:value>
<gx:value>0.082236074</gx:value>
<gx:value>0.10363845</gx:value>
<gx:value>0.09647365</gx:value>
<gx:value>0.34907514</gx:value>
<gx:value>0.65898836</gx:value>
<gx:value>0.49126887</gx:value>
<gx:value>0.7515261</gx:value>
<gx:value>0.4377623</gx:value>
<gx:value>0.19770168</gx:value>
<gx:value>0.09992603</gx:value>
<gx:value>0.09056178</gx:value>
<gx:value>0.058621157</gx:value>
<gx:value>0.09996037</gx:value>
<gx:value>0.10670499</gx:value>
<gx:value>0.052268688</gx:value>
<gx:value>0.09649262</gx:value>
<gx:value>0.006173151</gx:value>
<gx:value>6.80692E-5</gx:value>
<gx:value>0.0838174</gx:value>
<gx:value>0.15672565</gx:value>
<gx:value>0.2989756</gx:value>
<gx:value>0.11558044</gx:value>
<gx:value>0.027796539</gx:value>
<gx:value>0.007639842</gx:value>
<gx:value>0.0036162254</gx:value>
<gx:value>0.004369148</gx:value>
<gx:value>0.0070554977</gx:value>
<gx:value>0.11734824</gx:value>
<gx:value>0.12901175</gx:value>
<gx:value>0.1268025</gx:value>
<gx:value>0.096865885</gx:value>
<gx:value>0.060525235</gx:value>
<gx:value>0.09438249</gx:value>
<gx:value>0.09744038</gx:value>
<gx:value>0.07736988</gx:value>
<gx:value>0.05571191</gx:value>
<gx:value>0.008755787</gx:value>
<gx:value>0.7096742</gx:value>
<gx:value>0.5228988</gx:value>
<gx:value>0.62137735</gx:value>
<gx:value>0.68415904</gx:value>
<gx:value>0.6833378</gx:value>
<gx:value>0.734022</gx:value>
<gx:value>0.59526175</gx:value>
<gx:value>0.44119483</gx:value>
<gx:value>0.14341338</gx:value>
<gx:value>0.06894574</gx:value>
<gx:value>0.066599265</gx:value>
<gx:value>0.09727281</gx:value>
<gx:value>0.08552961</gx:value>
<gx:value>0.11344107</gx:value>
<gx:value>0.19806956</gx:value>
<gx:value>0.28703976</gx:value>
<gx:value>0.08320871</gx:value>
<gx:value>0.09663927</gx:value>
<gx:value>0.0885352</gx:value>
<gx:value>0.080917306</gx:value>
<gx:value>0.062173985</gx:value>
<gx:value>0.060744073</gx:value>
<gx:value>0.1360914</gx:value>
<gx:value>0.014317975</gx:value>
<gx:value>0.0028445085</gx:value>
<gx:value>3.433124E-4</gx:value>
<gx:value>1.8947812E-5</gx:value>
<gx:value>4.3944797E-7</gx:value>
<gx:value>0.0032372726</gx:value>
<gx:value>3.3159135E-4</gx:value>
<gx:value>1.4737433E-5</gx:value>
<gx:value>0.04748842</gx:value>
<gx:value>0.008150353</gx:value>
<gx:value>0.0027309607</gx:value>
<gx:value>3.243553E-4</gx:value>
<gx:value>0.17983902</gx:value>
<gx:value>0.1803838</gx:value>
<gx:value>0.16123876</gx:value>
<gx:value>0.17618133</gx:value>
<gx:value>0.08158692</gx:value>
<gx:value>0.091227666</gx:value>
<gx:value>0.09612434</gx:value>
<gx:value>0.08966018</gx:value>
<gx:value>0.07919645</gx:value>
<gx:value>0.07829147</gx:value>
<gx:value>0.06182877</gx:value>
<gx:value>0.004767786</gx:value>
<gx:value>0.0034338764</gx:value>
<gx:value>0.003673786</gx:value>
<gx:value>3.5481912E-4</gx:value>
<gx:value>0.0046788235</gx:value>
<gx:value>0.0030393954</gx:value>
<gx:value>0.0066916524</gx:value>
<gx:value>6.822022E-4</gx:value>
<gx:value>0.0033764925</gx:value>
<gx:value>0.0032741132</gx:value>
<gx:value>0.0034548931</gx:value>
<gx:value>0.021398857</gx:value>
<gx:value>0.028412243</gx:value>
<gx:value>0.005895002</gx:value>
<gx:value>5.070999E-4</gx:value>
<gx:value>0.003331285</gx:value>
<gx:value>0.063449815</gx:value>
<gx:value>0.10771373</gx:value>
<gx:value>0.13576896</gx:value>
<gx:value>0.20848717</gx:value>
<gx:value>0.5771339</gx:value>
<gx:value>0.8376302</gx:value>
<gx:value>0.6732117</gx:value>
<gx:value>0.5876387</gx:value>
<gx:value>0.485982</gx:value>
<gx:value>0.67572093</gx:value>
<gx:value>0.8269599</gx:value>
<gx:value>0.43993044</gx:value>
<gx:value>0.1211217</gx:value>
<gx:value>0.07917762</gx:value>
<gx:value>0.09866232</gx:value>
<gx:value>0.095800996</gx:value>
<gx:value>0.12094864</gx:value>
<gx:value>0.08680388</gx:value>
<gx:value>0.044917837</gx:value>
<gx:value>0.035236765</gx:value>
<gx:value>0.0083861435</gx:value>
<gx:value>0.0038535467</gx:value>
<gx:value>0.0933861</gx:value>
<gx:value>0.116554104</gx:value>
<gx:value>0.07884585</gx:value>
<gx:value>0.09794142</gx:value>
<gx:value>0.102794185</gx:value>
<gx:value>0.057785384</gx:value>
<gx:value>0.14145799</gx:value>
<gx:value>0.1369242</gx:value>
<gx:value>0.13171138</gx:value>
<gx:value>0.1946716</gx:value>
<gx:value>0.11525001</gx:value>
<gx:value>0.1067427</gx:value>
<gx:value>0.097025886</gx:value>
<gx:value>0.017281527</gx:value>
<gx:value>0.017217893</gx:value>
<gx:value>0.02950258</gx:value>
<gx:value>0.026721392</gx:value>
<gx:value>0.017530719</gx:value>
<gx:value>0.011580172</gx:value>
<gx:value>0.009239848</gx:value>
<gx:value>0.008250001</gx:value>
<gx:value>0.005039037</gx:value>
<gx:value>0.062225427</gx:value>
<gx:value>0.4296061</gx:value>
<gx:value>0.15603736</gx:value>
<gx:value>0.0915446</gx:value>
<gx:value>0.059311397</gx:value>
<gx:value>0.0884853</gx:value>
<gx:value>0.08127932</gx:value>
<gx:value>0.05930233</gx:value>
<gx:value>0.054693174</gx:value>
<gx:value>0.035230637</gx:value>
<gx:value>0.0037177454</gx:value>
<gx:value>0.004501547</gx:value>
<gx:value>0.14945318</gx:value>
<gx:value>0.1796094</gx:value>
<gx:value>0.13893327</gx:value>
<gx:value>0.008126538</gx:value>
<gx:value>0.0030717584</gx:value>
<gx:value>0.003030612</gx:value>
<gx:value>0.003693455</gx:value>
<gx:value>0.0037063663</gx:value>
<gx:value>0.0037053146</gx:value>
<gx:value>0.004930781</gx:value>
<gx:value>0.0070599266</gx:value>
<gx:value>0.008082937</gx:value>
<gx:value>0.004075146</gx:value>
<gx:value>0.15725534</gx:value>
<gx:value>0.01911196</gx:value>
<gx:value>0.0010264594</gx:value>
<gx:value>0.12697813</gx:value>
<gx:value>0.038551822</gx:value>
<gx:value>0.00971234</gx:value>
<gx:value>0.080829866</gx:value>
<gx:value>0.027499003</gx:value>
<gx:value>0.096489966</gx:value>
<gx:value>0.01988884</gx:value>
<gx:value>0.0014842491</gx:value>
<gx:value>3.630477E-5</gx:value>
<gx:value>5.3414533E-6</gx:value>
<gx:value>7.390682E-7</gx:value>
<gx:value>4.4467395E-8</gx:value>
<gx:value>0.0033478157</gx:value>
<gx:value>0.060526263</gx:value>
<gx:value>0.0907638</gx:value>
<gx:value>0.07910883</gx:value>
<gx:value>0.22826548</gx:value>
<gx:value>0.14681186</gx:value>
<gx:value>0.14457683</gx:value>
<gx:value>0.115824066</gx:value>
<gx:value>0.07839597</gx:value>
<gx:value>0.036703747</gx:value>
<gx:value>0.020880772</gx:value>
<gx:value>0.0122918775</gx:value>
<gx:value>5.433637E-4</gx:value>
<gx:value>0.0032562322</gx:value>
<gx:value>0.16976064</gx:value>
<gx:value>0.16607046</gx:value>
<gx:value>0.005360837</gx:value>
<gx:value>0.004061189</gx:value>
<gx:value>4.199596E-4</gx:value>
<gx:value>0.0033719612</gx:value>
<gx:value>0.0076034185</gx:value>
<gx:value>0.004952647</gx:value>
<gx:value>0.007031308</gx:value>
<gx:value>0.00334177</gx:value>
<gx:value>3.838273E-4</gx:value>
<gx:value>0.004465519</gx:value>
<gx:value>5.7944533E-4</gx:value>
<gx:value>5.3216863E-6</gx:value>
<gx:value>0.0032190578</gx:value>
<gx:value>4.988774E-4</gx:value>
<gx:value>8.403508E-6</gx:value>
<gx:value>0.003120114</gx:value>
<gx:value>0.0041515348</gx:value>
<gx:value>6.8773236E-4</gx:value>
<gx:value>1.9165163E-5</gx:value>
<gx:value>1.1984171E-5</gx:value>
<gx:value>0.0032078999</gx:value>
<gx:value>0.07850745</gx:value>
<gx:value>0.032287657</gx:value>
<gx:value>0.0058381553</gx:value>
<gx:value>0.003322965</gx:value>
<gx:value>0.1657149</gx:value>
<gx:value>0.094230704</gx:value>
<gx:value>0.057380106</gx:value>
<gx:value>0.03509635</gx:value>
<gx:value>0.02073653</gx:value>
<gx:value>0.011793482</gx:value>
<gx:value>0.0076125897</gx:value>
<gx:value>0.005146256</gx:value>
<gx:value>0.003192744</gx:value>
<gx:value>0.0027531825</gx:value>
<gx:value>0.01075046</gx:value>
<gx:value>0.06449407</gx:value>
<gx:value>0.012956218</gx:value>
<gx:value>0.010361294</gx:value>
<gx:value>0.0022621988</gx:value>
<gx:value>0.0031790053</gx:value>
<gx:value>5.045007E-4</gx:value>
<gx:value>0.004601995</gx:value>
<gx:value>0.003753893</gx:value>
<gx:value>0.033927</gx:value>
<gx:value>0.017439341</gx:value>
<gx:value>0.0050580706</gx:value>
<gx:value>0.0073869852</gx:value>
<gx:value>0.0010531212</gx:value>
<gx:value>0.05295404</gx:value>
<gx:value>0.00826641</gx:value>
<gx:value>0.005310847</gx:value>
<gx:value>5.4508983E-4</gx:value>
<gx:value>0.003239264</gx:value>
<gx:value>3.3284788E-4</gx:value>
<gx:value>0.003348641</gx:value>
<gx:value>0.18935914</gx:value>
<gx:value>0.18297744</gx:value>
<gx:value>0.008935825</gx:value>
<gx:value>0.022629865</gx:value>
<gx:value>0.009637271</gx:value>
<gx:value>8.5014524E-4</gx:value>
<gx:value>0.083374076</gx:value>
<gx:value>0.22919743</gx:value>
<gx:value>0.28864768</gx:value>
<gx:value>0.28203535</gx:value>
<gx:value>0.005322652</gx:value>
<gx:value>0.08208844</gx:value>
<gx:value>0.011445564</gx:value>
<gx:value>0.0040519573</gx:value>
<gx:value>0.003290673</gx:value>
<gx:value>0.003375959</gx:value>
<gx:value>3.411226E-4</gx:value>
<gx:value>1.496754E-5</gx:value>
<gx:value>5.019886E-7</gx:value>
<gx:value>0.004669594</gx:value>
<gx:value>0.00704517</gx:value>
<gx:value>0.003314401</gx:value>
<gx:value>0.009553554</gx:value>
<gx:value>0.0056338483</gx:value>
<gx:value>0.007813192</gx:value>
<gx:value>0.008084869</gx:value>
<gx:value>0.003939149</gx:value>
<gx:value>0.095204376</gx:value>
<gx:value>0.32923946</gx:value>
<gx:value>0.31979176</gx:value>
<gx:value>0.012537533</gx:value>
<gx:value>0.0018740478</gx:value>
<gx:value>0.055840295</gx:value>
<gx:value>0.017601615</gx:value>
<gx:value>0.0014696121</gx:value>
<gx:value>4.6172227E-5</gx:value>
<gx:value>0.003252812</gx:value>
<gx:value>0.0035861048</gx:value>
<gx:value>0.11690964</gx:value>
<gx:value>0.055758893</gx:value>
<gx:value>0.04721861</gx:value>
<gx:value>0.062838204</gx:value>
<gx:value>0.059722412</gx:value>
<gx:value>0.040391456</gx:value>
<gx:value>0.02836789</gx:value>
<gx:value>0.018367885</gx:value>
<gx:value>0.010949017</gx:value>
<gx:value>0.006405788</gx:value>
<gx:value>0.0072963694</gx:value>
<gx:value>0.0053626583</gx:value>
<gx:value>0.002780464</gx:value>
<gx:value>0.0029361318</gx:value>
<gx:value>0.0033617537</gx:value>
<gx:value>3.41938E-4</gx:value>
<gx:value>0.003362805</gx:value>
<gx:value>3.4124314E-4</gx:value>
<gx:value>1.4986287E-5</gx:value>
<gx:value>8.7019934E-8</gx:value>
<gx:value>4.8340933E-8</gx:value>
<gx:value>4.4064214E-9</gx:value>
<gx:value>0.057293303</gx:value>
<gx:value>0.009959896</gx:value>
<gx:value>0.017273704</gx:value>
<gx:value>0.018851781</gx:value>
<gx:value>0.0062814225</gx:value>
<gx:value>0.0037784155</gx:value>
<gx:value>0.012261329</gx:value>
<gx:value>0.13753031</gx:value>
<gx:value>0.08152275</gx:value>
<gx:value>0.09316798</gx:value>
<gx:value>0.047110423</gx:value>
<gx:value>0.04702523</gx:value>
<gx:value>0.034614973</gx:value>
<gx:value>0.022458155</gx:value>
<gx:value>0.013647825</gx:value>
<gx:value>0.13524544</gx:value>
<gx:value>0.12617768</gx:value>
<gx:value>0.11005065</gx:value>
<gx:value>0.007897673</gx:value>
<gx:value>0.04964717</gx:value>
<gx:value>0.05457576</gx:value>
<gx:value>0.008385723</gx:value>
<gx:value>0.0027250007</gx:value>
<gx:value>0.17951936</gx:value>
<gx:value>0.17459133</gx:value>
<gx:value>0.32940668</gx:value>
<gx:value>0.6878244</gx:value>
<gx:value>0.14012106</gx:value>
<gx:value>0.13673617</gx:value>
<gx:value>0.0900863</gx:value>
<gx:value>0.05979617</gx:value>
<gx:value>0.09572475</gx:value>
<gx:value>0.10266703</gx:value>
<gx:value>0.6053896</gx:value>
<gx:value>0.22409992</gx:value>
<gx:value>0.18577121</gx:value>
<gx:value>0.10197909</gx:value>
<gx:value>0.074123025</gx:value>
<gx:value>0.08967777</gx:value>
<gx:value>0.08433236</gx:value>
<gx:value>0.06248503</gx:value>
<gx:value>0.0900963</gx:value>
<gx:value>0.08936838</gx:value>
<gx:value>0.27987316</gx:value>
<gx:value>0.18890996</gx:value>
<gx:value>0.18412411</gx:value>
<gx:value>0.010507944</gx:value>
<gx:value>0.0031289035</gx:value>
<gx:value>0.0035636195</gx:value>
<gx:value>2.9969224E-4</gx:value>
<gx:value>1.3024021E-5</gx:value>
<gx:value>5.8963195E-7</gx:value>
<gx:value>0.0033479256</gx:value>
<gx:value>3.416976E-4</gx:value>
<gx:value>0.0033110366</gx:value>
<gx:value>0.07365776</gx:value>
<gx:value>0.008891491</gx:value>
<gx:value>1.9262674E-4</gx:value>
<gx:value>8.031113E-5</gx:value>
<gx:value>3.4662342E-5</gx:value>
<gx:value>0.0032215684</gx:value>
<gx:value>0.0033645032</gx:value>
<gx:value>3.4205653E-4</gx:value>
<gx:value>1.5129099E-5</gx:value>
<gx:value>0.0033487864</gx:value>
<gx:value>3.4199006E-4</gx:value>
<gx:value>0.003254182</gx:value>
<gx:value>3.3212424E-4</gx:value>
<gx:value>0.0046797106</gx:value>
<gx:value>0.0036026468</gx:value>
<gx:value>0.003601581</gx:value>
<gx:value>0.004917369</gx:value>
<gx:value>0.003616888</gx:value>
<gx:value>0.004927666</gx:value>
<gx:value>0.005154431</gx:value>
<gx:value>4.970238E-4</gx:value>
<gx:value>0.0033339027</gx:value>
<gx:value>0.0032721409</gx:value>
<gx:value>0.0033791023</gx:value>
<gx:value>0.0036891173</gx:value>
<gx:value>3.566538E-4</gx:value>
<gx:value>1.4635138E-5</gx:value>
<gx:value>0.0046700602</gx:value>
<gx:value>0.0037054582</gx:value>
<gx:value>0.0032881524</gx:value>
<gx:value>0.00337909</gx:value>
<gx:value>0.00492944</gx:value>
<gx:value>0.003718961</gx:value>
<gx:value>0.003705174</gx:value>
<gx:value>0.003703576</gx:value>
<gx:value>0.007052924</gx:value>
<gx:value>0.0033286226</gx:value>
<gx:value>0.0033944366</gx:value>
<gx:value>0.08158355</gx:value>
<gx:value>0.014489389</gx:value>
<gx:value>0.0050462955</gx:value>
<gx:value>0.0023845527</gx:value>
<gx:value>0.0024661352</gx:value>
<gx:value>2.8698405E-4</gx:value>
<gx:value>0.0032698677</gx:value>
<gx:value>3.3202188E-4</gx:value>
<gx:value>1.4597955E-5</gx:value>
<gx:value>0.004668647</gx:value>
<gx:value>0.0051449104</gx:value>
<gx:value>0.003721079</gx:value>
<gx:value>0.0049408856</gx:value>
<gx:value>0.007061119</gx:value>
<gx:value>0.004045589</gx:value>
<gx:value>3.712223E-4</gx:value>
<gx:value>0.0046801064</gx:value>
<gx:value>0.0070434376</gx:value>
<gx:value>0.0040626335</gx:value>
<gx:value>0.0049373955</gx:value>
<gx:value>0.007913019</gx:value>
<gx:value>7.794253E-4</gx:value>
<gx:value>0.0046592094</gx:value>
<gx:value>0.0036564989</gx:value>
<gx:value>0.0036112207</gx:value>
<gx:value>0.0076315445</gx:value>
<gx:value>0.0039480138</gx:value>
<gx:value>3.613413E-4</gx:value>
<gx:value>0.005012293</gx:value>
<gx:value>5.966599E-4</gx:value>
<gx:value>0.0032745362</gx:value>
<gx:value>3.3178966E-4</gx:value>
<gx:value>1.4542797E-5</gx:value>
<gx:value>4.735772E-7</gx:value>
<gx:value>1.341279E-7</gx:value>
<gx:value>1.0895483E-8</gx:value>
<gx:value>0.004670067</gx:value>
<gx:value>0.003703989</gx:value>
<gx:value>3.570835E-4</gx:value>
<gx:value>1.465776E-5</gx:value>
<gx:value>6.245136E-7</gx:value>
<gx:value>1.4911626E-7</gx:value>
<gx:value>0.0033477393</gx:value>
<gx:value>3.4174498E-4</gx:value>
<gx:value>0.004679034</gx:value>
<gx:value>4.760386E-4</gx:value>
<gx:value>0.0033638272</gx:value>
<gx:value>3.413401E-4</gx:value>
<gx:value>0.0032552814</gx:value>
<gx:value>3.3230963E-4</gx:value>
<gx:value>1.4708185E-5</gx:value>
<gx:value>4.5984115E-7</gx:value>
<gx:value>0.0032555044</gx:value>
<gx:value>3.3230864E-4</gx:value>
<gx:value>0.026267046</gx:value>
<gx:value>0.010439026</gx:value>
<gx:value>0.0043917014</gx:value>
<gx:value>3.8899246E-4</gx:value>
<gx:value>0.004679251</gx:value>
<gx:value>4.7572821E-4</gx:value>
<gx:value>2.0945688E-5</gx:value>
<gx:value>6.689718E-7</gx:value>
<gx:value>1.9191513E-7</gx:value>
<gx:value>1.5639413E-8</gx:value>
<gx:value>0.0033477023</gx:value>
<gx:value>3.417875E-4</gx:value>
<gx:value>0.003363007</gx:value>
<gx:value>3.4129393E-4</gx:value>
<gx:value>0.0033625008</gx:value>
<gx:value>0.0036897878</gx:value>
<gx:value>3.5680982E-4</gx:value>
<gx:value>0.004727006</gx:value>
<gx:value>4.8577832E-4</gx:value>
<gx:value>2.1442886E-5</gx:value>
<gx:value>0.0033475335</gx:value>
<gx:value>3.4158706E-4</gx:value>
<gx:value>1.5112237E-5</gx:value>
<gx:value>4.7313537E-7</gx:value>
<gx:value>1.0480807E-7</gx:value>
<gx:value>6.5770194E-9</gx:value>
<gx:value>0.0032547785</gx:value>
<gx:value>0.002922843</gx:value>
<gx:value>3.175469E-4</gx:value>
<gx:value>0.003240252</gx:value>
<gx:value>0.0033636375</gx:value>
<gx:value>3.4192158E-4</gx:value>
<gx:value>1.5129934E-5</gx:value>
<gx:value>4.9066233E-7</gx:value>
<gx:value>0.0032552183</gx:value>
<gx:value>0.0033641818</gx:value>
<gx:value>3.4202266E-4</gx:value>
<gx:value>1.5131858E-5</gx:value>
<gx:value>4.9112185E-7</gx:value>
<gx:value>0.003348164</gx:value>
<gx:value>0.0036903392</gx:value>
<gx:value>0.004930699</gx:value>
<gx:value>0.0037196921</gx:value>
<gx:value>3.5653333E-4</gx:value>
<gx:value>0.0033624442</gx:value>
<gx:value>0.0037518365</gx:value>
<gx:value>0.3689077</gx:value>
<gx:value>0.35281333</gx:value>
<gx:value>0.24773052</gx:value>
<gx:value>0.027107624</gx:value>
<gx:value>0.002058687</gx:value>
<gx:value>3.6174763E-4</gx:value>
<gx:value>0.0033482756</gx:value>
<gx:value>0.0032732221</gx:value>
<gx:value>0.0048962478</gx:value>
<gx:value>0.0070475773</gx:value>
<gx:value>0.003418377</gx:value>
<gx:value>0.0075953472</gx:value>
<gx:value>0.051730774</gx:value>
<gx:value>0.028880922</gx:value>
<gx:value>0.0042645433</gx:value>
<gx:value>0.007993334</gx:value>
<gx:value>0.006888878</gx:value>
<gx:value>0.0038177092</gx:value>
<gx:value>0.004938007</gx:value>
<gx:value>0.009825833</gx:value>
<gx:value>0.004102513</gx:value>
<gx:value>0.004961468</gx:value>
<gx:value>0.004669931</gx:value>
<gx:value>0.0051704957</gx:value>
<gx:value>0.0051692813</gx:value>
<gx:value>0.0022044978</gx:value>
<gx:value>0.00934602</gx:value>
<gx:value>0.004528213</gx:value>
<gx:value>0.005000627</gx:value>
<gx:value>0.0070606223</gx:value>
<gx:value>0.0052004256</gx:value>
<gx:value>0.005166802</gx:value>
<gx:value>0.0036189903</gx:value>
<gx:value>0.06537191</gx:value>
<gx:value>0.09638908</gx:value>
<gx:value>0.088105366</gx:value>
<gx:value>0.10346456</gx:value>
<gx:value>0.07213872</gx:value>
<gx:value>0.071830705</gx:value>
<gx:value>0.043918066</gx:value>
<gx:value>0.0057589863</gx:value>
<gx:value>0.0036916132</gx:value>
<gx:value>0.009593519</gx:value>
<gx:value>0.008240152</gx:value>
<gx:value>0.0039655166</gx:value>
<gx:value>1.8611651E-4</gx:value>
<gx:value>0.0014419701</gx:value>
<gx:value>0.004842013</gx:value>
<gx:value>0.0037065237</gx:value>
<gx:value>0.006535257</gx:value>
<gx:value>0.0071728025</gx:value>
<gx:value>0.007945187</gx:value>
<gx:value>0.0054032807</gx:value>
<gx:value>0.0079242345</gx:value>
<gx:value>0.010085077</gx:value>
<gx:value>0.00399709</gx:value>
<gx:value>0.0036157558</gx:value>
<gx:value>0.0069543743</gx:value>
<gx:value>0.007212558</gx:value>
<gx:value>0.0056499387</gx:value>
<gx:value>0.0054002036</gx:value>
<gx:value>0.0070132185</gx:value>
<gx:value>0.010746052</gx:value>
<gx:value>0.0044029853</gx:value>
<gx:value>0.0049533416</gx:value>
<gx:value>0.0037185384</gx:value>
<gx:value>0.0032884823</gx:value>
<gx:value>0.0033785142</gx:value>
<gx:value>3.4134314E-4</gx:value>
<gx:value>1.4980499E-5</gx:value>
<gx:value>5.0225265E-7</gx:value>
<gx:value>0.0033486837</gx:value>
<gx:value>3.1730582E-4</gx:value>
<gx:value>0.0032533868</gx:value>
<gx:value>0.006840924</gx:value>
<gx:value>0.0051659904</gx:value>
<gx:value>0.010775665</gx:value>
<gx:value>0.008383117</gx:value>
<gx:value>0.00722721</gx:value>
<gx:value>0.005184555</gx:value>
<gx:value>0.005164921</gx:value>
<gx:value>0.005165281</gx:value>
<gx:value>4.6096471E-4</gx:value>
<gx:value>0.0046510203</gx:value>
<gx:value>0.0036027113</gx:value>
<gx:value>0.0049273483</gx:value>
<gx:value>0.007904659</gx:value>
<gx:value>7.794685E-4</gx:value>
<gx:value>0.0047012493</gx:value>
<gx:value>0.0037032529</gx:value>
<gx:value>3.5674183E-4</gx:value>
<gx:value>1.4627896E-5</gx:value>
<gx:value>0.0032547642</gx:value>
<gx:value>0.0033643662</gx:value>
<gx:value>0.073835276</gx:value>
<gx:value>0.10752535</gx:value>
<gx:value>0.117504165</gx:value>
<gx:value>0.093482904</gx:value>
<gx:value>0.095712446</gx:value>
<gx:value>0.09251582</gx:value>
<gx:value>0.10594346</gx:value>
<gx:value>0.0721726</gx:value>
<gx:value>0.108996555</gx:value>
<gx:value>0.08661136</gx:value>
<gx:value>0.064943634</gx:value>
<gx:value>0.09760838</gx:value>
<gx:value>0.09265196</gx:value>
<gx:value>0.0637543</gx:value>
<gx:value>0.063310206</gx:value>
<gx:value>0.072731316</gx:value>
<gx:value>0.0077701183</gx:value>
<gx:value>3.6456427E-4</gx:value>
<gx:value>8.821671E-6</gx:value>
<gx:value>3.0350193E-6</gx:value>
<gx:value>0.0033477123</gx:value>
<gx:value>3.4181715E-4</gx:value>
<gx:value>0.0032543156</gx:value>
<gx:value>3.3208588E-4</gx:value>
<gx:value>0.003347836</gx:value>
<gx:value>0.0030063654</gx:value>
<gx:value>3.2661672E-4</gx:value>
<gx:value>0.00336341</gx:value>
<gx:value>0.0036893252</gx:value>
<gx:value>3.5682519E-4</gx:value>
<gx:value>1.4653119E-5</gx:value>
<gx:value>0.0033471459</gx:value>
<gx:value>3.4156663E-4</gx:value>
<gx:value>1.5111054E-5</gx:value>
<gx:value>0.0032548695</gx:value>
<gx:value>3.322374E-4</gx:value>
<gx:value>0.0032404338</gx:value>
<gx:value>0.0075957733</gx:value>
<gx:value>0.0036662044</gx:value>
<gx:value>0.0033957043</gx:value>
<gx:value>3.4102614E-4</gx:value>
<gx:value>0.003333114</gx:value>
<gx:value>3.4222036E-4</gx:value>
<gx:value>0.0032545228</gx:value>
<gx:value>3.321794E-4</gx:value>
<gx:value>0.0033749824</gx:value>
<gx:value>3.4710055E-4</gx:value>
<gx:value>0.00467887</gx:value>
<gx:value>0.003603636</gx:value>
<gx:value>0.0049275085</gx:value>
<gx:value>4.4804468E-4</gx:value>
<gx:value>0.0032555414</gx:value>
<gx:value>0.0033635674</gx:value>
<gx:value>3.4188398E-4</gx:value>
<gx:value>0.003362956</gx:value>
<gx:value>0.0050143963</gx:value>
<gx:value>0.0037301625</gx:value>
<gx:value>0.0037045078</gx:value>
<gx:value>0.003705102</gx:value>
<gx:value>0.0037035139</gx:value>
<gx:value>0.0032740997</gx:value>
<gx:value>3.3259194E-4</gx:value>
<gx:value>1.4726229E-5</gx:value>
<gx:value>0.004668946</gx:value>
<gx:value>0.0029422743</gx:value>
<gx:value>3.1782474E-4</gx:value>
<gx:value>0.004658777</gx:value>
<gx:value>0.0047069658</gx:value>
<gx:value>4.7755588E-4</gx:value>
<gx:value>0.003362058</gx:value>
<gx:value>0.0032750694</gx:value>
<gx:value>0.0033790485</gx:value>
<gx:value>3.4146357E-4</gx:value>
<gx:value>0.0032562735</gx:value>
<gx:value>0.092471644</gx:value>
<gx:value>0.10426353</gx:value>
<gx:value>0.104526624</gx:value>
<gx:value>0.04058763</gx:value>
<gx:value>0.04367214</gx:value>
<gx:value>0.007851061</gx:value>
<gx:value>0.007237276</gx:value>
<gx:value>6.9321174E-4</gx:value>
<gx:value>0.0046889633</gx:value>
<gx:value>0.007898392</gx:value>
<gx:value>0.0040607443</gx:value>
<gx:value>0.0065354365</gx:value>
<gx:value>0.0051625404</gx:value>
<gx:value>0.0036327587</gx:value>
<gx:value>0.0049269525</gx:value>
<gx:value>0.00361677</gx:value>
<gx:value>0.0049271085</gx:value>
<gx:value>0.0037048943</gx:value>
<gx:value>0.0037055125</gx:value>
<gx:value>3.5644916E-4</gx:value>
<gx:value>0.004680296</gx:value>
<gx:value>4.762589E-4</gx:value>
<gx:value>0.0032696058</gx:value>
<gx:value>0.0033635383</gx:value>
<gx:value>0.0032873538</gx:value>
<gx:value>0.0033791566</gx:value>
<gx:value>3.4150173E-4</gx:value>
<gx:value>0.004659145</gx:value>
<gx:value>0.003023455</gx:value>
<gx:value>0.0032863554</gx:value>
<gx:value>0.003379196</gx:value>
<gx:value>0.0032876558</gx:value>
<gx:value>0.0068399403</gx:value>
<gx:value>0.0039345594</gx:value>
<gx:value>0.0033665735</gx:value>
<gx:value>0.003689655</gx:value>
<gx:value>3.5687958E-4</gx:value>
<gx:value>1.4654696E-5</gx:value>
<gx:value>0.0033473577</gx:value>
<gx:value>0.0032724526</gx:value>
<gx:value>3.3260955E-4</gx:value>
<gx:value>0.003346563</gx:value>
<gx:value>0.0032727476</gx:value>
<gx:value>3.3249633E-4</gx:value>
<gx:value>1.4699153E-5</gx:value>
<gx:value>0.0032549237</gx:value>
<gx:value>3.3215908E-4</gx:value>
<gx:value>0.004680333</gx:value>
<gx:value>0.0036023217</gx:value>
<gx:value>0.004927695</gx:value>
<gx:value>4.8636566E-4</gx:value>
<gx:value>2.0593028E-5</gx:value>
<gx:value>0.003254151</gx:value>
<gx:value>3.0779763E-4</gx:value>
<gx:value>0.0033446508</gx:value>
<gx:value>0.003271414</gx:value>
<gx:value>3.3239168E-4</gx:value>
<gx:value>1.470235E-5</gx:value>
<gx:value>0.0034067673</gx:value>
<gx:value>3.5751157E-4</gx:value>
<gx:value>0.0046578674</gx:value>
<gx:value>4.76994E-4</gx:value>
<gx:value>0.004690523</gx:value>
<gx:value>0.0037383824</gx:value>
<gx:value>3.7309245E-4</gx:value>
<gx:value>1.5449403E-5</gx:value>
<gx:value>0.09015058</gx:value>
<gx:value>0.06366022</gx:value>
<gx:value>0.15175931</gx:value>
<gx:value>0.09596336</gx:value>
<gx:value>0.07116057</gx:value>
<gx:value>0.090768166</gx:value>
<gx:value>0.0873305</gx:value>
<gx:value>0.06464028</gx:value>
<gx:value>0.1125001</gx:value>
<gx:value>0.1833838</gx:value>
<gx:value>0.47514623</gx:value>
<gx:value>0.13583744</gx:value>
<gx:value>0.33127314</gx:value>
<gx:value>1.0175731</gx:value>
<gx:value>0.22253853</gx:value>
<gx:value>0.20968848</gx:value>
<gx:value>0.10820487</gx:value>
<gx:value>0.0814963</gx:value>
<gx:value>0.08795377</gx:value>
<gx:value>0.09274938</gx:value>
<gx:value>0.08383001</gx:value>
<gx:value>0.09384024</gx:value>
<gx:value>0.21257143</gx:value>
<gx:value>0.4109954</gx:value>
<gx:value>0.67028564</gx:value>
<gx:value>0.17808603</gx:value>
<gx:value>0.16105804</gx:value>
<gx:value>0.21385929</gx:value>
<gx:value>0.35587344</gx:value>
<gx:value>0.163594</gx:value>
<gx:value>0.10144734</gx:value>
<gx:value>0.15054052</gx:value>
<gx:value>0.1800699</gx:value>
<gx:value>0.4498871</gx:value>
<gx:value>0.6304108</gx:value>
<gx:value>0.5867184</gx:value>
<gx:value>0.4632512</gx:value>
<gx:value>0.18997626</gx:value>
<gx:value>0.45280394</gx:value>
<gx:value>0.34166184</gx:value>
<gx:value>0.497141</gx:value>
<gx:value>0.5211617</gx:value>
<gx:value>0.44597575</gx:value>
<gx:value>0.17057006</gx:value>
<gx:value>0.34332952</gx:value>
<gx:value>0.6518873</gx:value>
<gx:value>0.56395715</gx:value>
<gx:value>0.63012004</gx:value>
<gx:value>0.5708519</gx:value>
<gx:value>0.5570623</gx:value>
<gx:value>0.49595585</gx:value>
<gx:value>0.32090575</gx:value>
<gx:value>0.39497274</gx:value>
<gx:value>0.5157906</gx:value>
<gx:value>0.23824503</gx:value>
<gx:value>0.2081914</gx:value>
<gx:value>0.2749906</gx:value>
<gx:value>0.43397093</gx:value>
<gx:value>0.38352168</gx:value>
<gx:value>0.3055818</gx:value>
<gx:value>0.45593736</gx:value>
<gx:value>0.69402</gx:value>
<gx:value>0.61329556</gx:value>
<gx:value>0.35824883</gx:value>
<gx:value>0.25257495</gx:value>
<gx:value>0.25422138</gx:value>
<gx:value>0.11995366</gx:value>
<gx:value>0.0930195</gx:value>
<gx:value>0.06778054</gx:value>
<gx:value>0.060139887</gx:value>
<gx:value>0.09791487</gx:value>
<gx:value>0.08648556</gx:value>
<gx:value>0.39110067</gx:value>
<gx:value>0.08948703</gx:value>
<gx:value>0.2650742</gx:value>
<gx:value>0.3774758</gx:value>
<gx:value>0.29745632</gx:value>
<gx:value>0.20971346</gx:value>
<gx:value>0.30702057</gx:value>
<gx:value>0.50029373</gx:value>
<gx:value>0.4679903</gx:value>
<gx:value>0.24911071</gx:value>
<gx:value>0.24855988</gx:value>
<gx:value>0.34077448</gx:value>
<gx:value>0.33883744</gx:value>
<gx:value>0.36601928</gx:value>
<gx:value>0.42730483</gx:value>
<gx:value>0.16259257</gx:value>
<gx:value>0.1105138</gx:value>
<gx:value>0.17692004</gx:value>
<gx:value>0.32647863</gx:value>
<gx:value>0.11575957</gx:value>
<gx:value>0.1064121</gx:value>
<gx:value>0.10584691</gx:value>
<gx:value>0.07629096</gx:value>
<gx:value>0.5268049</gx:value>
<gx:value>0.21668075</gx:value>
<gx:value>0.22680515</gx:value>
<gx:value>0.24230666</gx:value>
<gx:value>0.39374173</gx:value>
<gx:value>0.35259902</gx:value>
<gx:value>0.18032897</gx:value>
<gx:value>0.09542223</gx:value>
<gx:value>0.061437465</gx:value>
<gx:value>0.065501675</gx:value>
<gx:value>0.08968118</gx:value>
<gx:value>0.070447154</gx:value>
<gx:value>0.08458611</gx:value>
<gx:value>0.07229755</gx:value>
<gx:value>0.4093707</gx:value>
<gx:value>0.095871754</gx:value>
<gx:value>0.070725024</gx:value>
<gx:value>0.2397231</gx:value>
<gx:value>0.13295208</gx:value>
<gx:value>0.1612821</gx:value>
<gx:value>0.6781608</gx:value>
<gx:value>0.47183102</gx:value>
<gx:value>0.11992617</gx:value>
<gx:value>0.07998955</gx:value>
<gx:value>0.062319294</gx:value>
<gx:value>0.09688022</gx:value>
<gx:value>0.10552951</gx:value>
<gx:value>0.106136695</gx:value>
<gx:value>0.41602725</gx:value>
<gx:value>0.32692856</gx:value>
<gx:value>0.21367216</gx:value>
<gx:value>0.14594778</gx:value>
<gx:value>0.09555787</gx:value>
<gx:value>0.081712194</gx:value>
<gx:value>0.065995306</gx:value>
<gx:value>0.08949994</gx:value>
<gx:value>0.08942658</gx:value>
<gx:value>0.07133282</gx:value>
<gx:value>0.049615078</gx:value>
<gx:value>0.19725889</gx:value>
<gx:value>0.19549422</gx:value>
<gx:value>0.17541517</gx:value>
<gx:value>0.59926546</gx:value>
<gx:value>0.15872708</gx:value>
<gx:value>0.13068043</gx:value>
<gx:value>0.07646735</gx:value>
<gx:value>0.101741895</gx:value>
<gx:value>0.11226573</gx:value>
<gx:value>0.0786511</gx:value>
<gx:value>0.06456541</gx:value>
<gx:value>0.12096159</gx:value>
<gx:value>0.14069754</gx:value>
<gx:value>0.109524585</gx:value>
<gx:value>0.109149106</gx:value>
<gx:value>0.15181711</gx:value>
<gx:value>0.29324514</gx:value>
<gx:value>0.2746016</gx:value>
<gx:value>0.78989536</gx:value>
<gx:value>0.4526863</gx:value>
<gx:value>0.5240487</gx:value>
<gx:value>0.14898981</gx:value>
<gx:value>0.095781304</gx:value>
<gx:value>0.09392569</gx:value>
<gx:value>0.06360657</gx:value>
<gx:value>0.05940492</gx:value>
<gx:value>0.08828048</gx:value>
<gx:value>0.012341347</gx:value>
<gx:value>0.4071415</gx:value>
<gx:value>0.3905152</gx:value>
<gx:value>0.3640112</gx:value>
<gx:value>0.6974237</gx:value>
<gx:value>0.7194039</gx:value>
<gx:value>0.7549322</gx:value>
<gx:value>0.5597758</gx:value>
<gx:value>0.47928804</gx:value>
<gx:value>0.52017355</gx:value>
<gx:value>0.57631445</gx:value>
<gx:value>0.67156434</gx:value>
<gx:value>0.76116395</gx:value>
<gx:value>0.66383505</gx:value>
<gx:value>0.82083935</gx:value>
<gx:value>0.30085924</gx:value>
<gx:value>0.0688424</gx:value>
<gx:value>0.054712616</gx:value>
<gx:value>0.093356304</gx:value>
<gx:value>0.12595691</gx:value>
<gx:value>0.20401995</gx:value>
<gx:value>0.2021225</gx:value>
<gx:value>0.24289732</gx:value>
<gx:value>0.11338867</gx:value>
<gx:value>0.1480038</gx:value>
<gx:value>0.094125204</gx:value>
<gx:value>0.10651846</gx:value>
<gx:value>0.09078393</gx:value>
<gx:value>0.16084853</gx:value>
<gx:value>0.14207058</gx:value>
<gx:value>0.04104564</gx:value>
<gx:value>0.093196176</gx:value>
<gx:value>0.012452959</gx:value>
<gx:value>0.09659688</gx:value>
<gx:value>0.07627921</gx:value>
<gx:value>0.087313734</gx:value>
<gx:value>0.070960835</gx:value>
<gx:value>0.042834766</gx:value>
<gx:value>0.02264201</gx:value>
<gx:value>0.00685836</gx:value>
<gx:value>0.005231637</gx:value>
<gx:value>4.936577E-4</gx:value>
<gx:value>1.9511894E-5</gx:value>
<gx:value>9.217414E-7</gx:value>
<gx:value>0.003347369</gx:value>
<gx:value>0.0032728568</gx:value>
<gx:value>0.0034734276</gx:value>
<gx:value>0.0043943813</gx:value>
<gx:value>0.02525852</gx:value>
<gx:value>0.012848941</gx:value>
<gx:value>0.0044688117</gx:value>
<gx:value>0.003732766</gx:value>
<gx:value>0.004928842</gx:value>
<gx:value>1.8159294</gx:value>
<gx:value>1.0460392</gx:value>
<gx:value>0.045605436</gx:value>
<gx:value>0.0043837284</gx:value>
<gx:value>0.08550302</gx:value>
<gx:value>0.029660048</gx:value>
<gx:value>0.0051515666</gx:value>
<gx:value>3.9204175E-4</gx:value>
<gx:value>0.00326563</gx:value>
<gx:value>3.3103558E-4</gx:value>
<gx:value>1.4519957E-5</gx:value>
<gx:value>0.0032550246</gx:value>
<gx:value>3.3214063E-4</gx:value>
<gx:value>0.0033487563</gx:value>
<gx:value>0.0032720275</gx:value>
<gx:value>0.0034289577</gx:value>
<gx:value>3.6800894E-4</gx:value>
<gx:value>0.08066954</gx:value>
<gx:value>0.18970484</gx:value>
<gx:value>0.18532823</gx:value>
<gx:value>0.010780986</gx:value>
<gx:value>0.14311808</gx:value>
<gx:value>0.1347819</gx:value>
<gx:value>0.07908804</gx:value>
<gx:value>0.048588697</gx:value>
<gx:value>0.05856782</gx:value>
<gx:value>0.08397865</gx:value>
<gx:value>0.08077388</gx:value>
<gx:value>0.03631603</gx:value>
<gx:value>0.07449872</gx:value>
<gx:value>0.12992686</gx:value>
<gx:value>0.1540959</gx:value>
<gx:value>0.20898578</gx:value>
<gx:value>0.33528608</gx:value>
<gx:value>0.58020765</gx:value>
<gx:value>0.65003574</gx:value>
<gx:value>0.71720177</gx:value>
<gx:value>0.74944377</gx:value>
<gx:value>0.7629043</gx:value>
<gx:value>0.7814758</gx:value>
<gx:value>0.7787466</gx:value>
<gx:value>0.7545559</gx:value>
<gx:value>0.7554828</gx:value>
<gx:value>0.655058</gx:value>
<gx:value>0.63811785</gx:value>
<gx:value>0.71660036</gx:value>
<gx:value>0.7726187</gx:value>
<gx:value>0.75858456</gx:value>
<gx:value>0.76112837</gx:value>
<gx:value>0.77819353</gx:value>
<gx:value>0.79113376</gx:value>
<gx:value>0.74964476</gx:value>
<gx:value>0.74291587</gx:value>
<gx:value>0.6739936</gx:value>
<gx:value>0.65622914</gx:value>
<gx:value>0.6234139</gx:value>
<gx:value>0.5357732</gx:value>
<gx:value>0.34801647</gx:value>
<gx:value>0.41193596</gx:value>
<gx:value>0.46971127</gx:value>
<gx:value>0.6911891</gx:value>
<gx:value>0.8035554</gx:value>
<gx:value>0.89945924</gx:value>
<gx:value>0.9327234</gx:value>
<gx:value>0.9213438</gx:value>
<gx:value>0.9512158</gx:value>
<gx:value>0.835405</gx:value>
<gx:value>0.8001028</gx:value>
<gx:value>0.6806572</gx:value>
<gx:value>0.6793775</gx:value>
<gx:value>0.574308</gx:value>
<gx:value>0.6094797</gx:value>
<gx:value>0.55055153</gx:value>
<gx:value>0.5749973</gx:value>
<gx:value>0.5776656</gx:value>
<gx:value>0.56928074</gx:value>
<gx:value>0.5293083</gx:value>
<gx:value>0.55484754</gx:value>
<gx:value>0.5943717</gx:value>
<gx:value>0.5846077</gx:value>
<gx:value>0.691933</gx:value>
<gx:value>0.703237</gx:value>
<gx:value>0.6890103</gx:value>
<gx:value>0.6348597</gx:value>
<gx:value>0.4999573</gx:value>
<gx:value>0.19077866</gx:value>
<gx:value>0.060102522</gx:value>
<gx:value>0.03293499</gx:value>
<gx:value>0.0662271</gx:value>
<gx:value>0.020888034</gx:value>
<gx:value>0.026780888</gx:value>
<gx:value>0.04968163</gx:value>
<gx:value>0.09260179</gx:value>
<gx:value>0.0405971</gx:value>
<gx:value>0.03991613</gx:value>
<gx:value>0.029481534</gx:value>
<gx:value>0.07462094</gx:value>
<gx:value>0.035091285</gx:value>
<gx:value>0.020315632</gx:value>
<gx:value>0.020392163</gx:value>
<gx:value>0.060863324</gx:value>
<gx:value>0.019568464</gx:value>
<gx:value>0.061192468</gx:value>
<gx:value>0.099303365</gx:value>
<gx:value>0.14053452</gx:value>
<gx:value>0.26691243</gx:value>
<gx:value>0.28678632</gx:value>
<gx:value>0.54428744</gx:value>
<gx:value>0.60894674</gx:value>
<gx:value>0.62049586</gx:value>
<gx:value>0.6729118</gx:value>
<gx:value>0.75738174</gx:value>
<gx:value>0.82179564</gx:value>
<gx:value>0.83690816</gx:value>
<gx:value>0.7772889</gx:value>
<gx:value>0.7641514</gx:value>
<gx:value>0.533791</gx:value>
<gx:value>0.3424105</gx:value>
<gx:value>0.3761884</gx:value>
<gx:value>0.4144241</gx:value>
<gx:value>0.570945</gx:value>
<gx:value>0.56356806</gx:value>
<gx:value>0.77841043</gx:value>
<gx:value>0.7977736</gx:value>
<gx:value>0.866806</gx:value>
<gx:value>0.91472733</gx:value>
<gx:value>0.89191735</gx:value>
<gx:value>0.90015393</gx:value>
<gx:value>0.8724682</gx:value>
<gx:value>0.86682975</gx:value>
<gx:value>0.8279131</gx:value>
<gx:value>0.81487525</gx:value>
<gx:value>0.72850424</gx:value>
<gx:value>0.78311056</gx:value>
<gx:value>0.8152828</gx:value>
<gx:value>0.8243553</gx:value>
<gx:value>0.82311565</gx:value>
<gx:value>0.81908774</gx:value>
<gx:value>0.81535095</gx:value>
<gx:value>0.6764413</gx:value>
<gx:value>0.5498929</gx:value>
<gx:value>0.10750162</gx:value>
<gx:value>0.085003175</gx:value>
<gx:value>0.03891055</gx:value>
<gx:value>0.020087328</gx:value>
<gx:value>0.09943358</gx:value>
<gx:value>0.17844278</gx:value>
<gx:value>0.92133385</gx:value>
<gx:value>0.9699563</gx:value>
<gx:value>0.8114246</gx:value>
<gx:value>0.74573684</gx:value>
<gx:value>0.60800236</gx:value>
<gx:value>0.2526353</gx:value>
<gx:value>0.096132115</gx:value>
<gx:value>0.08419236</gx:value>
<gx:value>0.063341975</gx:value>
<gx:value>0.083044514</gx:value>
<gx:value>0.00727037</gx:value>
<gx:value>0.0039660702</gx:value>
<gx:value>0.0026634412</gx:value>
<gx:value>0.0025019804</gx:value>
<gx:value>0.0030254826</gx:value>
<gx:value>0.0019572142</gx:value>
<gx:value>0.0012886022</gx:value>
<gx:value>0.19963482</gx:value>
<gx:value>0.18904848</gx:value>
<gx:value>0.4046075</gx:value>
<gx:value>0.48101878</gx:value>
<gx:value>0.51489836</gx:value>
<gx:value>0.55117893</gx:value>
<gx:value>0.5488664</gx:value>
<gx:value>0.6382557</gx:value>
<gx:value>0.785664</gx:value>
<gx:value>0.8285262</gx:value>
<gx:value>0.8540795</gx:value>
<gx:value>0.8654056</gx:value>
<gx:value>0.8668098</gx:value>
<gx:value>0.9027346</gx:value>
<gx:value>0.8712735</gx:value>
<gx:value>0.81362987</gx:value>
<gx:value>0.7835577</gx:value>
<gx:value>0.77471834</gx:value>
<gx:value>0.74637485</gx:value>
<gx:value>0.74177194</gx:value>
<gx:value>0.7725113</gx:value>
<gx:value>0.76847386</gx:value>
<gx:value>0.80544126</gx:value>
<gx:value>0.71892846</gx:value>
<gx:value>0.6545364</gx:value>
<gx:value>0.61909884</gx:value>
<gx:value>0.68119586</gx:value>
<gx:value>0.8326189</gx:value>
<gx:value>0.85777277</gx:value>
<gx:value>0.82329</gx:value>
<gx:value>0.7505954</gx:value>
<gx:value>0.7558516</gx:value>
<gx:value>0.780257</gx:value>
<gx:value>0.78302664</gx:value>
<gx:value>0.80639505</gx:value>
<gx:value>0.82789433</gx:value>
<gx:value>0.82866216</gx:value>
<gx:value>0.83387876</gx:value>
<gx:value>0.7550398</gx:value>
<gx:value>0.70730317</gx:value>
<gx:value>0.7454198</gx:value>
<gx:value>0.6919172</gx:value>
<gx:value>0.66362685</gx:value>
<gx:value>0.6285291</gx:value>
<gx:value>0.6620711</gx:value>
<gx:value>0.7475975</gx:value>
<gx:value>0.86467516</gx:value>
<gx:value>0.81467384</gx:value>
<gx:value>0.74966925</gx:value>
<gx:value>0.697706</gx:value>
<gx:value>0.6573689</gx:value>
<gx:value>0.5359916</gx:value>
<gx:value>0.51765734</gx:value>
<gx:value>0.53217417</gx:value>
<gx:value>0.70149535</gx:value>
<gx:value>0.818421</gx:value>
<gx:value>0.86337286</gx:value>
<gx:value>0.8031479</gx:value>
<gx:value>0.7048911</gx:value>
<gx:value>0.637045</gx:value>
<gx:value>0.6464177</gx:value>
<gx:value>0.7673063</gx:value>
<gx:value>0.8362136</gx:value>
<gx:value>0.8589519</gx:value>
<gx:value>0.86060894</gx:value>
<gx:value>0.8114067</gx:value>
<gx:value>0.79708385</gx:value>
<gx:value>0.80855393</gx:value>
<gx:value>0.81025374</gx:value>
<gx:value>0.81989884</gx:value>
<gx:value>0.8505472</gx:value>
<gx:value>0.87316334</gx:value>
<gx:value>0.93108475</gx:value>
<gx:value>0.98272896</gx:value>
<gx:value>1.039433</gx:value>
<gx:value>1.0353334</gx:value>
<gx:value>0.9264116</gx:value>
<gx:value>0.86605036</gx:value>
<gx:value>0.80420077</gx:value>
<gx:value>0.6061103</gx:value>
<gx:value>0.40361935</gx:value>
<gx:value>0.08909642</gx:value>
<gx:value>0.07132281</gx:value>
<gx:value>0.10025054</gx:value>
<gx:value>0.11740274</gx:value>
<gx:value>0.08153574</gx:value>
<gx:value>0.029817328</gx:value>
<gx:value>0.03500971</gx:value>
<gx:value>0.060689643</gx:value>
<gx:value>0.042507876</gx:value>
<gx:value>0.024782473</gx:value>
<gx:value>0.0169627</gx:value>
<gx:value>0.013575917</gx:value>
<gx:value>0.013225001</gx:value>
<gx:value>0.012189855</gx:value>
<gx:value>0.011605982</gx:value>
<gx:value>0.010797808</gx:value>
<gx:value>0.010389094</gx:value>
<gx:value>0.009832791</gx:value>
<gx:value>0.009561312</gx:value>
<gx:value>0.008826373</gx:value>
<gx:value>0.011184816</gx:value>
<gx:value>0.0052348026</gx:value>
<gx:value>0.0018861833</gx:value>
<gx:value>0.00671406</gx:value>
<gx:value>0.00325269</gx:value>
<gx:value>0.0062625892</gx:value>
<gx:value>0.0030702532</gx:value>
<gx:value>0.0062687974</gx:value>
<gx:value>0.0031096148</gx:value>
<gx:value>0.0011559958</gx:value>
<gx:value>3.8050362E-4</gx:value>
<gx:value>0.006119026</gx:value>
<gx:value>0.0030388555</gx:value>
<gx:value>0.0011285861</gx:value>
<gx:value>3.7115967E-4</gx:value>
<gx:value>1.1415765E-4</gx:value>
<gx:value>0.0062801545</gx:value>
<gx:value>0.0068677627</gx:value>
<gx:value>0.0032521915</gx:value>
<gx:value>0.0011911908</gx:value>
<gx:value>0.0064124353</gx:value>
<gx:value>0.0031595025</gx:value>
<gx:value>0.0011698399</gx:value>
<gx:value>0.44898394</gx:value>
<gx:value>0.23147413</gx:value>
<gx:value>0.22915635</gx:value>
<gx:value>0.32789344</gx:value>
<gx:value>0.32619557</gx:value>
<gx:value>0.18435012</gx:value>
<gx:value>0.3085421</gx:value>
<gx:value>0.21072096</gx:value>
<gx:value>0.2968699</gx:value>
<gx:value>0.23526081</gx:value>
<gx:value>0.1663687</gx:value>
<gx:value>0.12088409</gx:value>
<gx:value>0.12136812</gx:value>
<gx:value>0.07810456</gx:value>
<gx:value>0.06641791</gx:value>
<gx:value>0.058279842</gx:value>
<gx:value>0.061135657</gx:value>
<gx:value>0.060193267</gx:value>
<gx:value>0.06772387</gx:value>
<gx:value>0.055233505</gx:value>
<gx:value>0.057676796</gx:value>
<gx:value>0.14357558</gx:value>
<gx:value>0.14228877</gx:value>
<gx:value>0.075361006</gx:value>
<gx:value>0.08774323</gx:value>
<gx:value>0.07257346</gx:value>
<gx:value>0.08348195</gx:value>
<gx:value>0.1019254</gx:value>
<gx:value>0.11141809</gx:value>
<gx:value>0.14264329</gx:value>
<gx:value>0.104378544</gx:value>
<gx:value>0.09746284</gx:value>
<gx:value>0.020886162</gx:value>
<gx:value>0.092385</gx:value>
<gx:value>0.09286194</gx:value>
<gx:value>0.13276099</gx:value>
<gx:value>0.41793332</gx:value>
<gx:value>0.6531543</gx:value>
<gx:value>0.7940803</gx:value>
<gx:value>0.73911697</gx:value>
<gx:value>0.616247</gx:value>
<gx:value>0.7595691</gx:value>
<gx:value>0.7415381</gx:value>
<gx:value>0.8519864</gx:value>
<gx:value>0.72963643</gx:value>
<gx:value>0.6215559</gx:value>
<gx:value>0.67107</gx:value>
<gx:value>0.6464702</gx:value>
</gx:SimpleArrayData>
<gx:SimpleArrayData name="accuracy">
<gx:value>7.892</gx:value>
<gx:value>6.239</gx:value>
<gx:value>4.769</gx:value>
<gx:value>4.75</gx:value>
<gx:value>4.544</gx:value>
<gx:value>4.572</gx:value>
<gx:value>5.237</gx:value>
<gx:value>8.248</gx:value>
<gx:value>10.736</gx:value>
<gx:value>8.948</gx:value>
<gx:value>8.07</gx:value>
<gx:value>8.051</gx:value>
<gx:value>7.882</gx:value>
<gx:value>7.393</gx:value>
<gx:value>7.193</gx:value>
<gx:value>7.398</gx:value>
<gx:value>7.661</gx:value>
<gx:value>7.587</gx:value>
<gx:value>7.582</gx:value>
<gx:value>7.387</gx:value>
<gx:value>7.379</gx:value>
<gx:value>7.584</gx:value>
<gx:value>7.251</gx:value>
<gx:value>6.981</gx:value>
<gx:value>6.751</gx:value>
<gx:value>5.937</gx:value>
<gx:value>5.605</gx:value>
<gx:value>5.881</gx:value>
<gx:value>6.108</gx:value>
<gx:value>8.132</gx:value>
<gx:value>9.935</gx:value>
<gx:value>22.696</gx:value>
<gx:value>9.935</gx:value>
<gx:value>9.935</gx:value>
<gx:value>9.935</gx:value>
<gx:value>9.935</gx:value>
<gx:value>9.935</gx:value>
<gx:value>9.935</gx:value>
<gx:value>10.058</gx:value>
<gx:value>9.935</gx:value>
<gx:value>9.935</gx:value>
<gx:value>9.935</gx:value>
<gx:value>9.935</gx:value>
<gx:value>9.935</gx:value>
<gx:value>9.935</gx:value>
<gx:value>9.935</gx:value>
<gx:value>9.935</gx:value>
<gx:value>9.935</gx:value>
<gx:value>9.935</gx:value>
<gx:value>9.935</gx:value>
<gx:value>10.023</gx:value>
<gx:value>9.935</gx:value>
<gx:value>9.935</gx:value>
<gx:value>9.935</gx:value>
<gx:value>9.935</gx:value>
<gx:value>9.935</gx:value>
<gx:value>9.935</gx:value>
<gx:value>9.935</gx:value>
<gx:value>9.953</gx:value>
<gx:value>9.935</gx:value>
<gx:value>9.95</gx:value>
<gx:value>9.935</gx:value>
<gx:value>9.935</gx:value>
<gx:value>9.935</gx:value>
<gx:value>9.935</gx:value>
<gx:value>9.935</gx:value>
<gx:value>9.935</gx:value>
<gx:value>9.935</gx:value>
<gx:value>9.935</gx:value>
<gx:value>9.935</gx:value>
<gx:value>10.153</gx:value>
<gx:value>9.935</gx:value>
<gx:value>9.935</gx:value>
<gx:value>9.935</gx:value>
<gx:value>9.935</gx:value>
<gx:value>10.031</gx:value>
<gx:value>9.935</gx:value>
<gx:value>9.935</gx:value>
<gx:value>9.977</gx:value>
<gx:value>9.935</gx:value>
<gx:value>9.935</gx:value>
<gx:value>9.935</gx:value>
<gx:value>9.935</gx:value>
<gx:value>9.935</gx:value>
<gx:value>9.935</gx:value>
<gx:value>9.935</gx:value>
<gx:value>5.588</gx:value>
<gx:value>3.892</gx:value>
<gx:value>4.441</gx:value>
<gx:value>4.473</gx:value>
<gx:value>4.699</gx:value>
<gx:value>4.691</gx:value>
<gx:value>4.632</gx:value>
<gx:value>4.172</gx:value>
<gx:value>3.79</gx:value>
<gx:value>3.79</gx:value>
<gx:value>3.79</gx:value>
<gx:value>3.79</gx:value>
<gx:value>3.79</gx:value>
<gx:value>3.79</gx:value>
<gx:value>3.79</gx:value>
<gx:value>3.79</gx:value>
<gx:value>3.79</gx:value>
<gx:value>3.79</gx:value>
<gx:value>7.753</gx:value>
<gx:value>8.654</gx:value>
<gx:value>3.79</gx:value>
<gx:value>3.79</gx:value>
<gx:value>24.934</gx:value>
<gx:value>18.987</gx:value>
<gx:value>7.75</gx:value>
<gx:value>8.493</gx:value>
<gx:value>8.702</gx:value>
<gx:value>8.13</gx:value>
<gx:value>8.027</gx:value>
<gx:value>7.265</gx:value>
<gx:value>6.801</gx:value>
<gx:value>6.802</gx:value>
<gx:value>6.627</gx:value>
<gx:value>6.535</gx:value>
<gx:value>6.203</gx:value>
<gx:value>6.062</gx:value>
<gx:value>6.223</gx:value>
<gx:value>6.062</gx:value>
<gx:value>5.735</gx:value>
<gx:value>5.794</gx:value>
<gx:value>6.067</gx:value>
<gx:value>6.183</gx:value>
<gx:value>6.169</gx:value>
<gx:value>5.967</gx:value>
<gx:value>6.235</gx:value>
<gx:value>6.561</gx:value>
<gx:value>6.595</gx:value>
<gx:value>6.705</gx:value>
<gx:value>6.876</gx:value>
<gx:value>7.082</gx:value>
<gx:value>7.197</gx:value>
<gx:value>6.839</gx:value>
<gx:value>6.684</gx:value>
<gx:value>6.287</gx:value>
<gx:value>5.95</gx:value>
<gx:value>5.552</gx:value>
<gx:value>5.175</gx:value>
<gx:value>4.849</gx:value>
<gx:value>3.79</gx:value>
<gx:value>3.79</gx:value>
<gx:value>4.434</gx:value>
<gx:value>5.053</gx:value>
<gx:value>5.471</gx:value>
<gx:value>5.844</gx:value>
<gx:value>6.052</gx:value>
<gx:value>6.322</gx:value>
<gx:value>6.575</gx:value>
<gx:value>6.989</gx:value>
<gx:value>7.313</gx:value>
<gx:value>7.322</gx:value>
<gx:value>7.183</gx:value>
<gx:value>6.601</gx:value>
<gx:value>5.885</gx:value>
<gx:value>6.0</gx:value>
<gx:value>6.092</gx:value>
<gx:value>6.039</gx:value>
<gx:value>6.513</gx:value>
<gx:value>6.692</gx:value>
<gx:value>6.383</gx:value>
<gx:value>5.728</gx:value>
<gx:value>5.675</gx:value>
<gx:value>5.561</gx:value>
<gx:value>5.445</gx:value>
<gx:value>5.417</gx:value>
<gx:value>5.51</gx:value>
<gx:value>5.654</gx:value>
<gx:value>5.267</gx:value>
<gx:value>4.886</gx:value>
<gx:value>5.041</gx:value>
<gx:value>5.574</gx:value>
<gx:value>5.898</gx:value>
<gx:value>5.599</gx:value>
<gx:value>5.402</gx:value>
<gx:value>5.158</gx:value>
<gx:value>5.017</gx:value>
<gx:value>4.962</gx:value>
<gx:value>5.341</gx:value>
<gx:value>5.655</gx:value>
<gx:value>5.498</gx:value>
<gx:value>5.558</gx:value>
<gx:value>6.139</gx:value>
<gx:value>6.787</gx:value>
<gx:value>7.441</gx:value>
<gx:value>8.512</gx:value>
<gx:value>9.44</gx:value>
<gx:value>8.586</gx:value>
<gx:value>6.431</gx:value>
<gx:value>4.679</gx:value>
<gx:value>4.791</gx:value>
<gx:value>5.5</gx:value>
<gx:value>5.847</gx:value>
<gx:value>6.499</gx:value>
<gx:value>6.5</gx:value>
<gx:value>5.92</gx:value>
<gx:value>6.291</gx:value>
<gx:value>8.221</gx:value>
<gx:value>9.638</gx:value>
<gx:value>9.213</gx:value>
<gx:value>8.519</gx:value>
<gx:value>6.592</gx:value>
<gx:value>4.639</gx:value>
<gx:value>3.599</gx:value>
<gx:value>3.935</gx:value>
<gx:value>4.183</gx:value>
<gx:value>4.952</gx:value>
<gx:value>5.573</gx:value>
<gx:value>5.573</gx:value>
<gx:value>5.181</gx:value>
<gx:value>4.707</gx:value>
<gx:value>4.673</gx:value>
<gx:value>4.862</gx:value>
<gx:value>5.366</gx:value>
<gx:value>5.731</gx:value>
<gx:value>6.036</gx:value>
<gx:value>6.522</gx:value>
<gx:value>7.069</gx:value>
<gx:value>7.562</gx:value>
<gx:value>7.858</gx:value>
<gx:value>7.726</gx:value>
<gx:value>7.676</gx:value>
<gx:value>7.573</gx:value>
<gx:value>7.704</gx:value>
<gx:value>7.433</gx:value>
<gx:value>7.321</gx:value>
<gx:value>7.503</gx:value>
<gx:value>7.106</gx:value>
<gx:value>6.938</gx:value>
<gx:value>8.351</gx:value>
<gx:value>9.935</gx:value>
<gx:value>10.056</gx:value>
<gx:value>9.106</gx:value>
<gx:value>7.936</gx:value>
<gx:value>7.732</gx:value>
<gx:value>7.991</gx:value>
<gx:value>6.735</gx:value>
<gx:value>6.397</gx:value>
<gx:value>6.647</gx:value>
<gx:value>7.019</gx:value>
<gx:value>7.192</gx:value>
<gx:value>7.826</gx:value>
<gx:value>8.393</gx:value>
<gx:value>8.92</gx:value>
<gx:value>9.6</gx:value>
<gx:value>6.949</gx:value>
<gx:value>4.197</gx:value>
<gx:value>3.151</gx:value>
<gx:value>3.129</gx:value>
<gx:value>3.648</gx:value>
<gx:value>4.829</gx:value>
<gx:value>6.805</gx:value>
<gx:value>8.43</gx:value>
<gx:value>8.679</gx:value>
<gx:value>7.984</gx:value>
<gx:value>7.893</gx:value>
<gx:value>7.495</gx:value>
<gx:value>7.076</gx:value>
<gx:value>6.995</gx:value>
<gx:value>6.294</gx:value>
<gx:value>5.873</gx:value>
<gx:value>5.93</gx:value>
<gx:value>5.767</gx:value>
<gx:value>5.733</gx:value>
<gx:value>5.781</gx:value>
<gx:value>5.835</gx:value>
<gx:value>5.9</gx:value>
<gx:value>5.94</gx:value>
<gx:value>5.877</gx:value>
<gx:value>5.811</gx:value>
<gx:value>5.376</gx:value>
<gx:value>4.658</gx:value>
<gx:value>4.609</gx:value>
<gx:value>4.259</gx:value>
<gx:value>4.087</gx:value>
<gx:value>3.844</gx:value>
<gx:value>3.879</gx:value>
<gx:value>4.125</gx:value>
<gx:value>4.207</gx:value>
<gx:value>4.292</gx:value>
<gx:value>4.541</gx:value>
<gx:value>4.486</gx:value>
<gx:value>4.21</gx:value>
<gx:value>4.454</gx:value>
<gx:value>4.725</gx:value>
<gx:value>5.042</gx:value>
<gx:value>5.283</gx:value>
<gx:value>5.653</gx:value>
<gx:value>6.11</gx:value>
<gx:value>6.301</gx:value>
<gx:value>6.17</gx:value>
<gx:value>6.448</gx:value>
<gx:value>6.412</gx:value>
<gx:value>7.464</gx:value>
<gx:value>9.681</gx:value>
<gx:value>8.613</gx:value>
<gx:value>7.113</gx:value>
<gx:value>9.935</gx:value>
<gx:value>24.423</gx:value>
<gx:value>25.254</gx:value>
<gx:value>15.643</gx:value>
<gx:value>12.966</gx:value>
<gx:value>10.134</gx:value>
<gx:value>9.317</gx:value>
<gx:value>9.537</gx:value>
<gx:value>9.6</gx:value>
<gx:value>9.449</gx:value>
<gx:value>9.446</gx:value>
<gx:value>8.467</gx:value>
<gx:value>7.693</gx:value>
<gx:value>7.047</gx:value>
<gx:value>6.847</gx:value>
<gx:value>6.911</gx:value>
<gx:value>7.359</gx:value>
<gx:value>7.931</gx:value>
<gx:value>8.501</gx:value>
<gx:value>8.485</gx:value>
<gx:value>8.07</gx:value>
<gx:value>7.776</gx:value>
<gx:value>7.872</gx:value>
<gx:value>7.955</gx:value>
<gx:value>8.694</gx:value>
<gx:value>9.935</gx:value>
<gx:value>9.935</gx:value>
<gx:value>9.935</gx:value>
<gx:value>9.935</gx:value>
<gx:value>9.935</gx:value>
<gx:value>9.935</gx:value>
<gx:value>12.837</gx:value>
<gx:value>14.736</gx:value>
<gx:value>17.733</gx:value>
<gx:value>18.684</gx:value>
<gx:value>17.982</gx:value>
<gx:value>19.422</gx:value>
<gx:value>18.095</gx:value>
<gx:value>13.582</gx:value>
<gx:value>13.82</gx:value>
<gx:value>14.197</gx:value>
<gx:value>14.16</gx:value>
<gx:value>11.934</gx:value>
<gx:value>11.567</gx:value>
<gx:value>11.377</gx:value>
<gx:value>12.829</gx:value>
<gx:value>14.468</gx:value>
<gx:value>14.503</gx:value>
<gx:value>11.029</gx:value>
<gx:value>5.483</gx:value>
<gx:value>5.283</gx:value>
<gx:value>5.496</gx:value>
<gx:value>5.746</gx:value>
<gx:value>5.746</gx:value>
<gx:value>5.727</gx:value>
<gx:value>7.833</gx:value>
<gx:value>9.935</gx:value>
<gx:value>8.165</gx:value>
<gx:value>7.159</gx:value>
<gx:value>6.843</gx:value>
<gx:value>6.768</gx:value>
<gx:value>6.592</gx:value>
<gx:value>6.468</gx:value>
<gx:value>6.53</gx:value>
<gx:value>6.886</gx:value>
<gx:value>7.034</gx:value>
<gx:value>6.886</gx:value>
<gx:value>6.76</gx:value>
<gx:value>6.882</gx:value>
<gx:value>6.994</gx:value>
<gx:value>7.081</gx:value>
<gx:value>7.477</gx:value>
<gx:value>8.961</gx:value>
<gx:value>10.226</gx:value>
<gx:value>11.178</gx:value>
<gx:value>10.596</gx:value>
<gx:value>10.482</gx:value>
<gx:value>11.963</gx:value>
<gx:value>11.579</gx:value>
<gx:value>9.855</gx:value>
<gx:value>9.314</gx:value>
<gx:value>8.788</gx:value>
<gx:value>7.453</gx:value>
<gx:value>5.757</gx:value>
<gx:value>5.714</gx:value>
<gx:value>7.792</gx:value>
<gx:value>7.645</gx:value>
<gx:value>6.286</gx:value>
<gx:value>6.279</gx:value>
<gx:value>6.304</gx:value>
<gx:value>6.454</gx:value>
<gx:value>6.143</gx:value>
<gx:value>6.808</gx:value>
<gx:value>6.805</gx:value>
<gx:value>7.147</gx:value>
<gx:value>7.191</gx:value>
<gx:value>7.46</gx:value>
<gx:value>7.37</gx:value>
<gx:value>7.137</gx:value>
<gx:value>7.611</gx:value>
<gx:value>8.054</gx:value>
<gx:value>5.889</gx:value>
<gx:value>5.406</gx:value>
<gx:value>5.68</gx:value>
<gx:value>5.654</gx:value>
<gx:value>5.718</gx:value>
<gx:value>5.68</gx:value>
<gx:value>5.778</gx:value>
<gx:value>5.838</gx:value>
<gx:value>7.857</gx:value>
<gx:value>9.935</gx:value>
<gx:value>9.935</gx:value>
<gx:value>9.935</gx:value>
<gx:value>9.935</gx:value>
<gx:value>9.935</gx:value>
<gx:value>10.12</gx:value>
<gx:value>10.183</gx:value>
<gx:value>10.076</gx:value>
<gx:value>9.599</gx:value>
<gx:value>8.927</gx:value>
<gx:value>8.661</gx:value>
<gx:value>8.264</gx:value>
<gx:value>8.095</gx:value>
<gx:value>8.851</gx:value>
<gx:value>9.676</gx:value>
<gx:value>9.802</gx:value>
<gx:value>9.354</gx:value>
<gx:value>7.329</gx:value>
<gx:value>4.539</gx:value>
<gx:value>4.374</gx:value>
<gx:value>4.524</gx:value>
<gx:value>4.619</gx:value>
<gx:value>4.667</gx:value>
<gx:value>4.808</gx:value>
<gx:value>4.759</gx:value>
<gx:value>4.811</gx:value>
<gx:value>4.914</gx:value>
<gx:value>4.987</gx:value>
<gx:value>5.172</gx:value>
<gx:value>5.929</gx:value>
<gx:value>6.425</gx:value>
<gx:value>6.853</gx:value>
<gx:value>7.122</gx:value>
<gx:value>6.294</gx:value>
<gx:value>6.27</gx:value>
<gx:value>5.719</gx:value>
<gx:value>5.64</gx:value>
<gx:value>6.367</gx:value>
<gx:value>32.632</gx:value>
<gx:value>20.45</gx:value>
<gx:value>11.214</gx:value>
<gx:value>11.211</gx:value>
<gx:value>9.656</gx:value>
<gx:value>6.741</gx:value>
<gx:value>6.793</gx:value>
<gx:value>6.815</gx:value>
<gx:value>6.823</gx:value>
<gx:value>5.283</gx:value>
<gx:value>5.88</gx:value>
<gx:value>8.112</gx:value>
<gx:value>5.271</gx:value>
<gx:value>3.79</gx:value>
<gx:value>3.79</gx:value>
<gx:value>54.187</gx:value>
<gx:value>54.23</gx:value>
<gx:value>18.448</gx:value>
<gx:value>12.044</gx:value>
<gx:value>10.854</gx:value>
<gx:value>9.761</gx:value>
<gx:value>6.415</gx:value>
<gx:value>14.966</gx:value>
<gx:value>20.407</gx:value>
<gx:value>15.204</gx:value>
<gx:value>12.515</gx:value>
<gx:value>12.355</gx:value>
<gx:value>9.543</gx:value>
<gx:value>7.284</gx:value>
<gx:value>6.991</gx:value>
<gx:value>6.717</gx:value>
<gx:value>6.93</gx:value>
<gx:value>7.009</gx:value>
<gx:value>7.688</gx:value>
<gx:value>7.807</gx:value>
<gx:value>7.309</gx:value>
<gx:value>7.485</gx:value>
<gx:value>7.165</gx:value>
<gx:value>4.964</gx:value>
<gx:value>4.383</gx:value>
<gx:value>3.81</gx:value>
<gx:value>3.275</gx:value>
<gx:value>3.508</gx:value>
<gx:value>4.426</gx:value>
<gx:value>6.511</gx:value>
<gx:value>7.417</gx:value>
<gx:value>7.524</gx:value>
<gx:value>7.37</gx:value>
<gx:value>6.655</gx:value>
<gx:value>6.194</gx:value>
<gx:value>6.223</gx:value>
<gx:value>5.051</gx:value>
<gx:value>4.187</gx:value>
<gx:value>3.782</gx:value>
<gx:value>3.733</gx:value>
<gx:value>4.196</gx:value>
<gx:value>4.368</gx:value>
<gx:value>4.528</gx:value>
<gx:value>4.662</gx:value>
<gx:value>4.245</gx:value>
<gx:value>5.035</gx:value>
<gx:value>4.519</gx:value>
<gx:value>4.424</gx:value>
<gx:value>3.891</gx:value>
<gx:value>4.047</gx:value>
<gx:value>4.307</gx:value>
<gx:value>4.099</gx:value>
<gx:value>4.706</gx:value>
<gx:value>5.311</gx:value>
<gx:value>5.382</gx:value>
<gx:value>4.373</gx:value>
<gx:value>3.776</gx:value>
<gx:value>3.763</gx:value>
<gx:value>3.866</gx:value>
<gx:value>3.863</gx:value>
<gx:value>4.023</gx:value>
<gx:value>4.266</gx:value>
<gx:value>4.246</gx:value>
<gx:value>4.056</gx:value>
<gx:value>3.87</gx:value>
<gx:value>4.145</gx:value>
<gx:value>5.48</gx:value>
<gx:value>6.222</gx:value>
<gx:value>6.059</gx:value>
<gx:value>4.487</gx:value>
<gx:value>4.42</gx:value>
<gx:value>4.549</gx:value>
<gx:value>4.617</gx:value>
<gx:value>4.614</gx:value>
<gx:value>3.844</gx:value>
<gx:value>5.009</gx:value>
<gx:value>7.51</gx:value>
<gx:value>6.596</gx:value>
<gx:value>6.536</gx:value>
<gx:value>6.411</gx:value>
<gx:value>6.596</gx:value>
<gx:value>6.551</gx:value>
<gx:value>6.073</gx:value>
<gx:value>5.802</gx:value>
<gx:value>5.31</gx:value>
<gx:value>5.237</gx:value>
<gx:value>5.383</gx:value>
<gx:value>5.244</gx:value>
<gx:value>5.359</gx:value>
<gx:value>5.589</gx:value>
<gx:value>5.301</gx:value>
<gx:value>5.085</gx:value>
<gx:value>4.918</gx:value>
<gx:value>4.877</gx:value>
<gx:value>5.028</gx:value>
<gx:value>5.448</gx:value>
<gx:value>5.567</gx:value>
<gx:value>5.722</gx:value>
<gx:value>6.069</gx:value>
<gx:value>6.33</gx:value>
<gx:value>6.215</gx:value>
<gx:value>5.653</gx:value>
<gx:value>4.644</gx:value>
<gx:value>4.255</gx:value>
<gx:value>5.375</gx:value>
<gx:value>6.246</gx:value>
<gx:value>6.921</gx:value>
<gx:value>6.833</gx:value>
<gx:value>6.664</gx:value>
<gx:value>6.735</gx:value>
<gx:value>5.529</gx:value>
<gx:value>6.071</gx:value>
<gx:value>6.135</gx:value>
<gx:value>5.165</gx:value>
<gx:value>7.232</gx:value>
<gx:value>3.79</gx:value>
<gx:value>5.064</gx:value>
<gx:value>5.67</gx:value>
<gx:value>5.534</gx:value>
<gx:value>5.357</gx:value>
<gx:value>5.133</gx:value>
<gx:value>5.48</gx:value>
<gx:value>5.861</gx:value>
<gx:value>6.233</gx:value>
<gx:value>6.48</gx:value>
<gx:value>6.524</gx:value>
<gx:value>6.483</gx:value>
<gx:value>5.944</gx:value>
<gx:value>5.945</gx:value>
<gx:value>5.878</gx:value>
<gx:value>5.963</gx:value>
<gx:value>6.422</gx:value>
<gx:value>6.154</gx:value>
<gx:value>6.042</gx:value>
<gx:value>5.916</gx:value>
<gx:value>5.976</gx:value>
<gx:value>5.553</gx:value>
<gx:value>7.086</gx:value>
<gx:value>9.935</gx:value>
<gx:value>9.935</gx:value>
<gx:value>9.935</gx:value>
<gx:value>9.935</gx:value>
<gx:value>10.018</gx:value>
<gx:value>9.935</gx:value>
<gx:value>9.935</gx:value>
<gx:value>9.935</gx:value>
<gx:value>9.935</gx:value>
<gx:value>9.935</gx:value>
<gx:value>9.935</gx:value>
<gx:value>6.862</gx:value>
<gx:value>6.148</gx:value>
<gx:value>8.177</gx:value>
<gx:value>7.408</gx:value>
<gx:value>6.433</gx:value>
<gx:value>6.345</gx:value>
<gx:value>5.918</gx:value>
<gx:value>5.074</gx:value>
<gx:value>5.038</gx:value>
<gx:value>4.762</gx:value>
<gx:value>4.667</gx:value>
<gx:value>4.786</gx:value>
<gx:value>4.747</gx:value>
<gx:value>5.038</gx:value>
<gx:value>5.477</gx:value>
<gx:value>5.699</gx:value>
<gx:value>6.091</gx:value>
<gx:value>6.036</gx:value>
<gx:value>5.111</gx:value>
<gx:value>4.85</gx:value>
<gx:value>4.69</gx:value>
<gx:value>4.686</gx:value>
<gx:value>4.413</gx:value>
<gx:value>4.255</gx:value>
<gx:value>3.79</gx:value>
<gx:value>4.485</gx:value>
<gx:value>4.608</gx:value>
<gx:value>4.8</gx:value>
<gx:value>4.831</gx:value>
<gx:value>4.889</gx:value>
<gx:value>5.002</gx:value>
<gx:value>5.021</gx:value>
<gx:value>4.808</gx:value>
<gx:value>4.879</gx:value>
<gx:value>4.735</gx:value>
<gx:value>4.738</gx:value>
<gx:value>4.789</gx:value>
<gx:value>7.307</gx:value>
<gx:value>9.935</gx:value>
<gx:value>6.862</gx:value>
<gx:value>3.79</gx:value>
<gx:value>3.79</gx:value>
<gx:value>3.79</gx:value>
<gx:value>6.145</gx:value>
<gx:value>6.95</gx:value>
<gx:value>6.347</gx:value>
<gx:value>5.359</gx:value>
<gx:value>5.63</gx:value>
<gx:value>6.335</gx:value>
<gx:value>8.303</gx:value>
<gx:value>9.391</gx:value>
<gx:value>8.179</gx:value>
<gx:value>6.872</gx:value>
<gx:value>7.393</gx:value>
<gx:value>7.685</gx:value>
<gx:value>6.032</gx:value>
<gx:value>6.358</gx:value>
<gx:value>6.295</gx:value>
<gx:value>6.361</gx:value>
<gx:value>6.515</gx:value>
<gx:value>6.128</gx:value>
<gx:value>6.795</gx:value>
<gx:value>7.05</gx:value>
<gx:value>7.016</gx:value>
<gx:value>6.495</gx:value>
<gx:value>6.571</gx:value>
<gx:value>7.132</gx:value>
<gx:value>6.0</gx:value>
<gx:value>5.296</gx:value>
<gx:value>5.278</gx:value>
<gx:value>4.959</gx:value>
<gx:value>4.893</gx:value>
<gx:value>3.79</gx:value>
<gx:value>4.044</gx:value>
<gx:value>4.105</gx:value>
<gx:value>3.79</gx:value>
<gx:value>3.93</gx:value>
<gx:value>4.101</gx:value>
<gx:value>4.048</gx:value>
<gx:value>4.151</gx:value>
<gx:value>4.151</gx:value>
<gx:value>4.398</gx:value>
<gx:value>4.622</gx:value>
<gx:value>4.728</gx:value>
<gx:value>4.939</gx:value>
<gx:value>5.331</gx:value>
<gx:value>6.771</gx:value>
<gx:value>6.375</gx:value>
<gx:value>7.012</gx:value>
<gx:value>7.117</gx:value>
<gx:value>8.033</gx:value>
<gx:value>8.516</gx:value>
<gx:value>7.656</gx:value>
<gx:value>8.085</gx:value>
<gx:value>6.896</gx:value>
<gx:value>5.925</gx:value>
<gx:value>5.551</gx:value>
<gx:value>4.884</gx:value>
<gx:value>4.788</gx:value>
<gx:value>6.616</gx:value>
<gx:value>9.935</gx:value>
<gx:value>14.83</gx:value>
<gx:value>9.935</gx:value>
<gx:value>9.935</gx:value>
<gx:value>9.935</gx:value>
<gx:value>10.445</gx:value>
<gx:value>10.445</gx:value>
<gx:value>9.974</gx:value>
<gx:value>9.935</gx:value>
<gx:value>9.935</gx:value>
<gx:value>9.935</gx:value>
<gx:value>10.013</gx:value>
<gx:value>10.001</gx:value>
<gx:value>10.104</gx:value>
<gx:value>9.935</gx:value>
<gx:value>9.935</gx:value>
<gx:value>9.935</gx:value>
<gx:value>9.935</gx:value>
<gx:value>9.935</gx:value>
<gx:value>9.935</gx:value>
<gx:value>9.935</gx:value>
<gx:value>10.012</gx:value>
<gx:value>9.935</gx:value>
<gx:value>9.935</gx:value>
<gx:value>9.935</gx:value>
<gx:value>9.935</gx:value>
<gx:value>9.935</gx:value>
<gx:value>9.935</gx:value>
<gx:value>9.935</gx:value>
<gx:value>10.012</gx:value>
<gx:value>9.935</gx:value>
<gx:value>9.935</gx:value>
<gx:value>9.935</gx:value>
<gx:value>9.935</gx:value>
<gx:value>9.935</gx:value>
<gx:value>9.935</gx:value>
<gx:value>9.935</gx:value>
<gx:value>9.935</gx:value>
<gx:value>9.935</gx:value>
<gx:value>9.935</gx:value>
<gx:value>9.935</gx:value>
<gx:value>9.935</gx:value>
<gx:value>9.935</gx:value>
<gx:value>9.935</gx:value>
<gx:value>9.935</gx:value>
<gx:value>9.935</gx:value>
<gx:value>9.935</gx:value>
<gx:value>9.935</gx:value>
<gx:value>9.935</gx:value>
<gx:value>13.302</gx:value>
<gx:value>9.935</gx:value>
<gx:value>9.935</gx:value>
<gx:value>9.935</gx:value>
<gx:value>9.935</gx:value>
<gx:value>9.935</gx:value>
<gx:value>9.935</gx:value>
<gx:value>9.935</gx:value>
<gx:value>9.935</gx:value>
<gx:value>9.935</gx:value>
<gx:value>9.935</gx:value>
<gx:value>9.977</gx:value>
<gx:value>9.935</gx:value>
<gx:value>9.935</gx:value>
<gx:value>9.935</gx:value>
<gx:value>10.079</gx:value>
<gx:value>9.935</gx:value>
<gx:value>9.935</gx:value>
<gx:value>9.935</gx:value>
<gx:value>9.935</gx:value>
<gx:value>9.935</gx:value>
<gx:value>9.935</gx:value>
<gx:value>9.935</gx:value>
<gx:value>9.935</gx:value>
<gx:value>9.935</gx:value>
<gx:value>9.935</gx:value>
<gx:value>9.935</gx:value>
<gx:value>9.935</gx:value>
<gx:value>10.05</gx:value>
<gx:value>9.935</gx:value>
<gx:value>9.935</gx:value>
<gx:value>9.935</gx:value>
<gx:value>9.935</gx:value>
<gx:value>9.935</gx:value>
<gx:value>9.935</gx:value>
<gx:value>9.935</gx:value>
<gx:value>9.935</gx:value>
<gx:value>9.935</gx:value>
<gx:value>9.935</gx:value>
<gx:value>9.935</gx:value>
<gx:value>9.935</gx:value>
<gx:value>9.951</gx:value>
<gx:value>9.935</gx:value>
<gx:value>9.935</gx:value>
<gx:value>9.935</gx:value>
<gx:value>9.935</gx:value>
<gx:value>10.129</gx:value>
<gx:value>6.862</gx:value>
<gx:value>3.79</gx:value>
<gx:value>3.79</gx:value>
<gx:value>3.79</gx:value>
<gx:value>3.863</gx:value>
<gx:value>3.79</gx:value>
<gx:value>3.79</gx:value>
<gx:value>3.79</gx:value>
<gx:value>3.79</gx:value>
<gx:value>3.79</gx:value>
<gx:value>3.79</gx:value>
<gx:value>3.79</gx:value>
<gx:value>3.79</gx:value>
<gx:value>3.79</gx:value>
<gx:value>3.79</gx:value>
<gx:value>3.79</gx:value>
<gx:value>3.79</gx:value>
<gx:value>3.86</gx:value>
<gx:value>3.79</gx:value>
<gx:value>3.79</gx:value>
<gx:value>3.79</gx:value>
<gx:value>3.79</gx:value>
<gx:value>3.79</gx:value>
<gx:value>3.79</gx:value>
<gx:value>3.79</gx:value>
<gx:value>5.996</gx:value>
<gx:value>3.79</gx:value>
<gx:value>3.79</gx:value>
<gx:value>3.79</gx:value>
<gx:value>3.79</gx:value>
<gx:value>3.79</gx:value>
<gx:value>3.79</gx:value>
<gx:value>3.79</gx:value>
<gx:value>3.872</gx:value>
<gx:value>3.79</gx:value>
<gx:value>3.79</gx:value>
<gx:value>3.79</gx:value>
<gx:value>3.79</gx:value>
<gx:value>3.79</gx:value>
<gx:value>3.79</gx:value>
<gx:value>3.79</gx:value>
<gx:value>3.876</gx:value>
<gx:value>3.79</gx:value>
<gx:value>3.79</gx:value>
<gx:value>3.79</gx:value>
<gx:value>3.79</gx:value>
<gx:value>3.79</gx:value>
<gx:value>3.853</gx:value>
<gx:value>3.79</gx:value>
<gx:value>3.79</gx:value>
<gx:value>3.79</gx:value>
<gx:value>3.79</gx:value>
<gx:value>3.79</gx:value>
<gx:value>3.79</gx:value>
<gx:value>3.79</gx:value>
<gx:value>3.79</gx:value>
<gx:value>3.79</gx:value>
<gx:value>3.79</gx:value>
<gx:value>3.79</gx:value>
<gx:value>3.79</gx:value>
<gx:value>3.79</gx:value>
<gx:value>6.862</gx:value>
<gx:value>9.935</gx:value>
<gx:value>9.935</gx:value>
<gx:value>9.935</gx:value>
<gx:value>9.935</gx:value>
<gx:value>9.935</gx:value>
<gx:value>9.935</gx:value>
<gx:value>9.935</gx:value>
<gx:value>9.935</gx:value>
<gx:value>9.935</gx:value>
<gx:value>9.935</gx:value>
<gx:value>9.935</gx:value>
<gx:value>10.04</gx:value>
<gx:value>9.935</gx:value>
<gx:value>9.935</gx:value>
<gx:value>6.862</gx:value>
<gx:value>3.79</gx:value>
<gx:value>3.954</gx:value>
<gx:value>3.79</gx:value>
<gx:value>3.79</gx:value>
<gx:value>3.79</gx:value>
<gx:value>3.79</gx:value>
<gx:value>3.987</gx:value>
<gx:value>3.79</gx:value>
<gx:value>3.87</gx:value>
<gx:value>3.79</gx:value>
<gx:value>3.79</gx:value>
<gx:value>3.79</gx:value>
<gx:value>3.79</gx:value>
<gx:value>3.79</gx:value>
<gx:value>3.79</gx:value>
<gx:value>3.79</gx:value>
<gx:value>3.91</gx:value>
<gx:value>3.79</gx:value>
<gx:value>3.79</gx:value>
<gx:value>3.79</gx:value>
<gx:value>3.79</gx:value>
<gx:value>3.79</gx:value>
<gx:value>3.79</gx:value>
<gx:value>3.79</gx:value>
<gx:value>3.869</gx:value>
<gx:value>3.79</gx:value>
<gx:value>3.79</gx:value>
<gx:value>3.79</gx:value>
<gx:value>3.79</gx:value>
<gx:value>6.862</gx:value>
<gx:value>9.935</gx:value>
<gx:value>6.862</gx:value>
<gx:value>3.865</gx:value>
<gx:value>3.79</gx:value>
<gx:value>3.79</gx:value>
<gx:value>3.79</gx:value>
<gx:value>3.79</gx:value>
<gx:value>3.79</gx:value>
<gx:value>3.79</gx:value>
<gx:value>3.79</gx:value>
<gx:value>3.79</gx:value>
<gx:value>3.79</gx:value>
<gx:value>3.79</gx:value>
<gx:value>3.79</gx:value>
<gx:value>3.79</gx:value>
<gx:value>3.79</gx:value>
<gx:value>3.79</gx:value>
<gx:value>3.79</gx:value>
<gx:value>3.869</gx:value>
<gx:value>3.79</gx:value>
<gx:value>3.79</gx:value>
<gx:value>5.099</gx:value>
<gx:value>5.518</gx:value>
<gx:value>5.738</gx:value>
<gx:value>6.042</gx:value>
<gx:value>6.341</gx:value>
<gx:value>7.745</gx:value>
<gx:value>8.269</gx:value>
<gx:value>7.55</gx:value>
<gx:value>7.182</gx:value>
<gx:value>6.785</gx:value>
<gx:value>6.813</gx:value>
<gx:value>6.803</gx:value>
<gx:value>6.487</gx:value>
<gx:value>6.258</gx:value>
<gx:value>6.396</gx:value>
<gx:value>6.508</gx:value>
<gx:value>6.66</gx:value>
<gx:value>7.429</gx:value>
<gx:value>8.184</gx:value>
<gx:value>9.411</gx:value>
<gx:value>9.376</gx:value>
<gx:value>8.755</gx:value>
<gx:value>9.731</gx:value>
<gx:value>9.355</gx:value>
<gx:value>10.026</gx:value>
<gx:value>8.457</gx:value>
<gx:value>7.396</gx:value>
<gx:value>6.619</gx:value>
<gx:value>5.248</gx:value>
<gx:value>4.997</gx:value>
<gx:value>4.348</gx:value>
<gx:value>13.481</gx:value>
<gx:value>17.334</gx:value>
<gx:value>9.265</gx:value>
<gx:value>8.01</gx:value>
<gx:value>6.457</gx:value>
<gx:value>6.39</gx:value>
<gx:value>6.567</gx:value>
<gx:value>6.533</gx:value>
<gx:value>6.386</gx:value>
<gx:value>6.422</gx:value>
<gx:value>5.772</gx:value>
<gx:value>5.864</gx:value>
<gx:value>6.031</gx:value>
<gx:value>6.089</gx:value>
<gx:value>6.53</gx:value>
<gx:value>6.97</gx:value>
<gx:value>7.486</gx:value>
<gx:value>7.096</gx:value>
<gx:value>6.837</gx:value>
<gx:value>7.736</gx:value>
<gx:value>7.483</gx:value>
<gx:value>6.836</gx:value>
<gx:value>6.738</gx:value>
<gx:value>6.494</gx:value>
<gx:value>6.145</gx:value>
<gx:value>5.683</gx:value>
<gx:value>5.306</gx:value>
<gx:value>4.464</gx:value>
<gx:value>6.176</gx:value>
<gx:value>3.79</gx:value>
<gx:value>3.79</gx:value>
<gx:value>3.79</gx:value>
<gx:value>3.79</gx:value>
<gx:value>6.749</gx:value>
<gx:value>3.79</gx:value>
<gx:value>3.79</gx:value>
<gx:value>3.79</gx:value>
<gx:value>3.928</gx:value>
<gx:value>3.79</gx:value>
<gx:value>3.79</gx:value>
<gx:value>3.79</gx:value>
<gx:value>3.79</gx:value>
<gx:value>3.79</gx:value>
<gx:value>3.79</gx:value>
<gx:value>3.79</gx:value>
<gx:value>3.79</gx:value>
<gx:value>3.79</gx:value>
<gx:value>3.79</gx:value>
<gx:value>3.79</gx:value>
<gx:value>3.79</gx:value>
<gx:value>4.135</gx:value>
<gx:value>3.79</gx:value>
<gx:value>3.79</gx:value>
<gx:value>3.79</gx:value>
<gx:value>3.79</gx:value>
<gx:value>3.79</gx:value>
<gx:value>3.79</gx:value>
<gx:value>3.79</gx:value>
<gx:value>4.097</gx:value>
<gx:value>3.79</gx:value>
<gx:value>3.79</gx:value>
<gx:value>3.79</gx:value>
<gx:value>3.79</gx:value>
<gx:value>4.148</gx:value>
<gx:value>3.79</gx:value>
<gx:value>3.79</gx:value>
<gx:value>3.79</gx:value>
<gx:value>3.79</gx:value>
<gx:value>4.258</gx:value>
<gx:value>3.79</gx:value>
<gx:value>3.79</gx:value>
<gx:value>3.79</gx:value>
<gx:value>3.79</gx:value>
<gx:value>3.79</gx:value>
<gx:value>3.79</gx:value>
<gx:value>3.79</gx:value>
<gx:value>3.79</gx:value>
<gx:value>3.79</gx:value>
<gx:value>3.79</gx:value>
<gx:value>3.79</gx:value>
<gx:value>3.79</gx:value>
<gx:value>3.79</gx:value>
<gx:value>3.79</gx:value>
<gx:value>3.79</gx:value>
<gx:value>3.79</gx:value>
<gx:value>3.79</gx:value>
<gx:value>4.165</gx:value>
<gx:value>3.79</gx:value>
<gx:value>3.79</gx:value>
<gx:value>3.79</gx:value>
<gx:value>3.79</gx:value>
<gx:value>3.79</gx:value>
<gx:value>3.79</gx:value>
<gx:value>3.79</gx:value>
<gx:value>3.79</gx:value>
<gx:value>4.175</gx:value>
<gx:value>3.79</gx:value>
<gx:value>3.79</gx:value>
<gx:value>3.79</gx:value>
<gx:value>3.79</gx:value>
<gx:value>3.79</gx:value>
<gx:value>3.79</gx:value>
<gx:value>3.79</gx:value>
<gx:value>4.108</gx:value>
<gx:value>3.79</gx:value>
<gx:value>3.79</gx:value>
<gx:value>3.79</gx:value>
<gx:value>3.79</gx:value>
<gx:value>3.79</gx:value>
<gx:value>3.79</gx:value>
<gx:value>3.79</gx:value>
<gx:value>3.79</gx:value>
<gx:value>3.79</gx:value>
<gx:value>3.79</gx:value>
<gx:value>3.79</gx:value>
<gx:value>3.79</gx:value>
<gx:value>3.79</gx:value>
<gx:value>3.79</gx:value>
<gx:value>4.124</gx:value>
<gx:value>3.79</gx:value>
<gx:value>3.79</gx:value>
<gx:value>3.79</gx:value>
<gx:value>3.79</gx:value>
<gx:value>3.79</gx:value>
<gx:value>3.79</gx:value>
<gx:value>3.79</gx:value>
<gx:value>4.132</gx:value>
<gx:value>3.79</gx:value>
<gx:value>3.79</gx:value>
<gx:value>3.79</gx:value>
<gx:value>3.79</gx:value>
<gx:value>3.79</gx:value>
<gx:value>3.79</gx:value>
<gx:value>3.79</gx:value>
<gx:value>4.086</gx:value>
<gx:value>3.79</gx:value>
<gx:value>3.79</gx:value>
<gx:value>3.79</gx:value>
<gx:value>3.79</gx:value>
<gx:value>3.79</gx:value>
<gx:value>3.79</gx:value>
<gx:value>3.79</gx:value>
<gx:value>3.79</gx:value>
<gx:value>3.79</gx:value>
<gx:value>3.79</gx:value>
<gx:value>3.79</gx:value>
<gx:value>3.79</gx:value>
<gx:value>3.79</gx:value>
<gx:value>3.79</gx:value>
<gx:value>3.79</gx:value>
<gx:value>4.089</gx:value>
<gx:value>3.79</gx:value>
<gx:value>3.79</gx:value>
<gx:value>3.79</gx:value>
<gx:value>3.79</gx:value>
<gx:value>3.79</gx:value>
<gx:value>3.79</gx:value>
<gx:value>3.79</gx:value>
<gx:value>4.316</gx:value>
<gx:value>3.79</gx:value>
<gx:value>3.79</gx:value>
<gx:value>3.79</gx:value>
<gx:value>3.79</gx:value>
<gx:value>3.79</gx:value>
<gx:value>3.79</gx:value>
<gx:value>3.79</gx:value>
<gx:value>4.09</gx:value>
<gx:value>3.79</gx:value>
<gx:value>3.79</gx:value>
<gx:value>3.79</gx:value>
<gx:value>3.79</gx:value>
<gx:value>3.79</gx:value>
<gx:value>3.79</gx:value>
<gx:value>3.79</gx:value>
<gx:value>4.074</gx:value>
<gx:value>3.79</gx:value>
<gx:value>3.79</gx:value>
<gx:value>3.79</gx:value>
<gx:value>3.79</gx:value>
<gx:value>3.79</gx:value>
<gx:value>3.79</gx:value>
<gx:value>3.79</gx:value>
<gx:value>4.119</gx:value>
<gx:value>3.79</gx:value>
<gx:value>3.79</gx:value>
<gx:value>3.79</gx:value>
<gx:value>3.79</gx:value>
<gx:value>3.79</gx:value>
<gx:value>3.79</gx:value>
<gx:value>3.79</gx:value>
<gx:value>3.79</gx:value>
<gx:value>3.79</gx:value>
<gx:value>3.79</gx:value>
<gx:value>3.79</gx:value>
<gx:value>3.79</gx:value>
<gx:value>3.79</gx:value>
<gx:value>3.79</gx:value>
<gx:value>3.79</gx:value>
<gx:value>3.79</gx:value>
<gx:value>3.79</gx:value>
<gx:value>3.79</gx:value>
<gx:value>3.79</gx:value>
<gx:value>3.79</gx:value>
<gx:value>4.152</gx:value>
<gx:value>3.79</gx:value>
<gx:value>3.79</gx:value>
<gx:value>3.79</gx:value>
<gx:value>3.79</gx:value>
<gx:value>3.79</gx:value>
<gx:value>3.79</gx:value>
<gx:value>3.79</gx:value>
<gx:value>3.79</gx:value>
<gx:value>3.79</gx:value>
<gx:value>3.79</gx:value>
<gx:value>3.79</gx:value>
<gx:value>3.79</gx:value>
<gx:value>3.79</gx:value>
<gx:value>3.79</gx:value>
<gx:value>3.79</gx:value>
<gx:value>3.79</gx:value>
<gx:value>3.79</gx:value>
<gx:value>3.79</gx:value>
<gx:value>3.79</gx:value>
<gx:value>3.79</gx:value>
<gx:value>3.79</gx:value>
<gx:value>3.79</gx:value>
<gx:value>3.79</gx:value>
<gx:value>3.79</gx:value>
<gx:value>3.79</gx:value>
<gx:value>3.855</gx:value>
<gx:value>3.844</gx:value>
<gx:value>3.844</gx:value>
<gx:value>3.844</gx:value>
<gx:value>3.844</gx:value>
<gx:value>3.844</gx:value>
<gx:value>3.79</gx:value>
<gx:value>3.79</gx:value>
<gx:value>3.79</gx:value>
<gx:value>3.79</gx:value>
<gx:value>3.79</gx:value>
<gx:value>3.79</gx:value>
<gx:value>3.79</gx:value>
<gx:value>3.79</gx:value>
<gx:value>3.79</gx:value>
<gx:value>3.79</gx:value>
<gx:value>3.79</gx:value>
<gx:value>3.79</gx:value>
<gx:value>3.79</gx:value>
<gx:value>3.79</gx:value>
<gx:value>3.79</gx:value>
<gx:value>3.79</gx:value>
<gx:value>3.79</gx:value>
<gx:value>3.79</gx:value>
<gx:value>3.79</gx:value>
<gx:value>3.79</gx:value>
<gx:value>3.79</gx:value>
<gx:value>3.79</gx:value>
<gx:value>3.79</gx:value>
<gx:value>3.79</gx:value>
<gx:value>3.79</gx:value>
<gx:value>3.79</gx:value>
<gx:value>3.79</gx:value>
<gx:value>3.79</gx:value>
<gx:value>3.79</gx:value>
<gx:value>3.79</gx:value>
<gx:value>3.79</gx:value>
<gx:value>3.79</gx:value>
<gx:value>3.79</gx:value>
<gx:value>3.79</gx:value>
<gx:value>3.79</gx:value>
<gx:value>3.79</gx:value>
<gx:value>3.79</gx:value>
<gx:value>3.79</gx:value>
<gx:value>3.79</gx:value>
<gx:value>3.79</gx:value>
<gx:value>3.79</gx:value>
<gx:value>3.79</gx:value>
<gx:value>3.79</gx:value>
<gx:value>3.79</gx:value>
<gx:value>3.79</gx:value>
<gx:value>3.79</gx:value>
<gx:value>3.79</gx:value>
<gx:value>3.79</gx:value>
<gx:value>3.79</gx:value>
<gx:value>3.79</gx:value>
<gx:value>3.79</gx:value>
<gx:value>3.79</gx:value>
<gx:value>3.79</gx:value>
<gx:value>3.79</gx:value>
<gx:value>3.79</gx:value>
<gx:value>3.79</gx:value>
<gx:value>3.79</gx:value>
<gx:value>3.79</gx:value>
<gx:value>3.79</gx:value>
<gx:value>3.79</gx:value>
<gx:value>3.79</gx:value>
<gx:value>3.79</gx:value>
<gx:value>3.79</gx:value>
<gx:value>3.79</gx:value>
<gx:value>3.79</gx:value>
<gx:value>3.79</gx:value>
<gx:value>3.79</gx:value>
<gx:value>3.79</gx:value>
<gx:value>3.79</gx:value>
<gx:value>3.79</gx:value>
<gx:value>3.79</gx:value>
<gx:value>3.79</gx:value>
<gx:value>3.79</gx:value>
<gx:value>3.79</gx:value>
<gx:value>3.79</gx:value>
<gx:value>3.79</gx:value>
<gx:value>3.79</gx:value>
<gx:value>3.79</gx:value>
<gx:value>3.79</gx:value>
<gx:value>3.79</gx:value>
<gx:value>3.79</gx:value>
<gx:value>3.79</gx:value>
<gx:value>3.79</gx:value>
<gx:value>3.79</gx:value>
<gx:value>3.79</gx:value>
<gx:value>3.79</gx:value>
<gx:value>3.79</gx:value>
<gx:value>3.79</gx:value>
<gx:value>3.79</gx:value>
<gx:value>3.79</gx:value>
<gx:value>3.79</gx:value>
<gx:value>3.79</gx:value>
<gx:value>3.79</gx:value>
<gx:value>3.79</gx:value>
<gx:value>3.79</gx:value>
<gx:value>3.79</gx:value>
<gx:value>3.79</gx:value>
<gx:value>3.79</gx:value>
<gx:value>3.79</gx:value>
<gx:value>3.794</gx:value>
<gx:value>3.793</gx:value>
<gx:value>3.794</gx:value>
<gx:value>3.794</gx:value>
<gx:value>3.794</gx:value>
<gx:value>3.79</gx:value>
<gx:value>3.79</gx:value>
<gx:value>4.466</gx:value>
<gx:value>9.218</gx:value>
<gx:value>9.074</gx:value>
<gx:value>9.402</gx:value>
<gx:value>9.087</gx:value>
<gx:value>9.427</gx:value>
<gx:value>6.635</gx:value>
<gx:value>6.662</gx:value>
<gx:value>6.63</gx:value>
<gx:value>6.589</gx:value>
<gx:value>6.513</gx:value>
<gx:value>6.169</gx:value>
<gx:value>5.943</gx:value>
<gx:value>5.813</gx:value>
<gx:value>5.71</gx:value>
<gx:value>5.633</gx:value>
<gx:value>5.692</gx:value>
<gx:value>5.733</gx:value>
<gx:value>5.781</gx:value>
<gx:value>5.828</gx:value>
<gx:value>5.859</gx:value>
<gx:value>5.881</gx:value>
<gx:value>5.904</gx:value>
<gx:value>5.93</gx:value>
<gx:value>5.909</gx:value>
<gx:value>5.733</gx:value>
<gx:value>5.198</gx:value>
<gx:value>4.897</gx:value>
<gx:value>4.717</gx:value>
<gx:value>4.475</gx:value>
<gx:value>4.185</gx:value>
<gx:value>4.32</gx:value>
<gx:value>4.411</gx:value>
<gx:value>4.447</gx:value>
<gx:value>4.478</gx:value>
<gx:value>4.543</gx:value>
<gx:value>4.601</gx:value>
<gx:value>4.678</gx:value>
<gx:value>4.763</gx:value>
<gx:value>4.786</gx:value>
<gx:value>4.836</gx:value>
<gx:value>4.858</gx:value>
<gx:value>4.853</gx:value>
<gx:value>4.804</gx:value>
<gx:value>4.783</gx:value>
<gx:value>4.764</gx:value>
<gx:value>4.708</gx:value>
<gx:value>4.704</gx:value>
<gx:value>4.693</gx:value>
<gx:value>4.66</gx:value>
<gx:value>4.654</gx:value>
<gx:value>4.642</gx:value>
<gx:value>4.614</gx:value>
<gx:value>4.61</gx:value>
<gx:value>4.635</gx:value>
<gx:value>4.68</gx:value>
<gx:value>4.729</gx:value>
<gx:value>4.779</gx:value>
<gx:value>4.824</gx:value>
<gx:value>4.859</gx:value>
<gx:value>4.909</gx:value>
<gx:value>5.011</gx:value>
<gx:value>5.138</gx:value>
<gx:value>5.202</gx:value>
<gx:value>5.296</gx:value>
<gx:value>5.327</gx:value>
<gx:value>5.832</gx:value>
<gx:value>7.527</gx:value>
<gx:value>7.921</gx:value>
<gx:value>8.354</gx:value>
<gx:value>10.737</gx:value>
<gx:value>10.419</gx:value>
<gx:value>8.656</gx:value>
<gx:value>7.354</gx:value>
<gx:value>5.834</gx:value>
<gx:value>4.062</gx:value>
<gx:value>3.826</gx:value>
<gx:value>3.771</gx:value>
<gx:value>3.951</gx:value>
<gx:value>4.323</gx:value>
<gx:value>5.071</gx:value>
<gx:value>5.891</gx:value>
<gx:value>6.236</gx:value>
<gx:value>6.29</gx:value>
<gx:value>5.778</gx:value>
<gx:value>6.028</gx:value>
<gx:value>7.132</gx:value>
<gx:value>7.234</gx:value>
<gx:value>6.456</gx:value>
<gx:value>5.557</gx:value>
<gx:value>4.413</gx:value>
<gx:value>3.529</gx:value>
<gx:value>4.679</gx:value>
<gx:value>6.3</gx:value>
<gx:value>6.629</gx:value>
<gx:value>7.198</gx:value>
<gx:value>7.752</gx:value>
<gx:value>7.876</gx:value>
<gx:value>6.465</gx:value>
<gx:value>4.337</gx:value>
<gx:value>3.904</gx:value>
<gx:value>3.634</gx:value>
<gx:value>3.553</gx:value>
<gx:value>3.393</gx:value>
<gx:value>3.427</gx:value>
<gx:value>3.366</gx:value>
<gx:value>3.402</gx:value>
<gx:value>3.558</gx:value>
<gx:value>3.571</gx:value>
<gx:value>3.582</gx:value>
<gx:value>3.571</gx:value>
<gx:value>3.518</gx:value>
<gx:value>3.431</gx:value>
<gx:value>3.134</gx:value>
<gx:value>3.052</gx:value>
<gx:value>3.0</gx:value>
<gx:value>3.0</gx:value>
<gx:value>3.0</gx:value>
<gx:value>3.0</gx:value>
<gx:value>3.0</gx:value>
<gx:value>3.0</gx:value>
<gx:value>3.038</gx:value>
<gx:value>3.16</gx:value>
<gx:value>3.307</gx:value>
<gx:value>3.548</gx:value>
<gx:value>3.83</gx:value>
<gx:value>4.096</gx:value>
<gx:value>4.355</gx:value>
<gx:value>4.513</gx:value>
<gx:value>4.721</gx:value>
<gx:value>4.535</gx:value>
<gx:value>4.304</gx:value>
<gx:value>4.006</gx:value>
<gx:value>3.622</gx:value>
<gx:value>3.36</gx:value>
<gx:value>3.11</gx:value>
<gx:value>3.031</gx:value>
<gx:value>3.009</gx:value>
<gx:value>3.0</gx:value>
<gx:value>3.0</gx:value>
<gx:value>3.001</gx:value>
<gx:value>3.035</gx:value>
<gx:value>3.15</gx:value>
<gx:value>3.29</gx:value>
<gx:value>3.49</gx:value>
<gx:value>3.756</gx:value>
<gx:value>4.041</gx:value>
<gx:value>4.177</gx:value>
<gx:value>4.339</gx:value>
<gx:value>4.523</gx:value>
<gx:value>4.719</gx:value>
<gx:value>4.805</gx:value>
<gx:value>4.867</gx:value>
<gx:value>4.878</gx:value>
<gx:value>4.917</gx:value>
<gx:value>4.983</gx:value>
<gx:value>5.066</gx:value>
<gx:value>5.163</gx:value>
<gx:value>5.25</gx:value>
<gx:value>5.379</gx:value>
<gx:value>5.5</gx:value>
<gx:value>5.582</gx:value>
<gx:value>5.637</gx:value>
<gx:value>5.669</gx:value>
<gx:value>5.637</gx:value>
<gx:value>5.574</gx:value>
<gx:value>5.439</gx:value>
<gx:value>5.314</gx:value>
<gx:value>5.204</gx:value>
<gx:value>5.175</gx:value>
<gx:value>5.204</gx:value>
<gx:value>5.206</gx:value>
<gx:value>5.273</gx:value>
<gx:value>5.298</gx:value>
<gx:value>5.29</gx:value>
<gx:value>5.273</gx:value>
<gx:value>5.269</gx:value>
<gx:value>5.272</gx:value>
<gx:value>5.277</gx:value>
<gx:value>5.306</gx:value>
<gx:value>5.326</gx:value>
<gx:value>5.326</gx:value>
<gx:value>5.288</gx:value>
<gx:value>5.212</gx:value>
<gx:value>5.134</gx:value>
<gx:value>5.096</gx:value>
<gx:value>5.083</gx:value>
<gx:value>5.083</gx:value>
<gx:value>5.086</gx:value>
<gx:value>5.014</gx:value>
<gx:value>4.687</gx:value>
<gx:value>4.561</gx:value>
<gx:value>4.429</gx:value>
<gx:value>4.256</gx:value>
<gx:value>4.151</gx:value>
<gx:value>4.354</gx:value>
<gx:value>4.551</gx:value>
<gx:value>4.764</gx:value>
<gx:value>4.967</gx:value>
<gx:value>5.006</gx:value>
<gx:value>4.914</gx:value>
<gx:value>4.611</gx:value>
<gx:value>4.346</gx:value>
<gx:value>3.757</gx:value>
<gx:value>3.331</gx:value>
<gx:value>3.127</gx:value>
<gx:value>3.079</gx:value>
<gx:value>3.026</gx:value>
<gx:value>3.0</gx:value>
<gx:value>3.0</gx:value>
<gx:value>3.0</gx:value>
<gx:value>3.032</gx:value>
<gx:value>3.123</gx:value>
<gx:value>3.244</gx:value>
<gx:value>3.469</gx:value>
<gx:value>3.739</gx:value>
<gx:value>3.914</gx:value>
<gx:value>4.178</gx:value>
<gx:value>4.3</gx:value>
<gx:value>4.489</gx:value>
<gx:value>4.674</gx:value>
<gx:value>4.793</gx:value>
<gx:value>4.871</gx:value>
<gx:value>4.932</gx:value>
<gx:value>4.959</gx:value>
<gx:value>4.972</gx:value>
<gx:value>4.995</gx:value>
<gx:value>5.021</gx:value>
<gx:value>5.043</gx:value>
<gx:value>5.063</gx:value>
<gx:value>5.116</gx:value>
<gx:value>5.196</gx:value>
<gx:value>5.239</gx:value>
<gx:value>5.276</gx:value>
<gx:value>5.353</gx:value>
<gx:value>5.412</gx:value>
<gx:value>5.414</gx:value>
<gx:value>5.456</gx:value>
<gx:value>5.424</gx:value>
<gx:value>5.451</gx:value>
<gx:value>5.324</gx:value>
<gx:value>5.022</gx:value>
<gx:value>4.61</gx:value>
<gx:value>4.236</gx:value>
<gx:value>3.958</gx:value>
<gx:value>3.438</gx:value>
<gx:value>3.238</gx:value>
<gx:value>3.156</gx:value>
<gx:value>3.073</gx:value>
<gx:value>3.035</gx:value>
<gx:value>3.022</gx:value>
<gx:value>3.013</gx:value>
<gx:value>3.046</gx:value>
<gx:value>3.156</gx:value>
<gx:value>3.301</gx:value>
<gx:value>3.484</gx:value>
<gx:value>3.716</gx:value>
<gx:value>4.029</gx:value>
<gx:value>4.202</gx:value>
<gx:value>4.305</gx:value>
<gx:value>4.287</gx:value>
<gx:value>4.15</gx:value>
<gx:value>4.056</gx:value>
<gx:value>3.997</gx:value>
<gx:value>4.003</gx:value>
<gx:value>4.096</gx:value>
<gx:value>4.285</gx:value>
<gx:value>4.491</gx:value>
<gx:value>4.65</gx:value>
<gx:value>4.793</gx:value>
<gx:value>4.874</gx:value>
<gx:value>5.052</gx:value>
<gx:value>5.112</gx:value>
<gx:value>5.229</gx:value>
<gx:value>5.301</gx:value>
<gx:value>5.351</gx:value>
<gx:value>5.355</gx:value>
<gx:value>5.337</gx:value>
<gx:value>5.297</gx:value>
<gx:value>5.223</gx:value>
<gx:value>5.151</gx:value>
<gx:value>5.114</gx:value>
<gx:value>5.12</gx:value>
<gx:value>5.112</gx:value>
<gx:value>5.057</gx:value>
<gx:value>4.981</gx:value>
<gx:value>4.944</gx:value>
<gx:value>4.908</gx:value>
<gx:value>4.882</gx:value>
<gx:value>4.949</gx:value>
<gx:value>5.048</gx:value>
<gx:value>5.168</gx:value>
<gx:value>5.306</gx:value>
<gx:value>5.395</gx:value>
<gx:value>5.375</gx:value>
<gx:value>5.079</gx:value>
<gx:value>4.678</gx:value>
<gx:value>4.381</gx:value>
<gx:value>3.997</gx:value>
<gx:value>3.917</gx:value>
<gx:value>4.034</gx:value>
<gx:value>4.232</gx:value>
<gx:value>4.385</gx:value>
<gx:value>4.446</gx:value>
<gx:value>4.523</gx:value>
<gx:value>4.522</gx:value>
<gx:value>4.444</gx:value>
<gx:value>4.193</gx:value>
<gx:value>3.836</gx:value>
<gx:value>3.455</gx:value>
<gx:value>3.18</gx:value>
<gx:value>3.071</gx:value>
<gx:value>3.037</gx:value>
<gx:value>3.001</gx:value>
<gx:value>3.06</gx:value>
<gx:value>3.223</gx:value>
<gx:value>3.471</gx:value>
<gx:value>3.694</gx:value>
<gx:value>4.006</gx:value>
<gx:value>4.395</gx:value>
<gx:value>4.728</gx:value>
<gx:value>4.616</gx:value>
<gx:value>4.393</gx:value>
<gx:value>4.093</gx:value>
<gx:value>3.596</gx:value>
<gx:value>3.178</gx:value>
<gx:value>3.061</gx:value>
<gx:value>3.029</gx:value>
<gx:value>3.085</gx:value>
<gx:value>3.223</gx:value>
<gx:value>3.376</gx:value>
<gx:value>3.62</gx:value>
<gx:value>3.821</gx:value>
<gx:value>4.009</gx:value>
<gx:value>4.181</gx:value>
<gx:value>4.26</gx:value>
<gx:value>4.368</gx:value>
<gx:value>4.418</gx:value>
<gx:value>4.522</gx:value>
<gx:value>4.654</gx:value>
<gx:value>4.775</gx:value>
<gx:value>4.937</gx:value>
<gx:value>5.026</gx:value>
<gx:value>5.108</gx:value>
<gx:value>5.18</gx:value>
<gx:value>5.18</gx:value>
<gx:value>4.99</gx:value>
<gx:value>4.697</gx:value>
<gx:value>4.259</gx:value>
<gx:value>3.871</gx:value>
<gx:value>3.349</gx:value>
<gx:value>3.145</gx:value>
<gx:value>3.044</gx:value>
<gx:value>3.025</gx:value>
<gx:value>3.028</gx:value>
<gx:value>3.022</gx:value>
<gx:value>3.022</gx:value>
<gx:value>3.065</gx:value>
<gx:value>3.2</gx:value>
<gx:value>3.368</gx:value>
<gx:value>3.586</gx:value>
<gx:value>3.899</gx:value>
<gx:value>4.113</gx:value>
<gx:value>4.311</gx:value>
<gx:value>4.474</gx:value>
<gx:value>4.587</gx:value>
<gx:value>4.643</gx:value>
<gx:value>4.683</gx:value>
<gx:value>4.751</gx:value>
<gx:value>4.849</gx:value>
<gx:value>4.947</gx:value>
<gx:value>5.109</gx:value>
<gx:value>5.217</gx:value>
<gx:value>5.277</gx:value>
<gx:value>5.406</gx:value>
<gx:value>5.452</gx:value>
<gx:value>5.524</gx:value>
<gx:value>5.56</gx:value>
<gx:value>5.574</gx:value>
<gx:value>5.544</gx:value>
<gx:value>5.524</gx:value>
<gx:value>5.47</gx:value>
<gx:value>5.336</gx:value>
<gx:value>5.155</gx:value>
<gx:value>5.011</gx:value>
<gx:value>4.928</gx:value>
<gx:value>4.891</gx:value>
<gx:value>4.912</gx:value>
<gx:value>4.934</gx:value>
<gx:value>4.976</gx:value>
<gx:value>5.0</gx:value>
<gx:value>4.951</gx:value>
<gx:value>4.921</gx:value>
<gx:value>4.897</gx:value>
<gx:value>4.86</gx:value>
<gx:value>4.743</gx:value>
<gx:value>4.419</gx:value>
<gx:value>4.113</gx:value>
<gx:value>3.794</gx:value>
<gx:value>3.597</gx:value>
<gx:value>3.214</gx:value>
<gx:value>3.098</gx:value>
<gx:value>3.033</gx:value>
<gx:value>3.036</gx:value>
<gx:value>3.159</gx:value>
<gx:value>3.311</gx:value>
<gx:value>3.529</gx:value>
<gx:value>3.77</gx:value>
<gx:value>3.917</gx:value>
<gx:value>4.133</gx:value>
<gx:value>4.272</gx:value>
<gx:value>4.141</gx:value>
<gx:value>3.969</gx:value>
<gx:value>3.809</gx:value>
<gx:value>3.403</gx:value>
<gx:value>3.218</gx:value>
<gx:value>3.07</gx:value>
<gx:value>3.024</gx:value>
<gx:value>3.026</gx:value>
<gx:value>3.016</gx:value>
<gx:value>3.042</gx:value>
<gx:value>3.051</gx:value>
<gx:value>3.141</gx:value>
<gx:value>3.276</gx:value>
<gx:value>3.493</gx:value>
<gx:value>3.666</gx:value>
<gx:value>3.951</gx:value>
<gx:value>4.196</gx:value>
<gx:value>4.344</gx:value>
<gx:value>4.441</gx:value>
<gx:value>4.478</gx:value>
<gx:value>4.487</gx:value>
<gx:value>4.499</gx:value>
<gx:value>4.544</gx:value>
<gx:value>4.593</gx:value>
<gx:value>4.7</gx:value>
<gx:value>4.845</gx:value>
<gx:value>4.93</gx:value>
<gx:value>5.054</gx:value>
<gx:value>5.095</gx:value>
<gx:value>5.14</gx:value>
<gx:value>4.717</gx:value>
<gx:value>4.289</gx:value>
<gx:value>3.95</gx:value>
<gx:value>3.459</gx:value>
<gx:value>3.135</gx:value>
<gx:value>3.073</gx:value>
<gx:value>3.094</gx:value>
<gx:value>3.179</gx:value>
<gx:value>3.346</gx:value>
<gx:value>3.616</gx:value>
<gx:value>3.843</gx:value>
<gx:value>4.079</gx:value>
<gx:value>4.176</gx:value>
<gx:value>4.338</gx:value>
<gx:value>4.438</gx:value>
<gx:value>4.473</gx:value>
<gx:value>4.472</gx:value>
<gx:value>4.412</gx:value>
<gx:value>4.235</gx:value>
<gx:value>4.039</gx:value>
<gx:value>3.701</gx:value>
<gx:value>3.535</gx:value>
<gx:value>3.383</gx:value>
<gx:value>3.208</gx:value>
<gx:value>3.075</gx:value>
<gx:value>3.104</gx:value>
<gx:value>3.121</gx:value>
<gx:value>3.142</gx:value>
<gx:value>3.137</gx:value>
<gx:value>3.135</gx:value>
<gx:value>3.102</gx:value>
<gx:value>3.111</gx:value>
<gx:value>3.219</gx:value>
<gx:value>3.395</gx:value>
<gx:value>3.67</gx:value>
<gx:value>3.962</gx:value>
<gx:value>4.242</gx:value>
<gx:value>4.521</gx:value>
<gx:value>4.729</gx:value>
<gx:value>4.934</gx:value>
<gx:value>5.122</gx:value>
<gx:value>5.208</gx:value>
<gx:value>5.229</gx:value>
<gx:value>5.185</gx:value>
<gx:value>5.17</gx:value>
<gx:value>5.139</gx:value>
<gx:value>5.147</gx:value>
<gx:value>5.146</gx:value>
<gx:value>5.153</gx:value>
<gx:value>5.159</gx:value>
<gx:value>5.121</gx:value>
<gx:value>5.133</gx:value>
<gx:value>5.184</gx:value>
<gx:value>5.229</gx:value>
<gx:value>5.281</gx:value>
<gx:value>5.309</gx:value>
<gx:value>5.321</gx:value>
<gx:value>5.351</gx:value>
<gx:value>5.378</gx:value>
<gx:value>5.403</gx:value>
<gx:value>5.472</gx:value>
<gx:value>5.509</gx:value>
<gx:value>5.49</gx:value>
<gx:value>5.431</gx:value>
<gx:value>5.377</gx:value>
<gx:value>5.262</gx:value>
<gx:value>5.16</gx:value>
<gx:value>5.063</gx:value>
<gx:value>5.007</gx:value>
<gx:value>4.945</gx:value>
<gx:value>4.886</gx:value>
<gx:value>4.88</gx:value>
<gx:value>4.871</gx:value>
<gx:value>4.95</gx:value>
<gx:value>5.042</gx:value>
<gx:value>5.108</gx:value>
<gx:value>5.134</gx:value>
<gx:value>5.122</gx:value>
<gx:value>5.048</gx:value>
<gx:value>4.979</gx:value>
<gx:value>4.864</gx:value>
<gx:value>4.863</gx:value>
<gx:value>4.907</gx:value>
<gx:value>5.01</gx:value>
<gx:value>5.081</gx:value>
<gx:value>5.081</gx:value>
<gx:value>4.867</gx:value>
<gx:value>4.651</gx:value>
<gx:value>4.573</gx:value>
<gx:value>4.483</gx:value>
<gx:value>4.367</gx:value>
<gx:value>4.534</gx:value>
<gx:value>4.649</gx:value>
<gx:value>4.713</gx:value>
<gx:value>4.663</gx:value>
<gx:value>4.529</gx:value>
<gx:value>4.256</gx:value>
<gx:value>4.096</gx:value>
<gx:value>3.974</gx:value>
<gx:value>3.957</gx:value>
<gx:value>3.954</gx:value>
<gx:value>4.253</gx:value>
<gx:value>4.466</gx:value>
<gx:value>4.595</gx:value>
<gx:value>4.809</gx:value>
<gx:value>4.874</gx:value>
<gx:value>4.91</gx:value>
<gx:value>4.932</gx:value>
<gx:value>4.925</gx:value>
<gx:value>4.904</gx:value>
<gx:value>4.868</gx:value>
<gx:value>4.871</gx:value>
<gx:value>4.816</gx:value>
<gx:value>4.785</gx:value>
<gx:value>4.766</gx:value>
<gx:value>4.749</gx:value>
<gx:value>4.756</gx:value>
<gx:value>4.767</gx:value>
<gx:value>4.835</gx:value>
<gx:value>4.873</gx:value>
<gx:value>4.896</gx:value>
<gx:value>4.905</gx:value>
<gx:value>4.916</gx:value>
<gx:value>4.927</gx:value>
<gx:value>4.901</gx:value>
<gx:value>4.898</gx:value>
<gx:value>4.858</gx:value>
<gx:value>4.814</gx:value>
<gx:value>4.808</gx:value>
<gx:value>4.834</gx:value>
<gx:value>4.866</gx:value>
<gx:value>4.921</gx:value>
<gx:value>4.999</gx:value>
<gx:value>5.059</gx:value>
<gx:value>5.083</gx:value>
<gx:value>5.102</gx:value>
<gx:value>5.043</gx:value>
<gx:value>4.989</gx:value>
<gx:value>4.969</gx:value>
<gx:value>4.953</gx:value>
<gx:value>4.956</gx:value>
<gx:value>5.005</gx:value>
<gx:value>5.011</gx:value>
<gx:value>5.057</gx:value>
<gx:value>5.097</gx:value>
<gx:value>5.162</gx:value>
<gx:value>5.219</gx:value>
<gx:value>5.274</gx:value>
<gx:value>5.295</gx:value>
<gx:value>5.274</gx:value>
<gx:value>5.211</gx:value>
<gx:value>5.179</gx:value>
<gx:value>5.154</gx:value>
<gx:value>5.161</gx:value>
<gx:value>5.151</gx:value>
<gx:value>5.189</gx:value>
<gx:value>5.239</gx:value>
<gx:value>5.251</gx:value>
<gx:value>5.244</gx:value>
<gx:value>5.23</gx:value>
<gx:value>5.199</gx:value>
<gx:value>5.162</gx:value>
<gx:value>5.151</gx:value>
<gx:value>5.136</gx:value>
<gx:value>5.173</gx:value>
<gx:value>5.269</gx:value>
<gx:value>5.346</gx:value>
<gx:value>5.393</gx:value>
<gx:value>5.432</gx:value>
<gx:value>5.44</gx:value>
<gx:value>5.419</gx:value>
<gx:value>5.338</gx:value>
<gx:value>5.307</gx:value>
<gx:value>5.306</gx:value>
<gx:value>5.34</gx:value>
<gx:value>5.372</gx:value>
<gx:value>5.382</gx:value>
<gx:value>5.35</gx:value>
<gx:value>5.289</gx:value>
<gx:value>5.241</gx:value>
<gx:value>5.166</gx:value>
<gx:value>5.148</gx:value>
<gx:value>5.071</gx:value>
<gx:value>4.925</gx:value>
<gx:value>4.814</gx:value>
<gx:value>4.725</gx:value>
<gx:value>4.693</gx:value>
<gx:value>4.744</gx:value>
<gx:value>4.842</gx:value>
<gx:value>4.984</gx:value>
<gx:value>5.075</gx:value>
<gx:value>5.12</gx:value>
<gx:value>5.167</gx:value>
<gx:value>5.159</gx:value>
<gx:value>5.181</gx:value>
<gx:value>5.222</gx:value>
<gx:value>5.219</gx:value>
<gx:value>5.212</gx:value>
<gx:value>5.208</gx:value>
<gx:value>5.215</gx:value>
<gx:value>5.219</gx:value>
<gx:value>5.33</gx:value>
<gx:value>5.402</gx:value>
<gx:value>5.444</gx:value>
<gx:value>5.485</gx:value>
<gx:value>5.503</gx:value>
<gx:value>5.42</gx:value>
<gx:value>5.302</gx:value>
<gx:value>5.183</gx:value>
<gx:value>5.058</gx:value>
<gx:value>4.977</gx:value>
<gx:value>4.945</gx:value>
<gx:value>4.9</gx:value>
<gx:value>4.844</gx:value>
<gx:value>4.798</gx:value>
<gx:value>4.793</gx:value>
<gx:value>4.825</gx:value>
<gx:value>4.914</gx:value>
<gx:value>5.047</gx:value>
<gx:value>5.228</gx:value>
<gx:value>5.284</gx:value>
<gx:value>5.354</gx:value>
<gx:value>5.322</gx:value>
<gx:value>5.28</gx:value>
<gx:value>5.238</gx:value>
<gx:value>5.208</gx:value>
<gx:value>5.195</gx:value>
<gx:value>5.157</gx:value>
<gx:value>5.104</gx:value>
<gx:value>5.033</gx:value>
<gx:value>4.96</gx:value>
<gx:value>4.862</gx:value>
<gx:value>4.778</gx:value>
<gx:value>4.692</gx:value>
<gx:value>4.63</gx:value>
<gx:value>4.559</gx:value>
<gx:value>4.548</gx:value>
<gx:value>4.547</gx:value>
<gx:value>4.525</gx:value>
<gx:value>4.524</gx:value>
<gx:value>4.532</gx:value>
<gx:value>4.573</gx:value>
<gx:value>4.634</gx:value>
<gx:value>4.729</gx:value>
<gx:value>4.857</gx:value>
<gx:value>4.95</gx:value>
<gx:value>5.018</gx:value>
<gx:value>5.085</gx:value>
<gx:value>5.131</gx:value>
<gx:value>5.162</gx:value>
<gx:value>5.18</gx:value>
<gx:value>5.161</gx:value>
<gx:value>5.157</gx:value>
<gx:value>5.106</gx:value>
<gx:value>5.084</gx:value>
<gx:value>5.081</gx:value>
<gx:value>5.148</gx:value>
<gx:value>5.162</gx:value>
<gx:value>5.187</gx:value>
<gx:value>5.26</gx:value>
<gx:value>5.335</gx:value>
<gx:value>5.455</gx:value>
<gx:value>5.498</gx:value>
<gx:value>5.566</gx:value>
<gx:value>5.592</gx:value>
<gx:value>5.593</gx:value>
<gx:value>5.482</gx:value>
<gx:value>5.147</gx:value>
<gx:value>4.889</gx:value>
<gx:value>4.82</gx:value>
<gx:value>4.469</gx:value>
<gx:value>4.245</gx:value>
<gx:value>4.27</gx:value>
<gx:value>4.322</gx:value>
<gx:value>4.344</gx:value>
<gx:value>4.379</gx:value>
<gx:value>4.429</gx:value>
<gx:value>4.573</gx:value>
<gx:value>4.675</gx:value>
<gx:value>4.638</gx:value>
<gx:value>4.452</gx:value>
<gx:value>4.098</gx:value>
<gx:value>3.809</gx:value>
<gx:value>3.566</gx:value>
<gx:value>3.424</gx:value>
<gx:value>3.523</gx:value>
<gx:value>3.845</gx:value>
<gx:value>4.079</gx:value>
<gx:value>4.196</gx:value>
<gx:value>4.44</gx:value>
<gx:value>4.623</gx:value>
<gx:value>4.67</gx:value>
<gx:value>4.425</gx:value>
<gx:value>4.119</gx:value>
<gx:value>3.871</gx:value>
<gx:value>3.445</gx:value>
<gx:value>3.172</gx:value>
<gx:value>3.118</gx:value>
<gx:value>3.213</gx:value>
<gx:value>3.402</gx:value>
<gx:value>3.56</gx:value>
<gx:value>4.006</gx:value>
<gx:value>4.206</gx:value>
<gx:value>4.472</gx:value>
<gx:value>4.601</gx:value>
<gx:value>4.839</gx:value>
<gx:value>5.119</gx:value>
<gx:value>5.256</gx:value>
<gx:value>5.418</gx:value>
<gx:value>5.602</gx:value>
<gx:value>5.654</gx:value>
<gx:value>5.727</gx:value>
<gx:value>5.781</gx:value>
<gx:value>5.859</gx:value>
<gx:value>5.903</gx:value>
<gx:value>5.951</gx:value>
<gx:value>6.014</gx:value>
<gx:value>6.065</gx:value>
<gx:value>6.059</gx:value>
<gx:value>5.933</gx:value>
<gx:value>5.79</gx:value>
<gx:value>5.619</gx:value>
<gx:value>5.384</gx:value>
<gx:value>5.221</gx:value>
<gx:value>5.064</gx:value>
<gx:value>4.948</gx:value>
<gx:value>4.836</gx:value>
<gx:value>4.776</gx:value>
<gx:value>4.808</gx:value>
<gx:value>4.876</gx:value>
<gx:value>4.92</gx:value>
<gx:value>4.999</gx:value>
<gx:value>5.087</gx:value>
<gx:value>5.26</gx:value>
<gx:value>5.414</gx:value>
<gx:value>5.496</gx:value>
<gx:value>5.614</gx:value>
<gx:value>5.649</gx:value>
<gx:value>5.606</gx:value>
<gx:value>5.576</gx:value>
<gx:value>5.592</gx:value>
<gx:value>5.637</gx:value>
<gx:value>5.635</gx:value>
<gx:value>5.63</gx:value>
<gx:value>5.687</gx:value>
<gx:value>5.634</gx:value>
<gx:value>5.544</gx:value>
<gx:value>5.534</gx:value>
<gx:value>5.493</gx:value>
<gx:value>5.413</gx:value>
<gx:value>5.306</gx:value>
<gx:value>5.19</gx:value>
<gx:value>5.06</gx:value>
<gx:value>4.977</gx:value>
<gx:value>4.861</gx:value>
<gx:value>4.789</gx:value>
<gx:value>4.773</gx:value>
<gx:value>4.718</gx:value>
<gx:value>4.681</gx:value>
<gx:value>4.688</gx:value>
<gx:value>4.726</gx:value>
<gx:value>4.789</gx:value>
<gx:value>4.886</gx:value>
<gx:value>4.963</gx:value>
<gx:value>4.955</gx:value>
<gx:value>4.943</gx:value>
<gx:value>4.921</gx:value>
<gx:value>4.876</gx:value>
<gx:value>4.885</gx:value>
<gx:value>4.93</gx:value>
<gx:value>4.983</gx:value>
<gx:value>5.031</gx:value>
<gx:value>5.063</gx:value>
<gx:value>5.052</gx:value>
<gx:value>5.03</gx:value>
<gx:value>4.969</gx:value>
<gx:value>4.856</gx:value>
<gx:value>4.733</gx:value>
<gx:value>4.57</gx:value>
<gx:value>4.443</gx:value>
<gx:value>4.339</gx:value>
<gx:value>4.232</gx:value>
<gx:value>4.218</gx:value>
<gx:value>4.284</gx:value>
<gx:value>4.378</gx:value>
<gx:value>4.529</gx:value>
<gx:value>4.714</gx:value>
<gx:value>4.969</gx:value>
<gx:value>5.199</gx:value>
<gx:value>5.385</gx:value>
<gx:value>5.542</gx:value>
<gx:value>5.654</gx:value>
<gx:value>5.641</gx:value>
<gx:value>5.618</gx:value>
<gx:value>5.639</gx:value>
<gx:value>5.755</gx:value>
<gx:value>5.839</gx:value>
<gx:value>5.986</gx:value>
<gx:value>6.033</gx:value>
<gx:value>5.991</gx:value>
<gx:value>5.877</gx:value>
<gx:value>5.824</gx:value>
<gx:value>5.786</gx:value>
<gx:value>5.889</gx:value>
<gx:value>6.128</gx:value>
<gx:value>6.675</gx:value>
<gx:value>7.866</gx:value>
<gx:value>8.477</gx:value>
<gx:value>9.056</gx:value>
<gx:value>9.449</gx:value>
<gx:value>9.604</gx:value>
<gx:value>9.251</gx:value>
<gx:value>8.379</gx:value>
<gx:value>7.986</gx:value>
<gx:value>7.772</gx:value>
<gx:value>7.598</gx:value>
<gx:value>7.554</gx:value>
<gx:value>7.322</gx:value>
<gx:value>7.102</gx:value>
<gx:value>6.854</gx:value>
<gx:value>6.726</gx:value>
<gx:value>6.631</gx:value>
<gx:value>6.566</gx:value>
<gx:value>6.525</gx:value>
<gx:value>6.358</gx:value>
<gx:value>6.206</gx:value>
<gx:value>5.959</gx:value>
<gx:value>5.81</gx:value>
<gx:value>5.71</gx:value>
<gx:value>5.561</gx:value>
<gx:value>5.503</gx:value>
<gx:value>5.469</gx:value>
<gx:value>5.52</gx:value>
<gx:value>5.55</gx:value>
<gx:value>5.59</gx:value>
<gx:value>5.581</gx:value>
<gx:value>5.627</gx:value>
<gx:value>5.589</gx:value>
<gx:value>5.551</gx:value>
<gx:value>5.473</gx:value>
<gx:value>5.453</gx:value>
<gx:value>5.452</gx:value>
<gx:value>5.449</gx:value>
<gx:value>5.494</gx:value>
<gx:value>5.481</gx:value>
<gx:value>5.516</gx:value>
<gx:value>5.616</gx:value>
<gx:value>5.608</gx:value>
<gx:value>5.644</gx:value>
<gx:value>5.638</gx:value>
<gx:value>5.632</gx:value>
<gx:value>5.621</gx:value>
<gx:value>5.698</gx:value>
<gx:value>5.758</gx:value>
<gx:value>5.827</gx:value>
<gx:value>5.989</gx:value>
<gx:value>6.124</gx:value>
<gx:value>6.173</gx:value>
<gx:value>6.182</gx:value>
<gx:value>6.017</gx:value>
<gx:value>5.832</gx:value>
<gx:value>5.604</gx:value>
<gx:value>5.394</gx:value>
<gx:value>5.24</gx:value>
<gx:value>5.232</gx:value>
<gx:value>5.247</gx:value>
<gx:value>5.263</gx:value>
<gx:value>5.271</gx:value>
<gx:value>5.299</gx:value>
<gx:value>5.281</gx:value>
<gx:value>5.239</gx:value>
<gx:value>5.179</gx:value>
<gx:value>5.145</gx:value>
<gx:value>5.148</gx:value>
<gx:value>5.168</gx:value>
<gx:value>5.21</gx:value>
<gx:value>5.278</gx:value>
<gx:value>5.287</gx:value>
<gx:value>5.315</gx:value>
<gx:value>5.315</gx:value>
<gx:value>5.301</gx:value>
<gx:value>5.293</gx:value>
<gx:value>5.202</gx:value>
<gx:value>5.102</gx:value>
<gx:value>4.993</gx:value>
<gx:value>4.782</gx:value>
<gx:value>4.418</gx:value>
<gx:value>4.434</gx:value>
<gx:value>4.425</gx:value>
<gx:value>4.841</gx:value>
<gx:value>4.269</gx:value>
<gx:value>4.332</gx:value>
<gx:value>4.834</gx:value>
<gx:value>5.146</gx:value>
<gx:value>5.36</gx:value>
<gx:value>5.872</gx:value>
<gx:value>6.144</gx:value>
<gx:value>6.228</gx:value>
<gx:value>5.892</gx:value>
<gx:value>5.462</gx:value>
<gx:value>5.382</gx:value>
<gx:value>5.134</gx:value>
<gx:value>5.121</gx:value>
<gx:value>5.138</gx:value>
<gx:value>5.052</gx:value>
<gx:value>4.939</gx:value>
<gx:value>4.955</gx:value>
<gx:value>5.068</gx:value>
<gx:value>5.227</gx:value>
<gx:value>5.596</gx:value>
<gx:value>6.177</gx:value>
<gx:value>6.92</gx:value>
<gx:value>7.316</gx:value>
<gx:value>7.225</gx:value>
<gx:value>7.114</gx:value>
<gx:value>6.642</gx:value>
<gx:value>6.216</gx:value>
<gx:value>5.563</gx:value>
<gx:value>5.327</gx:value>
<gx:value>5.167</gx:value>
<gx:value>5.086</gx:value>
<gx:value>5.017</gx:value>
<gx:value>4.955</gx:value>
<gx:value>4.834</gx:value>
<gx:value>4.794</gx:value>
<gx:value>4.819</gx:value>
<gx:value>4.835</gx:value>
<gx:value>4.815</gx:value>
<gx:value>4.82</gx:value>
<gx:value>4.841</gx:value>
<gx:value>4.827</gx:value>
<gx:value>4.846</gx:value>
<gx:value>4.859</gx:value>
<gx:value>4.923</gx:value>
<gx:value>4.973</gx:value>
<gx:value>5.067</gx:value>
<gx:value>5.099</gx:value>
<gx:value>5.153</gx:value>
<gx:value>5.203</gx:value>
<gx:value>5.255</gx:value>
<gx:value>5.293</gx:value>
<gx:value>5.335</gx:value>
<gx:value>5.361</gx:value>
<gx:value>5.334</gx:value>
<gx:value>5.325</gx:value>
<gx:value>5.31</gx:value>
<gx:value>5.29</gx:value>
<gx:value>5.298</gx:value>
<gx:value>5.286</gx:value>
<gx:value>5.277</gx:value>
<gx:value>5.265</gx:value>
<gx:value>5.257</gx:value>
<gx:value>5.248</gx:value>
<gx:value>5.302</gx:value>
<gx:value>5.337</gx:value>
<gx:value>5.376</gx:value>
<gx:value>5.41</gx:value>
<gx:value>5.308</gx:value>
<gx:value>4.983</gx:value>
<gx:value>4.652</gx:value>
<gx:value>4.535</gx:value>
<gx:value>4.259</gx:value>
<gx:value>4.159</gx:value>
<gx:value>4.281</gx:value>
<gx:value>4.341</gx:value>
<gx:value>4.442</gx:value>
<gx:value>4.552</gx:value>
<gx:value>4.697</gx:value>
<gx:value>4.856</gx:value>
<gx:value>5.085</gx:value>
<gx:value>5.194</gx:value>
<gx:value>5.285</gx:value>
<gx:value>5.359</gx:value>
<gx:value>4.996</gx:value>
<gx:value>4.738</gx:value>
<gx:value>4.557</gx:value>
<gx:value>4.326</gx:value>
<gx:value>4.222</gx:value>
<gx:value>4.4</gx:value>
<gx:value>4.578</gx:value>
<gx:value>4.649</gx:value>
<gx:value>4.775</gx:value>
<gx:value>4.871</gx:value>
<gx:value>4.984</gx:value>
<gx:value>5.044</gx:value>
<gx:value>5.138</gx:value>
<gx:value>5.174</gx:value>
<gx:value>5.266</gx:value>
<gx:value>5.279</gx:value>
<gx:value>5.293</gx:value>
<gx:value>5.289</gx:value>
<gx:value>5.347</gx:value>
<gx:value>5.235</gx:value>
<gx:value>4.881</gx:value>
<gx:value>4.5</gx:value>
<gx:value>4.028</gx:value>
<gx:value>3.615</gx:value>
<gx:value>3.213</gx:value>
<gx:value>3.127</gx:value>
<gx:value>3.058</gx:value>
<gx:value>3.036</gx:value>
<gx:value>3.026</gx:value>
<gx:value>3.024</gx:value>
<gx:value>3.015</gx:value>
<gx:value>3.064</gx:value>
<gx:value>3.195</gx:value>
<gx:value>3.349</gx:value>
<gx:value>3.672</gx:value>
<gx:value>3.955</gx:value>
<gx:value>4.248</gx:value>
<gx:value>4.551</gx:value>
<gx:value>4.769</gx:value>
<gx:value>4.861</gx:value>
<gx:value>4.612</gx:value>
<gx:value>4.302</gx:value>
<gx:value>3.916</gx:value>
<gx:value>3.427</gx:value>
<gx:value>3.227</gx:value>
<gx:value>3.076</gx:value>
<gx:value>3.02</gx:value>
<gx:value>3.005</gx:value>
<gx:value>3.004</gx:value>
<gx:value>3.0</gx:value>
<gx:value>3.0</gx:value>
<gx:value>3.001</gx:value>
<gx:value>3.0</gx:value>
<gx:value>3.0</gx:value>
<gx:value>3.0</gx:value>
<gx:value>3.0</gx:value>
<gx:value>3.0</gx:value>
<gx:value>3.0</gx:value>
<gx:value>3.0</gx:value>
<gx:value>3.0</gx:value>
<gx:value>3.0</gx:value>
<gx:value>3.0</gx:value>
<gx:value>3.007</gx:value>
<gx:value>3.014</gx:value>
<gx:value>3.032</gx:value>
<gx:value>3.057</gx:value>
<gx:value>3.089</gx:value>
<gx:value>3.171</gx:value>
<gx:value>3.201</gx:value>
<gx:value>3.203</gx:value>
<gx:value>3.145</gx:value>
<gx:value>3.119</gx:value>
<gx:value>3.076</gx:value>
<gx:value>3.042</gx:value>
<gx:value>3.0</gx:value>
<gx:value>3.032</gx:value>
<gx:value>3.136</gx:value>
<gx:value>3.234</gx:value>
<gx:value>3.423</gx:value>
<gx:value>3.5</gx:value>
<gx:value>3.668</gx:value>
<gx:value>3.818</gx:value>
<gx:value>4.005</gx:value>
<gx:value>4.251</gx:value>
<gx:value>4.62</gx:value>
<gx:value>4.96</gx:value>
<gx:value>5.209</gx:value>
<gx:value>5.415</gx:value>
<gx:value>5.543</gx:value>
<gx:value>5.622</gx:value>
<gx:value>5.179</gx:value>
<gx:value>4.891</gx:value>
<gx:value>4.581</gx:value>
<gx:value>4.326</gx:value>
<gx:value>4.052</gx:value>
<gx:value>4.163</gx:value>
<gx:value>4.316</gx:value>
<gx:value>4.451</gx:value>
<gx:value>4.662</gx:value>
<gx:value>4.859</gx:value>
<gx:value>4.975</gx:value>
<gx:value>5.069</gx:value>
<gx:value>5.143</gx:value>
<gx:value>5.198</gx:value>
<gx:value>5.216</gx:value>
<gx:value>5.258</gx:value>
<gx:value>5.245</gx:value>
<gx:value>5.223</gx:value>
<gx:value>5.17</gx:value>
<gx:value>5.175</gx:value>
<gx:value>5.218</gx:value>
<gx:value>5.305</gx:value>
<gx:value>5.409</gx:value>
<gx:value>5.641</gx:value>
<gx:value>5.896</gx:value>
<gx:value>6.154</gx:value>
<gx:value>6.237</gx:value>
<gx:value>6.259</gx:value>
<gx:value>6.12</gx:value>
<gx:value>5.979</gx:value>
<gx:value>5.732</gx:value>
<gx:value>5.551</gx:value>
<gx:value>5.439</gx:value>
<gx:value>5.358</gx:value>
<gx:value>5.308</gx:value>
<gx:value>5.298</gx:value>
<gx:value>5.302</gx:value>
<gx:value>5.307</gx:value>
<gx:value>5.255</gx:value>
<gx:value>5.173</gx:value>
<gx:value>5.149</gx:value>
<gx:value>5.173</gx:value>
<gx:value>5.254</gx:value>
<gx:value>5.328</gx:value>
<gx:value>5.545</gx:value>
<gx:value>5.707</gx:value>
<gx:value>5.848</gx:value>
<gx:value>5.947</gx:value>
<gx:value>5.947</gx:value>
<gx:value>5.993</gx:value>
<gx:value>5.98</gx:value>
<gx:value>5.958</gx:value>
<gx:value>5.912</gx:value>
<gx:value>5.859</gx:value>
<gx:value>5.777</gx:value>
<gx:value>5.693</gx:value>
<gx:value>5.639</gx:value>
<gx:value>5.623</gx:value>
<gx:value>5.571</gx:value>
<gx:value>5.551</gx:value>
<gx:value>5.492</gx:value>
<gx:value>5.415</gx:value>
<gx:value>5.327</gx:value>
<gx:value>5.213</gx:value>
<gx:value>5.023</gx:value>
<gx:value>4.915</gx:value>
<gx:value>4.787</gx:value>
<gx:value>4.723</gx:value>
<gx:value>4.671</gx:value>
<gx:value>4.636</gx:value>
<gx:value>4.661</gx:value>
<gx:value>4.727</gx:value>
<gx:value>4.755</gx:value>
<gx:value>4.765</gx:value>
<gx:value>4.799</gx:value>
<gx:value>4.798</gx:value>
<gx:value>4.79</gx:value>
<gx:value>4.817</gx:value>
<gx:value>4.835</gx:value>
<gx:value>4.859</gx:value>
<gx:value>4.941</gx:value>
<gx:value>4.925</gx:value>
<gx:value>4.94</gx:value>
<gx:value>4.906</gx:value>
<gx:value>4.942</gx:value>
<gx:value>4.988</gx:value>
<gx:value>5.008</gx:value>
<gx:value>5.031</gx:value>
<gx:value>5.041</gx:value>
<gx:value>5.078</gx:value>
<gx:value>5.088</gx:value>
<gx:value>5.083</gx:value>
<gx:value>5.093</gx:value>
<gx:value>5.074</gx:value>
<gx:value>5.017</gx:value>
<gx:value>4.988</gx:value>
<gx:value>4.975</gx:value>
<gx:value>4.969</gx:value>
<gx:value>4.973</gx:value>
<gx:value>4.979</gx:value>
<gx:value>5.0</gx:value>
<gx:value>5.01</gx:value>
<gx:value>5.018</gx:value>
<gx:value>5.023</gx:value>
<gx:value>5.014</gx:value>
<gx:value>5.015</gx:value>
<gx:value>4.966</gx:value>
<gx:value>4.905</gx:value>
<gx:value>4.826</gx:value>
<gx:value>4.77</gx:value>
<gx:value>4.734</gx:value>
<gx:value>4.734</gx:value>
<gx:value>4.755</gx:value>
<gx:value>4.79</gx:value>
<gx:value>4.835</gx:value>
<gx:value>4.883</gx:value>
<gx:value>4.939</gx:value>
<gx:value>4.975</gx:value>
<gx:value>5.019</gx:value>
<gx:value>5.03</gx:value>
<gx:value>5.075</gx:value>
<gx:value>5.08</gx:value>
<gx:value>5.078</gx:value>
<gx:value>5.1</gx:value>
<gx:value>5.12</gx:value>
<gx:value>5.145</gx:value>
<gx:value>5.185</gx:value>
<gx:value>5.255</gx:value>
<gx:value>5.326</gx:value>
<gx:value>5.419</gx:value>
<gx:value>5.485</gx:value>
<gx:value>5.538</gx:value>
<gx:value>5.535</gx:value>
<gx:value>5.54</gx:value>
<gx:value>5.535</gx:value>
<gx:value>5.514</gx:value>
<gx:value>5.475</gx:value>
<gx:value>5.367</gx:value>
<gx:value>5.254</gx:value>
<gx:value>5.138</gx:value>
<gx:value>5.001</gx:value>
<gx:value>4.964</gx:value>
<gx:value>4.97</gx:value>
<gx:value>4.945</gx:value>
<gx:value>4.923</gx:value>
<gx:value>4.909</gx:value>
<gx:value>4.87</gx:value>
<gx:value>4.854</gx:value>
<gx:value>4.926</gx:value>
<gx:value>4.963</gx:value>
<gx:value>5.008</gx:value>
<gx:value>4.923</gx:value>
<gx:value>4.871</gx:value>
<gx:value>4.812</gx:value>
<gx:value>4.812</gx:value>
<gx:value>4.806</gx:value>
<gx:value>4.862</gx:value>
<gx:value>4.95</gx:value>
<gx:value>5.024</gx:value>
<gx:value>5.061</gx:value>
<gx:value>5.098</gx:value>
<gx:value>5.16</gx:value>
<gx:value>5.149</gx:value>
<gx:value>5.096</gx:value>
<gx:value>5.02</gx:value>
<gx:value>4.861</gx:value>
<gx:value>4.546</gx:value>
<gx:value>3.431</gx:value>
<gx:value>3.308</gx:value>
<gx:value>3.048</gx:value>
<gx:value>3.035</gx:value>
<gx:value>3.0</gx:value>
<gx:value>3.0</gx:value>
<gx:value>3.013</gx:value>
<gx:value>3.011</gx:value>
<gx:value>3.011</gx:value>
<gx:value>3.47</gx:value>
<gx:value>4.037</gx:value>
<gx:value>3.941</gx:value>
<gx:value>3.782</gx:value>
<gx:value>4.023</gx:value>
<gx:value>5.089</gx:value>
<gx:value>4.951</gx:value>
<gx:value>4.775</gx:value>
<gx:value>4.646</gx:value>
<gx:value>4.539</gx:value>
<gx:value>4.616</gx:value>
<gx:value>4.639</gx:value>
<gx:value>4.553</gx:value>
<gx:value>4.735</gx:value>
<gx:value>4.021</gx:value>
<gx:value>3.646</gx:value>
<gx:value>4.017</gx:value>
<gx:value>4.346</gx:value>
<gx:value>4.023</gx:value>
<gx:value>3.501</gx:value>
<gx:value>3.41</gx:value>
<gx:value>3.024</gx:value>
<gx:value>3.08</gx:value>
<gx:value>3.395</gx:value>
<gx:value>3.79</gx:value>
<gx:value>3.79</gx:value>
<gx:value>3.79</gx:value>
<gx:value>4.014</gx:value>
<gx:value>4.847</gx:value>
<gx:value>5.421</gx:value>
<gx:value>5.162</gx:value>
<gx:value>3.577</gx:value>
<gx:value>3.712</gx:value>
<gx:value>3.492</gx:value>
<gx:value>3.301</gx:value>
<gx:value>3.243</gx:value>
<gx:value>3.214</gx:value>
<gx:value>3.173</gx:value>
<gx:value>3.59</gx:value>
<gx:value>4.153</gx:value>
<gx:value>4.421</gx:value>
<gx:value>4.443</gx:value>
<gx:value>4.41</gx:value>
<gx:value>3.79</gx:value>
<gx:value>3.79</gx:value>
<gx:value>3.933</gx:value>
<gx:value>3.582</gx:value>
<gx:value>3.304</gx:value>
<gx:value>3.091</gx:value>
<gx:value>3.808</gx:value>
<gx:value>3.605</gx:value>
<gx:value>3.337</gx:value>
<gx:value>3.73</gx:value>
<gx:value>3.79</gx:value>
<gx:value>3.79</gx:value>
<gx:value>3.79</gx:value>
<gx:value>3.79</gx:value>
<gx:value>3.79</gx:value>
<gx:value>3.79</gx:value>
<gx:value>3.79</gx:value>
<gx:value>3.79</gx:value>
<gx:value>3.79</gx:value>
<gx:value>3.79</gx:value>
<gx:value>3.79</gx:value>
<gx:value>3.79</gx:value>
<gx:value>3.79</gx:value>
<gx:value>3.79</gx:value>
<gx:value>3.79</gx:value>
<gx:value>3.79</gx:value>
<gx:value>3.942</gx:value>
<gx:value>3.79</gx:value>
<gx:value>5.083</gx:value>
<gx:value>3.362</gx:value>
<gx:value>3.351</gx:value>
<gx:value>3.38</gx:value>
<gx:value>3.402</gx:value>
<gx:value>3.566</gx:value>
<gx:value>3.79</gx:value>
<gx:value>3.79</gx:value>
<gx:value>3.79</gx:value>
<gx:value>3.79</gx:value>
<gx:value>3.42</gx:value>
<gx:value>3.532</gx:value>
<gx:value>3.648</gx:value>
<gx:value>3.177</gx:value>
<gx:value>3.175</gx:value>
<gx:value>3.229</gx:value>
<gx:value>3.236</gx:value>
<gx:value>3.437</gx:value>
<gx:value>3.921</gx:value>
<gx:value>3.92</gx:value>
<gx:value>3.933</gx:value>
<gx:value>3.79</gx:value>
<gx:value>3.79</gx:value>
<gx:value>3.79</gx:value>
<gx:value>3.79</gx:value>
<gx:value>3.79</gx:value>
<gx:value>4.089</gx:value>
<gx:value>4.78</gx:value>
<gx:value>5.713</gx:value>
<gx:value>6.472</gx:value>
<gx:value>6.967</gx:value>
<gx:value>6.914</gx:value>
<gx:value>5.865</gx:value>
<gx:value>5.351</gx:value>
<gx:value>5.151</gx:value>
<gx:value>5.087</gx:value>
<gx:value>5.026</gx:value>
<gx:value>4.81</gx:value>
<gx:value>5.328</gx:value>
<gx:value>6.045</gx:value>
<gx:value>6.287</gx:value>
<gx:value>5.753</gx:value>
<gx:value>5.441</gx:value>
<gx:value>4.886</gx:value>
<gx:value>4.781</gx:value>
<gx:value>4.121</gx:value>
<gx:value>3.79</gx:value>
<gx:value>3.79</gx:value>
<gx:value>3.79</gx:value>
<gx:value>3.79</gx:value>
<gx:value>3.79</gx:value>
<gx:value>3.538</gx:value>
<gx:value>3.0</gx:value>
<gx:value>3.395</gx:value>
<gx:value>3.79</gx:value>
<gx:value>3.79</gx:value>
<gx:value>3.79</gx:value>
<gx:value>3.79</gx:value>
<gx:value>3.79</gx:value>
<gx:value>3.849</gx:value>
<gx:value>3.991</gx:value>
<gx:value>4.369</gx:value>
<gx:value>4.997</gx:value>
<gx:value>5.726</gx:value>
<gx:value>5.465</gx:value>
<gx:value>4.723</gx:value>
<gx:value>3.585</gx:value>
<gx:value>3.0</gx:value>
<gx:value>3.0</gx:value>
<gx:value>3.263</gx:value>
<gx:value>3.79</gx:value>
<gx:value>3.131</gx:value>
<gx:value>3.0</gx:value>
<gx:value>3.0</gx:value>
<gx:value>3.0</gx:value>
<gx:value>3.1</gx:value>
<gx:value>3.476</gx:value>
<gx:value>3.772</gx:value>
<gx:value>3.823</gx:value>
<gx:value>3.861</gx:value>
<gx:value>4.398</gx:value>
<gx:value>5.47</gx:value>
<gx:value>5.73</gx:value>
<gx:value>5.872</gx:value>
<gx:value>5.973</gx:value>
<gx:value>5.912</gx:value>
<gx:value>5.708</gx:value>
<gx:value>5.477</gx:value>
<gx:value>5.49</gx:value>
<gx:value>5.656</gx:value>
<gx:value>5.56</gx:value>
<gx:value>5.11</gx:value>
<gx:value>5.043</gx:value>
<gx:value>4.743</gx:value>
<gx:value>3.971</gx:value>
<gx:value>3.084</gx:value>
<gx:value>3.0</gx:value>
<gx:value>3.091</gx:value>
<gx:value>3.419</gx:value>
<gx:value>3.89</gx:value>
<gx:value>3.79</gx:value>
<gx:value>3.79</gx:value>
<gx:value>3.79</gx:value>
<gx:value>4.331</gx:value>
<gx:value>4.562</gx:value>
<gx:value>3.729</gx:value>
<gx:value>3.164</gx:value>
<gx:value>3.025</gx:value>
<gx:value>3.0</gx:value>
<gx:value>3.0</gx:value>
<gx:value>3.79</gx:value>
<gx:value>3.79</gx:value>
<gx:value>3.79</gx:value>
<gx:value>3.79</gx:value>
<gx:value>3.79</gx:value>
<gx:value>3.79</gx:value>
<gx:value>3.79</gx:value>
<gx:value>3.76</gx:value>
<gx:value>3.448</gx:value>
<gx:value>3.63</gx:value>
<gx:value>4.063</gx:value>
<gx:value>3.978</gx:value>
<gx:value>3.512</gx:value>
<gx:value>3.838</gx:value>
<gx:value>3.993</gx:value>
<gx:value>4.222</gx:value>
<gx:value>4.418</gx:value>
<gx:value>4.864</gx:value>
<gx:value>5.873</gx:value>
<gx:value>6.323</gx:value>
<gx:value>6.983</gx:value>
<gx:value>7.303</gx:value>
<gx:value>7.251</gx:value>
<gx:value>6.897</gx:value>
<gx:value>6.454</gx:value>
<gx:value>6.308</gx:value>
<gx:value>6.036</gx:value>
<gx:value>6.094</gx:value>
<gx:value>6.038</gx:value>
<gx:value>5.253</gx:value>
<gx:value>5.257</gx:value>
<gx:value>5.022</gx:value>
<gx:value>5.036</gx:value>
<gx:value>4.651</gx:value>
<gx:value>3.79</gx:value>
<gx:value>3.79</gx:value>
<gx:value>4.677</gx:value>
<gx:value>4.297</gx:value>
<gx:value>3.79</gx:value>
<gx:value>4.409</gx:value>
<gx:value>4.72</gx:value>
<gx:value>4.768</gx:value>
<gx:value>4.68</gx:value>
<gx:value>4.051</gx:value>
<gx:value>3.79</gx:value>
<gx:value>3.79</gx:value>
<gx:value>4.395</gx:value>
<gx:value>4.472</gx:value>
<gx:value>3.79</gx:value>
<gx:value>3.79</gx:value>
<gx:value>4.489</gx:value>
<gx:value>4.63</gx:value>
<gx:value>3.79</gx:value>
<gx:value>3.79</gx:value>
<gx:value>3.79</gx:value>
<gx:value>3.79</gx:value>
<gx:value>4.944</gx:value>
<gx:value>5.542</gx:value>
<gx:value>5.966</gx:value>
<gx:value>5.459</gx:value>
<gx:value>4.715</gx:value>
<gx:value>4.865</gx:value>
<gx:value>5.234</gx:value>
<gx:value>5.608</gx:value>
<gx:value>5.555</gx:value>
<gx:value>5.038</gx:value>
<gx:value>3.79</gx:value>
<gx:value>3.79</gx:value>
<gx:value>3.79</gx:value>
<gx:value>3.79</gx:value>
<gx:value>3.79</gx:value>
<gx:value>3.79</gx:value>
<gx:value>3.79</gx:value>
<gx:value>3.79</gx:value>
<gx:value>3.79</gx:value>
<gx:value>3.79</gx:value>
<gx:value>3.79</gx:value>
<gx:value>3.79</gx:value>
<gx:value>3.79</gx:value>
<gx:value>3.879</gx:value>
<gx:value>3.79</gx:value>
<gx:value>4.027</gx:value>
<gx:value>5.209</gx:value>
<gx:value>6.013</gx:value>
<gx:value>4.585</gx:value>
<gx:value>3.328</gx:value>
<gx:value>3.625</gx:value>
<gx:value>4.021</gx:value>
<gx:value>4.316</gx:value>
<gx:value>4.285</gx:value>
<gx:value>4.697</gx:value>
<gx:value>5.208</gx:value>
<gx:value>5.789</gx:value>
<gx:value>6.632</gx:value>
<gx:value>6.555</gx:value>
<gx:value>5.845</gx:value>
<gx:value>5.301</gx:value>
<gx:value>5.304</gx:value>
<gx:value>5.201</gx:value>
<gx:value>5.509</gx:value>
<gx:value>5.583</gx:value>
<gx:value>5.67</gx:value>
<gx:value>5.159</gx:value>
<gx:value>5.031</gx:value>
<gx:value>4.608</gx:value>
<gx:value>4.779</gx:value>
<gx:value>4.6</gx:value>
<gx:value>3.79</gx:value>
<gx:value>3.79</gx:value>
<gx:value>3.816</gx:value>
<gx:value>3.79</gx:value>
<gx:value>21.222</gx:value>
<gx:value>13.869</gx:value>
<gx:value>8.635</gx:value>
<gx:value>7.795</gx:value>
<gx:value>7.532</gx:value>
<gx:value>7.536</gx:value>
<gx:value>7.018</gx:value>
<gx:value>6.198</gx:value>
<gx:value>5.959</gx:value>
<gx:value>5.575</gx:value>
<gx:value>5.306</gx:value>
<gx:value>5.341</gx:value>
<gx:value>3.79</gx:value>
<gx:value>3.79</gx:value>
<gx:value>3.79</gx:value>
<gx:value>3.79</gx:value>
<gx:value>3.79</gx:value>
<gx:value>3.79</gx:value>
<gx:value>3.79</gx:value>
<gx:value>4.414</gx:value>
<gx:value>4.917</gx:value>
<gx:value>5.412</gx:value>
<gx:value>6.8</gx:value>
<gx:value>6.89</gx:value>
<gx:value>7.713</gx:value>
<gx:value>7.981</gx:value>
<gx:value>8.268</gx:value>
<gx:value>7.771</gx:value>
<gx:value>6.921</gx:value>
<gx:value>5.75</gx:value>
<gx:value>5.249</gx:value>
<gx:value>5.163</gx:value>
<gx:value>4.866</gx:value>
<gx:value>4.859</gx:value>
<gx:value>4.869</gx:value>
<gx:value>5.196</gx:value>
<gx:value>5.361</gx:value>
<gx:value>5.634</gx:value>
<gx:value>5.615</gx:value>
<gx:value>4.933</gx:value>
<gx:value>5.119</gx:value>
<gx:value>5.746</gx:value>
<gx:value>6.198</gx:value>
<gx:value>6.436</gx:value>
<gx:value>6.199</gx:value>
<gx:value>5.615</gx:value>
<gx:value>5.34</gx:value>
<gx:value>5.061</gx:value>
<gx:value>4.754</gx:value>
<gx:value>4.069</gx:value>
<gx:value>3.79</gx:value>
<gx:value>3.995</gx:value>
<gx:value>4.527</gx:value>
<gx:value>4.685</gx:value>
<gx:value>5.017</gx:value>
<gx:value>5.366</gx:value>
<gx:value>5.672</gx:value>
<gx:value>6.048</gx:value>
<gx:value>6.321</gx:value>
<gx:value>6.108</gx:value>
<gx:value>6.066</gx:value>
<gx:value>6.037</gx:value>
<gx:value>6.067</gx:value>
<gx:value>5.969</gx:value>
<gx:value>5.967</gx:value>
<gx:value>5.845</gx:value>
<gx:value>6.231</gx:value>
<gx:value>5.091</gx:value>
<gx:value>4.897</gx:value>
<gx:value>5.092</gx:value>
<gx:value>5.354</gx:value>
<gx:value>5.68</gx:value>
<gx:value>5.795</gx:value>
<gx:value>6.18</gx:value>
<gx:value>5.954</gx:value>
<gx:value>5.596</gx:value>
<gx:value>5.394</gx:value>
<gx:value>5.447</gx:value>
<gx:value>4.84</gx:value>
<gx:value>4.754</gx:value>
<gx:value>4.429</gx:value>
<gx:value>3.79</gx:value>
<gx:value>3.79</gx:value>
<gx:value>4.369</gx:value>
<gx:value>4.813</gx:value>
<gx:value>4.716</gx:value>
<gx:value>4.081</gx:value>
<gx:value>4.466</gx:value>
<gx:value>4.809</gx:value>
<gx:value>4.882</gx:value>
<gx:value>4.431</gx:value>
<gx:value>3.79</gx:value>
<gx:value>3.79</gx:value>
<gx:value>3.79</gx:value>
<gx:value>3.79</gx:value>
<gx:value>3.79</gx:value>
<gx:value>3.79</gx:value>
<gx:value>3.79</gx:value>
<gx:value>3.79</gx:value>
<gx:value>3.79</gx:value>
<gx:value>5.071</gx:value>
<gx:value>5.536</gx:value>
<gx:value>5.572</gx:value>
<gx:value>5.311</gx:value>
<gx:value>5.316</gx:value>
<gx:value>5.698</gx:value>
<gx:value>5.519</gx:value>
<gx:value>5.468</gx:value>
<gx:value>5.258</gx:value>
<gx:value>4.966</gx:value>
<gx:value>4.785</gx:value>
<gx:value>4.722</gx:value>
<gx:value>4.468</gx:value>
<gx:value>4.303</gx:value>
<gx:value>4.393</gx:value>
<gx:value>4.456</gx:value>
<gx:value>5.342</gx:value>
<gx:value>7.398</gx:value>
<gx:value>7.626</gx:value>
<gx:value>6.786</gx:value>
<gx:value>5.718</gx:value>
<gx:value>5.406</gx:value>
<gx:value>5.391</gx:value>
<gx:value>4.552</gx:value>
<gx:value>3.79</gx:value>
<gx:value>3.79</gx:value>
<gx:value>3.79</gx:value>
<gx:value>3.79</gx:value>
<gx:value>3.79</gx:value>
<gx:value>3.79</gx:value>
<gx:value>3.79</gx:value>
<gx:value>3.79</gx:value>
<gx:value>3.79</gx:value>
<gx:value>3.79</gx:value>
<gx:value>3.79</gx:value>
<gx:value>3.79</gx:value>
<gx:value>3.79</gx:value>
<gx:value>3.79</gx:value>
<gx:value>3.79</gx:value>
<gx:value>3.79</gx:value>
<gx:value>3.79</gx:value>
<gx:value>3.79</gx:value>
<gx:value>3.79</gx:value>
<gx:value>3.79</gx:value>
<gx:value>3.79</gx:value>
<gx:value>3.79</gx:value>
<gx:value>3.79</gx:value>
<gx:value>3.79</gx:value>
<gx:value>3.79</gx:value>
<gx:value>3.79</gx:value>
<gx:value>3.79</gx:value>
<gx:value>3.79</gx:value>
<gx:value>3.79</gx:value>
<gx:value>3.79</gx:value>
<gx:value>3.79</gx:value>
<gx:value>3.79</gx:value>
<gx:value>3.79</gx:value>
<gx:value>3.79</gx:value>
<gx:value>3.895</gx:value>
<gx:value>3.79</gx:value>
<gx:value>13.504</gx:value>
<gx:value>10.852</gx:value>
<gx:value>5.716</gx:value>
<gx:value>5.53</gx:value>
<gx:value>5.737</gx:value>
<gx:value>5.929</gx:value>
<gx:value>5.69</gx:value>
<gx:value>4.993</gx:value>
<gx:value>3.79</gx:value>
<gx:value>3.79</gx:value>
<gx:value>3.79</gx:value>
<gx:value>3.79</gx:value>
<gx:value>3.79</gx:value>
<gx:value>3.974</gx:value>
<gx:value>3.79</gx:value>
<gx:value>3.79</gx:value>
<gx:value>3.79</gx:value>
<gx:value>3.79</gx:value>
<gx:value>3.79</gx:value>
<gx:value>3.79</gx:value>
<gx:value>5.429</gx:value>
<gx:value>5.241</gx:value>
<gx:value>5.216</gx:value>
<gx:value>5.278</gx:value>
<gx:value>5.276</gx:value>
<gx:value>5.245</gx:value>
<gx:value>4.433</gx:value>
<gx:value>3.79</gx:value>
<gx:value>5.547</gx:value>
<gx:value>7.154</gx:value>
<gx:value>7.412</gx:value>
<gx:value>6.283</gx:value>
<gx:value>5.855</gx:value>
<gx:value>5.643</gx:value>
<gx:value>5.303</gx:value>
<gx:value>5.002</gx:value>
<gx:value>4.906</gx:value>
<gx:value>4.57</gx:value>
<gx:value>3.79</gx:value>
<gx:value>3.79</gx:value>
<gx:value>3.79</gx:value>
<gx:value>3.79</gx:value>
<gx:value>3.997</gx:value>
<gx:value>3.997</gx:value>
<gx:value>3.79</gx:value>
<gx:value>3.79</gx:value>
<gx:value>3.79</gx:value>
<gx:value>3.79</gx:value>
<gx:value>3.79</gx:value>
<gx:value>3.79</gx:value>
<gx:value>3.79</gx:value>
<gx:value>3.855</gx:value>
<gx:value>4.027</gx:value>
<gx:value>4.276</gx:value>
<gx:value>4.366</gx:value>
<gx:value>4.534</gx:value>
<gx:value>4.54</gx:value>
<gx:value>4.371</gx:value>
<gx:value>3.79</gx:value>
<gx:value>3.79</gx:value>
<gx:value>3.804</gx:value>
<gx:value>4.409</gx:value>
<gx:value>5.731</gx:value>
<gx:value>6.84</gx:value>
<gx:value>8.124</gx:value>
<gx:value>8.624</gx:value>
<gx:value>8.134</gx:value>
<gx:value>7.991</gx:value>
<gx:value>7.968</gx:value>
<gx:value>6.754</gx:value>
<gx:value>6.712</gx:value>
<gx:value>6.129</gx:value>
<gx:value>5.956</gx:value>
<gx:value>5.595</gx:value>
<gx:value>6.114</gx:value>
<gx:value>6.288</gx:value>
<gx:value>6.104</gx:value>
<gx:value>5.874</gx:value>
<gx:value>5.675</gx:value>
<gx:value>6.055</gx:value>
<gx:value>6.357</gx:value>
<gx:value>4.856</gx:value>
<gx:value>3.79</gx:value>
<gx:value>3.79</gx:value>
<gx:value>3.79</gx:value>
<gx:value>3.79</gx:value>
<gx:value>3.79</gx:value>
<gx:value>3.874</gx:value>
<gx:value>3.79</gx:value>
<gx:value>3.79</gx:value>
<gx:value>3.79</gx:value>
<gx:value>3.79</gx:value>
<gx:value>3.79</gx:value>
<gx:value>3.79</gx:value>
<gx:value>3.79</gx:value>
<gx:value>3.85</gx:value>
<gx:value>3.79</gx:value>
<gx:value>8.608</gx:value>
<gx:value>7.727</gx:value>
<gx:value>5.536</gx:value>
<gx:value>5.416</gx:value>
<gx:value>5.165</gx:value>
<gx:value>5.103</gx:value>
<gx:value>5.126</gx:value>
<gx:value>4.435</gx:value>
<gx:value>3.79</gx:value>
<gx:value>3.809</gx:value>
<gx:value>3.79</gx:value>
<gx:value>3.79</gx:value>
<gx:value>3.79</gx:value>
<gx:value>3.79</gx:value>
<gx:value>3.85</gx:value>
<gx:value>3.79</gx:value>
<gx:value>3.79</gx:value>
<gx:value>3.79</gx:value>
<gx:value>3.79</gx:value>
<gx:value>3.852</gx:value>
<gx:value>3.79</gx:value>
<gx:value>3.79</gx:value>
<gx:value>3.79</gx:value>
<gx:value>3.79</gx:value>
<gx:value>3.79</gx:value>
<gx:value>3.79</gx:value>
<gx:value>3.79</gx:value>
<gx:value>6.127</gx:value>
<gx:value>6.538</gx:value>
<gx:value>6.376</gx:value>
<gx:value>7.514</gx:value>
<gx:value>8.55</gx:value>
<gx:value>8.352</gx:value>
<gx:value>8.274</gx:value>
<gx:value>7.757</gx:value>
<gx:value>7.485</gx:value>
<gx:value>7.725</gx:value>
<gx:value>7.247</gx:value>
<gx:value>6.163</gx:value>
<gx:value>5.82</gx:value>
<gx:value>5.177</gx:value>
<gx:value>4.631</gx:value>
<gx:value>4.5</gx:value>
<gx:value>4.3</gx:value>
<gx:value>3.79</gx:value>
<gx:value>3.79</gx:value>
<gx:value>3.79</gx:value>
<gx:value>4.512</gx:value>
<gx:value>4.991</gx:value>
<gx:value>4.273</gx:value>
<gx:value>3.796</gx:value>
<gx:value>4.357</gx:value>
<gx:value>4.481</gx:value>
<gx:value>4.806</gx:value>
<gx:value>5.126</gx:value>
<gx:value>4.81</gx:value>
<gx:value>3.79</gx:value>
<gx:value>5.058</gx:value>
<gx:value>5.675</gx:value>
<gx:value>5.753</gx:value>
<gx:value>5.708</gx:value>
<gx:value>4.846</gx:value>
<gx:value>3.79</gx:value>
<gx:value>3.79</gx:value>
<gx:value>3.79</gx:value>
<gx:value>3.79</gx:value>
<gx:value>3.79</gx:value>
<gx:value>3.79</gx:value>
<gx:value>3.79</gx:value>
<gx:value>3.922</gx:value>
<gx:value>3.79</gx:value>
<gx:value>5.399</gx:value>
<gx:value>5.871</gx:value>
<gx:value>5.165</gx:value>
<gx:value>4.806</gx:value>
<gx:value>4.835</gx:value>
<gx:value>5.26</gx:value>
<gx:value>4.621</gx:value>
<gx:value>3.79</gx:value>
<gx:value>3.79</gx:value>
<gx:value>3.79</gx:value>
<gx:value>3.79</gx:value>
<gx:value>3.79</gx:value>
<gx:value>3.892</gx:value>
<gx:value>3.79</gx:value>
<gx:value>3.79</gx:value>
<gx:value>3.79</gx:value>
<gx:value>3.79</gx:value>
<gx:value>3.79</gx:value>
<gx:value>3.79</gx:value>
<gx:value>3.79</gx:value>
<gx:value>3.79</gx:value>
<gx:value>3.79</gx:value>
<gx:value>3.79</gx:value>
<gx:value>3.79</gx:value>
<gx:value>3.79</gx:value>
<gx:value>3.79</gx:value>
<gx:value>3.79</gx:value>
<gx:value>3.79</gx:value>
<gx:value>3.79</gx:value>
<gx:value>3.79</gx:value>
<gx:value>3.79</gx:value>
<gx:value>3.79</gx:value>
<gx:value>3.79</gx:value>
<gx:value>3.79</gx:value>
<gx:value>3.79</gx:value>
<gx:value>3.79</gx:value>
<gx:value>3.79</gx:value>
<gx:value>3.79</gx:value>
<gx:value>3.79</gx:value>
<gx:value>3.79</gx:value>
<gx:value>3.79</gx:value>
<gx:value>6.887</gx:value>
<gx:value>3.79</gx:value>
<gx:value>3.79</gx:value>
<gx:value>3.79</gx:value>
<gx:value>3.79</gx:value>
<gx:value>3.79</gx:value>
<gx:value>3.79</gx:value>
<gx:value>3.79</gx:value>
<gx:value>3.79</gx:value>
<gx:value>3.79</gx:value>
<gx:value>3.79</gx:value>
<gx:value>3.87</gx:value>
<gx:value>3.79</gx:value>
<gx:value>3.79</gx:value>
<gx:value>3.79</gx:value>
<gx:value>3.79</gx:value>
<gx:value>3.879</gx:value>
<gx:value>3.79</gx:value>
<gx:value>3.79</gx:value>
<gx:value>3.79</gx:value>
<gx:value>3.79</gx:value>
<gx:value>6.862</gx:value>
<gx:value>9.935</gx:value>
<gx:value>10.011</gx:value>
<gx:value>9.935</gx:value>
<gx:value>9.935</gx:value>
<gx:value>9.935</gx:value>
<gx:value>9.935</gx:value>
<gx:value>9.935</gx:value>
<gx:value>9.935</gx:value>
<gx:value>9.935</gx:value>
<gx:value>9.935</gx:value>
<gx:value>9.935</gx:value>
<gx:value>9.935</gx:value>
<gx:value>9.935</gx:value>
<gx:value>9.935</gx:value>
<gx:value>9.935</gx:value>
<gx:value>9.935</gx:value>
<gx:value>16.855</gx:value>
<gx:value>9.935</gx:value>
<gx:value>9.935</gx:value>
<gx:value>9.935</gx:value>
<gx:value>9.935</gx:value>
<gx:value>13.568</gx:value>
<gx:value>9.935</gx:value>
<gx:value>9.935</gx:value>
<gx:value>9.935</gx:value>
<gx:value>9.935</gx:value>
<gx:value>9.935</gx:value>
<gx:value>9.935</gx:value>
<gx:value>9.937</gx:value>
<gx:value>9.935</gx:value>
<gx:value>9.935</gx:value>
<gx:value>9.935</gx:value>
<gx:value>9.935</gx:value>
<gx:value>9.956</gx:value>
<gx:value>9.935</gx:value>
<gx:value>9.935</gx:value>
<gx:value>9.935</gx:value>
<gx:value>10.027</gx:value>
<gx:value>9.935</gx:value>
<gx:value>9.935</gx:value>
<gx:value>6.862</gx:value>
<gx:value>3.79</gx:value>
<gx:value>3.899</gx:value>
<gx:value>3.79</gx:value>
<gx:value>3.79</gx:value>
<gx:value>3.79</gx:value>
<gx:value>3.79</gx:value>
<gx:value>3.79</gx:value>
<gx:value>3.79</gx:value>
<gx:value>3.79</gx:value>
<gx:value>3.79</gx:value>
<gx:value>3.79</gx:value>
<gx:value>3.79</gx:value>
<gx:value>3.79</gx:value>
<gx:value>3.79</gx:value>
<gx:value>3.79</gx:value>
<gx:value>3.79</gx:value>
<gx:value>3.79</gx:value>
<gx:value>3.79</gx:value>
<gx:value>3.79</gx:value>
<gx:value>3.79</gx:value>
<gx:value>3.79</gx:value>
<gx:value>3.79</gx:value>
<gx:value>3.79</gx:value>
<gx:value>3.79</gx:value>
<gx:value>3.79</gx:value>
<gx:value>3.79</gx:value>
<gx:value>3.79</gx:value>
<gx:value>3.79</gx:value>
<gx:value>3.79</gx:value>
<gx:value>3.79</gx:value>
<gx:value>3.79</gx:value>
<gx:value>3.79</gx:value>
<gx:value>3.79</gx:value>
<gx:value>3.79</gx:value>
<gx:value>3.79</gx:value>
<gx:value>3.79</gx:value>
<gx:value>3.79</gx:value>
<gx:value>6.862</gx:value>
<gx:value>6.862</gx:value>
<gx:value>3.79</gx:value>
<gx:value>3.79</gx:value>
<gx:value>3.79</gx:value>
<gx:value>3.79</gx:value>
<gx:value>3.79</gx:value>
<gx:value>3.79</gx:value>
<gx:value>3.79</gx:value>
<gx:value>3.79</gx:value>
<gx:value>3.811</gx:value>
<gx:value>3.811</gx:value>
<gx:value>3.79</gx:value>
<gx:value>3.79</gx:value>
<gx:value>3.79</gx:value>
<gx:value>3.79</gx:value>
<gx:value>3.79</gx:value>
<gx:value>3.79</gx:value>
<gx:value>3.908</gx:value>
<gx:value>3.79</gx:value>
<gx:value>3.79</gx:value>
<gx:value>3.79</gx:value>
<gx:value>3.79</gx:value>
<gx:value>3.79</gx:value>
<gx:value>3.79</gx:value>
<gx:value>3.79</gx:value>
<gx:value>3.897</gx:value>
<gx:value>3.79</gx:value>
<gx:value>3.79</gx:value>
<gx:value>3.79</gx:value>
<gx:value>3.79</gx:value>
<gx:value>3.79</gx:value>
<gx:value>3.79</gx:value>
<gx:value>3.79</gx:value>
<gx:value>3.79</gx:value>
<gx:value>3.79</gx:value>
<gx:value>3.79</gx:value>
<gx:value>3.651</gx:value>
<gx:value>3.794</gx:value>
<gx:value>4.127</gx:value>
<gx:value>4.018</gx:value>
<gx:value>3.79</gx:value>
<gx:value>3.79</gx:value>
<gx:value>3.79</gx:value>
<gx:value>3.79</gx:value>
<gx:value>3.79</gx:value>
<gx:value>3.79</gx:value>
<gx:value>3.79</gx:value>
<gx:value>3.79</gx:value>
<gx:value>3.79</gx:value>
<gx:value>3.79</gx:value>
<gx:value>3.79</gx:value>
<gx:value>3.79</gx:value>
<gx:value>3.79</gx:value>
<gx:value>3.79</gx:value>
<gx:value>3.79</gx:value>
<gx:value>5.33</gx:value>
<gx:value>5.723</gx:value>
<gx:value>5.583</gx:value>
<gx:value>5.486</gx:value>
<gx:value>5.295</gx:value>
<gx:value>5.239</gx:value>
<gx:value>5.48</gx:value>
<gx:value>6.062</gx:value>
<gx:value>5.869</gx:value>
<gx:value>5.463</gx:value>
<gx:value>5.346</gx:value>
<gx:value>5.254</gx:value>
<gx:value>5.196</gx:value>
<gx:value>4.828</gx:value>
<gx:value>4.83</gx:value>
<gx:value>4.588</gx:value>
<gx:value>3.79</gx:value>
<gx:value>3.79</gx:value>
<gx:value>3.79</gx:value>
<gx:value>3.79</gx:value>
<gx:value>3.79</gx:value>
<gx:value>3.79</gx:value>
<gx:value>3.928</gx:value>
<gx:value>3.79</gx:value>
<gx:value>3.79</gx:value>
<gx:value>3.79</gx:value>
<gx:value>3.79</gx:value>
<gx:value>3.83</gx:value>
<gx:value>3.79</gx:value>
<gx:value>3.79</gx:value>
<gx:value>3.79</gx:value>
<gx:value>3.79</gx:value>
<gx:value>3.917</gx:value>
<gx:value>3.79</gx:value>
<gx:value>3.79</gx:value>
<gx:value>3.79</gx:value>
<gx:value>3.79</gx:value>
<gx:value>3.79</gx:value>
<gx:value>3.79</gx:value>
<gx:value>3.79</gx:value>
<gx:value>3.79</gx:value>
<gx:value>3.79</gx:value>
<gx:value>3.79</gx:value>
<gx:value>3.79</gx:value>
<gx:value>3.79</gx:value>
<gx:value>3.79</gx:value>
<gx:value>3.79</gx:value>
<gx:value>3.79</gx:value>
<gx:value>3.79</gx:value>
<gx:value>3.79</gx:value>
<gx:value>3.79</gx:value>
<gx:value>3.79</gx:value>
<gx:value>3.79</gx:value>
<gx:value>3.79</gx:value>
<gx:value>3.79</gx:value>
<gx:value>3.79</gx:value>
<gx:value>3.79</gx:value>
<gx:value>3.79</gx:value>
<gx:value>3.79</gx:value>
<gx:value>3.79</gx:value>
<gx:value>3.79</gx:value>
<gx:value>3.79</gx:value>
<gx:value>3.79</gx:value>
<gx:value>3.79</gx:value>
<gx:value>3.79</gx:value>
<gx:value>3.79</gx:value>
<gx:value>3.79</gx:value>
<gx:value>3.79</gx:value>
<gx:value>3.79</gx:value>
<gx:value>3.79</gx:value>
<gx:value>3.79</gx:value>
<gx:value>3.79</gx:value>
<gx:value>3.79</gx:value>
<gx:value>3.79</gx:value>
<gx:value>3.79</gx:value>
<gx:value>3.79</gx:value>
<gx:value>3.79</gx:value>
<gx:value>3.79</gx:value>
<gx:value>3.79</gx:value>
<gx:value>3.79</gx:value>
<gx:value>3.79</gx:value>
<gx:value>3.79</gx:value>
<gx:value>3.79</gx:value>
<gx:value>3.79</gx:value>
<gx:value>3.846</gx:value>
<gx:value>3.79</gx:value>
<gx:value>3.79</gx:value>
<gx:value>3.79</gx:value>
<gx:value>3.79</gx:value>
<gx:value>3.873</gx:value>
<gx:value>3.79</gx:value>
<gx:value>3.79</gx:value>
<gx:value>3.79</gx:value>
<gx:value>3.79</gx:value>
<gx:value>4.011</gx:value>
<gx:value>3.79</gx:value>
<gx:value>3.79</gx:value>
<gx:value>3.79</gx:value>
<gx:value>3.79</gx:value>
<gx:value>3.79</gx:value>
<gx:value>3.79</gx:value>
<gx:value>3.79</gx:value>
<gx:value>3.79</gx:value>
<gx:value>3.79</gx:value>
<gx:value>3.79</gx:value>
<gx:value>3.79</gx:value>
<gx:value>3.79</gx:value>
<gx:value>3.79</gx:value>
<gx:value>3.79</gx:value>
<gx:value>3.79</gx:value>
<gx:value>3.79</gx:value>
<gx:value>3.79</gx:value>
<gx:value>3.79</gx:value>
<gx:value>3.79</gx:value>
<gx:value>3.79</gx:value>
<gx:value>3.79</gx:value>
<gx:value>3.79</gx:value>
<gx:value>3.79</gx:value>
<gx:value>3.79</gx:value>
<gx:value>3.79</gx:value>
<gx:value>3.79</gx:value>
<gx:value>3.79</gx:value>
<gx:value>3.79</gx:value>
<gx:value>3.79</gx:value>
<gx:value>3.79</gx:value>
<gx:value>3.79</gx:value>
<gx:value>3.79</gx:value>
<gx:value>3.79</gx:value>
<gx:value>3.79</gx:value>
<gx:value>3.79</gx:value>
<gx:value>3.79</gx:value>
<gx:value>3.79</gx:value>
<gx:value>3.79</gx:value>
<gx:value>3.79</gx:value>
<gx:value>3.79</gx:value>
<gx:value>3.79</gx:value>
<gx:value>3.79</gx:value>
<gx:value>3.803</gx:value>
<gx:value>3.79</gx:value>
<gx:value>3.79</gx:value>
<gx:value>3.79</gx:value>
<gx:value>3.79</gx:value>
<gx:value>3.79</gx:value>
<gx:value>3.79</gx:value>
<gx:value>3.863</gx:value>
<gx:value>3.79</gx:value>
<gx:value>3.79</gx:value>
<gx:value>3.79</gx:value>
<gx:value>3.79</gx:value>
<gx:value>3.79</gx:value>
<gx:value>3.79</gx:value>
<gx:value>3.79</gx:value>
<gx:value>3.79</gx:value>
<gx:value>3.79</gx:value>
<gx:value>3.79</gx:value>
<gx:value>3.79</gx:value>
<gx:value>3.79</gx:value>
<gx:value>3.79</gx:value>
<gx:value>3.79</gx:value>
<gx:value>3.79</gx:value>
<gx:value>3.79</gx:value>
<gx:value>3.79</gx:value>
<gx:value>3.79</gx:value>
<gx:value>3.79</gx:value>
<gx:value>3.79</gx:value>
<gx:value>3.878</gx:value>
<gx:value>3.79</gx:value>
<gx:value>3.79</gx:value>
<gx:value>3.79</gx:value>
<gx:value>3.79</gx:value>
<gx:value>3.79</gx:value>
<gx:value>3.79</gx:value>
<gx:value>3.79</gx:value>
<gx:value>3.79</gx:value>
<gx:value>3.79</gx:value>
<gx:value>3.79</gx:value>
<gx:value>3.869</gx:value>
<gx:value>3.79</gx:value>
<gx:value>3.79</gx:value>
<gx:value>4.026</gx:value>
<gx:value>3.79</gx:value>
<gx:value>3.79</gx:value>
<gx:value>3.79</gx:value>
<gx:value>3.79</gx:value>
<gx:value>3.79</gx:value>
<gx:value>3.79</gx:value>
<gx:value>3.79</gx:value>
<gx:value>3.79</gx:value>
<gx:value>3.79</gx:value>
<gx:value>3.79</gx:value>
<gx:value>3.79</gx:value>
<gx:value>3.79</gx:value>
<gx:value>4.772</gx:value>
<gx:value>4.772</gx:value>
<gx:value>3.79</gx:value>
<gx:value>3.79</gx:value>
<gx:value>3.79</gx:value>
<gx:value>3.79</gx:value>
<gx:value>3.79</gx:value>
<gx:value>3.956</gx:value>
<gx:value>4.148</gx:value>
<gx:value>4.322</gx:value>
<gx:value>4.472</gx:value>
<gx:value>4.503</gx:value>
<gx:value>4.052</gx:value>
<gx:value>3.79</gx:value>
<gx:value>3.79</gx:value>
<gx:value>3.79</gx:value>
<gx:value>3.79</gx:value>
<gx:value>3.79</gx:value>
<gx:value>3.79</gx:value>
<gx:value>3.79</gx:value>
<gx:value>3.79</gx:value>
<gx:value>3.79</gx:value>
<gx:value>3.79</gx:value>
<gx:value>3.79</gx:value>
<gx:value>3.79</gx:value>
<gx:value>3.79</gx:value>
<gx:value>3.79</gx:value>
<gx:value>3.79</gx:value>
<gx:value>3.79</gx:value>
<gx:value>3.79</gx:value>
<gx:value>3.79</gx:value>
<gx:value>3.837</gx:value>
<gx:value>3.79</gx:value>
<gx:value>3.79</gx:value>
<gx:value>3.79</gx:value>
<gx:value>3.79</gx:value>
<gx:value>3.79</gx:value>
<gx:value>3.79</gx:value>
<gx:value>3.79</gx:value>
<gx:value>3.79</gx:value>
<gx:value>3.79</gx:value>
<gx:value>3.79</gx:value>
<gx:value>3.79</gx:value>
<gx:value>3.79</gx:value>
<gx:value>3.79</gx:value>
<gx:value>3.79</gx:value>
<gx:value>3.797</gx:value>
<gx:value>3.79</gx:value>
<gx:value>3.79</gx:value>
<gx:value>3.79</gx:value>
<gx:value>3.79</gx:value>
<gx:value>3.79</gx:value>
<gx:value>3.79</gx:value>
<gx:value>3.79</gx:value>
<gx:value>3.79</gx:value>
<gx:value>3.79</gx:value>
<gx:value>3.85</gx:value>
<gx:value>3.79</gx:value>
<gx:value>3.79</gx:value>
<gx:value>3.79</gx:value>
<gx:value>3.79</gx:value>
<gx:value>3.79</gx:value>
<gx:value>3.79</gx:value>
<gx:value>3.79</gx:value>
<gx:value>3.79</gx:value>
<gx:value>3.79</gx:value>
<gx:value>3.79</gx:value>
<gx:value>3.79</gx:value>
<gx:value>5.247</gx:value>
<gx:value>5.647</gx:value>
<gx:value>5.594</gx:value>
<gx:value>5.533</gx:value>
<gx:value>5.213</gx:value>
<gx:value>5.377</gx:value>
<gx:value>5.395</gx:value>
<gx:value>5.445</gx:value>
<gx:value>5.259</gx:value>
<gx:value>5.15</gx:value>
<gx:value>5.126</gx:value>
<gx:value>5.198</gx:value>
<gx:value>5.548</gx:value>
<gx:value>5.844</gx:value>
<gx:value>4.763</gx:value>
<gx:value>3.79</gx:value>
<gx:value>3.79</gx:value>
<gx:value>3.79</gx:value>
<gx:value>3.79</gx:value>
<gx:value>3.79</gx:value>
<gx:value>3.79</gx:value>
<gx:value>3.79</gx:value>
<gx:value>3.79</gx:value>
<gx:value>3.79</gx:value>
<gx:value>3.79</gx:value>
<gx:value>3.79</gx:value>
<gx:value>3.79</gx:value>
<gx:value>3.79</gx:value>
<gx:value>3.79</gx:value>
<gx:value>3.79</gx:value>
<gx:value>3.79</gx:value>
<gx:value>3.79</gx:value>
<gx:value>3.79</gx:value>
<gx:value>3.79</gx:value>
<gx:value>3.79</gx:value>
<gx:value>3.79</gx:value>
<gx:value>3.79</gx:value>
<gx:value>3.79</gx:value>
<gx:value>3.79</gx:value>
<gx:value>3.79</gx:value>
<gx:value>3.79</gx:value>
<gx:value>3.79</gx:value>
<gx:value>3.79</gx:value>
<gx:value>3.79</gx:value>
<gx:value>3.79</gx:value>
<gx:value>3.799</gx:value>
<gx:value>3.79</gx:value>
<gx:value>3.79</gx:value>
<gx:value>3.79</gx:value>
<gx:value>3.79</gx:value>
<gx:value>3.849</gx:value>
<gx:value>3.79</gx:value>
<gx:value>3.79</gx:value>
<gx:value>3.79</gx:value>
<gx:value>3.79</gx:value>
<gx:value>3.863</gx:value>
<gx:value>3.79</gx:value>
<gx:value>3.79</gx:value>
<gx:value>3.79</gx:value>
<gx:value>3.79</gx:value>
<gx:value>3.79</gx:value>
<gx:value>3.79</gx:value>
<gx:value>3.79</gx:value>
<gx:value>3.79</gx:value>
<gx:value>3.79</gx:value>
<gx:value>3.79</gx:value>
<gx:value>3.79</gx:value>
<gx:value>3.79</gx:value>
<gx:value>3.79</gx:value>
<gx:value>3.79</gx:value>
<gx:value>3.79</gx:value>
<gx:value>3.79</gx:value>
<gx:value>3.79</gx:value>
<gx:value>3.79</gx:value>
<gx:value>4.776</gx:value>
<gx:value>5.168</gx:value>
<gx:value>4.981</gx:value>
<gx:value>4.662</gx:value>
<gx:value>3.79</gx:value>
<gx:value>3.79</gx:value>
<gx:value>3.79</gx:value>
<gx:value>3.79</gx:value>
<gx:value>3.79</gx:value>
<gx:value>3.79</gx:value>
<gx:value>3.79</gx:value>
<gx:value>3.79</gx:value>
<gx:value>3.79</gx:value>
<gx:value>3.79</gx:value>
<gx:value>3.79</gx:value>
<gx:value>3.79</gx:value>
<gx:value>3.79</gx:value>
<gx:value>3.79</gx:value>
<gx:value>3.79</gx:value>
<gx:value>3.79</gx:value>
<gx:value>3.79</gx:value>
<gx:value>3.79</gx:value>
<gx:value>3.79</gx:value>
<gx:value>3.79</gx:value>
<gx:value>3.79</gx:value>
<gx:value>3.79</gx:value>
<gx:value>3.79</gx:value>
<gx:value>3.79</gx:value>
<gx:value>3.79</gx:value>
<gx:value>3.79</gx:value>
<gx:value>3.79</gx:value>
<gx:value>3.79</gx:value>
<gx:value>3.79</gx:value>
<gx:value>3.79</gx:value>
<gx:value>3.79</gx:value>
<gx:value>3.79</gx:value>
<gx:value>3.79</gx:value>
<gx:value>3.79</gx:value>
<gx:value>3.79</gx:value>
<gx:value>3.79</gx:value>
<gx:value>3.79</gx:value>
<gx:value>3.79</gx:value>
<gx:value>3.79</gx:value>
<gx:value>3.79</gx:value>
<gx:value>3.79</gx:value>
<gx:value>3.79</gx:value>
<gx:value>3.79</gx:value>
<gx:value>3.79</gx:value>
<gx:value>3.79</gx:value>
<gx:value>3.79</gx:value>
<gx:value>3.79</gx:value>
<gx:value>3.79</gx:value>
<gx:value>3.79</gx:value>
<gx:value>3.805</gx:value>
<gx:value>3.79</gx:value>
<gx:value>3.79</gx:value>
<gx:value>3.79</gx:value>
<gx:value>3.79</gx:value>
<gx:value>3.832</gx:value>
<gx:value>3.79</gx:value>
<gx:value>3.79</gx:value>
<gx:value>3.79</gx:value>
<gx:value>3.79</gx:value>
<gx:value>3.84</gx:value>
<gx:value>3.79</gx:value>
<gx:value>3.79</gx:value>
<gx:value>4.331</gx:value>
<gx:value>4.331</gx:value>
<gx:value>5.341</gx:value>
<gx:value>5.997</gx:value>
<gx:value>5.246</gx:value>
<gx:value>5.102</gx:value>
<gx:value>5.084</gx:value>
<gx:value>5.199</gx:value>
<gx:value>5.106</gx:value>
<gx:value>4.971</gx:value>
<gx:value>5.286</gx:value>
<gx:value>5.462</gx:value>
<gx:value>5.662</gx:value>
<gx:value>6.382</gx:value>
<gx:value>6.796</gx:value>
<gx:value>6.169</gx:value>
<gx:value>5.397</gx:value>
<gx:value>5.453</gx:value>
<gx:value>4.688</gx:value>
<gx:value>4.523</gx:value>
<gx:value>4.853</gx:value>
<gx:value>5.111</gx:value>
<gx:value>5.154</gx:value>
<gx:value>5.213</gx:value>
<gx:value>5.856</gx:value>
<gx:value>6.259</gx:value>
<gx:value>5.361</gx:value>
<gx:value>5.458</gx:value>
<gx:value>5.469</gx:value>
<gx:value>5.584</gx:value>
<gx:value>5.325</gx:value>
<gx:value>5.397</gx:value>
<gx:value>5.354</gx:value>
<gx:value>5.328</gx:value>
<gx:value>5.661</gx:value>
<gx:value>5.846</gx:value>
<gx:value>6.263</gx:value>
<gx:value>6.561</gx:value>
<gx:value>6.798</gx:value>
<gx:value>7.145</gx:value>
<gx:value>7.246</gx:value>
<gx:value>7.242</gx:value>
<gx:value>6.917</gx:value>
<gx:value>6.776</gx:value>
<gx:value>6.555</gx:value>
<gx:value>6.497</gx:value>
<gx:value>6.932</gx:value>
<gx:value>7.352</gx:value>
<gx:value>7.049</gx:value>
<gx:value>6.93</gx:value>
<gx:value>6.921</gx:value>
<gx:value>6.555</gx:value>
<gx:value>6.445</gx:value>
<gx:value>6.235</gx:value>
<gx:value>6.257</gx:value>
<gx:value>6.153</gx:value>
<gx:value>5.751</gx:value>
<gx:value>5.937</gx:value>
<gx:value>6.811</gx:value>
<gx:value>7.361</gx:value>
<gx:value>7.143</gx:value>
<gx:value>7.23</gx:value>
<gx:value>7.072</gx:value>
<gx:value>6.61</gx:value>
<gx:value>6.285</gx:value>
<gx:value>6.233</gx:value>
<gx:value>6.276</gx:value>
<gx:value>6.083</gx:value>
<gx:value>5.916</gx:value>
<gx:value>5.868</gx:value>
<gx:value>5.876</gx:value>
<gx:value>5.765</gx:value>
<gx:value>4.735</gx:value>
<gx:value>4.769</gx:value>
<gx:value>5.598</gx:value>
<gx:value>5.632</gx:value>
<gx:value>5.712</gx:value>
<gx:value>5.68</gx:value>
<gx:value>5.848</gx:value>
<gx:value>6.527</gx:value>
<gx:value>6.965</gx:value>
<gx:value>6.859</gx:value>
<gx:value>6.703</gx:value>
<gx:value>6.246</gx:value>
<gx:value>4.288</gx:value>
<gx:value>4.802</gx:value>
<gx:value>6.332</gx:value>
<gx:value>5.995</gx:value>
<gx:value>5.17</gx:value>
<gx:value>3.428</gx:value>
<gx:value>3.477</gx:value>
<gx:value>3.644</gx:value>
<gx:value>4.019</gx:value>
<gx:value>3.888</gx:value>
<gx:value>3.79</gx:value>
<gx:value>8.746</gx:value>
<gx:value>4.465</gx:value>
<gx:value>4.776</gx:value>
<gx:value>4.972</gx:value>
<gx:value>5.231</gx:value>
<gx:value>5.469</gx:value>
<gx:value>5.491</gx:value>
<gx:value>5.178</gx:value>
<gx:value>4.973</gx:value>
<gx:value>4.884</gx:value>
<gx:value>4.909</gx:value>
<gx:value>4.786</gx:value>
<gx:value>4.44</gx:value>
<gx:value>3.79</gx:value>
<gx:value>3.79</gx:value>
<gx:value>4.444</gx:value>
<gx:value>4.716</gx:value>
<gx:value>4.589</gx:value>
<gx:value>4.74</gx:value>
<gx:value>4.826</gx:value>
<gx:value>5.104</gx:value>
<gx:value>5.798</gx:value>
<gx:value>6.514</gx:value>
<gx:value>6.359</gx:value>
<gx:value>5.869</gx:value>
<gx:value>5.893</gx:value>
<gx:value>5.866</gx:value>
<gx:value>5.8</gx:value>
<gx:value>4.864</gx:value>
<gx:value>4.196</gx:value>
<gx:value>4.55</gx:value>
<gx:value>5.091</gx:value>
<gx:value>5.121</gx:value>
<gx:value>4.874</gx:value>
<gx:value>4.246</gx:value>
<gx:value>3.169</gx:value>
<gx:value>3.395</gx:value>
<gx:value>3.79</gx:value>
<gx:value>3.79</gx:value>
<gx:value>3.79</gx:value>
<gx:value>3.79</gx:value>
<gx:value>3.79</gx:value>
<gx:value>3.79</gx:value>
<gx:value>4.105</gx:value>
<gx:value>4.225</gx:value>
<gx:value>3.229</gx:value>
<gx:value>3.015</gx:value>
<gx:value>3.161</gx:value>
<gx:value>3.132</gx:value>
<gx:value>3.099</gx:value>
<gx:value>3.232</gx:value>
<gx:value>3.333</gx:value>
<gx:value>3.258</gx:value>
<gx:value>3.098</gx:value>
<gx:value>3.433</gx:value>
<gx:value>3.545</gx:value>
<gx:value>3.528</gx:value>
<gx:value>3.562</gx:value>
<gx:value>4.164</gx:value>
<gx:value>4.761</gx:value>
<gx:value>5.065</gx:value>
<gx:value>4.933</gx:value>
<gx:value>4.851</gx:value>
<gx:value>4.739</gx:value>
<gx:value>4.685</gx:value>
<gx:value>3.92</gx:value>
<gx:value>3.531</gx:value>
<gx:value>3.79</gx:value>
<gx:value>3.79</gx:value>
<gx:value>3.412</gx:value>
<gx:value>3.805</gx:value>
<gx:value>4.289</gx:value>
<gx:value>5.053</gx:value>
<gx:value>5.558</gx:value>
<gx:value>5.47</gx:value>
<gx:value>4.649</gx:value>
<gx:value>3.867</gx:value>
<gx:value>3.855</gx:value>
<gx:value>4.044</gx:value>
<gx:value>4.072</gx:value>
<gx:value>3.935</gx:value>
<gx:value>3.878</gx:value>
<gx:value>3.846</gx:value>
<gx:value>3.726</gx:value>
<gx:value>3.597</gx:value>
<gx:value>3.429</gx:value>
<gx:value>3.497</gx:value>
<gx:value>3.957</gx:value>
<gx:value>4.459</gx:value>
<gx:value>4.556</gx:value>
<gx:value>3.524</gx:value>
<gx:value>3.222</gx:value>
<gx:value>3.384</gx:value>
<gx:value>3.289</gx:value>
<gx:value>3.324</gx:value>
<gx:value>3.265</gx:value>
<gx:value>3.254</gx:value>
<gx:value>3.0</gx:value>
<gx:value>3.029</gx:value>
<gx:value>3.205</gx:value>
<gx:value>3.123</gx:value>
<gx:value>3.0</gx:value>
<gx:value>3.263</gx:value>
<gx:value>3.79</gx:value>
<gx:value>3.874</gx:value>
<gx:value>3.79</gx:value>
<gx:value>3.79</gx:value>
<gx:value>3.79</gx:value>
<gx:value>3.79</gx:value>
<gx:value>3.79</gx:value>
<gx:value>3.79</gx:value>
<gx:value>3.79</gx:value>
<gx:value>3.875</gx:value>
<gx:value>3.79</gx:value>
<gx:value>3.79</gx:value>
<gx:value>3.79</gx:value>
<gx:value>3.79</gx:value>
<gx:value>3.79</gx:value>
<gx:value>3.79</gx:value>
<gx:value>3.79</gx:value>
<gx:value>3.936</gx:value>
<gx:value>3.79</gx:value>
<gx:value>3.79</gx:value>
<gx:value>3.79</gx:value>
<gx:value>3.79</gx:value>
<gx:value>3.79</gx:value>
<gx:value>3.79</gx:value>
<gx:value>3.79</gx:value>
<gx:value>3.79</gx:value>
<gx:value>3.79</gx:value>
<gx:value>3.79</gx:value>
<gx:value>3.79</gx:value>
<gx:value>3.79</gx:value>
<gx:value>3.79</gx:value>
<gx:value>3.863</gx:value>
<gx:value>3.79</gx:value>
<gx:value>3.79</gx:value>
<gx:value>3.79</gx:value>
<gx:value>3.79</gx:value>
<gx:value>3.79</gx:value>
<gx:value>4.897</gx:value>
<gx:value>5.193</gx:value>
<gx:value>4.878</gx:value>
<gx:value>4.406</gx:value>
<gx:value>4.061</gx:value>
<gx:value>3.91</gx:value>
<gx:value>3.462</gx:value>
<gx:value>3.409</gx:value>
<gx:value>3.437</gx:value>
<gx:value>3.311</gx:value>
<gx:value>3.276</gx:value>
<gx:value>3.446</gx:value>
<gx:value>3.559</gx:value>
<gx:value>3.775</gx:value>
<gx:value>4.089</gx:value>
<gx:value>4.355</gx:value>
<gx:value>4.679</gx:value>
<gx:value>4.951</gx:value>
<gx:value>5.083</gx:value>
<gx:value>5.204</gx:value>
<gx:value>5.231</gx:value>
<gx:value>5.288</gx:value>
<gx:value>5.304</gx:value>
<gx:value>5.174</gx:value>
<gx:value>4.729</gx:value>
<gx:value>4.343</gx:value>
<gx:value>3.993</gx:value>
<gx:value>3.486</gx:value>
<gx:value>3.253</gx:value>
<gx:value>3.137</gx:value>
<gx:value>3.177</gx:value>
<gx:value>3.306</gx:value>
<gx:value>3.464</gx:value>
<gx:value>3.727</gx:value>
<gx:value>3.841</gx:value>
<gx:value>3.917</gx:value>
<gx:value>3.97</gx:value>
<gx:value>4.041</gx:value>
<gx:value>4.131</gx:value>
<gx:value>4.023</gx:value>
<gx:value>3.826</gx:value>
<gx:value>3.538</gx:value>
<gx:value>3.34</gx:value>
<gx:value>3.144</gx:value>
<gx:value>3.01</gx:value>
<gx:value>3.01</gx:value>
<gx:value>3.01</gx:value>
<gx:value>3.01</gx:value>
<gx:value>3.009</gx:value>
<gx:value>3.01</gx:value>
<gx:value>3.0</gx:value>
<gx:value>3.0</gx:value>
<gx:value>3.0</gx:value>
<gx:value>3.0</gx:value>
<gx:value>3.0</gx:value>
<gx:value>3.0</gx:value>
<gx:value>3.0</gx:value>
<gx:value>3.0</gx:value>
<gx:value>3.0</gx:value>
<gx:value>3.0</gx:value>
<gx:value>3.0</gx:value>
<gx:value>3.0</gx:value>
<gx:value>3.004</gx:value>
<gx:value>3.004</gx:value>
<gx:value>3.005</gx:value>
<gx:value>3.005</gx:value>
<gx:value>3.007</gx:value>
<gx:value>3.0</gx:value>
<gx:value>3.0</gx:value>
<gx:value>3.0</gx:value>
<gx:value>3.0</gx:value>
<gx:value>3.0</gx:value>
<gx:value>3.0</gx:value>
<gx:value>3.0</gx:value>
<gx:value>3.0</gx:value>
<gx:value>3.0</gx:value>
<gx:value>3.0</gx:value>
<gx:value>3.0</gx:value>
<gx:value>3.0</gx:value>
<gx:value>3.0</gx:value>
<gx:value>3.0</gx:value>
<gx:value>3.0</gx:value>
<gx:value>3.0</gx:value>
<gx:value>3.0</gx:value>
<gx:value>3.0</gx:value>
<gx:value>3.0</gx:value>
<gx:value>3.0</gx:value>
<gx:value>3.0</gx:value>
<gx:value>3.0</gx:value>
<gx:value>3.0</gx:value>
<gx:value>3.0</gx:value>
<gx:value>3.017</gx:value>
<gx:value>3.017</gx:value>
<gx:value>3.015</gx:value>
<gx:value>3.019</gx:value>
<gx:value>3.031</gx:value>
<gx:value>3.052</gx:value>
<gx:value>3.14</gx:value>
<gx:value>3.368</gx:value>
<gx:value>3.555</gx:value>
<gx:value>3.63</gx:value>
<gx:value>3.829</gx:value>
<gx:value>4.028</gx:value>
<gx:value>4.165</gx:value>
<gx:value>4.059</gx:value>
<gx:value>3.863</gx:value>
<gx:value>3.709</gx:value>
<gx:value>3.3</gx:value>
<gx:value>3.144</gx:value>
<gx:value>3.063</gx:value>
<gx:value>3.059</gx:value>
<gx:value>3.177</gx:value>
<gx:value>3.349</gx:value>
<gx:value>3.53</gx:value>
<gx:value>3.717</gx:value>
<gx:value>3.939</gx:value>
<gx:value>4.099</gx:value>
<gx:value>4.272</gx:value>
<gx:value>4.32</gx:value>
<gx:value>4.206</gx:value>
<gx:value>3.062</gx:value>
<gx:value>3.032</gx:value>
<gx:value>3.484</gx:value>
<gx:value>3.739</gx:value>
<gx:value>3.589</gx:value>
<gx:value>3.164</gx:value>
<gx:value>3.333</gx:value>
<gx:value>3.309</gx:value>
<gx:value>3.357</gx:value>
<gx:value>3.334</gx:value>
<gx:value>3.4</gx:value>
<gx:value>3.67</gx:value>
<gx:value>4.036</gx:value>
<gx:value>4.136</gx:value>
<gx:value>4.147</gx:value>
<gx:value>4.134</gx:value>
<gx:value>3.915</gx:value>
<gx:value>3.79</gx:value>
<gx:value>3.79</gx:value>
<gx:value>3.79</gx:value>
<gx:value>3.79</gx:value>
<gx:value>3.79</gx:value>
<gx:value>3.79</gx:value>
<gx:value>3.79</gx:value>
<gx:value>4.441</gx:value>
<gx:value>7.495</gx:value>
<gx:value>8.116</gx:value>
<gx:value>8.493</gx:value>
<gx:value>8.028</gx:value>
<gx:value>7.544</gx:value>
<gx:value>7.245</gx:value>
<gx:value>6.831</gx:value>
<gx:value>5.894</gx:value>
<gx:value>5.414</gx:value>
<gx:value>4.912</gx:value>
<gx:value>4.09</gx:value>
<gx:value>3.515</gx:value>
<gx:value>3.337</gx:value>
<gx:value>3.148</gx:value>
<gx:value>3.065</gx:value>
<gx:value>3.048</gx:value>
<gx:value>3.033</gx:value>
<gx:value>3.041</gx:value>
<gx:value>3.041</gx:value>
<gx:value>3.025</gx:value>
<gx:value>3.025</gx:value>
<gx:value>3.017</gx:value>
<gx:value>3.0</gx:value>
<gx:value>3.003</gx:value>
<gx:value>3.008</gx:value>
<gx:value>3.012</gx:value>
<gx:value>3.012</gx:value>
<gx:value>3.017</gx:value>
<gx:value>3.014</gx:value>
<gx:value>3.009</gx:value>
<gx:value>3.004</gx:value>
<gx:value>3.008</gx:value>
<gx:value>3.004</gx:value>
<gx:value>3.006</gx:value>
<gx:value>3.014</gx:value>
<gx:value>3.074</gx:value>
<gx:value>3.175</gx:value>
<gx:value>3.322</gx:value>
<gx:value>3.485</gx:value>
<gx:value>3.658</gx:value>
<gx:value>3.899</gx:value>
<gx:value>4.048</gx:value>
<gx:value>4.168</gx:value>
<gx:value>4.294</gx:value>
<gx:value>4.172</gx:value>
<gx:value>4.008</gx:value>
<gx:value>3.855</gx:value>
<gx:value>3.518</gx:value>
<gx:value>3.222</gx:value>
<gx:value>3.098</gx:value>
<gx:value>3.012</gx:value>
<gx:value>3.001</gx:value>
<gx:value>3.001</gx:value>
<gx:value>3.0</gx:value>
<gx:value>3.0</gx:value>
<gx:value>3.003</gx:value>
<gx:value>3.006</gx:value>
<gx:value>3.006</gx:value>
<gx:value>3.008</gx:value>
<gx:value>3.007</gx:value>
<gx:value>3.002</gx:value>
<gx:value>3.0</gx:value>
<gx:value>3.0</gx:value>
<gx:value>3.0</gx:value>
<gx:value>3.0</gx:value>
<gx:value>3.0</gx:value>
<gx:value>3.0</gx:value>
<gx:value>3.0</gx:value>
<gx:value>3.0</gx:value>
<gx:value>3.0</gx:value>
<gx:value>3.0</gx:value>
<gx:value>3.0</gx:value>
<gx:value>3.0</gx:value>
<gx:value>3.0</gx:value>
<gx:value>3.0</gx:value>
<gx:value>3.0</gx:value>
<gx:value>3.0</gx:value>
<gx:value>3.0</gx:value>
<gx:value>3.032</gx:value>
<gx:value>3.125</gx:value>
<gx:value>3.067</gx:value>
<gx:value>3.0</gx:value>
<gx:value>3.004</gx:value>
<gx:value>3.03</gx:value>
<gx:value>3.03</gx:value>
<gx:value>3.0</gx:value>
<gx:value>3.128</gx:value>
<gx:value>3.63</gx:value>
<gx:value>3.79</gx:value>
<gx:value>3.79</gx:value>
<gx:value>3.79</gx:value>
<gx:value>3.79</gx:value>
<gx:value>3.79</gx:value>
<gx:value>3.79</gx:value>
<gx:value>3.79</gx:value>
<gx:value>3.79</gx:value>
<gx:value>3.79</gx:value>
<gx:value>3.79</gx:value>
<gx:value>3.79</gx:value>
<gx:value>3.79</gx:value>
<gx:value>3.79</gx:value>
<gx:value>3.79</gx:value>
<gx:value>3.79</gx:value>
<gx:value>3.79</gx:value>
<gx:value>3.79</gx:value>
<gx:value>3.79</gx:value>
<gx:value>3.79</gx:value>
<gx:value>3.79</gx:value>
<gx:value>3.79</gx:value>
<gx:value>3.79</gx:value>
<gx:value>3.79</gx:value>
<gx:value>3.79</gx:value>
<gx:value>3.79</gx:value>
<gx:value>3.79</gx:value>
<gx:value>3.79</gx:value>
<gx:value>3.79</gx:value>
<gx:value>3.79</gx:value>
<gx:value>3.79</gx:value>
<gx:value>3.79</gx:value>
<gx:value>3.79</gx:value>
<gx:value>3.79</gx:value>
<gx:value>3.79</gx:value>
<gx:value>3.79</gx:value>
<gx:value>3.79</gx:value>
<gx:value>3.79</gx:value>
<gx:value>3.79</gx:value>
<gx:value>3.79</gx:value>
<gx:value>3.79</gx:value>
<gx:value>3.79</gx:value>
<gx:value>3.79</gx:value>
<gx:value>3.79</gx:value>
<gx:value>3.692</gx:value>
<gx:value>3.538</gx:value>
<gx:value>3.362</gx:value>
<gx:value>3.275</gx:value>
<gx:value>3.21</gx:value>
<gx:value>3.024</gx:value>
<gx:value>3.0</gx:value>
<gx:value>3.0</gx:value>
<gx:value>3.0</gx:value>
<gx:value>3.0</gx:value>
<gx:value>3.0</gx:value>
<gx:value>3.0</gx:value>
<gx:value>3.0</gx:value>
<gx:value>3.022</gx:value>
<gx:value>3.13</gx:value>
<gx:value>3.0</gx:value>
<gx:value>3.0</gx:value>
<gx:value>3.27</gx:value>
<gx:value>3.535</gx:value>
<gx:value>4.005</gx:value>
<gx:value>3.983</gx:value>
<gx:value>3.804</gx:value>
<gx:value>3.974</gx:value>
<gx:value>4.102</gx:value>
<gx:value>3.851</gx:value>
<gx:value>3.411</gx:value>
<gx:value>3.502</gx:value>
<gx:value>3.372</gx:value>
<gx:value>4.093</gx:value>
<gx:value>4.735</gx:value>
<gx:value>4.28</gx:value>
<gx:value>4.013</gx:value>
<gx:value>4.166</gx:value>
<gx:value>4.116</gx:value>
<gx:value>4.178</gx:value>
<gx:value>4.114</gx:value>
<gx:value>3.737</gx:value>
<gx:value>3.766</gx:value>
<gx:value>3.64</gx:value>
</gx:SimpleArrayData>
<gx:SimpleArrayData name="bearing">
<gx:value>105.33627</gx:value>
<gx:value>105.00551</gx:value>
<gx:value>107.59655</gx:value>
<gx:value>103.77275</gx:value>
<gx:value>102.35342</gx:value>
<gx:value>56.312794</gx:value>
<gx:value>93.94583</gx:value>
<gx:value>161.70009</gx:value>
<gx:value>120.54386</gx:value>
<gx:value>119.305504</gx:value>
<gx:value>117.27094</gx:value>
<gx:value>118.011635</gx:value>
<gx:value>106.61469</gx:value>
<gx:value>126.96498</gx:value>
<gx:value>97.4541</gx:value>
<gx:value>109.309654</gx:value>
<gx:value>119.33159</gx:value>
<gx:value>117.086075</gx:value>
<gx:value>125.54087</gx:value>
<gx:value>111.66293</gx:value>
<gx:value>94.290146</gx:value>
<gx:value>118.90718</gx:value>
<gx:value>203.87642</gx:value>
<gx:value></gx:value>
<gx:value></gx:value>
<gx:value></gx:value>
<gx:value></gx:value>
<gx:value></gx:value>
<gx:value></gx:value>
<gx:value></gx:value>
<gx:value></gx:value>
<gx:value></gx:value>
<gx:value></gx:value>
<gx:value></gx:value>
<gx:value></gx:value>
<gx:value></gx:value>
<gx:value></gx:value>
<gx:value></gx:value>
<gx:value></gx:value>
<gx:value></gx:value>
<gx:value></gx:value>
<gx:value></gx:value>
<gx:value></gx:value>
<gx:value></gx:value>
<gx:value></gx:value>
<gx:value></gx:value>
<gx:value></gx:value>
<gx:value></gx:value>
<gx:value></gx:value>
<gx:value></gx:value>
<gx:value></gx:value>
<gx:value></gx:value>
<gx:value>8.735595</gx:value>
<gx:value></gx:value>
<gx:value></gx:value>
<gx:value></gx:value>
<gx:value></gx:value>
<gx:value></gx:value>
<gx:value></gx:value>
<gx:value></gx:value>
<gx:value></gx:value>
<gx:value></gx:value>
<gx:value></gx:value>
<gx:value></gx:value>
<gx:value></gx:value>
<gx:value></gx:value>
<gx:value></gx:value>
<gx:value></gx:value>
<gx:value></gx:value>
<gx:value></gx:value>
<gx:value></gx:value>
<gx:value></gx:value>
<gx:value></gx:value>
<gx:value></gx:value>
<gx:value></gx:value>
<gx:value></gx:value>
<gx:value></gx:value>
<gx:value></gx:value>
<gx:value></gx:value>
<gx:value></gx:value>
<gx:value></gx:value>
<gx:value></gx:value>
<gx:value></gx:value>
<gx:value></gx:value>
<gx:value></gx:value>
<gx:value>327.00793</gx:value>
<gx:value>169.98177</gx:value>
<gx:value></gx:value>
<gx:value></gx:value>
<gx:value></gx:value>
<gx:value></gx:value>
<gx:value></gx:value>
<gx:value></gx:value>
<gx:value></gx:value>
<gx:value></gx:value>
<gx:value></gx:value>
<gx:value></gx:value>
<gx:value></gx:value>
<gx:value></gx:value>
<gx:value></gx:value>
<gx:value></gx:value>
<gx:value></gx:value>
<gx:value></gx:value>
<gx:value></gx:value>
<gx:value></gx:value>
<gx:value></gx:value>
<gx:value></gx:value>
<gx:value>156.70738</gx:value>
<gx:value>71.79885</gx:value>
<gx:value>47.980186</gx:value>
<gx:value>112.40904</gx:value>
<gx:value>118.87478</gx:value>
<gx:value>112.86602</gx:value>
<gx:value>109.36801</gx:value>
<gx:value>59.968834</gx:value>
<gx:value>111.082855</gx:value>
<gx:value>109.79739</gx:value>
<gx:value>101.23242</gx:value>
<gx:value>94.44556</gx:value>
<gx:value>102.68814</gx:value>
<gx:value>105.6209</gx:value>
<gx:value>109.89642</gx:value>
<gx:value>99.12048</gx:value>
<gx:value></gx:value>
<gx:value>108.96996</gx:value>
<gx:value>97.30624</gx:value>
<gx:value>104.93852</gx:value>
<gx:value>90.85232</gx:value>
<gx:value></gx:value>
<gx:value>95.75576</gx:value>
<gx:value>99.868835</gx:value>
<gx:value>113.21272</gx:value>
<gx:value>118.67701</gx:value>
<gx:value>127.23571</gx:value>
<gx:value>100.53698</gx:value>
<gx:value>96.57504</gx:value>
<gx:value>97.70893</gx:value>
<gx:value>151.36198</gx:value>
<gx:value></gx:value>
<gx:value></gx:value>
<gx:value></gx:value>
<gx:value></gx:value>
<gx:value></gx:value>
<gx:value></gx:value>
<gx:value>309.27875</gx:value>
<gx:value>156.88574</gx:value>
<gx:value>136.78427</gx:value>
<gx:value>95.58583</gx:value>
<gx:value>49.241898</gx:value>
<gx:value>111.85459</gx:value>
<gx:value>97.02583</gx:value>
<gx:value>110.28821</gx:value>
<gx:value>121.03933</gx:value>
<gx:value>114.00215</gx:value>
<gx:value>62.16737</gx:value>
<gx:value>53.70927</gx:value>
<gx:value>87.70885</gx:value>
<gx:value>91.98932</gx:value>
<gx:value>93.03883</gx:value>
<gx:value>100.76297</gx:value>
<gx:value>55.570766</gx:value>
<gx:value>92.9147</gx:value>
<gx:value>103.773</gx:value>
<gx:value>99.03485</gx:value>
<gx:value>101.49516</gx:value>
<gx:value></gx:value>
<gx:value></gx:value>
<gx:value>66.974144</gx:value>
<gx:value>66.75472</gx:value>
<gx:value></gx:value>
<gx:value>74.59135</gx:value>
<gx:value>96.46833</gx:value>
<gx:value>34.409992</gx:value>
<gx:value>53.912014</gx:value>
<gx:value>42.109627</gx:value>
<gx:value>86.231224</gx:value>
<gx:value>84.02971</gx:value>
<gx:value></gx:value>
<gx:value>104.23231</gx:value>
<gx:value>100.59354</gx:value>
<gx:value>91.39367</gx:value>
<gx:value>73.135284</gx:value>
<gx:value>56.755848</gx:value>
<gx:value>47.425472</gx:value>
<gx:value>72.61712</gx:value>
<gx:value>66.42723</gx:value>
<gx:value>50.345753</gx:value>
<gx:value>111.97867</gx:value>
<gx:value>118.96848</gx:value>
<gx:value>160.89204</gx:value>
<gx:value>82.29364</gx:value>
<gx:value>73.48759</gx:value>
<gx:value>73.667885</gx:value>
<gx:value>60.115173</gx:value>
<gx:value>78.8827</gx:value>
<gx:value>81.88701</gx:value>
<gx:value>86.86669</gx:value>
<gx:value>224.59203</gx:value>
<gx:value>24.462797</gx:value>
<gx:value>88.810974</gx:value>
<gx:value>90.25285</gx:value>
<gx:value>110.68417</gx:value>
<gx:value>95.73506</gx:value>
<gx:value>81.091415</gx:value>
<gx:value>100.1797</gx:value>
<gx:value>116.13355</gx:value>
<gx:value>108.295746</gx:value>
<gx:value></gx:value>
<gx:value>102.78107</gx:value>
<gx:value>98.83834</gx:value>
<gx:value>126.49238</gx:value>
<gx:value>118.841774</gx:value>
<gx:value>98.79945</gx:value>
<gx:value>107.15613</gx:value>
<gx:value></gx:value>
<gx:value></gx:value>
<gx:value></gx:value>
<gx:value>100.67277</gx:value>
<gx:value>87.08854</gx:value>
<gx:value>104.82006</gx:value>
<gx:value>109.47518</gx:value>
<gx:value>121.467125</gx:value>
<gx:value>93.80619</gx:value>
<gx:value></gx:value>
<gx:value></gx:value>
<gx:value>121.734726</gx:value>
<gx:value>114.167694</gx:value>
<gx:value>103.37307</gx:value>
<gx:value></gx:value>
<gx:value></gx:value>
<gx:value></gx:value>
<gx:value>104.75523</gx:value>
<gx:value></gx:value>
<gx:value>98.086494</gx:value>
<gx:value>98.47723</gx:value>
<gx:value>97.252266</gx:value>
<gx:value>90.69538</gx:value>
<gx:value>89.988716</gx:value>
<gx:value>89.99931</gx:value>
<gx:value>134.61105</gx:value>
<gx:value>27.432432</gx:value>
<gx:value></gx:value>
<gx:value>21.008972</gx:value>
<gx:value>146.41005</gx:value>
<gx:value>132.6142</gx:value>
<gx:value>122.67169</gx:value>
<gx:value>119.35626</gx:value>
<gx:value>68.67779</gx:value>
<gx:value>79.67085</gx:value>
<gx:value>90.45923</gx:value>
<gx:value></gx:value>
<gx:value></gx:value>
<gx:value>114.33332</gx:value>
<gx:value>134.38332</gx:value>
<gx:value>120.50841</gx:value>
<gx:value>97.14619</gx:value>
<gx:value>113.69502</gx:value>
<gx:value>65.95904</gx:value>
<gx:value>96.748146</gx:value>
<gx:value>95.766365</gx:value>
<gx:value>95.20939</gx:value>
<gx:value>78.008316</gx:value>
<gx:value>159.38237</gx:value>
<gx:value></gx:value>
<gx:value>141.81593</gx:value>
<gx:value>90.316505</gx:value>
<gx:value>137.60869</gx:value>
<gx:value>117.26891</gx:value>
<gx:value>88.642586</gx:value>
<gx:value>74.55868</gx:value>
<gx:value>69.37275</gx:value>
<gx:value>62.15883</gx:value>
<gx:value>50.512974</gx:value>
<gx:value>45.53664</gx:value>
<gx:value>157.61319</gx:value>
<gx:value></gx:value>
<gx:value></gx:value>
<gx:value></gx:value>
<gx:value></gx:value>
<gx:value></gx:value>
<gx:value>94.31556</gx:value>
<gx:value>38.383934</gx:value>
<gx:value>141.27261</gx:value>
<gx:value></gx:value>
<gx:value></gx:value>
<gx:value></gx:value>
<gx:value>121.07171</gx:value>
<gx:value>81.31501</gx:value>
<gx:value></gx:value>
<gx:value>103.06231</gx:value>
<gx:value>100.316826</gx:value>
<gx:value>108.46415</gx:value>
<gx:value>106.235954</gx:value>
<gx:value>124.88611</gx:value>
<gx:value>109.11468</gx:value>
<gx:value>106.768456</gx:value>
<gx:value>91.61552</gx:value>
<gx:value>110.846054</gx:value>
<gx:value>110.03748</gx:value>
<gx:value></gx:value>
<gx:value></gx:value>
<gx:value></gx:value>
<gx:value></gx:value>
<gx:value></gx:value>
<gx:value>140.21117</gx:value>
<gx:value>127.31856</gx:value>
<gx:value>90.60098</gx:value>
<gx:value>90.002396</gx:value>
<gx:value>162.31967</gx:value>
<gx:value></gx:value>
<gx:value></gx:value>
<gx:value>84.25813</gx:value>
<gx:value></gx:value>
<gx:value>16.279196</gx:value>
<gx:value></gx:value>
<gx:value></gx:value>
<gx:value>124.18183</gx:value>
<gx:value>152.54272</gx:value>
<gx:value>170.4867</gx:value>
<gx:value>173.48297</gx:value>
<gx:value></gx:value>
<gx:value>209.34776</gx:value>
<gx:value></gx:value>
<gx:value></gx:value>
<gx:value>219.4093</gx:value>
<gx:value></gx:value>
<gx:value></gx:value>
<gx:value></gx:value>
<gx:value></gx:value>
<gx:value>208.05322</gx:value>
<gx:value></gx:value>
<gx:value>195.99731</gx:value>
<gx:value>76.72157</gx:value>
<gx:value>176.92894</gx:value>
<gx:value>182.50734</gx:value>
<gx:value>173.43504</gx:value>
<gx:value>175.13506</gx:value>
<gx:value>191.2288</gx:value>
<gx:value></gx:value>
<gx:value>167.70923</gx:value>
<gx:value>177.16171</gx:value>
<gx:value>184.58282</gx:value>
<gx:value>178.95851</gx:value>
<gx:value>187.10275</gx:value>
<gx:value>193.9535</gx:value>
<gx:value>196.16966</gx:value>
<gx:value>194.11775</gx:value>
<gx:value>194.29791</gx:value>
<gx:value>189.16277</gx:value>
<gx:value>185.66434</gx:value>
<gx:value></gx:value>
<gx:value>175.45598</gx:value>
<gx:value></gx:value>
<gx:value>178.6226</gx:value>
<gx:value></gx:value>
<gx:value></gx:value>
<gx:value></gx:value>
<gx:value>205.1099</gx:value>
<gx:value>201.9578</gx:value>
<gx:value>160.94592</gx:value>
<gx:value>90.00839</gx:value>
<gx:value>90.00093</gx:value>
<gx:value></gx:value>
<gx:value>90.06157</gx:value>
<gx:value></gx:value>
<gx:value></gx:value>
<gx:value>90.0004</gx:value>
<gx:value>308.67615</gx:value>
<gx:value>89.99964</gx:value>
<gx:value>266.8633</gx:value>
<gx:value>246.5574</gx:value>
<gx:value>244.57947</gx:value>
<gx:value>229.89137</gx:value>
<gx:value>215.61362</gx:value>
<gx:value>202.69899</gx:value>
<gx:value>96.600075</gx:value>
<gx:value>118.75606</gx:value>
<gx:value>150.64597</gx:value>
<gx:value>126.11167</gx:value>
<gx:value></gx:value>
<gx:value>90.00724</gx:value>
<gx:value></gx:value>
<gx:value></gx:value>
<gx:value></gx:value>
<gx:value>90.00424</gx:value>
<gx:value>192.93579</gx:value>
<gx:value>219.33786</gx:value>
<gx:value>237.62117</gx:value>
<gx:value>255.44182</gx:value>
<gx:value>90.11594</gx:value>
<gx:value></gx:value>
<gx:value></gx:value>
<gx:value></gx:value>
<gx:value>199.85486</gx:value>
<gx:value>220.58157</gx:value>
<gx:value></gx:value>
<gx:value></gx:value>
<gx:value></gx:value>
<gx:value>191.92447</gx:value>
<gx:value>220.13689</gx:value>
<gx:value>192.02774</gx:value>
<gx:value>192.99684</gx:value>
<gx:value>181.41064</gx:value>
<gx:value>252.11636</gx:value>
<gx:value>177.78786</gx:value>
<gx:value>100.13285</gx:value>
<gx:value></gx:value>
<gx:value></gx:value>
<gx:value></gx:value>
<gx:value></gx:value>
<gx:value></gx:value>
<gx:value>227.03397</gx:value>
<gx:value>134.04553</gx:value>
<gx:value>134.28946</gx:value>
<gx:value>144.98984</gx:value>
<gx:value>144.72919</gx:value>
<gx:value></gx:value>
<gx:value>89.999985</gx:value>
<gx:value>178.96317</gx:value>
<gx:value>168.03145</gx:value>
<gx:value>177.9036</gx:value>
<gx:value>178.86105</gx:value>
<gx:value>90.20298</gx:value>
<gx:value>148.52094</gx:value>
<gx:value>125.11583</gx:value>
<gx:value>202.06036</gx:value>
<gx:value>184.48166</gx:value>
<gx:value>241.18385</gx:value>
<gx:value>177.72029</gx:value>
<gx:value></gx:value>
<gx:value></gx:value>
<gx:value>319.01108</gx:value>
<gx:value>86.87567</gx:value>
<gx:value>227.59102</gx:value>
<gx:value></gx:value>
<gx:value>198.35168</gx:value>
<gx:value></gx:value>
<gx:value></gx:value>
<gx:value>205.89961</gx:value>
<gx:value>204.05315</gx:value>
<gx:value>110.46462</gx:value>
<gx:value>177.05382</gx:value>
<gx:value>196.87326</gx:value>
<gx:value>196.9558</gx:value>
<gx:value>175.09338</gx:value>
<gx:value>165.03474</gx:value>
<gx:value>136.47662</gx:value>
<gx:value>83.32562</gx:value>
<gx:value>89.34384</gx:value>
<gx:value>89.98888</gx:value>
<gx:value>104.00814</gx:value>
<gx:value>204.06525</gx:value>
<gx:value>247.19447</gx:value>
<gx:value>92.29564</gx:value>
<gx:value></gx:value>
<gx:value>65.588234</gx:value>
<gx:value>89.88366</gx:value>
<gx:value>90.24212</gx:value>
<gx:value>319.7436</gx:value>
<gx:value>291.31912</gx:value>
<gx:value>75.8522</gx:value>
<gx:value></gx:value>
<gx:value></gx:value>
<gx:value></gx:value>
<gx:value></gx:value>
<gx:value>89.760284</gx:value>
<gx:value>102.32122</gx:value>
<gx:value>95.37834</gx:value>
<gx:value>96.38582</gx:value>
<gx:value>99.4227</gx:value>
<gx:value>109.52932</gx:value>
<gx:value>129.64453</gx:value>
<gx:value>137.32205</gx:value>
<gx:value>55.269684</gx:value>
<gx:value>72.45892</gx:value>
<gx:value>123.17185</gx:value>
<gx:value>93.76036</gx:value>
<gx:value>89.03584</gx:value>
<gx:value>83.11285</gx:value>
<gx:value>64.04672</gx:value>
<gx:value>82.52725</gx:value>
<gx:value>106.63777</gx:value>
<gx:value>66.28113</gx:value>
<gx:value>91.57089</gx:value>
<gx:value>108.35582</gx:value>
<gx:value>111.86916</gx:value>
<gx:value>123.04345</gx:value>
<gx:value>118.39097</gx:value>
<gx:value>141.07742</gx:value>
<gx:value></gx:value>
<gx:value></gx:value>
<gx:value>90.003914</gx:value>
<gx:value>115.53919</gx:value>
<gx:value>111.302666</gx:value>
<gx:value>112.30038</gx:value>
<gx:value>108.489105</gx:value>
<gx:value>108.9632</gx:value>
<gx:value>101.24175</gx:value>
<gx:value>112.87397</gx:value>
<gx:value>106.33356</gx:value>
<gx:value>114.45848</gx:value>
<gx:value>133.88013</gx:value>
<gx:value>167.96141</gx:value>
<gx:value></gx:value>
<gx:value>226.0919</gx:value>
<gx:value></gx:value>
<gx:value></gx:value>
<gx:value></gx:value>
<gx:value></gx:value>
<gx:value>203.64677</gx:value>
<gx:value>90.576294</gx:value>
<gx:value>175.66647</gx:value>
<gx:value>48.501072</gx:value>
<gx:value>61.112724</gx:value>
<gx:value>83.31148</gx:value>
<gx:value>86.0163</gx:value>
<gx:value>51.045235</gx:value>
<gx:value>38.130154</gx:value>
<gx:value>34.494366</gx:value>
<gx:value></gx:value>
<gx:value></gx:value>
<gx:value></gx:value>
<gx:value></gx:value>
<gx:value></gx:value>
<gx:value>60.416218</gx:value>
<gx:value>40.926876</gx:value>
<gx:value></gx:value>
<gx:value></gx:value>
<gx:value></gx:value>
<gx:value>120.39933</gx:value>
<gx:value>145.36607</gx:value>
<gx:value>128.91518</gx:value>
<gx:value></gx:value>
<gx:value></gx:value>
<gx:value></gx:value>
<gx:value></gx:value>
<gx:value>131.87463</gx:value>
<gx:value>42.826122</gx:value>
<gx:value>8.298719</gx:value>
<gx:value>20.13888</gx:value>
<gx:value>33.72649</gx:value>
<gx:value>48.118954</gx:value>
<gx:value>86.868454</gx:value>
<gx:value>55.736958</gx:value>
<gx:value>84.262</gx:value>
<gx:value></gx:value>
<gx:value></gx:value>
<gx:value>78.7374</gx:value>
<gx:value>66.37287</gx:value>
<gx:value>52.565495</gx:value>
<gx:value>47.44875</gx:value>
<gx:value>88.945145</gx:value>
<gx:value>89.96395</gx:value>
<gx:value>293.8348</gx:value>
<gx:value>302.28766</gx:value>
<gx:value>286.49847</gx:value>
<gx:value>309.49646</gx:value>
<gx:value></gx:value>
<gx:value>35.391212</gx:value>
<gx:value></gx:value>
<gx:value></gx:value>
<gx:value>24.206764</gx:value>
<gx:value>1.7314403</gx:value>
<gx:value>18.590368</gx:value>
<gx:value>114.50107</gx:value>
<gx:value>20.628912</gx:value>
<gx:value>9.103004</gx:value>
<gx:value>359.39575</gx:value>
<gx:value>351.72815</gx:value>
<gx:value>356.49878</gx:value>
<gx:value>356.67358</gx:value>
<gx:value>4.1241183</gx:value>
<gx:value>2.1425567</gx:value>
<gx:value>9.082103</gx:value>
<gx:value>21.249521</gx:value>
<gx:value>11.3186245</gx:value>
<gx:value>14.349043</gx:value>
<gx:value>20.410831</gx:value>
<gx:value>15.597278</gx:value>
<gx:value>15.264344</gx:value>
<gx:value>335.3132</gx:value>
<gx:value>340.31796</gx:value>
<gx:value>342.75998</gx:value>
<gx:value></gx:value>
<gx:value>1.0448102</gx:value>
<gx:value>10.2548</gx:value>
<gx:value>10.771654</gx:value>
<gx:value>20.70411</gx:value>
<gx:value>18.507433</gx:value>
<gx:value>59.347805</gx:value>
<gx:value>335.86078</gx:value>
<gx:value></gx:value>
<gx:value></gx:value>
<gx:value>357.58908</gx:value>
<gx:value>354.18625</gx:value>
<gx:value>0.81723714</gx:value>
<gx:value></gx:value>
<gx:value></gx:value>
<gx:value></gx:value>
<gx:value></gx:value>
<gx:value></gx:value>
<gx:value></gx:value>
<gx:value>224.27289</gx:value>
<gx:value></gx:value>
<gx:value></gx:value>
<gx:value></gx:value>
<gx:value></gx:value>
<gx:value></gx:value>
<gx:value></gx:value>
<gx:value>44.00184</gx:value>
<gx:value>43.971935</gx:value>
<gx:value></gx:value>
<gx:value></gx:value>
<gx:value>24.008419</gx:value>
<gx:value>23.895977</gx:value>
<gx:value>357.3191</gx:value>
<gx:value>6.5923405</gx:value>
<gx:value>350.6339</gx:value>
<gx:value>354.96817</gx:value>
<gx:value></gx:value>
<gx:value></gx:value>
<gx:value></gx:value>
<gx:value>346.6188</gx:value>
<gx:value>348.2982</gx:value>
<gx:value>340.0822</gx:value>
<gx:value>354.47696</gx:value>
<gx:value>3.090391</gx:value>
<gx:value>7.012514</gx:value>
<gx:value>8.356046</gx:value>
<gx:value>51.87324</gx:value>
<gx:value>38.88202</gx:value>
<gx:value></gx:value>
<gx:value></gx:value>
<gx:value></gx:value>
<gx:value></gx:value>
<gx:value></gx:value>
<gx:value>63.07489</gx:value>
<gx:value>346.52258</gx:value>
<gx:value></gx:value>
<gx:value></gx:value>
<gx:value></gx:value>
<gx:value>65.70257</gx:value>
<gx:value>81.30984</gx:value>
<gx:value>74.95526</gx:value>
<gx:value></gx:value>
<gx:value></gx:value>
<gx:value></gx:value>
<gx:value></gx:value>
<gx:value></gx:value>
<gx:value></gx:value>
<gx:value></gx:value>
<gx:value></gx:value>
<gx:value></gx:value>
<gx:value></gx:value>
<gx:value>310.02533</gx:value>
<gx:value>17.966974</gx:value>
<gx:value>344.06317</gx:value>
<gx:value>89.789444</gx:value>
<gx:value>89.65996</gx:value>
<gx:value>93.4279</gx:value>
<gx:value>48.869297</gx:value>
<gx:value>20.745117</gx:value>
<gx:value>5.8747454</gx:value>
<gx:value>357.38828</gx:value>
<gx:value>344.45807</gx:value>
<gx:value>348.1902</gx:value>
<gx:value>348.38858</gx:value>
<gx:value>83.286285</gx:value>
<gx:value>68.69299</gx:value>
<gx:value>65.277885</gx:value>
<gx:value>62.535736</gx:value>
<gx:value>61.627552</gx:value>
<gx:value>89.21147</gx:value>
<gx:value>21.54938</gx:value>
<gx:value>50.23751</gx:value>
<gx:value>78.91131</gx:value>
<gx:value>20.06636</gx:value>
<gx:value></gx:value>
<gx:value></gx:value>
<gx:value></gx:value>
<gx:value>170.95006</gx:value>
<gx:value>180.45633</gx:value>
<gx:value></gx:value>
<gx:value></gx:value>
<gx:value></gx:value>
<gx:value>8.812223</gx:value>
<gx:value>88.55935</gx:value>
<gx:value>91.31613</gx:value>
<gx:value></gx:value>
<gx:value></gx:value>
<gx:value></gx:value>
<gx:value>47.037266</gx:value>
<gx:value>89.89108</gx:value>
<gx:value>25.057478</gx:value>
<gx:value>89.999084</gx:value>
<gx:value>90.014015</gx:value>
<gx:value>12.717873</gx:value>
<gx:value>18.163551</gx:value>
<gx:value>8.582519</gx:value>
<gx:value>78.068596</gx:value>
<gx:value>357.5274</gx:value>
<gx:value>66.843925</gx:value>
<gx:value>90.0</gx:value>
<gx:value>38.02252</gx:value>
<gx:value>283.69827</gx:value>
<gx:value>213.24509</gx:value>
<gx:value>186.843</gx:value>
<gx:value>97.0298</gx:value>
<gx:value>89.79779</gx:value>
<gx:value></gx:value>
<gx:value></gx:value>
<gx:value></gx:value>
<gx:value></gx:value>
<gx:value></gx:value>
<gx:value></gx:value>
<gx:value></gx:value>
<gx:value></gx:value>
<gx:value>98.30887</gx:value>
<gx:value>150.93597</gx:value>
<gx:value>150.8644</gx:value>
<gx:value></gx:value>
<gx:value></gx:value>
<gx:value></gx:value>
<gx:value></gx:value>
<gx:value></gx:value>
<gx:value></gx:value>
<gx:value></gx:value>
<gx:value></gx:value>
<gx:value></gx:value>
<gx:value></gx:value>
<gx:value></gx:value>
<gx:value></gx:value>
<gx:value></gx:value>
<gx:value></gx:value>
<gx:value></gx:value>
<gx:value></gx:value>
<gx:value></gx:value>
<gx:value></gx:value>
<gx:value></gx:value>
<gx:value></gx:value>
<gx:value></gx:value>
<gx:value></gx:value>
<gx:value></gx:value>
<gx:value></gx:value>
<gx:value></gx:value>
<gx:value></gx:value>
<gx:value></gx:value>
<gx:value></gx:value>
<gx:value>303.41418</gx:value>
<gx:value></gx:value>
<gx:value></gx:value>
<gx:value></gx:value>
<gx:value></gx:value>
<gx:value></gx:value>
<gx:value></gx:value>
<gx:value>276.9554</gx:value>
<gx:value></gx:value>
<gx:value></gx:value>
<gx:value></gx:value>
<gx:value></gx:value>
<gx:value></gx:value>
<gx:value></gx:value>
<gx:value></gx:value>
<gx:value></gx:value>
<gx:value></gx:value>
<gx:value></gx:value>
<gx:value></gx:value>
<gx:value></gx:value>
<gx:value></gx:value>
<gx:value></gx:value>
<gx:value></gx:value>
<gx:value>169.97176</gx:value>
<gx:value>169.69087</gx:value>
<gx:value></gx:value>
<gx:value></gx:value>
<gx:value>186.68587</gx:value>
<gx:value></gx:value>
<gx:value></gx:value>
<gx:value></gx:value>
<gx:value></gx:value>
<gx:value></gx:value>
<gx:value></gx:value>
<gx:value></gx:value>
<gx:value></gx:value>
<gx:value></gx:value>
<gx:value></gx:value>
<gx:value></gx:value>
<gx:value></gx:value>
<gx:value></gx:value>
<gx:value></gx:value>
<gx:value></gx:value>
<gx:value></gx:value>
<gx:value></gx:value>
<gx:value></gx:value>
<gx:value></gx:value>
<gx:value></gx:value>
<gx:value></gx:value>
<gx:value></gx:value>
<gx:value></gx:value>
<gx:value></gx:value>
<gx:value></gx:value>
<gx:value></gx:value>
<gx:value></gx:value>
<gx:value></gx:value>
<gx:value></gx:value>
<gx:value></gx:value>
<gx:value></gx:value>
<gx:value></gx:value>
<gx:value></gx:value>
<gx:value></gx:value>
<gx:value></gx:value>
<gx:value></gx:value>
<gx:value></gx:value>
<gx:value></gx:value>
<gx:value></gx:value>
<gx:value></gx:value>
<gx:value></gx:value>
<gx:value></gx:value>
<gx:value></gx:value>
<gx:value></gx:value>
<gx:value></gx:value>
<gx:value></gx:value>
<gx:value></gx:value>
<gx:value></gx:value>
<gx:value></gx:value>
<gx:value></gx:value>
<gx:value></gx:value>
<gx:value></gx:value>
<gx:value></gx:value>
<gx:value></gx:value>
<gx:value></gx:value>
<gx:value></gx:value>
<gx:value></gx:value>
<gx:value></gx:value>
<gx:value></gx:value>
<gx:value></gx:value>
<gx:value></gx:value>
<gx:value></gx:value>
<gx:value></gx:value>
<gx:value></gx:value>
<gx:value></gx:value>
<gx:value></gx:value>
<gx:value></gx:value>
<gx:value></gx:value>
<gx:value></gx:value>
<gx:value></gx:value>
<gx:value></gx:value>
<gx:value></gx:value>
<gx:value></gx:value>
<gx:value></gx:value>
<gx:value></gx:value>
<gx:value></gx:value>
<gx:value></gx:value>
<gx:value></gx:value>
<gx:value></gx:value>
<gx:value></gx:value>
<gx:value></gx:value>
<gx:value></gx:value>
<gx:value></gx:value>
<gx:value></gx:value>
<gx:value></gx:value>
<gx:value></gx:value>
<gx:value></gx:value>
<gx:value></gx:value>
<gx:value></gx:value>
<gx:value></gx:value>
<gx:value></gx:value>
<gx:value></gx:value>
<gx:value></gx:value>
<gx:value></gx:value>
<gx:value></gx:value>
<gx:value></gx:value>
<gx:value></gx:value>
<gx:value></gx:value>
<gx:value></gx:value>
<gx:value></gx:value>
<gx:value></gx:value>
<gx:value></gx:value>
<gx:value></gx:value>
<gx:value></gx:value>
<gx:value></gx:value>
<gx:value></gx:value>
<gx:value></gx:value>
<gx:value></gx:value>
<gx:value></gx:value>
<gx:value></gx:value>
<gx:value></gx:value>
<gx:value></gx:value>
<gx:value></gx:value>
<gx:value></gx:value>
<gx:value></gx:value>
<gx:value></gx:value>
<gx:value></gx:value>
<gx:value></gx:value>
<gx:value></gx:value>
<gx:value></gx:value>
<gx:value></gx:value>
<gx:value></gx:value>
<gx:value></gx:value>
<gx:value></gx:value>
<gx:value></gx:value>
<gx:value></gx:value>
<gx:value></gx:value>
<gx:value></gx:value>
<gx:value></gx:value>
<gx:value></gx:value>
<gx:value></gx:value>
<gx:value></gx:value>
<gx:value></gx:value>
<gx:value></gx:value>
<gx:value></gx:value>
<gx:value></gx:value>
<gx:value></gx:value>
<gx:value></gx:value>
<gx:value></gx:value>
<gx:value></gx:value>
<gx:value></gx:value>
<gx:value></gx:value>
<gx:value></gx:value>
<gx:value></gx:value>
<gx:value></gx:value>
<gx:value></gx:value>
<gx:value></gx:value>
<gx:value></gx:value>
<gx:value></gx:value>
<gx:value></gx:value>
<gx:value></gx:value>
<gx:value></gx:value>
<gx:value></gx:value>
<gx:value></gx:value>
<gx:value></gx:value>
<gx:value></gx:value>
<gx:value></gx:value>
<gx:value></gx:value>
<gx:value></gx:value>
<gx:value></gx:value>
<gx:value>236.9885</gx:value>
<gx:value>144.24576</gx:value>
<gx:value>133.52394</gx:value>
<gx:value>179.12619</gx:value>
<gx:value>178.58183</gx:value>
<gx:value>141.59723</gx:value>
<gx:value>186.99997</gx:value>
<gx:value>185.34258</gx:value>
<gx:value>193.02637</gx:value>
<gx:value>199.10376</gx:value>
<gx:value>189.68774</gx:value>
<gx:value>193.91692</gx:value>
<gx:value>204.19807</gx:value>
<gx:value>214.15291</gx:value>
<gx:value>211.67683</gx:value>
<gx:value>209.6327</gx:value>
<gx:value>209.07715</gx:value>
<gx:value>208.65839</gx:value>
<gx:value>229.4017</gx:value>
<gx:value>204.18192</gx:value>
<gx:value>193.20609</gx:value>
<gx:value>79.77554</gx:value>
<gx:value>69.12086</gx:value>
<gx:value>152.01566</gx:value>
<gx:value>220.24883</gx:value>
<gx:value>209.3039</gx:value>
<gx:value>138.12387</gx:value>
<gx:value>136.19595</gx:value>
<gx:value></gx:value>
<gx:value>97.15421</gx:value>
<gx:value>220.18219</gx:value>
<gx:value>194.03174</gx:value>
<gx:value>111.91508</gx:value>
<gx:value>93.76201</gx:value>
<gx:value>90.97053</gx:value>
<gx:value>90.03391</gx:value>
<gx:value>231.0707</gx:value>
<gx:value>227.8552</gx:value>
<gx:value>208.5065</gx:value>
<gx:value>209.31114</gx:value>
<gx:value>215.71059</gx:value>
<gx:value>197.02914</gx:value>
<gx:value>227.9372</gx:value>
<gx:value>191.55226</gx:value>
<gx:value>170.96086</gx:value>
<gx:value>196.52052</gx:value>
<gx:value>133.32602</gx:value>
<gx:value>110.20939</gx:value>
<gx:value>130.7063</gx:value>
<gx:value>91.93876</gx:value>
<gx:value>89.73841</gx:value>
<gx:value>235.73264</gx:value>
<gx:value>91.98769</gx:value>
<gx:value>210.27261</gx:value>
<gx:value>93.95052</gx:value>
<gx:value>178.70564</gx:value>
<gx:value></gx:value>
<gx:value></gx:value>
<gx:value></gx:value>
<gx:value></gx:value>
<gx:value></gx:value>
<gx:value></gx:value>
<gx:value></gx:value>
<gx:value></gx:value>
<gx:value></gx:value>
<gx:value></gx:value>
<gx:value></gx:value>
<gx:value></gx:value>
<gx:value></gx:value>
<gx:value></gx:value>
<gx:value></gx:value>
<gx:value></gx:value>
<gx:value></gx:value>
<gx:value></gx:value>
<gx:value></gx:value>
<gx:value></gx:value>
<gx:value></gx:value>
<gx:value></gx:value>
<gx:value></gx:value>
<gx:value></gx:value>
<gx:value>165.8013</gx:value>
<gx:value>164.12096</gx:value>
<gx:value>164.22653</gx:value>
<gx:value>164.33582</gx:value>
<gx:value></gx:value>
<gx:value></gx:value>
<gx:value></gx:value>
<gx:value></gx:value>
<gx:value></gx:value>
<gx:value></gx:value>
<gx:value></gx:value>
<gx:value></gx:value>
<gx:value></gx:value>
<gx:value></gx:value>
<gx:value></gx:value>
<gx:value></gx:value>
<gx:value></gx:value>
<gx:value></gx:value>
<gx:value></gx:value>
<gx:value></gx:value>
<gx:value></gx:value>
<gx:value></gx:value>
<gx:value></gx:value>
<gx:value></gx:value>
<gx:value></gx:value>
<gx:value></gx:value>
<gx:value></gx:value>
<gx:value></gx:value>
<gx:value></gx:value>
<gx:value></gx:value>
<gx:value></gx:value>
<gx:value></gx:value>
<gx:value></gx:value>
<gx:value></gx:value>
<gx:value></gx:value>
<gx:value></gx:value>
<gx:value></gx:value>
<gx:value></gx:value>
<gx:value></gx:value>
<gx:value></gx:value>
<gx:value></gx:value>
<gx:value></gx:value>
<gx:value></gx:value>
<gx:value></gx:value>
<gx:value></gx:value>
<gx:value></gx:value>
<gx:value></gx:value>
<gx:value></gx:value>
<gx:value></gx:value>
<gx:value></gx:value>
<gx:value></gx:value>
<gx:value></gx:value>
<gx:value></gx:value>
<gx:value></gx:value>
<gx:value></gx:value>
<gx:value></gx:value>
<gx:value></gx:value>
<gx:value></gx:value>
<gx:value></gx:value>
<gx:value></gx:value>
<gx:value></gx:value>
<gx:value></gx:value>
<gx:value></gx:value>
<gx:value></gx:value>
<gx:value></gx:value>
<gx:value>106.54618</gx:value>
<gx:value>107.132065</gx:value>
<gx:value>107.75936</gx:value>
<gx:value>107.92199</gx:value>
<gx:value>108.41359</gx:value>
<gx:value></gx:value>
<gx:value></gx:value>
<gx:value></gx:value>
<gx:value></gx:value>
<gx:value></gx:value>
<gx:value></gx:value>
<gx:value></gx:value>
<gx:value></gx:value>
<gx:value></gx:value>
<gx:value></gx:value>
<gx:value></gx:value>
<gx:value></gx:value>
<gx:value></gx:value>
<gx:value></gx:value>
<gx:value></gx:value>
<gx:value></gx:value>
<gx:value></gx:value>
<gx:value></gx:value>
<gx:value></gx:value>
<gx:value></gx:value>
<gx:value></gx:value>
<gx:value></gx:value>
<gx:value></gx:value>
<gx:value></gx:value>
<gx:value></gx:value>
<gx:value></gx:value>
<gx:value></gx:value>
<gx:value></gx:value>
<gx:value></gx:value>
<gx:value></gx:value>
<gx:value></gx:value>
<gx:value></gx:value>
<gx:value></gx:value>
<gx:value></gx:value>
<gx:value></gx:value>
<gx:value></gx:value>
<gx:value></gx:value>
<gx:value></gx:value>
<gx:value></gx:value>
<gx:value></gx:value>
<gx:value></gx:value>
<gx:value></gx:value>
<gx:value></gx:value>
<gx:value></gx:value>
<gx:value></gx:value>
<gx:value></gx:value>
<gx:value></gx:value>
<gx:value></gx:value>
<gx:value></gx:value>
<gx:value></gx:value>
<gx:value></gx:value>
<gx:value></gx:value>
<gx:value></gx:value>
<gx:value></gx:value>
<gx:value></gx:value>
<gx:value></gx:value>
<gx:value></gx:value>
<gx:value></gx:value>
<gx:value></gx:value>
<gx:value></gx:value>
<gx:value></gx:value>
<gx:value></gx:value>
<gx:value></gx:value>
<gx:value></gx:value>
<gx:value></gx:value>
<gx:value></gx:value>
<gx:value></gx:value>
<gx:value></gx:value>
<gx:value></gx:value>
<gx:value></gx:value>
<gx:value></gx:value>
<gx:value></gx:value>
<gx:value></gx:value>
<gx:value></gx:value>
<gx:value></gx:value>
<gx:value></gx:value>
<gx:value></gx:value>
<gx:value></gx:value>
<gx:value></gx:value>
<gx:value></gx:value>
<gx:value></gx:value>
<gx:value>287.1479</gx:value>
<gx:value>328.74957</gx:value>
<gx:value></gx:value>
<gx:value></gx:value>
<gx:value></gx:value>
<gx:value></gx:value>
<gx:value></gx:value>
<gx:value></gx:value>
<gx:value></gx:value>
<gx:value></gx:value>
<gx:value></gx:value>
<gx:value></gx:value>
<gx:value></gx:value>
<gx:value></gx:value>
<gx:value></gx:value>
<gx:value></gx:value>
<gx:value></gx:value>
<gx:value></gx:value>
<gx:value></gx:value>
<gx:value></gx:value>
<gx:value></gx:value>
<gx:value></gx:value>
<gx:value>252.04475</gx:value>
<gx:value></gx:value>
<gx:value></gx:value>
<gx:value></gx:value>
<gx:value></gx:value>
<gx:value></gx:value>
<gx:value></gx:value>
<gx:value>158.80722</gx:value>
<gx:value>162.2102</gx:value>
<gx:value></gx:value>
<gx:value></gx:value>
<gx:value></gx:value>
<gx:value></gx:value>
<gx:value></gx:value>
<gx:value></gx:value>
<gx:value></gx:value>
<gx:value></gx:value>
<gx:value></gx:value>
<gx:value></gx:value>
<gx:value></gx:value>
<gx:value></gx:value>
<gx:value></gx:value>
<gx:value></gx:value>
<gx:value></gx:value>
<gx:value></gx:value>
<gx:value></gx:value>
<gx:value></gx:value>
<gx:value></gx:value>
<gx:value></gx:value>
<gx:value></gx:value>
<gx:value></gx:value>
<gx:value></gx:value>
<gx:value></gx:value>
<gx:value></gx:value>
<gx:value></gx:value>
<gx:value></gx:value>
<gx:value></gx:value>
<gx:value></gx:value>
<gx:value></gx:value>
<gx:value></gx:value>
<gx:value></gx:value>
<gx:value></gx:value>
<gx:value></gx:value>
<gx:value></gx:value>
<gx:value></gx:value>
<gx:value></gx:value>
<gx:value></gx:value>
<gx:value></gx:value>
<gx:value></gx:value>
<gx:value></gx:value>
<gx:value></gx:value>
<gx:value></gx:value>
<gx:value></gx:value>
<gx:value></gx:value>
<gx:value></gx:value>
<gx:value></gx:value>
<gx:value></gx:value>
<gx:value></gx:value>
<gx:value></gx:value>
<gx:value></gx:value>
<gx:value></gx:value>
<gx:value></gx:value>
<gx:value></gx:value>
<gx:value></gx:value>
<gx:value></gx:value>
<gx:value></gx:value>
<gx:value></gx:value>
<gx:value></gx:value>
<gx:value>175.97136</gx:value>
<gx:value>175.92651</gx:value>
<gx:value>197.62906</gx:value>
<gx:value>36.06438</gx:value>
<gx:value>36.15442</gx:value>
<gx:value>22.813492</gx:value>
<gx:value>15.380946</gx:value>
<gx:value>342.144</gx:value>
<gx:value>333.5327</gx:value>
<gx:value>316.2439</gx:value>
<gx:value>306.25006</gx:value>
<gx:value>272.96643</gx:value>
<gx:value>254.2926</gx:value>
<gx:value>263.6151</gx:value>
<gx:value></gx:value>
<gx:value></gx:value>
<gx:value></gx:value>
<gx:value></gx:value>
<gx:value></gx:value>
<gx:value></gx:value>
<gx:value></gx:value>
<gx:value></gx:value>
<gx:value></gx:value>
<gx:value></gx:value>
<gx:value></gx:value>
<gx:value></gx:value>
<gx:value></gx:value>
<gx:value></gx:value>
<gx:value></gx:value>
<gx:value></gx:value>
<gx:value></gx:value>
<gx:value></gx:value>
<gx:value></gx:value>
<gx:value></gx:value>
<gx:value></gx:value>
<gx:value></gx:value>
<gx:value>84.01874</gx:value>
<gx:value>83.97824</gx:value>
<gx:value>114.426834</gx:value>
<gx:value></gx:value>
<gx:value></gx:value>
<gx:value></gx:value>
<gx:value>124.187645</gx:value>
<gx:value>98.58818</gx:value>
<gx:value></gx:value>
<gx:value></gx:value>
<gx:value></gx:value>
<gx:value>249.82687</gx:value>
<gx:value>207.42323</gx:value>
<gx:value>192.91531</gx:value>
<gx:value></gx:value>
<gx:value></gx:value>
<gx:value>115.27052</gx:value>
<gx:value>91.558556</gx:value>
<gx:value>72.07878</gx:value>
<gx:value>73.39168</gx:value>
<gx:value>79.35785</gx:value>
<gx:value>83.24837</gx:value>
<gx:value>91.37361</gx:value>
<gx:value>91.48294</gx:value>
<gx:value>94.94267</gx:value>
<gx:value>97.74751</gx:value>
<gx:value>99.71964</gx:value>
<gx:value>103.2908</gx:value>
<gx:value>103.42921</gx:value>
<gx:value>103.749016</gx:value>
<gx:value>104.921486</gx:value>
<gx:value>99.55821</gx:value>
<gx:value>101.43737</gx:value>
<gx:value>102.78613</gx:value>
<gx:value>106.77081</gx:value>
<gx:value>116.68248</gx:value>
<gx:value>116.58368</gx:value>
<gx:value>114.730095</gx:value>
<gx:value>111.88672</gx:value>
<gx:value>110.28623</gx:value>
<gx:value>110.14438</gx:value>
<gx:value>118.877785</gx:value>
<gx:value>112.74839</gx:value>
<gx:value>119.07107</gx:value>
<gx:value>126.51308</gx:value>
<gx:value>119.390236</gx:value>
<gx:value>109.04172</gx:value>
<gx:value>111.64269</gx:value>
<gx:value>123.08009</gx:value>
<gx:value>112.12684</gx:value>
<gx:value>114.23292</gx:value>
<gx:value>111.65297</gx:value>
<gx:value>105.07955</gx:value>
<gx:value>109.9181</gx:value>
<gx:value>108.189064</gx:value>
<gx:value>104.92873</gx:value>
<gx:value>109.20599</gx:value>
<gx:value>105.54111</gx:value>
<gx:value>98.42247</gx:value>
<gx:value>100.66025</gx:value>
<gx:value>106.649155</gx:value>
<gx:value>108.58963</gx:value>
<gx:value>111.11292</gx:value>
<gx:value>113.23087</gx:value>
<gx:value>111.48524</gx:value>
<gx:value>110.814644</gx:value>
<gx:value>110.21242</gx:value>
<gx:value>107.39988</gx:value>
<gx:value>107.73668</gx:value>
<gx:value>116.316635</gx:value>
<gx:value>118.687546</gx:value>
<gx:value>111.339645</gx:value>
<gx:value>103.48036</gx:value>
<gx:value>101.6707</gx:value>
<gx:value>96.932014</gx:value>
<gx:value>91.36569</gx:value>
<gx:value>97.8216</gx:value>
<gx:value>98.46665</gx:value>
<gx:value>98.60994</gx:value>
<gx:value>112.8131</gx:value>
<gx:value>118.50382</gx:value>
<gx:value>117.124115</gx:value>
<gx:value>95.10955</gx:value>
<gx:value>228.40073</gx:value>
<gx:value>169.53227</gx:value>
<gx:value>119.56586</gx:value>
<gx:value>91.490875</gx:value>
<gx:value>116.78306</gx:value>
<gx:value>123.724174</gx:value>
<gx:value>91.37288</gx:value>
<gx:value>112.388664</gx:value>
<gx:value>113.621666</gx:value>
<gx:value>108.08099</gx:value>
<gx:value>109.77832</gx:value>
<gx:value>113.01912</gx:value>
<gx:value>103.07434</gx:value>
<gx:value>96.36222</gx:value>
<gx:value>96.38721</gx:value>
<gx:value>86.92247</gx:value>
<gx:value>82.433655</gx:value>
<gx:value>89.09954</gx:value>
<gx:value>96.06638</gx:value>
<gx:value>86.67001</gx:value>
<gx:value>75.81034</gx:value>
<gx:value>69.45548</gx:value>
<gx:value>109.81199</gx:value>
<gx:value>133.71262</gx:value>
<gx:value>134.75197</gx:value>
<gx:value>127.59045</gx:value>
<gx:value>129.88432</gx:value>
<gx:value>95.4356</gx:value>
<gx:value>117.09246</gx:value>
<gx:value>111.17784</gx:value>
<gx:value>113.38839</gx:value>
<gx:value>111.91877</gx:value>
<gx:value>112.962036</gx:value>
<gx:value>95.19057</gx:value>
<gx:value>40.739086</gx:value>
<gx:value>3.6516283</gx:value>
<gx:value>86.58257</gx:value>
<gx:value>134.49474</gx:value>
<gx:value>103.278046</gx:value>
<gx:value>104.77711</gx:value>
<gx:value>106.91021</gx:value>
<gx:value>111.45903</gx:value>
<gx:value>114.50739</gx:value>
<gx:value>90.94944</gx:value>
<gx:value>69.08836</gx:value>
<gx:value>49.734753</gx:value>
<gx:value>69.179</gx:value>
<gx:value>98.690765</gx:value>
<gx:value>115.444595</gx:value>
<gx:value>125.09465</gx:value>
<gx:value>131.64305</gx:value>
<gx:value>136.32344</gx:value>
<gx:value>125.34528</gx:value>
<gx:value>118.38336</gx:value>
<gx:value>115.51768</gx:value>
<gx:value>119.66549</gx:value>
<gx:value>116.311485</gx:value>
<gx:value>118.38686</gx:value>
<gx:value>117.149536</gx:value>
<gx:value>118.15443</gx:value>
<gx:value>126.0142</gx:value>
<gx:value>135.21011</gx:value>
<gx:value>125.126175</gx:value>
<gx:value>119.92555</gx:value>
<gx:value>126.540245</gx:value>
<gx:value>124.7093</gx:value>
<gx:value>115.86436</gx:value>
<gx:value>110.968475</gx:value>
<gx:value>109.625175</gx:value>
<gx:value>104.16671</gx:value>
<gx:value>108.72666</gx:value>
<gx:value>109.40285</gx:value>
<gx:value>104.45238</gx:value>
<gx:value>104.85023</gx:value>
<gx:value>110.23977</gx:value>
<gx:value>112.56034</gx:value>
<gx:value>111.36985</gx:value>
<gx:value>109.38191</gx:value>
<gx:value>112.98685</gx:value>
<gx:value>114.52011</gx:value>
<gx:value>120.43155</gx:value>
<gx:value>122.36177</gx:value>
<gx:value>116.116615</gx:value>
<gx:value>116.38617</gx:value>
<gx:value>117.10233</gx:value>
<gx:value>112.86599</gx:value>
<gx:value>105.06786</gx:value>
<gx:value>105.01349</gx:value>
<gx:value>104.29141</gx:value>
<gx:value>104.26131</gx:value>
<gx:value>106.16763</gx:value>
<gx:value>112.069984</gx:value>
<gx:value>110.65556</gx:value>
<gx:value>115.13976</gx:value>
<gx:value>112.65347</gx:value>
<gx:value>109.274895</gx:value>
<gx:value>109.92992</gx:value>
<gx:value>106.933395</gx:value>
<gx:value>107.16324</gx:value>
<gx:value>107.735794</gx:value>
<gx:value>109.02563</gx:value>
<gx:value>107.13257</gx:value>
<gx:value>106.052956</gx:value>
<gx:value>109.851265</gx:value>
<gx:value>114.48086</gx:value>
<gx:value>110.56797</gx:value>
<gx:value>111.75412</gx:value>
<gx:value>119.762695</gx:value>
<gx:value>125.8861</gx:value>
<gx:value>120.19497</gx:value>
<gx:value>115.982506</gx:value>
<gx:value>115.445564</gx:value>
<gx:value>120.825935</gx:value>
<gx:value>129.70795</gx:value>
<gx:value>125.586464</gx:value>
<gx:value>121.14436</gx:value>
<gx:value>130.12308</gx:value>
<gx:value>132.6892</gx:value>
<gx:value>130.27008</gx:value>
<gx:value>137.96408</gx:value>
<gx:value>138.68509</gx:value>
<gx:value>140.00253</gx:value>
<gx:value>143.0543</gx:value>
<gx:value>124.68455</gx:value>
<gx:value>124.19677</gx:value>
<gx:value>120.38476</gx:value>
<gx:value>113.66474</gx:value>
<gx:value>112.56843</gx:value>
<gx:value>114.18393</gx:value>
<gx:value>109.89447</gx:value>
<gx:value>111.299034</gx:value>
<gx:value>101.560196</gx:value>
<gx:value>93.61145</gx:value>
<gx:value>93.146194</gx:value>
<gx:value>94.39238</gx:value>
<gx:value>100.83045</gx:value>
<gx:value>102.515816</gx:value>
<gx:value>111.13813</gx:value>
<gx:value>118.275764</gx:value>
<gx:value>120.51598</gx:value>
<gx:value>120.21302</gx:value>
<gx:value>122.33859</gx:value>
<gx:value>122.997</gx:value>
<gx:value>116.858635</gx:value>
<gx:value>113.28111</gx:value>
<gx:value>115.062904</gx:value>
<gx:value>116.54677</gx:value>
<gx:value>116.57255</gx:value>
<gx:value>107.088326</gx:value>
<gx:value>109.70509</gx:value>
<gx:value>97.94687</gx:value>
<gx:value>108.74485</gx:value>
<gx:value>117.430176</gx:value>
<gx:value>113.68529</gx:value>
<gx:value>113.95652</gx:value>
<gx:value>109.82946</gx:value>
<gx:value>115.83505</gx:value>
<gx:value>111.32752</gx:value>
<gx:value>108.8196</gx:value>
<gx:value>121.27689</gx:value>
<gx:value>121.146034</gx:value>
<gx:value>114.69449</gx:value>
<gx:value>116.982994</gx:value>
<gx:value>118.32521</gx:value>
<gx:value>122.97021</gx:value>
<gx:value>122.79471</gx:value>
<gx:value>114.2586</gx:value>
<gx:value>124.62241</gx:value>
<gx:value>120.20426</gx:value>
<gx:value>107.82797</gx:value>
<gx:value>106.22682</gx:value>
<gx:value>107.6218</gx:value>
<gx:value>106.98172</gx:value>
<gx:value>107.79763</gx:value>
<gx:value>105.844955</gx:value>
<gx:value>117.003006</gx:value>
<gx:value>112.5831</gx:value>
<gx:value>95.00357</gx:value>
<gx:value>102.003975</gx:value>
<gx:value>120.7832</gx:value>
<gx:value>122.02344</gx:value>
<gx:value>112.9917</gx:value>
<gx:value>100.005714</gx:value>
<gx:value>97.72231</gx:value>
<gx:value>98.00644</gx:value>
<gx:value>97.25153</gx:value>
<gx:value>99.07537</gx:value>
<gx:value>98.27495</gx:value>
<gx:value>103.67477</gx:value>
<gx:value>101.133514</gx:value>
<gx:value>101.83566</gx:value>
<gx:value>105.06988</gx:value>
<gx:value>106.330605</gx:value>
<gx:value>113.24899</gx:value>
<gx:value>117.14553</gx:value>
<gx:value>113.97273</gx:value>
<gx:value>116.401276</gx:value>
<gx:value>122.552315</gx:value>
<gx:value>122.411995</gx:value>
<gx:value>115.00352</gx:value>
<gx:value>89.2449</gx:value>
<gx:value>81.926216</gx:value>
<gx:value>101.95895</gx:value>
<gx:value>122.86615</gx:value>
<gx:value>116.81845</gx:value>
<gx:value>107.47265</gx:value>
<gx:value>100.40978</gx:value>
<gx:value>97.88368</gx:value>
<gx:value>100.47715</gx:value>
<gx:value>99.89626</gx:value>
<gx:value>95.05433</gx:value>
<gx:value>97.98639</gx:value>
<gx:value>93.984795</gx:value>
<gx:value>98.1025</gx:value>
<gx:value>106.32617</gx:value>
<gx:value>107.941574</gx:value>
<gx:value>119.937996</gx:value>
<gx:value>119.50991</gx:value>
<gx:value>111.80114</gx:value>
<gx:value>103.782745</gx:value>
<gx:value>103.76235</gx:value>
<gx:value>109.241066</gx:value>
<gx:value>115.75259</gx:value>
<gx:value>118.97359</gx:value>
<gx:value>119.66091</gx:value>
<gx:value>127.00511</gx:value>
<gx:value>127.617065</gx:value>
<gx:value>131.75804</gx:value>
<gx:value>126.318924</gx:value>
<gx:value>125.82063</gx:value>
<gx:value>130.76672</gx:value>
<gx:value>129.42784</gx:value>
<gx:value>118.988335</gx:value>
<gx:value>119.25397</gx:value>
<gx:value>113.328224</gx:value>
<gx:value>115.47032</gx:value>
<gx:value>115.25221</gx:value>
<gx:value>117.31828</gx:value>
<gx:value>118.2115</gx:value>
<gx:value>115.543365</gx:value>
<gx:value>115.59469</gx:value>
<gx:value>113.12385</gx:value>
<gx:value>116.47382</gx:value>
<gx:value>114.65294</gx:value>
<gx:value>119.152565</gx:value>
<gx:value>126.76446</gx:value>
<gx:value>133.82428</gx:value>
<gx:value>117.49325</gx:value>
<gx:value>113.15239</gx:value>
<gx:value>113.97598</gx:value>
<gx:value>116.96628</gx:value>
<gx:value>113.02149</gx:value>
<gx:value>107.388565</gx:value>
<gx:value>108.39765</gx:value>
<gx:value>109.73946</gx:value>
<gx:value>105.000626</gx:value>
<gx:value>108.53863</gx:value>
<gx:value>102.69384</gx:value>
<gx:value>108.46351</gx:value>
<gx:value>111.63595</gx:value>
<gx:value>114.526794</gx:value>
<gx:value>111.78007</gx:value>
<gx:value>111.86805</gx:value>
<gx:value>112.63717</gx:value>
<gx:value>112.705185</gx:value>
<gx:value>112.12534</gx:value>
<gx:value>112.78222</gx:value>
<gx:value>97.93425</gx:value>
<gx:value>80.49447</gx:value>
<gx:value>84.53158</gx:value>
<gx:value>95.91833</gx:value>
<gx:value>100.767365</gx:value>
<gx:value>101.53743</gx:value>
<gx:value>105.16662</gx:value>
<gx:value>106.082436</gx:value>
<gx:value>106.68001</gx:value>
<gx:value>104.13086</gx:value>
<gx:value>100.524635</gx:value>
<gx:value>105.896255</gx:value>
<gx:value>108.97747</gx:value>
<gx:value>112.1216</gx:value>
<gx:value>113.23921</gx:value>
<gx:value>112.974045</gx:value>
<gx:value>115.124146</gx:value>
<gx:value>108.75148</gx:value>
<gx:value>111.471375</gx:value>
<gx:value>116.97913</gx:value>
<gx:value>112.86602</gx:value>
<gx:value>109.407845</gx:value>
<gx:value>110.887344</gx:value>
<gx:value>116.96289</gx:value>
<gx:value>116.80093</gx:value>
<gx:value>116.60193</gx:value>
<gx:value>124.557465</gx:value>
<gx:value>128.73653</gx:value>
<gx:value>123.38551</gx:value>
<gx:value>115.190125</gx:value>
<gx:value>114.17198</gx:value>
<gx:value>115.252235</gx:value>
<gx:value>113.302124</gx:value>
<gx:value>107.8205</gx:value>
<gx:value>107.426956</gx:value>
<gx:value>110.49832</gx:value>
<gx:value>109.341965</gx:value>
<gx:value>111.029144</gx:value>
<gx:value>107.13412</gx:value>
<gx:value>103.617226</gx:value>
<gx:value>103.40411</gx:value>
<gx:value>107.061195</gx:value>
<gx:value>99.98131</gx:value>
<gx:value>99.750084</gx:value>
<gx:value>105.01527</gx:value>
<gx:value>105.67997</gx:value>
<gx:value>105.39685</gx:value>
<gx:value>105.544395</gx:value>
<gx:value>109.3074</gx:value>
<gx:value>103.07022</gx:value>
<gx:value>102.32729</gx:value>
<gx:value>104.92979</gx:value>
<gx:value>107.45963</gx:value>
<gx:value>103.87295</gx:value>
<gx:value>105.31637</gx:value>
<gx:value>110.62515</gx:value>
<gx:value>115.37752</gx:value>
<gx:value>117.752914</gx:value>
<gx:value>112.716705</gx:value>
<gx:value>114.60487</gx:value>
<gx:value>116.961266</gx:value>
<gx:value>108.944885</gx:value>
<gx:value>106.84755</gx:value>
<gx:value>104.82164</gx:value>
<gx:value>101.06099</gx:value>
<gx:value>101.1968</gx:value>
<gx:value>106.890945</gx:value>
<gx:value>108.858604</gx:value>
<gx:value>108.992424</gx:value>
<gx:value>110.03668</gx:value>
<gx:value>106.65557</gx:value>
<gx:value>110.61479</gx:value>
<gx:value>109.60055</gx:value>
<gx:value>106.538994</gx:value>
<gx:value>106.31046</gx:value>
<gx:value>102.26591</gx:value>
<gx:value>106.50881</gx:value>
<gx:value>103.09768</gx:value>
<gx:value>103.49756</gx:value>
<gx:value>108.85222</gx:value>
<gx:value>112.75609</gx:value>
<gx:value>110.34136</gx:value>
<gx:value>104.76561</gx:value>
<gx:value>100.31116</gx:value>
<gx:value>101.841</gx:value>
<gx:value>109.58287</gx:value>
<gx:value>107.99835</gx:value>
<gx:value>104.90898</gx:value>
<gx:value>103.218475</gx:value>
<gx:value>103.10023</gx:value>
<gx:value>107.170395</gx:value>
<gx:value>110.37444</gx:value>
<gx:value>113.50113</gx:value>
<gx:value>113.20537</gx:value>
<gx:value>108.31936</gx:value>
<gx:value>111.65583</gx:value>
<gx:value>116.886154</gx:value>
<gx:value>113.52056</gx:value>
<gx:value>103.67696</gx:value>
<gx:value>89.87483</gx:value>
<gx:value>90.614235</gx:value>
<gx:value>89.18887</gx:value>
<gx:value>90.94222</gx:value>
<gx:value>96.46842</gx:value>
<gx:value>95.31864</gx:value>
<gx:value>91.5303</gx:value>
<gx:value>91.477036</gx:value>
<gx:value>95.6858</gx:value>
<gx:value>100.23046</gx:value>
<gx:value>104.82978</gx:value>
<gx:value>103.20913</gx:value>
<gx:value>110.44861</gx:value>
<gx:value>119.02275</gx:value>
<gx:value>104.39563</gx:value>
<gx:value>106.56198</gx:value>
<gx:value>103.50142</gx:value>
<gx:value>95.44417</gx:value>
<gx:value>80.09627</gx:value>
<gx:value>72.88609</gx:value>
<gx:value>77.99027</gx:value>
<gx:value>74.55326</gx:value>
<gx:value>73.228546</gx:value>
<gx:value>70.57034</gx:value>
<gx:value></gx:value>
<gx:value></gx:value>
<gx:value></gx:value>
<gx:value>61.461075</gx:value>
<gx:value>59.614758</gx:value>
<gx:value>81.42279</gx:value>
<gx:value>96.455215</gx:value>
<gx:value>89.60988</gx:value>
<gx:value>83.93932</gx:value>
<gx:value>74.37355</gx:value>
<gx:value>84.233</gx:value>
<gx:value>90.49026</gx:value>
<gx:value>86.70044</gx:value>
<gx:value>73.80055</gx:value>
<gx:value>70.26352</gx:value>
<gx:value>70.22521</gx:value>
<gx:value>75.46904</gx:value>
<gx:value>84.42068</gx:value>
<gx:value>85.78642</gx:value>
<gx:value>91.22579</gx:value>
<gx:value>97.50126</gx:value>
<gx:value>85.3508</gx:value>
<gx:value>82.324486</gx:value>
<gx:value>91.50406</gx:value>
<gx:value>98.42391</gx:value>
<gx:value>97.558174</gx:value>
<gx:value>102.893166</gx:value>
<gx:value>94.46717</gx:value>
<gx:value>80.59232</gx:value>
<gx:value>85.088165</gx:value>
<gx:value>105.13451</gx:value>
<gx:value>117.13833</gx:value>
<gx:value>77.76536</gx:value>
<gx:value>91.157486</gx:value>
<gx:value>96.171715</gx:value>
<gx:value>92.40202</gx:value>
<gx:value>87.472336</gx:value>
<gx:value>88.60482</gx:value>
<gx:value>88.47772</gx:value>
<gx:value>87.29017</gx:value>
<gx:value>85.83746</gx:value>
<gx:value>92.13226</gx:value>
<gx:value>93.48132</gx:value>
<gx:value>81.25742</gx:value>
<gx:value>72.986206</gx:value>
<gx:value>70.31982</gx:value>
<gx:value>68.4268</gx:value>
<gx:value>69.075676</gx:value>
<gx:value>66.05776</gx:value>
<gx:value>63.280544</gx:value>
<gx:value>64.16864</gx:value>
<gx:value>69.49611</gx:value>
<gx:value>75.843</gx:value>
<gx:value>66.98522</gx:value>
<gx:value>70.59907</gx:value>
<gx:value>74.310295</gx:value>
<gx:value>74.525406</gx:value>
<gx:value>76.74633</gx:value>
<gx:value>82.16267</gx:value>
<gx:value>88.288734</gx:value>
<gx:value>91.393</gx:value>
<gx:value>83.44408</gx:value>
<gx:value>80.832146</gx:value>
<gx:value>78.83095</gx:value>
<gx:value>76.37502</gx:value>
<gx:value>69.445694</gx:value>
<gx:value>69.69043</gx:value>
<gx:value>75.38465</gx:value>
<gx:value>66.79291</gx:value>
<gx:value>61.922367</gx:value>
<gx:value>53.005486</gx:value>
<gx:value>43.42971</gx:value>
<gx:value>39.01311</gx:value>
<gx:value>17.951284</gx:value>
<gx:value>11.149528</gx:value>
<gx:value>10.269822</gx:value>
<gx:value>12.025645</gx:value>
<gx:value>14.51316</gx:value>
<gx:value>15.362582</gx:value>
<gx:value>14.088429</gx:value>
<gx:value>2.9686031</gx:value>
<gx:value>354.9777</gx:value>
<gx:value>347.15768</gx:value>
<gx:value>350.7944</gx:value>
<gx:value>355.54318</gx:value>
<gx:value>3.3142152</gx:value>
<gx:value>3.5634878</gx:value>
<gx:value>1.084007</gx:value>
<gx:value>357.1264</gx:value>
<gx:value>358.35315</gx:value>
<gx:value>0.68720645</gx:value>
<gx:value>1.8741179</gx:value>
<gx:value>0.048607275</gx:value>
<gx:value>336.5276</gx:value>
<gx:value>306.44675</gx:value>
<gx:value>334.45935</gx:value>
<gx:value>12.799501</gx:value>
<gx:value>23.747107</gx:value>
<gx:value>11.146395</gx:value>
<gx:value>330.12375</gx:value>
<gx:value>330.7732</gx:value>
<gx:value>16.28692</gx:value>
<gx:value>32.04078</gx:value>
<gx:value>34.763214</gx:value>
<gx:value>25.546297</gx:value>
<gx:value>16.175394</gx:value>
<gx:value>16.045586</gx:value>
<gx:value>17.907335</gx:value>
<gx:value>17.77025</gx:value>
<gx:value>17.244385</gx:value>
<gx:value>11.765081</gx:value>
<gx:value>12.674029</gx:value>
<gx:value>16.165133</gx:value>
<gx:value>15.726488</gx:value>
<gx:value>19.404728</gx:value>
<gx:value>16.431698</gx:value>
<gx:value>18.035097</gx:value>
<gx:value>11.775133</gx:value>
<gx:value>2.5552673</gx:value>
<gx:value>0.99099535</gx:value>
<gx:value>0.09048007</gx:value>
<gx:value>356.86438</gx:value>
<gx:value>6.233111</gx:value>
<gx:value>6.792969</gx:value>
<gx:value>358.3688</gx:value>
<gx:value>354.7515</gx:value>
<gx:value>347.7335</gx:value>
<gx:value>356.6855</gx:value>
<gx:value>334.38403</gx:value>
<gx:value>323.9995</gx:value>
<gx:value>320.69708</gx:value>
<gx:value>319.41974</gx:value>
<gx:value>329.71924</gx:value>
<gx:value>333.6283</gx:value>
<gx:value>341.24167</gx:value>
<gx:value>336.56436</gx:value>
<gx:value>333.07272</gx:value>
<gx:value>336.2271</gx:value>
<gx:value>341.24744</gx:value>
<gx:value>340.87756</gx:value>
<gx:value>341.75153</gx:value>
<gx:value>344.3925</gx:value>
<gx:value>341.57565</gx:value>
<gx:value>346.03458</gx:value>
<gx:value>357.40988</gx:value>
<gx:value>358.3469</gx:value>
<gx:value>349.86505</gx:value>
<gx:value>349.02808</gx:value>
<gx:value>351.96036</gx:value>
<gx:value>349.91605</gx:value>
<gx:value>358.0937</gx:value>
<gx:value>341.5122</gx:value>
<gx:value>339.09344</gx:value>
<gx:value>344.2721</gx:value>
<gx:value>344.22034</gx:value>
<gx:value>343.12582</gx:value>
<gx:value>349.8151</gx:value>
<gx:value>347.3032</gx:value>
<gx:value>334.21082</gx:value>
<gx:value>337.25583</gx:value>
<gx:value>344.9373</gx:value>
<gx:value>351.76862</gx:value>
<gx:value>350.54633</gx:value>
<gx:value>348.588</gx:value>
<gx:value>349.0201</gx:value>
<gx:value>356.30096</gx:value>
<gx:value>346.50732</gx:value>
<gx:value>338.42465</gx:value>
<gx:value>340.03278</gx:value>
<gx:value>337.58737</gx:value>
<gx:value>336.32852</gx:value>
<gx:value>338.46417</gx:value>
<gx:value>342.45117</gx:value>
<gx:value>348.3475</gx:value>
<gx:value>350.48837</gx:value>
<gx:value>346.98184</gx:value>
<gx:value>348.22882</gx:value>
<gx:value>352.35623</gx:value>
<gx:value>359.39145</gx:value>
<gx:value>358.07724</gx:value>
<gx:value>343.5123</gx:value>
<gx:value>357.82913</gx:value>
<gx:value>2.4838183</gx:value>
<gx:value>0.69587624</gx:value>
<gx:value>359.75772</gx:value>
<gx:value>0.05287434</gx:value>
<gx:value>357.02625</gx:value>
<gx:value>349.78366</gx:value>
<gx:value>346.07904</gx:value>
<gx:value>351.47668</gx:value>
<gx:value>355.65335</gx:value>
<gx:value>355.0584</gx:value>
<gx:value>346.76578</gx:value>
<gx:value>339.2893</gx:value>
<gx:value>339.298</gx:value>
<gx:value>340.24872</gx:value>
<gx:value>339.74945</gx:value>
<gx:value>348.19058</gx:value>
<gx:value>352.50726</gx:value>
<gx:value>357.1533</gx:value>
<gx:value>341.02335</gx:value>
<gx:value>332.90677</gx:value>
<gx:value>331.43008</gx:value>
<gx:value>334.89832</gx:value>
<gx:value>337.99377</gx:value>
<gx:value>336.63516</gx:value>
<gx:value>340.8</gx:value>
<gx:value>339.5983</gx:value>
<gx:value>340.55112</gx:value>
<gx:value>340.88235</gx:value>
<gx:value>343.8608</gx:value>
<gx:value>349.48447</gx:value>
<gx:value>349.18716</gx:value>
<gx:value>350.0975</gx:value>
<gx:value>355.89484</gx:value>
<gx:value>358.73376</gx:value>
<gx:value>2.8369198</gx:value>
<gx:value>356.01785</gx:value>
<gx:value>355.15317</gx:value>
<gx:value>1.7429743</gx:value>
<gx:value>0.62835366</gx:value>
<gx:value>11.145183</gx:value>
<gx:value>10.968402</gx:value>
<gx:value>2.9425125</gx:value>
<gx:value>359.94406</gx:value>
<gx:value>7.487539</gx:value>
<gx:value>4.933226</gx:value>
<gx:value>7.5143027</gx:value>
<gx:value>29.200169</gx:value>
<gx:value>17.388712</gx:value>
<gx:value>20.721603</gx:value>
<gx:value>32.38746</gx:value>
<gx:value>38.882942</gx:value>
<gx:value>358.15207</gx:value>
<gx:value>330.8948</gx:value>
<gx:value>0.07733431</gx:value>
<gx:value>13.27206</gx:value>
<gx:value>15.913081</gx:value>
<gx:value>18.168676</gx:value>
<gx:value>26.219545</gx:value>
<gx:value>42.4422</gx:value>
<gx:value>52.16244</gx:value>
<gx:value>41.735165</gx:value>
<gx:value>36.721706</gx:value>
<gx:value>42.749695</gx:value>
<gx:value>41.040936</gx:value>
<gx:value>22.78457</gx:value>
<gx:value>19.726542</gx:value>
<gx:value>19.513893</gx:value>
<gx:value>12.670393</gx:value>
<gx:value>348.79147</gx:value>
<gx:value>324.63983</gx:value>
<gx:value>339.86984</gx:value>
<gx:value>319.47012</gx:value>
<gx:value>256.07626</gx:value>
<gx:value>258.82074</gx:value>
<gx:value>306.57718</gx:value>
<gx:value>348.75012</gx:value>
<gx:value>345.3197</gx:value>
<gx:value>348.8016</gx:value>
<gx:value>348.15964</gx:value>
<gx:value>342.04834</gx:value>
<gx:value>337.11606</gx:value>
<gx:value>300.70218</gx:value>
<gx:value>309.58768</gx:value>
<gx:value>338.1406</gx:value>
<gx:value>352.06555</gx:value>
<gx:value>354.5546</gx:value>
<gx:value>355.80862</gx:value>
<gx:value>338.61658</gx:value>
<gx:value>335.18402</gx:value>
<gx:value>344.43524</gx:value>
<gx:value>344.49817</gx:value>
<gx:value>354.33636</gx:value>
<gx:value>357.40048</gx:value>
<gx:value>356.28384</gx:value>
<gx:value>354.22842</gx:value>
<gx:value>357.5239</gx:value>
<gx:value>356.1854</gx:value>
<gx:value>355.97922</gx:value>
<gx:value>356.4048</gx:value>
<gx:value>356.79752</gx:value>
<gx:value>336.06274</gx:value>
<gx:value>296.95612</gx:value>
<gx:value>338.56296</gx:value>
<gx:value>15.65289</gx:value>
<gx:value>29.511892</gx:value>
<gx:value>23.277493</gx:value>
<gx:value>20.593948</gx:value>
<gx:value>24.562002</gx:value>
<gx:value>22.545202</gx:value>
<gx:value>22.284752</gx:value>
<gx:value>17.138968</gx:value>
<gx:value>18.995247</gx:value>
<gx:value>8.925469</gx:value>
<gx:value>4.981837</gx:value>
<gx:value>6.1819773</gx:value>
<gx:value>348.87332</gx:value>
<gx:value>338.11728</gx:value>
<gx:value>338.58142</gx:value>
<gx:value>342.38727</gx:value>
<gx:value>341.96945</gx:value>
<gx:value>349.27713</gx:value>
<gx:value>350.39938</gx:value>
<gx:value>345.4353</gx:value>
<gx:value>345.5636</gx:value>
<gx:value>341.29727</gx:value>
<gx:value>328.737</gx:value>
<gx:value>333.29318</gx:value>
<gx:value>330.28262</gx:value>
<gx:value>342.57404</gx:value>
<gx:value>321.84067</gx:value>
<gx:value>307.4538</gx:value>
<gx:value>306.0959</gx:value>
<gx:value>306.4576</gx:value>
<gx:value>298.67923</gx:value>
<gx:value>296.18896</gx:value>
<gx:value>294.12988</gx:value>
<gx:value>282.22665</gx:value>
<gx:value>276.62683</gx:value>
<gx:value>275.52957</gx:value>
<gx:value>288.0887</gx:value>
<gx:value>280.20807</gx:value>
<gx:value>268.89017</gx:value>
<gx:value>261.97153</gx:value>
<gx:value>257.75388</gx:value>
<gx:value>259.5681</gx:value>
<gx:value>266.52054</gx:value>
<gx:value>268.95218</gx:value>
<gx:value>266.30084</gx:value>
<gx:value>269.39902</gx:value>
<gx:value>271.74</gx:value>
<gx:value>275.23917</gx:value>
<gx:value>280.0418</gx:value>
<gx:value>284.3293</gx:value>
<gx:value>285.24994</gx:value>
<gx:value>287.70578</gx:value>
<gx:value>285.04108</gx:value>
<gx:value>283.7023</gx:value>
<gx:value>283.3312</gx:value>
<gx:value>277.8849</gx:value>
<gx:value>271.75806</gx:value>
<gx:value>272.47845</gx:value>
<gx:value>282.51517</gx:value>
<gx:value>293.01324</gx:value>
<gx:value>292.80524</gx:value>
<gx:value>302.9839</gx:value>
<gx:value>338.31348</gx:value>
<gx:value>30.017391</gx:value>
<gx:value>26.804335</gx:value>
<gx:value>333.71555</gx:value>
<gx:value>324.78125</gx:value>
<gx:value>328.53757</gx:value>
<gx:value>289.4806</gx:value>
<gx:value>285.67426</gx:value>
<gx:value>269.3505</gx:value>
<gx:value>242.47495</gx:value>
<gx:value>282.72055</gx:value>
<gx:value>30.481974</gx:value>
<gx:value>89.61169</gx:value>
<gx:value>94.14552</gx:value>
<gx:value>96.43564</gx:value>
<gx:value>88.74038</gx:value>
<gx:value>38.977997</gx:value>
<gx:value>320.80887</gx:value>
<gx:value>293.2234</gx:value>
<gx:value>282.7344</gx:value>
<gx:value>281.72412</gx:value>
<gx:value>280.31</gx:value>
<gx:value>279.58997</gx:value>
<gx:value>280.50818</gx:value>
<gx:value>282.0091</gx:value>
<gx:value>281.55252</gx:value>
<gx:value>276.69354</gx:value>
<gx:value>281.77405</gx:value>
<gx:value>279.34747</gx:value>
<gx:value>285.85193</gx:value>
<gx:value>293.98392</gx:value>
<gx:value>282.86267</gx:value>
<gx:value>282.62292</gx:value>
<gx:value>285.89517</gx:value>
<gx:value>287.7333</gx:value>
<gx:value>283.47235</gx:value>
<gx:value>287.31952</gx:value>
<gx:value>290.98593</gx:value>
<gx:value>295.5836</gx:value>
<gx:value>303.68723</gx:value>
<gx:value>316.48755</gx:value>
<gx:value>320.42447</gx:value>
<gx:value>314.35892</gx:value>
<gx:value>301.265</gx:value>
<gx:value>312.8424</gx:value>
<gx:value>291.32086</gx:value>
<gx:value>294.14993</gx:value>
<gx:value>291.8186</gx:value>
<gx:value>278.70065</gx:value>
<gx:value>281.5624</gx:value>
<gx:value>285.95267</gx:value>
<gx:value>294.72366</gx:value>
<gx:value>303.8941</gx:value>
<gx:value>294.07474</gx:value>
<gx:value>280.16168</gx:value>
<gx:value>294.02628</gx:value>
<gx:value>299.57617</gx:value>
<gx:value>273.6231</gx:value>
<gx:value>280.02426</gx:value>
<gx:value>309.48074</gx:value>
<gx:value>292.31052</gx:value>
<gx:value>304.91623</gx:value>
<gx:value>307.6831</gx:value>
<gx:value>299.6399</gx:value>
<gx:value>277.9928</gx:value>
<gx:value>272.19177</gx:value>
<gx:value>270.3625</gx:value>
<gx:value>270.7822</gx:value>
<gx:value>273.57538</gx:value>
<gx:value>275.72018</gx:value>
<gx:value>281.37912</gx:value>
<gx:value>280.2113</gx:value>
<gx:value>278.19687</gx:value>
<gx:value>271.54855</gx:value>
<gx:value>268.10196</gx:value>
<gx:value>271.54428</gx:value>
<gx:value>271.89563</gx:value>
<gx:value>272.36368</gx:value>
<gx:value>266.23972</gx:value>
<gx:value>270.5957</gx:value>
<gx:value>269.12592</gx:value>
<gx:value>269.6689</gx:value>
<gx:value>263.6292</gx:value>
<gx:value>261.05478</gx:value>
<gx:value>267.06638</gx:value>
<gx:value>267.90192</gx:value>
<gx:value>260.70105</gx:value>
<gx:value>257.8288</gx:value>
<gx:value>258.52585</gx:value>
<gx:value>259.7011</gx:value>
<gx:value>265.50888</gx:value>
<gx:value>269.34775</gx:value>
<gx:value>269.4005</gx:value>
<gx:value>274.43018</gx:value>
<gx:value>278.09085</gx:value>
<gx:value>275.8469</gx:value>
<gx:value>277.81058</gx:value>
<gx:value>273.29987</gx:value>
<gx:value>276.266</gx:value>
<gx:value>282.6213</gx:value>
<gx:value>281.29214</gx:value>
<gx:value>278.34692</gx:value>
<gx:value>280.59995</gx:value>
<gx:value>280.93295</gx:value>
<gx:value>279.51794</gx:value>
<gx:value>277.93066</gx:value>
<gx:value>279.51944</gx:value>
<gx:value>272.44418</gx:value>
<gx:value>259.20956</gx:value>
<gx:value>262.6316</gx:value>
<gx:value>269.69855</gx:value>
<gx:value>254.24496</gx:value>
<gx:value>247.53128</gx:value>
<gx:value>247.77686</gx:value>
<gx:value>264.94162</gx:value>
<gx:value>261.33603</gx:value>
<gx:value>252.75917</gx:value>
<gx:value>246.54893</gx:value>
<gx:value>249.8008</gx:value>
<gx:value>239.21094</gx:value>
<gx:value>244.46297</gx:value>
<gx:value>244.10223</gx:value>
<gx:value>234.4141</gx:value>
<gx:value></gx:value>
<gx:value></gx:value>
<gx:value></gx:value>
<gx:value>90.02722</gx:value>
<gx:value>88.055244</gx:value>
<gx:value>79.99772</gx:value>
<gx:value>45.611473</gx:value>
<gx:value>331.146</gx:value>
<gx:value>308.67603</gx:value>
<gx:value>306.8027</gx:value>
<gx:value>306.4194</gx:value>
<gx:value></gx:value>
<gx:value></gx:value>
<gx:value></gx:value>
<gx:value></gx:value>
<gx:value>287.27274</gx:value>
<gx:value>288.0573</gx:value>
<gx:value>277.14203</gx:value>
<gx:value>270.4162</gx:value>
<gx:value>280.77087</gx:value>
<gx:value>277.20316</gx:value>
<gx:value>251.73692</gx:value>
<gx:value>237.78749</gx:value>
<gx:value>245.6401</gx:value>
<gx:value>244.2533</gx:value>
<gx:value>251.904</gx:value>
<gx:value>272.30966</gx:value>
<gx:value>283.6281</gx:value>
<gx:value>283.52646</gx:value>
<gx:value>284.82748</gx:value>
<gx:value>287.7987</gx:value>
<gx:value>288.30173</gx:value>
<gx:value>296.5946</gx:value>
<gx:value>301.20328</gx:value>
<gx:value>297.97232</gx:value>
<gx:value>296.59714</gx:value>
<gx:value>297.63303</gx:value>
<gx:value>290.996</gx:value>
<gx:value>297.88306</gx:value>
<gx:value>303.6888</gx:value>
<gx:value>299.7401</gx:value>
<gx:value>296.01224</gx:value>
<gx:value>302.74667</gx:value>
<gx:value>306.7731</gx:value>
<gx:value>306.42828</gx:value>
<gx:value>306.00836</gx:value>
<gx:value>309.45547</gx:value>
<gx:value>295.78192</gx:value>
<gx:value>287.18997</gx:value>
<gx:value>290.83105</gx:value>
<gx:value>293.6309</gx:value>
<gx:value>296.7679</gx:value>
<gx:value>304.6773</gx:value>
<gx:value>288.1973</gx:value>
<gx:value>285.60806</gx:value>
<gx:value>282.15863</gx:value>
<gx:value>280.4498</gx:value>
<gx:value>280.52197</gx:value>
<gx:value>278.68277</gx:value>
<gx:value>271.42227</gx:value>
<gx:value>275.63055</gx:value>
<gx:value>278.2997</gx:value>
<gx:value>277.96234</gx:value>
<gx:value>278.26602</gx:value>
<gx:value>277.63663</gx:value>
<gx:value>277.32632</gx:value>
<gx:value>277.20123</gx:value>
<gx:value>278.06674</gx:value>
<gx:value>284.633</gx:value>
<gx:value>285.72205</gx:value>
<gx:value>278.76294</gx:value>
<gx:value>271.9054</gx:value>
<gx:value>277.83585</gx:value>
<gx:value>287.13654</gx:value>
<gx:value>283.3846</gx:value>
<gx:value>287.87277</gx:value>
<gx:value>291.76724</gx:value>
<gx:value>286.44373</gx:value>
<gx:value>281.0662</gx:value>
<gx:value>282.74393</gx:value>
<gx:value>287.17365</gx:value>
<gx:value>286.3626</gx:value>
<gx:value>295.93808</gx:value>
<gx:value>293.1909</gx:value>
<gx:value>288.13898</gx:value>
<gx:value>275.79395</gx:value>
<gx:value>278.5073</gx:value>
<gx:value>279.12326</gx:value>
<gx:value>284.31573</gx:value>
<gx:value>286.93726</gx:value>
<gx:value>290.91248</gx:value>
<gx:value>282.7131</gx:value>
<gx:value>284.04932</gx:value>
<gx:value>290.55374</gx:value>
<gx:value>300.30768</gx:value>
<gx:value>293.25745</gx:value>
<gx:value>282.77475</gx:value>
<gx:value>285.53925</gx:value>
<gx:value>306.0099</gx:value>
<gx:value>307.37332</gx:value>
<gx:value>295.9324</gx:value>
<gx:value>289.15952</gx:value>
<gx:value>313.59</gx:value>
<gx:value>333.48822</gx:value>
<gx:value>293.75418</gx:value>
<gx:value>282.21353</gx:value>
<gx:value>280.7324</gx:value>
<gx:value>284.23453</gx:value>
<gx:value>287.1174</gx:value>
<gx:value>288.63248</gx:value>
<gx:value>286.44333</gx:value>
<gx:value>285.65216</gx:value>
<gx:value>285.77087</gx:value>
<gx:value>286.4254</gx:value>
<gx:value>288.59866</gx:value>
<gx:value>289.64142</gx:value>
<gx:value>290.4134</gx:value>
<gx:value>284.91147</gx:value>
<gx:value>283.24045</gx:value>
<gx:value>278.25037</gx:value>
<gx:value>282.5991</gx:value>
<gx:value>283.16873</gx:value>
<gx:value>278.77554</gx:value>
<gx:value>269.09644</gx:value>
<gx:value>276.34933</gx:value>
<gx:value>271.28937</gx:value>
<gx:value>266.44336</gx:value>
<gx:value>275.79285</gx:value>
<gx:value>280.52313</gx:value>
<gx:value>282.6582</gx:value>
<gx:value>285.83176</gx:value>
<gx:value>284.52295</gx:value>
<gx:value>281.9954</gx:value>
<gx:value>283.62595</gx:value>
<gx:value>290.63467</gx:value>
<gx:value>289.74426</gx:value>
<gx:value>287.40454</gx:value>
<gx:value>288.40222</gx:value>
<gx:value>293.32452</gx:value>
<gx:value>297.5554</gx:value>
<gx:value>295.16187</gx:value>
<gx:value>280.9313</gx:value>
<gx:value>264.24445</gx:value>
<gx:value>282.55945</gx:value>
<gx:value>276.00238</gx:value>
<gx:value>248.92778</gx:value>
<gx:value>248.93907</gx:value>
<gx:value></gx:value>
<gx:value></gx:value>
<gx:value></gx:value>
<gx:value></gx:value>
<gx:value></gx:value>
<gx:value></gx:value>
<gx:value></gx:value>
<gx:value></gx:value>
<gx:value></gx:value>
<gx:value></gx:value>
<gx:value></gx:value>
<gx:value></gx:value>
<gx:value>299.78696</gx:value>
<gx:value></gx:value>
<gx:value>285.0421</gx:value>
<gx:value>288.9909</gx:value>
<gx:value>290.77722</gx:value>
<gx:value>267.97592</gx:value>
<gx:value>270.9529</gx:value>
<gx:value>284.70523</gx:value>
<gx:value>281.37503</gx:value>
<gx:value>277.6445</gx:value>
<gx:value>285.996</gx:value>
<gx:value>294.6555</gx:value>
<gx:value>293.77985</gx:value>
<gx:value>288.69888</gx:value>
<gx:value>291.7579</gx:value>
<gx:value>293.78293</gx:value>
<gx:value>289.3844</gx:value>
<gx:value>280.68192</gx:value>
<gx:value>273.53732</gx:value>
<gx:value>276.68546</gx:value>
<gx:value>276.8696</gx:value>
<gx:value>278.87057</gx:value>
<gx:value>284.0944</gx:value>
<gx:value>282.4044</gx:value>
<gx:value>281.76904</gx:value>
<gx:value>277.15048</gx:value>
<gx:value>277.84128</gx:value>
<gx:value>283.78818</gx:value>
<gx:value>286.20142</gx:value>
<gx:value>284.7053</gx:value>
<gx:value>284.89883</gx:value>
<gx:value>281.03238</gx:value>
<gx:value>267.6426</gx:value>
<gx:value>298.37317</gx:value>
<gx:value>262.96298</gx:value>
<gx:value>276.20374</gx:value>
<gx:value>296.59195</gx:value>
<gx:value>312.88818</gx:value>
<gx:value>310.1618</gx:value>
<gx:value>310.7237</gx:value>
<gx:value>314.48697</gx:value>
<gx:value>308.076</gx:value>
<gx:value>314.70358</gx:value>
<gx:value>301.9303</gx:value>
<gx:value>269.30905</gx:value>
<gx:value>256.62503</gx:value>
<gx:value>264.02713</gx:value>
<gx:value>284.6571</gx:value>
<gx:value>277.71036</gx:value>
<gx:value>270.5965</gx:value>
<gx:value>276.9982</gx:value>
<gx:value>277.0098</gx:value>
<gx:value>280.59842</gx:value>
<gx:value>291.82684</gx:value>
<gx:value>275.1816</gx:value>
<gx:value>276.85733</gx:value>
<gx:value>304.6372</gx:value>
<gx:value>289.70566</gx:value>
<gx:value>288.9672</gx:value>
<gx:value>293.85846</gx:value>
<gx:value>298.97897</gx:value>
<gx:value>299.69058</gx:value>
<gx:value>306.11057</gx:value>
<gx:value>307.44254</gx:value>
<gx:value>309.08173</gx:value>
<gx:value>300.11044</gx:value>
<gx:value>299.30515</gx:value>
<gx:value>338.13583</gx:value>
<gx:value>328.59998</gx:value>
<gx:value>302.98996</gx:value>
<gx:value>295.20248</gx:value>
<gx:value>305.05115</gx:value>
<gx:value>316.9915</gx:value>
<gx:value>307.5096</gx:value>
<gx:value>302.72128</gx:value>
<gx:value>299.68338</gx:value>
<gx:value>298.44946</gx:value>
<gx:value>295.69226</gx:value>
<gx:value>287.17627</gx:value>
<gx:value>291.0446</gx:value>
<gx:value>275.6367</gx:value>
<gx:value>273.37616</gx:value>
<gx:value>286.17944</gx:value>
<gx:value>292.27505</gx:value>
<gx:value>285.55835</gx:value>
<gx:value>284.92746</gx:value>
<gx:value>293.32495</gx:value>
<gx:value>297.85565</gx:value>
<gx:value>278.44583</gx:value>
<gx:value>276.7533</gx:value>
<gx:value>281.22443</gx:value>
<gx:value>288.45993</gx:value>
<gx:value>293.1557</gx:value>
<gx:value>295.7947</gx:value>
<gx:value>289.07938</gx:value>
<gx:value>285.58575</gx:value>
<gx:value>283.5045</gx:value>
<gx:value>290.21576</gx:value>
<gx:value>298.09186</gx:value>
<gx:value>287.66852</gx:value>
<gx:value>279.38928</gx:value>
<gx:value>273.71585</gx:value>
<gx:value>279.4604</gx:value>
<gx:value>279.4093</gx:value>
<gx:value>268.16104</gx:value>
<gx:value>273.8433</gx:value>
<gx:value>288.8465</gx:value>
<gx:value>283.64087</gx:value>
<gx:value>273.57855</gx:value>
<gx:value>267.86008</gx:value>
<gx:value>267.06543</gx:value>
<gx:value>283.25272</gx:value>
<gx:value>291.85922</gx:value>
<gx:value>292.39655</gx:value>
<gx:value>280.93796</gx:value>
<gx:value>281.49463</gx:value>
<gx:value>288.97888</gx:value>
<gx:value>280.59317</gx:value>
<gx:value>273.81927</gx:value>
<gx:value>281.09473</gx:value>
<gx:value>293.26044</gx:value>
<gx:value>292.19067</gx:value>
<gx:value>289.55972</gx:value>
<gx:value>287.37497</gx:value>
<gx:value>284.128</gx:value>
<gx:value>281.1952</gx:value>
<gx:value>274.91794</gx:value>
<gx:value>281.11444</gx:value>
<gx:value>280.63626</gx:value>
<gx:value>277.66763</gx:value>
<gx:value>279.5709</gx:value>
<gx:value>270.13528</gx:value>
<gx:value>262.0432</gx:value>
<gx:value>255.33693</gx:value>
<gx:value>260.45212</gx:value>
<gx:value>270.00375</gx:value>
<gx:value>265.1749</gx:value>
<gx:value>263.8177</gx:value>
<gx:value>278.75967</gx:value>
<gx:value>293.44247</gx:value>
<gx:value>305.14896</gx:value>
<gx:value>309.1114</gx:value>
<gx:value>302.14658</gx:value>
<gx:value>300.65576</gx:value>
<gx:value>310.57678</gx:value>
<gx:value>309.36877</gx:value>
<gx:value>309.57507</gx:value>
<gx:value>304.2024</gx:value>
<gx:value>292.50848</gx:value>
<gx:value>293.26602</gx:value>
<gx:value>297.4256</gx:value>
<gx:value>290.61682</gx:value>
<gx:value>294.01294</gx:value>
<gx:value>302.0002</gx:value>
<gx:value>305.04834</gx:value>
<gx:value>298.07086</gx:value>
<gx:value>298.3052</gx:value>
<gx:value>319.6394</gx:value>
<gx:value>307.49997</gx:value>
<gx:value>277.45654</gx:value>
<gx:value>271.89963</gx:value>
<gx:value>313.87115</gx:value>
<gx:value>279.87155</gx:value>
<gx:value>253.69678</gx:value>
<gx:value>246.3594</gx:value>
<gx:value>243.16849</gx:value>
<gx:value>236.28824</gx:value>
<gx:value>228.86484</gx:value>
<gx:value>224.8882</gx:value>
<gx:value>214.87833</gx:value>
<gx:value>203.47691</gx:value>
<gx:value>208.6149</gx:value>
<gx:value>218.00156</gx:value>
<gx:value>216.68439</gx:value>
<gx:value>210.67221</gx:value>
<gx:value>208.37283</gx:value>
<gx:value>205.95798</gx:value>
<gx:value>192.20695</gx:value>
<gx:value>180.32495</gx:value>
<gx:value>175.1714</gx:value>
<gx:value>181.22281</gx:value>
<gx:value>170.90979</gx:value>
<gx:value>173.29735</gx:value>
<gx:value>167.1392</gx:value>
<gx:value>165.86119</gx:value>
<gx:value></gx:value>
<gx:value></gx:value>
<gx:value>89.99725</gx:value>
<gx:value>89.99999</gx:value>
<gx:value>90.00294</gx:value>
<gx:value>248.92213</gx:value>
<gx:value>255.91072</gx:value>
<gx:value>259.2659</gx:value>
<gx:value>260.98993</gx:value>
<gx:value>321.70215</gx:value>
<gx:value>303.7962</gx:value>
<gx:value>256.78827</gx:value>
<gx:value>243.98753</gx:value>
<gx:value>257.97177</gx:value>
<gx:value></gx:value>
<gx:value></gx:value>
<gx:value>254.78415</gx:value>
<gx:value>245.39955</gx:value>
<gx:value>276.73398</gx:value>
<gx:value>291.60522</gx:value>
<gx:value>282.12756</gx:value>
<gx:value></gx:value>
<gx:value>353.52335</gx:value>
<gx:value>132.32881</gx:value>
<gx:value></gx:value>
<gx:value>303.25983</gx:value>
<gx:value>244.71158</gx:value>
<gx:value>273.6574</gx:value>
<gx:value></gx:value>
<gx:value></gx:value>
<gx:value></gx:value>
<gx:value></gx:value>
<gx:value></gx:value>
<gx:value></gx:value>
<gx:value>259.07837</gx:value>
<gx:value>304.02713</gx:value>
<gx:value>327.68497</gx:value>
<gx:value>289.76855</gx:value>
<gx:value>242.30315</gx:value>
<gx:value>208.07162</gx:value>
<gx:value></gx:value>
<gx:value></gx:value>
<gx:value>292.55817</gx:value>
<gx:value>323.50162</gx:value>
<gx:value>254.80359</gx:value>
<gx:value>306.4519</gx:value>
<gx:value></gx:value>
<gx:value></gx:value>
<gx:value></gx:value>
<gx:value></gx:value>
<gx:value></gx:value>
<gx:value></gx:value>
<gx:value>277.9325</gx:value>
<gx:value>289.21866</gx:value>
<gx:value>275.11862</gx:value>
<gx:value>122.42863</gx:value>
<gx:value>90.60555</gx:value>
<gx:value></gx:value>
<gx:value></gx:value>
<gx:value>90.47822</gx:value>
<gx:value>298.96426</gx:value>
<gx:value>300.95224</gx:value>
<gx:value></gx:value>
<gx:value></gx:value>
<gx:value>73.21132</gx:value>
<gx:value>72.825775</gx:value>
<gx:value></gx:value>
<gx:value></gx:value>
<gx:value></gx:value>
<gx:value></gx:value>
<gx:value></gx:value>
<gx:value></gx:value>
<gx:value></gx:value>
<gx:value></gx:value>
<gx:value></gx:value>
<gx:value></gx:value>
<gx:value></gx:value>
<gx:value></gx:value>
<gx:value>8.024622</gx:value>
<gx:value>7.458122</gx:value>
<gx:value></gx:value>
<gx:value></gx:value>
<gx:value></gx:value>
<gx:value></gx:value>
<gx:value></gx:value>
<gx:value></gx:value>
<gx:value></gx:value>
<gx:value>302.79523</gx:value>
<gx:value>302.20035</gx:value>
<gx:value>282.1391</gx:value>
<gx:value>288.0977</gx:value>
<gx:value>288.01364</gx:value>
<gx:value>278.41376</gx:value>
<gx:value></gx:value>
<gx:value></gx:value>
<gx:value>91.20242</gx:value>
<gx:value></gx:value>
<gx:value></gx:value>
<gx:value>90.017555</gx:value>
<gx:value></gx:value>
<gx:value></gx:value>
<gx:value>327.42917</gx:value>
<gx:value>321.87048</gx:value>
<gx:value></gx:value>
<gx:value></gx:value>
<gx:value>330.94144</gx:value>
<gx:value>288.01974</gx:value>
<gx:value>315.72528</gx:value>
<gx:value>293.13815</gx:value>
<gx:value>314.45535</gx:value>
<gx:value>297.88535</gx:value>
<gx:value>232.8676</gx:value>
<gx:value></gx:value>
<gx:value></gx:value>
<gx:value>253.77039</gx:value>
<gx:value>251.12686</gx:value>
<gx:value></gx:value>
<gx:value>283.00766</gx:value>
<gx:value>283.35455</gx:value>
<gx:value>273.19122</gx:value>
<gx:value>268.68146</gx:value>
<gx:value>254.80284</gx:value>
<gx:value>234.83543</gx:value>
<gx:value></gx:value>
<gx:value></gx:value>
<gx:value></gx:value>
<gx:value></gx:value>
<gx:value>275.97208</gx:value>
<gx:value>305.42664</gx:value>
<gx:value>305.8504</gx:value>
<gx:value>306.48825</gx:value>
<gx:value></gx:value>
<gx:value></gx:value>
<gx:value></gx:value>
<gx:value></gx:value>
<gx:value></gx:value>
<gx:value></gx:value>
<gx:value></gx:value>
<gx:value>302.1917</gx:value>
<gx:value>334.16888</gx:value>
<gx:value>302.79208</gx:value>
<gx:value>278.80792</gx:value>
<gx:value>274.24622</gx:value>
<gx:value>247.03261</gx:value>
<gx:value></gx:value>
<gx:value></gx:value>
<gx:value></gx:value>
<gx:value></gx:value>
<gx:value></gx:value>
<gx:value></gx:value>
<gx:value></gx:value>
<gx:value>267.8629</gx:value>
<gx:value></gx:value>
<gx:value></gx:value>
<gx:value></gx:value>
<gx:value></gx:value>
<gx:value>274.05588</gx:value>
<gx:value>295.13782</gx:value>
<gx:value>289.96075</gx:value>
<gx:value>292.91843</gx:value>
<gx:value>273.67343</gx:value>
<gx:value>288.87924</gx:value>
<gx:value>270.91455</gx:value>
<gx:value>317.90332</gx:value>
<gx:value>284.11057</gx:value>
<gx:value>303.9675</gx:value>
<gx:value>277.4446</gx:value>
<gx:value>277.02432</gx:value>
<gx:value>307.17398</gx:value>
<gx:value>1.1134998</gx:value>
<gx:value></gx:value>
<gx:value></gx:value>
<gx:value></gx:value>
<gx:value></gx:value>
<gx:value></gx:value>
<gx:value></gx:value>
<gx:value></gx:value>
<gx:value></gx:value>
<gx:value></gx:value>
<gx:value></gx:value>
<gx:value>172.8831</gx:value>
<gx:value>186.40909</gx:value>
<gx:value>213.03831</gx:value>
<gx:value></gx:value>
<gx:value>235.3292</gx:value>
<gx:value></gx:value>
<gx:value>12.861995</gx:value>
<gx:value></gx:value>
<gx:value></gx:value>
<gx:value></gx:value>
<gx:value></gx:value>
<gx:value></gx:value>
<gx:value>110.04452</gx:value>
<gx:value></gx:value>
<gx:value></gx:value>
<gx:value></gx:value>
<gx:value></gx:value>
<gx:value></gx:value>
<gx:value>109.45481</gx:value>
<gx:value>61.75101</gx:value>
<gx:value>345.65997</gx:value>
<gx:value></gx:value>
<gx:value></gx:value>
<gx:value></gx:value>
<gx:value></gx:value>
<gx:value></gx:value>
<gx:value>262.71924</gx:value>
<gx:value>266.02228</gx:value>
<gx:value>298.7171</gx:value>
<gx:value>252.9383</gx:value>
<gx:value>283.59888</gx:value>
<gx:value>298.7205</gx:value>
<gx:value>294.68402</gx:value>
<gx:value>269.16336</gx:value>
<gx:value>290.15237</gx:value>
<gx:value>283.00525</gx:value>
<gx:value>274.51776</gx:value>
<gx:value>309.86804</gx:value>
<gx:value>216.05725</gx:value>
<gx:value></gx:value>
<gx:value></gx:value>
<gx:value></gx:value>
<gx:value></gx:value>
<gx:value></gx:value>
<gx:value></gx:value>
<gx:value>15.03038</gx:value>
<gx:value></gx:value>
<gx:value></gx:value>
<gx:value></gx:value>
<gx:value></gx:value>
<gx:value>342.99823</gx:value>
<gx:value></gx:value>
<gx:value>22.442528</gx:value>
<gx:value></gx:value>
<gx:value></gx:value>
<gx:value></gx:value>
<gx:value></gx:value>
<gx:value></gx:value>
<gx:value></gx:value>
<gx:value></gx:value>
<gx:value></gx:value>
<gx:value></gx:value>
<gx:value></gx:value>
<gx:value></gx:value>
<gx:value></gx:value>
<gx:value>277.01193</gx:value>
<gx:value>261.0976</gx:value>
<gx:value>332.83475</gx:value>
<gx:value>346.15616</gx:value>
<gx:value></gx:value>
<gx:value></gx:value>
<gx:value></gx:value>
<gx:value></gx:value>
<gx:value></gx:value>
<gx:value></gx:value>
<gx:value></gx:value>
<gx:value></gx:value>
<gx:value></gx:value>
<gx:value></gx:value>
<gx:value></gx:value>
<gx:value></gx:value>
<gx:value></gx:value>
<gx:value></gx:value>
<gx:value></gx:value>
<gx:value></gx:value>
<gx:value></gx:value>
<gx:value></gx:value>
<gx:value></gx:value>
<gx:value></gx:value>
<gx:value></gx:value>
<gx:value></gx:value>
<gx:value></gx:value>
<gx:value></gx:value>
<gx:value>90.015884</gx:value>
<gx:value></gx:value>
<gx:value></gx:value>
<gx:value></gx:value>
<gx:value></gx:value>
<gx:value></gx:value>
<gx:value></gx:value>
<gx:value>300.6306</gx:value>
<gx:value>284.97446</gx:value>
<gx:value>274.30414</gx:value>
<gx:value>272.21265</gx:value>
<gx:value>45.414124</gx:value>
<gx:value>66.308784</gx:value>
<gx:value></gx:value>
<gx:value></gx:value>
<gx:value></gx:value>
<gx:value>198.4426</gx:value>
<gx:value>94.978035</gx:value>
<gx:value>90.37032</gx:value>
<gx:value></gx:value>
<gx:value>90.000145</gx:value>
<gx:value></gx:value>
<gx:value></gx:value>
<gx:value></gx:value>
<gx:value></gx:value>
<gx:value></gx:value>
<gx:value></gx:value>
<gx:value>275.99042</gx:value>
<gx:value>89.806526</gx:value>
<gx:value>306.71194</gx:value>
<gx:value>322.12848</gx:value>
<gx:value>299.25558</gx:value>
<gx:value>304.19476</gx:value>
<gx:value>67.66921</gx:value>
<gx:value>290.94562</gx:value>
<gx:value></gx:value>
<gx:value></gx:value>
<gx:value></gx:value>
<gx:value></gx:value>
<gx:value></gx:value>
<gx:value></gx:value>
<gx:value></gx:value>
<gx:value></gx:value>
<gx:value></gx:value>
<gx:value></gx:value>
<gx:value></gx:value>
<gx:value>316.01108</gx:value>
<gx:value></gx:value>
<gx:value>289.66833</gx:value>
<gx:value>321.3676</gx:value>
<gx:value>296.63364</gx:value>
<gx:value>314.14874</gx:value>
<gx:value>308.7764</gx:value>
<gx:value>284.63837</gx:value>
<gx:value>298.43756</gx:value>
<gx:value>289.45135</gx:value>
<gx:value>298.54724</gx:value>
<gx:value>284.85046</gx:value>
<gx:value>289.98474</gx:value>
<gx:value>240.10242</gx:value>
<gx:value>245.12082</gx:value>
<gx:value>289.20673</gx:value>
<gx:value>285.45688</gx:value>
<gx:value>282.71338</gx:value>
<gx:value>285.7943</gx:value>
<gx:value>278.39606</gx:value>
<gx:value>264.1184</gx:value>
<gx:value>308.9268</gx:value>
<gx:value>303.05447</gx:value>
<gx:value>302.2566</gx:value>
<gx:value>297.54187</gx:value>
<gx:value>299.33905</gx:value>
<gx:value>304.53815</gx:value>
<gx:value></gx:value>
<gx:value></gx:value>
<gx:value></gx:value>
<gx:value></gx:value>
<gx:value></gx:value>
<gx:value></gx:value>
<gx:value></gx:value>
<gx:value>333.99603</gx:value>
<gx:value>329.34482</gx:value>
<gx:value>308.82315</gx:value>
<gx:value>323.01727</gx:value>
<gx:value>310.07532</gx:value>
<gx:value>286.54398</gx:value>
<gx:value>295.81012</gx:value>
<gx:value>303.93924</gx:value>
<gx:value>299.523</gx:value>
<gx:value>302.91943</gx:value>
<gx:value>320.00955</gx:value>
<gx:value>309.19406</gx:value>
<gx:value>286.29138</gx:value>
<gx:value>280.67307</gx:value>
<gx:value></gx:value>
<gx:value>238.94797</gx:value>
<gx:value>269.11523</gx:value>
<gx:value>266.315</gx:value>
<gx:value>330.61322</gx:value>
<gx:value>355.92502</gx:value>
<gx:value>2.7492137</gx:value>
<gx:value></gx:value>
<gx:value>220.25136</gx:value>
<gx:value>57.35275</gx:value>
<gx:value></gx:value>
<gx:value></gx:value>
<gx:value></gx:value>
<gx:value></gx:value>
<gx:value></gx:value>
<gx:value></gx:value>
<gx:value></gx:value>
<gx:value>119.46386</gx:value>
<gx:value></gx:value>
<gx:value></gx:value>
<gx:value></gx:value>
<gx:value>36.141716</gx:value>
<gx:value></gx:value>
<gx:value></gx:value>
<gx:value></gx:value>
<gx:value></gx:value>
<gx:value></gx:value>
<gx:value></gx:value>
<gx:value></gx:value>
<gx:value></gx:value>
<gx:value></gx:value>
<gx:value></gx:value>
<gx:value></gx:value>
<gx:value></gx:value>
<gx:value>82.8946</gx:value>
<gx:value></gx:value>
<gx:value>85.17156</gx:value>
<gx:value>114.58227</gx:value>
<gx:value>160.4966</gx:value>
<gx:value>192.30122</gx:value>
<gx:value></gx:value>
<gx:value></gx:value>
<gx:value></gx:value>
<gx:value>161.38698</gx:value>
<gx:value>74.20983</gx:value>
<gx:value>359.94626</gx:value>
<gx:value></gx:value>
<gx:value></gx:value>
<gx:value>8.870528</gx:value>
<gx:value>29.559345</gx:value>
<gx:value>24.048256</gx:value>
<gx:value>26.787468</gx:value>
<gx:value></gx:value>
<gx:value></gx:value>
<gx:value></gx:value>
<gx:value></gx:value>
<gx:value></gx:value>
<gx:value>40.32421</gx:value>
<gx:value></gx:value>
<gx:value></gx:value>
<gx:value></gx:value>
<gx:value></gx:value>
<gx:value>110.010376</gx:value>
<gx:value></gx:value>
<gx:value></gx:value>
<gx:value></gx:value>
<gx:value>310.72906</gx:value>
<gx:value></gx:value>
<gx:value></gx:value>
<gx:value></gx:value>
<gx:value></gx:value>
<gx:value></gx:value>
<gx:value></gx:value>
<gx:value></gx:value>
<gx:value></gx:value>
<gx:value></gx:value>
<gx:value></gx:value>
<gx:value></gx:value>
<gx:value></gx:value>
<gx:value></gx:value>
<gx:value></gx:value>
<gx:value></gx:value>
<gx:value></gx:value>
<gx:value></gx:value>
<gx:value></gx:value>
<gx:value></gx:value>
<gx:value></gx:value>
<gx:value></gx:value>
<gx:value></gx:value>
<gx:value></gx:value>
<gx:value></gx:value>
<gx:value></gx:value>
<gx:value></gx:value>
<gx:value></gx:value>
<gx:value>90.119934</gx:value>
<gx:value>315.16776</gx:value>
<gx:value></gx:value>
<gx:value></gx:value>
<gx:value></gx:value>
<gx:value></gx:value>
<gx:value></gx:value>
<gx:value></gx:value>
<gx:value></gx:value>
<gx:value></gx:value>
<gx:value></gx:value>
<gx:value></gx:value>
<gx:value></gx:value>
<gx:value></gx:value>
<gx:value></gx:value>
<gx:value></gx:value>
<gx:value></gx:value>
<gx:value></gx:value>
<gx:value>156.97624</gx:value>
<gx:value>156.75475</gx:value>
<gx:value>290.03003</gx:value>
<gx:value></gx:value>
<gx:value>331.08826</gx:value>
<gx:value></gx:value>
<gx:value>262.99686</gx:value>
<gx:value></gx:value>
<gx:value>202.05139</gx:value>
<gx:value>183.02594</gx:value>
<gx:value>221.70833</gx:value>
<gx:value>189.83855</gx:value>
<gx:value>54.36432</gx:value>
<gx:value>20.681168</gx:value>
<gx:value></gx:value>
<gx:value></gx:value>
<gx:value></gx:value>
<gx:value></gx:value>
<gx:value>206.97005</gx:value>
<gx:value></gx:value>
<gx:value></gx:value>
<gx:value></gx:value>
<gx:value></gx:value>
<gx:value></gx:value>
<gx:value>219.95035</gx:value>
<gx:value>201.40738</gx:value>
<gx:value>351.43948</gx:value>
<gx:value></gx:value>
<gx:value></gx:value>
<gx:value></gx:value>
<gx:value></gx:value>
<gx:value></gx:value>
<gx:value>177.15971</gx:value>
<gx:value>248.90067</gx:value>
<gx:value>258.70258</gx:value>
<gx:value></gx:value>
<gx:value></gx:value>
<gx:value></gx:value>
<gx:value></gx:value>
<gx:value></gx:value>
<gx:value></gx:value>
<gx:value></gx:value>
<gx:value>283.98367</gx:value>
<gx:value>249.40405</gx:value>
<gx:value>265.18527</gx:value>
<gx:value>264.29556</gx:value>
<gx:value>292.89398</gx:value>
<gx:value>290.90247</gx:value>
<gx:value>297.50183</gx:value>
<gx:value>328.03778</gx:value>
<gx:value>353.6936</gx:value>
<gx:value></gx:value>
<gx:value></gx:value>
<gx:value></gx:value>
<gx:value></gx:value>
<gx:value>353.52356</gx:value>
<gx:value>9.174366</gx:value>
<gx:value>56.97836</gx:value>
<gx:value></gx:value>
<gx:value></gx:value>
<gx:value></gx:value>
<gx:value></gx:value>
<gx:value></gx:value>
<gx:value></gx:value>
<gx:value>221.45018</gx:value>
<gx:value></gx:value>
<gx:value></gx:value>
<gx:value></gx:value>
<gx:value></gx:value>
<gx:value></gx:value>
<gx:value></gx:value>
<gx:value></gx:value>
<gx:value></gx:value>
<gx:value></gx:value>
<gx:value></gx:value>
<gx:value></gx:value>
<gx:value></gx:value>
<gx:value>223.99626</gx:value>
<gx:value>223.63672</gx:value>
<gx:value>67.28514</gx:value>
<gx:value>317.07532</gx:value>
<gx:value></gx:value>
<gx:value></gx:value>
<gx:value></gx:value>
<gx:value></gx:value>
<gx:value></gx:value>
<gx:value></gx:value>
<gx:value></gx:value>
<gx:value></gx:value>
<gx:value></gx:value>
<gx:value></gx:value>
<gx:value></gx:value>
<gx:value></gx:value>
<gx:value></gx:value>
<gx:value></gx:value>
<gx:value></gx:value>
<gx:value></gx:value>
<gx:value></gx:value>
<gx:value></gx:value>
<gx:value></gx:value>
<gx:value></gx:value>
<gx:value></gx:value>
<gx:value></gx:value>
<gx:value></gx:value>
<gx:value></gx:value>
<gx:value>287.67883</gx:value>
<gx:value>89.96406</gx:value>
<gx:value>254.78662</gx:value>
<gx:value>263.02066</gx:value>
<gx:value>305.86884</gx:value>
<gx:value>307.784</gx:value>
<gx:value>288.75214</gx:value>
<gx:value>21.385906</gx:value>
<gx:value>356.59378</gx:value>
<gx:value>352.03076</gx:value>
<gx:value>52.118176</gx:value>
<gx:value>65.327866</gx:value>
<gx:value></gx:value>
<gx:value></gx:value>
<gx:value></gx:value>
<gx:value>106.18166</gx:value>
<gx:value></gx:value>
<gx:value></gx:value>
<gx:value></gx:value>
<gx:value></gx:value>
<gx:value></gx:value>
<gx:value></gx:value>
<gx:value>97.90158</gx:value>
<gx:value></gx:value>
<gx:value></gx:value>
<gx:value>120.12481</gx:value>
<gx:value></gx:value>
<gx:value>105.63097</gx:value>
<gx:value>163.69276</gx:value>
<gx:value>160.41975</gx:value>
<gx:value>234.42874</gx:value>
<gx:value>160.57094</gx:value>
<gx:value>147.85469</gx:value>
<gx:value></gx:value>
<gx:value></gx:value>
<gx:value></gx:value>
<gx:value></gx:value>
<gx:value></gx:value>
<gx:value></gx:value>
<gx:value></gx:value>
<gx:value></gx:value>
<gx:value></gx:value>
<gx:value></gx:value>
<gx:value></gx:value>
<gx:value>208.98895</gx:value>
<gx:value>90.003265</gx:value>
<gx:value></gx:value>
<gx:value></gx:value>
<gx:value></gx:value>
<gx:value></gx:value>
<gx:value></gx:value>
<gx:value></gx:value>
<gx:value></gx:value>
<gx:value></gx:value>
<gx:value></gx:value>
<gx:value>132.04298</gx:value>
<gx:value>234.96329</gx:value>
<gx:value>244.19562</gx:value>
<gx:value></gx:value>
<gx:value></gx:value>
<gx:value></gx:value>
<gx:value></gx:value>
<gx:value></gx:value>
<gx:value></gx:value>
<gx:value></gx:value>
<gx:value></gx:value>
<gx:value></gx:value>
<gx:value></gx:value>
<gx:value>68.64031</gx:value>
<gx:value></gx:value>
<gx:value></gx:value>
<gx:value>251.5483</gx:value>
<gx:value></gx:value>
<gx:value></gx:value>
<gx:value></gx:value>
<gx:value></gx:value>
<gx:value></gx:value>
<gx:value></gx:value>
<gx:value></gx:value>
<gx:value></gx:value>
<gx:value></gx:value>
<gx:value></gx:value>
<gx:value></gx:value>
<gx:value></gx:value>
<gx:value></gx:value>
<gx:value></gx:value>
<gx:value></gx:value>
<gx:value>313.2558</gx:value>
<gx:value>129.91594</gx:value>
<gx:value>130.37408</gx:value>
<gx:value>130.78465</gx:value>
<gx:value></gx:value>
<gx:value></gx:value>
<gx:value></gx:value>
<gx:value></gx:value>
<gx:value></gx:value>
<gx:value></gx:value>
<gx:value>307.01495</gx:value>
<gx:value>306.86017</gx:value>
<gx:value></gx:value>
<gx:value></gx:value>
<gx:value></gx:value>
<gx:value></gx:value>
<gx:value></gx:value>
<gx:value></gx:value>
<gx:value></gx:value>
<gx:value></gx:value>
<gx:value></gx:value>
<gx:value></gx:value>
<gx:value></gx:value>
<gx:value></gx:value>
<gx:value></gx:value>
<gx:value></gx:value>
<gx:value></gx:value>
<gx:value></gx:value>
<gx:value></gx:value>
<gx:value></gx:value>
<gx:value></gx:value>
<gx:value></gx:value>
<gx:value></gx:value>
<gx:value></gx:value>
<gx:value></gx:value>
<gx:value></gx:value>
<gx:value></gx:value>
<gx:value>318.9548</gx:value>
<gx:value></gx:value>
<gx:value></gx:value>
<gx:value></gx:value>
<gx:value></gx:value>
<gx:value></gx:value>
<gx:value></gx:value>
<gx:value></gx:value>
<gx:value></gx:value>
<gx:value></gx:value>
<gx:value></gx:value>
<gx:value></gx:value>
<gx:value></gx:value>
<gx:value></gx:value>
<gx:value></gx:value>
<gx:value></gx:value>
<gx:value></gx:value>
<gx:value></gx:value>
<gx:value></gx:value>
<gx:value></gx:value>
<gx:value></gx:value>
<gx:value></gx:value>
<gx:value></gx:value>
<gx:value></gx:value>
<gx:value></gx:value>
<gx:value></gx:value>
<gx:value></gx:value>
<gx:value></gx:value>
<gx:value></gx:value>
<gx:value></gx:value>
<gx:value></gx:value>
<gx:value>193.03972</gx:value>
<gx:value>193.34355</gx:value>
<gx:value></gx:value>
<gx:value></gx:value>
<gx:value></gx:value>
<gx:value></gx:value>
<gx:value></gx:value>
<gx:value>156.93918</gx:value>
<gx:value>19.091053</gx:value>
<gx:value>19.160656</gx:value>
<gx:value></gx:value>
<gx:value></gx:value>
<gx:value></gx:value>
<gx:value></gx:value>
<gx:value></gx:value>
<gx:value></gx:value>
<gx:value></gx:value>
<gx:value></gx:value>
<gx:value></gx:value>
<gx:value></gx:value>
<gx:value></gx:value>
<gx:value></gx:value>
<gx:value></gx:value>
<gx:value></gx:value>
<gx:value></gx:value>
<gx:value></gx:value>
<gx:value></gx:value>
<gx:value></gx:value>
<gx:value>126.00413</gx:value>
<gx:value>126.57866</gx:value>
<gx:value></gx:value>
<gx:value></gx:value>
<gx:value></gx:value>
<gx:value></gx:value>
<gx:value></gx:value>
<gx:value></gx:value>
<gx:value></gx:value>
<gx:value></gx:value>
<gx:value>68.87336</gx:value>
<gx:value></gx:value>
<gx:value></gx:value>
<gx:value></gx:value>
<gx:value></gx:value>
<gx:value></gx:value>
<gx:value></gx:value>
<gx:value></gx:value>
<gx:value></gx:value>
<gx:value></gx:value>
<gx:value></gx:value>
<gx:value></gx:value>
<gx:value></gx:value>
<gx:value></gx:value>
<gx:value></gx:value>
<gx:value></gx:value>
<gx:value></gx:value>
<gx:value></gx:value>
<gx:value></gx:value>
<gx:value></gx:value>
<gx:value></gx:value>
<gx:value></gx:value>
<gx:value></gx:value>
<gx:value></gx:value>
<gx:value></gx:value>
<gx:value></gx:value>
<gx:value></gx:value>
<gx:value></gx:value>
<gx:value></gx:value>
<gx:value>319.6058</gx:value>
<gx:value></gx:value>
<gx:value></gx:value>
<gx:value></gx:value>
<gx:value></gx:value>
<gx:value></gx:value>
<gx:value></gx:value>
<gx:value></gx:value>
<gx:value>177.78302</gx:value>
<gx:value>177.50044</gx:value>
<gx:value>177.15437</gx:value>
<gx:value></gx:value>
<gx:value></gx:value>
<gx:value></gx:value>
<gx:value></gx:value>
<gx:value></gx:value>
<gx:value>113.05756</gx:value>
<gx:value>113.52444</gx:value>
<gx:value>45.000404</gx:value>
<gx:value>356.0644</gx:value>
<gx:value>0.07445971</gx:value>
<gx:value>87.69204</gx:value>
<gx:value></gx:value>
<gx:value></gx:value>
<gx:value></gx:value>
<gx:value>326.05847</gx:value>
<gx:value>325.79254</gx:value>
<gx:value>32.70061</gx:value>
<gx:value>32.243694</gx:value>
<gx:value>1.9210501</gx:value>
<gx:value></gx:value>
<gx:value></gx:value>
<gx:value></gx:value>
<gx:value></gx:value>
<gx:value></gx:value>
<gx:value></gx:value>
<gx:value>229.95326</gx:value>
<gx:value>15.031792</gx:value>
<gx:value>15.327055</gx:value>
<gx:value></gx:value>
<gx:value></gx:value>
<gx:value></gx:value>
<gx:value></gx:value>
<gx:value></gx:value>
<gx:value></gx:value>
<gx:value></gx:value>
<gx:value></gx:value>
<gx:value></gx:value>
<gx:value></gx:value>
<gx:value></gx:value>
<gx:value></gx:value>
<gx:value></gx:value>
<gx:value></gx:value>
<gx:value></gx:value>
<gx:value></gx:value>
<gx:value></gx:value>
<gx:value></gx:value>
<gx:value></gx:value>
<gx:value></gx:value>
<gx:value></gx:value>
<gx:value></gx:value>
<gx:value></gx:value>
<gx:value></gx:value>
<gx:value></gx:value>
<gx:value></gx:value>
<gx:value></gx:value>
<gx:value></gx:value>
<gx:value></gx:value>
<gx:value></gx:value>
<gx:value></gx:value>
<gx:value></gx:value>
<gx:value></gx:value>
<gx:value></gx:value>
<gx:value></gx:value>
<gx:value></gx:value>
<gx:value></gx:value>
<gx:value></gx:value>
<gx:value></gx:value>
<gx:value></gx:value>
<gx:value></gx:value>
<gx:value></gx:value>
<gx:value></gx:value>
<gx:value></gx:value>
<gx:value></gx:value>
<gx:value></gx:value>
<gx:value></gx:value>
<gx:value></gx:value>
<gx:value></gx:value>
<gx:value></gx:value>
<gx:value></gx:value>
<gx:value></gx:value>
<gx:value></gx:value>
<gx:value></gx:value>
<gx:value></gx:value>
<gx:value></gx:value>
<gx:value></gx:value>
<gx:value></gx:value>
<gx:value></gx:value>
<gx:value></gx:value>
<gx:value></gx:value>
<gx:value></gx:value>
<gx:value></gx:value>
<gx:value></gx:value>
<gx:value></gx:value>
<gx:value></gx:value>
<gx:value></gx:value>
<gx:value></gx:value>
<gx:value></gx:value>
<gx:value></gx:value>
<gx:value></gx:value>
<gx:value></gx:value>
<gx:value></gx:value>
<gx:value></gx:value>
<gx:value></gx:value>
<gx:value></gx:value>
<gx:value></gx:value>
<gx:value></gx:value>
<gx:value></gx:value>
<gx:value></gx:value>
<gx:value></gx:value>
<gx:value></gx:value>
<gx:value></gx:value>
<gx:value></gx:value>
<gx:value></gx:value>
<gx:value></gx:value>
<gx:value></gx:value>
<gx:value></gx:value>
<gx:value></gx:value>
<gx:value></gx:value>
<gx:value></gx:value>
<gx:value></gx:value>
<gx:value></gx:value>
<gx:value></gx:value>
<gx:value></gx:value>
<gx:value></gx:value>
<gx:value></gx:value>
<gx:value></gx:value>
<gx:value></gx:value>
<gx:value></gx:value>
<gx:value></gx:value>
<gx:value></gx:value>
<gx:value></gx:value>
<gx:value></gx:value>
<gx:value></gx:value>
<gx:value></gx:value>
<gx:value></gx:value>
<gx:value></gx:value>
<gx:value></gx:value>
<gx:value></gx:value>
<gx:value></gx:value>
<gx:value></gx:value>
<gx:value></gx:value>
<gx:value></gx:value>
<gx:value></gx:value>
<gx:value></gx:value>
<gx:value></gx:value>
<gx:value></gx:value>
<gx:value></gx:value>
<gx:value></gx:value>
<gx:value></gx:value>
<gx:value></gx:value>
<gx:value></gx:value>
<gx:value></gx:value>
<gx:value></gx:value>
<gx:value></gx:value>
<gx:value></gx:value>
<gx:value></gx:value>
<gx:value></gx:value>
<gx:value></gx:value>
<gx:value></gx:value>
<gx:value></gx:value>
<gx:value></gx:value>
<gx:value></gx:value>
<gx:value></gx:value>
<gx:value></gx:value>
<gx:value></gx:value>
<gx:value></gx:value>
<gx:value></gx:value>
<gx:value></gx:value>
<gx:value></gx:value>
<gx:value></gx:value>
<gx:value></gx:value>
<gx:value></gx:value>
<gx:value></gx:value>
<gx:value></gx:value>
<gx:value></gx:value>
<gx:value>215.08365</gx:value>
<gx:value>213.04112</gx:value>
<gx:value>91.142296</gx:value>
<gx:value></gx:value>
<gx:value></gx:value>
<gx:value></gx:value>
<gx:value></gx:value>
<gx:value></gx:value>
<gx:value></gx:value>
<gx:value></gx:value>
<gx:value></gx:value>
<gx:value></gx:value>
<gx:value></gx:value>
<gx:value></gx:value>
<gx:value></gx:value>
<gx:value></gx:value>
<gx:value></gx:value>
<gx:value></gx:value>
<gx:value></gx:value>
<gx:value></gx:value>
<gx:value></gx:value>
<gx:value></gx:value>
<gx:value></gx:value>
<gx:value></gx:value>
<gx:value></gx:value>
<gx:value></gx:value>
<gx:value></gx:value>
<gx:value></gx:value>
<gx:value></gx:value>
<gx:value></gx:value>
<gx:value></gx:value>
<gx:value></gx:value>
<gx:value></gx:value>
<gx:value></gx:value>
<gx:value></gx:value>
<gx:value></gx:value>
<gx:value>336.53778</gx:value>
<gx:value></gx:value>
<gx:value></gx:value>
<gx:value></gx:value>
<gx:value></gx:value>
<gx:value></gx:value>
<gx:value></gx:value>
<gx:value></gx:value>
<gx:value></gx:value>
<gx:value></gx:value>
<gx:value></gx:value>
<gx:value></gx:value>
<gx:value></gx:value>
<gx:value></gx:value>
<gx:value></gx:value>
<gx:value></gx:value>
<gx:value></gx:value>
<gx:value></gx:value>
<gx:value></gx:value>
<gx:value></gx:value>
<gx:value></gx:value>
<gx:value></gx:value>
<gx:value></gx:value>
<gx:value></gx:value>
<gx:value></gx:value>
<gx:value></gx:value>
<gx:value></gx:value>
<gx:value></gx:value>
<gx:value></gx:value>
<gx:value></gx:value>
<gx:value></gx:value>
<gx:value></gx:value>
<gx:value></gx:value>
<gx:value></gx:value>
<gx:value></gx:value>
<gx:value></gx:value>
<gx:value></gx:value>
<gx:value></gx:value>
<gx:value></gx:value>
<gx:value></gx:value>
<gx:value></gx:value>
<gx:value></gx:value>
<gx:value></gx:value>
<gx:value></gx:value>
<gx:value></gx:value>
<gx:value></gx:value>
<gx:value></gx:value>
<gx:value></gx:value>
<gx:value></gx:value>
<gx:value></gx:value>
<gx:value></gx:value>
<gx:value></gx:value>
<gx:value></gx:value>
<gx:value></gx:value>
<gx:value></gx:value>
<gx:value></gx:value>
<gx:value></gx:value>
<gx:value></gx:value>
<gx:value></gx:value>
<gx:value>28.434841</gx:value>
<gx:value>53.720337</gx:value>
<gx:value></gx:value>
<gx:value></gx:value>
<gx:value></gx:value>
<gx:value>5.531047</gx:value>
<gx:value></gx:value>
<gx:value>12.305616</gx:value>
<gx:value></gx:value>
<gx:value></gx:value>
<gx:value></gx:value>
<gx:value></gx:value>
<gx:value></gx:value>
<gx:value></gx:value>
<gx:value></gx:value>
<gx:value></gx:value>
<gx:value></gx:value>
<gx:value></gx:value>
<gx:value></gx:value>
<gx:value></gx:value>
<gx:value></gx:value>
<gx:value></gx:value>
<gx:value></gx:value>
<gx:value></gx:value>
<gx:value></gx:value>
<gx:value></gx:value>
<gx:value></gx:value>
<gx:value></gx:value>
<gx:value></gx:value>
<gx:value></gx:value>
<gx:value></gx:value>
<gx:value></gx:value>
<gx:value></gx:value>
<gx:value></gx:value>
<gx:value></gx:value>
<gx:value></gx:value>
<gx:value></gx:value>
<gx:value></gx:value>
<gx:value></gx:value>
<gx:value></gx:value>
<gx:value></gx:value>
<gx:value></gx:value>
<gx:value></gx:value>
<gx:value></gx:value>
<gx:value></gx:value>
<gx:value></gx:value>
<gx:value></gx:value>
<gx:value></gx:value>
<gx:value></gx:value>
<gx:value></gx:value>
<gx:value></gx:value>
<gx:value></gx:value>
<gx:value></gx:value>
<gx:value></gx:value>
<gx:value></gx:value>
<gx:value></gx:value>
<gx:value></gx:value>
<gx:value></gx:value>
<gx:value></gx:value>
<gx:value></gx:value>
<gx:value></gx:value>
<gx:value></gx:value>
<gx:value></gx:value>
<gx:value></gx:value>
<gx:value></gx:value>
<gx:value></gx:value>
<gx:value></gx:value>
<gx:value></gx:value>
<gx:value></gx:value>
<gx:value></gx:value>
<gx:value></gx:value>
<gx:value></gx:value>
<gx:value></gx:value>
<gx:value></gx:value>
<gx:value>354.89267</gx:value>
<gx:value>89.98899</gx:value>
<gx:value></gx:value>
<gx:value></gx:value>
<gx:value></gx:value>
<gx:value></gx:value>
<gx:value></gx:value>
<gx:value></gx:value>
<gx:value></gx:value>
<gx:value></gx:value>
<gx:value></gx:value>
<gx:value></gx:value>
<gx:value></gx:value>
<gx:value></gx:value>
<gx:value></gx:value>
<gx:value></gx:value>
<gx:value></gx:value>
<gx:value></gx:value>
<gx:value></gx:value>
<gx:value></gx:value>
<gx:value></gx:value>
<gx:value></gx:value>
<gx:value></gx:value>
<gx:value></gx:value>
<gx:value></gx:value>
<gx:value></gx:value>
<gx:value></gx:value>
<gx:value></gx:value>
<gx:value></gx:value>
<gx:value></gx:value>
<gx:value></gx:value>
<gx:value></gx:value>
<gx:value></gx:value>
<gx:value></gx:value>
<gx:value></gx:value>
<gx:value></gx:value>
<gx:value></gx:value>
<gx:value></gx:value>
<gx:value></gx:value>
<gx:value></gx:value>
<gx:value></gx:value>
<gx:value></gx:value>
<gx:value></gx:value>
<gx:value></gx:value>
<gx:value></gx:value>
<gx:value></gx:value>
<gx:value></gx:value>
<gx:value></gx:value>
<gx:value></gx:value>
<gx:value></gx:value>
<gx:value></gx:value>
<gx:value></gx:value>
<gx:value></gx:value>
<gx:value></gx:value>
<gx:value></gx:value>
<gx:value></gx:value>
<gx:value></gx:value>
<gx:value></gx:value>
<gx:value></gx:value>
<gx:value></gx:value>
<gx:value></gx:value>
<gx:value></gx:value>
<gx:value></gx:value>
<gx:value></gx:value>
<gx:value></gx:value>
<gx:value></gx:value>
<gx:value></gx:value>
<gx:value>89.95688</gx:value>
<gx:value></gx:value>
<gx:value></gx:value>
<gx:value></gx:value>
<gx:value></gx:value>
<gx:value></gx:value>
<gx:value>52.177406</gx:value>
<gx:value>48.897636</gx:value>
<gx:value>116.05888</gx:value>
<gx:value>126.604095</gx:value>
<gx:value>79.3869</gx:value>
<gx:value>96.479485</gx:value>
<gx:value>126.17425</gx:value>
<gx:value>54.166073</gx:value>
<gx:value>74.77656</gx:value>
<gx:value></gx:value>
<gx:value></gx:value>
<gx:value></gx:value>
<gx:value></gx:value>
<gx:value></gx:value>
<gx:value>355.2998</gx:value>
<gx:value>326.63666</gx:value>
<gx:value>272.54144</gx:value>
<gx:value>174.95901</gx:value>
<gx:value>278.99063</gx:value>
<gx:value>307.38922</gx:value>
<gx:value>289.41846</gx:value>
<gx:value>258.03012</gx:value>
<gx:value>208.25139</gx:value>
<gx:value>263.94183</gx:value>
<gx:value>308.6691</gx:value>
<gx:value>294.99283</gx:value>
<gx:value>319.08716</gx:value>
<gx:value>298.13214</gx:value>
<gx:value>312.0877</gx:value>
<gx:value>315.7576</gx:value>
<gx:value>295.97626</gx:value>
<gx:value>296.7208</gx:value>
<gx:value>291.521</gx:value>
<gx:value>308.7975</gx:value>
<gx:value>303.1979</gx:value>
<gx:value>291.38812</gx:value>
<gx:value>301.53397</gx:value>
<gx:value>302.74332</gx:value>
<gx:value>302.60693</gx:value>
<gx:value>295.18497</gx:value>
<gx:value>292.50162</gx:value>
<gx:value>297.4263</gx:value>
<gx:value>289.99762</gx:value>
<gx:value>297.23495</gx:value>
<gx:value>301.55426</gx:value>
<gx:value>290.5915</gx:value>
<gx:value>308.93588</gx:value>
<gx:value>283.01282</gx:value>
<gx:value>308.56277</gx:value>
<gx:value>305.688</gx:value>
<gx:value>308.40775</gx:value>
<gx:value>287.2187</gx:value>
<gx:value>299.5292</gx:value>
<gx:value>293.35114</gx:value>
<gx:value>285.30795</gx:value>
<gx:value>241.949</gx:value>
<gx:value>305.5138</gx:value>
<gx:value>282.50882</gx:value>
<gx:value>250.51515</gx:value>
<gx:value></gx:value>
<gx:value></gx:value>
<gx:value></gx:value>
<gx:value></gx:value>
<gx:value></gx:value>
<gx:value>286.36307</gx:value>
<gx:value></gx:value>
<gx:value>283.72394</gx:value>
<gx:value>293.1247</gx:value>
<gx:value>311.89316</gx:value>
<gx:value>313.6788</gx:value>
<gx:value>310.66928</gx:value>
<gx:value>296.16968</gx:value>
<gx:value>297.35358</gx:value>
<gx:value>289.84293</gx:value>
<gx:value>74.53334</gx:value>
<gx:value>86.702324</gx:value>
<gx:value>90.0</gx:value>
<gx:value>277.82224</gx:value>
<gx:value>86.81896</gx:value>
<gx:value>213.93907</gx:value>
<gx:value>300.10132</gx:value>
<gx:value>339.35953</gx:value>
<gx:value>305.62912</gx:value>
<gx:value>311.26062</gx:value>
<gx:value>0.07114788</gx:value>
<gx:value>359.9416</gx:value>
<gx:value></gx:value>
<gx:value>317.17844</gx:value>
<gx:value>300.2843</gx:value>
<gx:value>289.4219</gx:value>
<gx:value>280.78577</gx:value>
<gx:value>277.97446</gx:value>
<gx:value>285.99838</gx:value>
<gx:value>213.9984</gx:value>
<gx:value></gx:value>
<gx:value></gx:value>
<gx:value></gx:value>
<gx:value></gx:value>
<gx:value></gx:value>
<gx:value></gx:value>
<gx:value></gx:value>
<gx:value>290.51593</gx:value>
<gx:value></gx:value>
<gx:value></gx:value>
<gx:value>292.9116</gx:value>
<gx:value>316.39548</gx:value>
<gx:value>308.50446</gx:value>
<gx:value>319.42142</gx:value>
<gx:value>329.57776</gx:value>
<gx:value>346.07956</gx:value>
<gx:value></gx:value>
<gx:value></gx:value>
<gx:value></gx:value>
<gx:value>340.97668</gx:value>
<gx:value>308.4503</gx:value>
<gx:value>283.82574</gx:value>
<gx:value>288.36362</gx:value>
<gx:value>293.61624</gx:value>
<gx:value>314.62668</gx:value>
<gx:value></gx:value>
<gx:value></gx:value>
<gx:value></gx:value>
<gx:value></gx:value>
<gx:value></gx:value>
<gx:value></gx:value>
<gx:value></gx:value>
<gx:value>299.04517</gx:value>
<gx:value>298.48688</gx:value>
<gx:value>298.0625</gx:value>
<gx:value>262.9836</gx:value>
<gx:value>296.5936</gx:value>
<gx:value>224.13878</gx:value>
<gx:value></gx:value>
<gx:value>184.2007</gx:value>
<gx:value>209.5054</gx:value>
<gx:value></gx:value>
<gx:value></gx:value>
<gx:value>212.1317</gx:value>
<gx:value>192.11235</gx:value>
<gx:value>193.83214</gx:value>
<gx:value>240.60292</gx:value>
<gx:value>259.8501</gx:value>
<gx:value>251.77505</gx:value>
<gx:value>276.8783</gx:value>
<gx:value>210.06856</gx:value>
<gx:value>297.7303</gx:value>
<gx:value>298.64664</gx:value>
<gx:value>310.53085</gx:value>
<gx:value></gx:value>
<gx:value></gx:value>
<gx:value></gx:value>
<gx:value></gx:value>
<gx:value></gx:value>
<gx:value></gx:value>
<gx:value>301.58795</gx:value>
<gx:value>294.21738</gx:value>
<gx:value>302.9185</gx:value>
<gx:value>296.4963</gx:value>
<gx:value>300.07544</gx:value>
<gx:value>305.78488</gx:value>
<gx:value>306.31424</gx:value>
<gx:value>295.2655</gx:value>
<gx:value>293.30524</gx:value>
<gx:value>291.28506</gx:value>
<gx:value>291.89493</gx:value>
<gx:value>291.6347</gx:value>
<gx:value>299.99496</gx:value>
<gx:value>294.25616</gx:value>
<gx:value>211.51483</gx:value>
<gx:value></gx:value>
<gx:value></gx:value>
<gx:value></gx:value>
<gx:value>304.81332</gx:value>
<gx:value>283.98282</gx:value>
<gx:value>247.03778</gx:value>
<gx:value>79.814125</gx:value>
<gx:value>39.678574</gx:value>
<gx:value>354.8668</gx:value>
<gx:value></gx:value>
<gx:value>21.659428</gx:value>
<gx:value></gx:value>
<gx:value>210.51387</gx:value>
<gx:value>90.00336</gx:value>
<gx:value></gx:value>
<gx:value></gx:value>
<gx:value></gx:value>
<gx:value></gx:value>
<gx:value></gx:value>
<gx:value></gx:value>
<gx:value></gx:value>
<gx:value></gx:value>
<gx:value></gx:value>
<gx:value></gx:value>
<gx:value></gx:value>
<gx:value></gx:value>
<gx:value></gx:value>
<gx:value></gx:value>
<gx:value></gx:value>
<gx:value></gx:value>
<gx:value></gx:value>
<gx:value></gx:value>
<gx:value></gx:value>
<gx:value></gx:value>
<gx:value></gx:value>
<gx:value></gx:value>
<gx:value></gx:value>
<gx:value>66.01459</gx:value>
<gx:value>66.18481</gx:value>
<gx:value></gx:value>
<gx:value></gx:value>
<gx:value></gx:value>
<gx:value></gx:value>
<gx:value></gx:value>
<gx:value></gx:value>
<gx:value></gx:value>
<gx:value></gx:value>
<gx:value></gx:value>
<gx:value></gx:value>
<gx:value></gx:value>
<gx:value></gx:value>
<gx:value></gx:value>
<gx:value></gx:value>
<gx:value></gx:value>
<gx:value></gx:value>
<gx:value>331.96112</gx:value>
<gx:value>331.44162</gx:value>
<gx:value></gx:value>
<gx:value>90.00012</gx:value>
<gx:value>283.32327</gx:value>
<gx:value></gx:value>
<gx:value></gx:value>
<gx:value></gx:value>
<gx:value></gx:value>
<gx:value></gx:value>
<gx:value></gx:value>
<gx:value></gx:value>
<gx:value>90.000336</gx:value>
<gx:value>259.6385</gx:value>
<gx:value>262.833</gx:value>
<gx:value>266.70392</gx:value>
<gx:value>268.89584</gx:value>
<gx:value>268.52087</gx:value>
<gx:value>274.37772</gx:value>
<gx:value>271.62485</gx:value>
<gx:value>265.50873</gx:value>
<gx:value>270.87128</gx:value>
<gx:value>278.0419</gx:value>
<gx:value>295.35962</gx:value>
<gx:value>313.25607</gx:value>
<gx:value>316.98102</gx:value>
<gx:value>300.56213</gx:value>
<gx:value>273.9777</gx:value>
<gx:value>267.0545</gx:value>
<gx:value>261.23062</gx:value>
<gx:value>259.4976</gx:value>
<gx:value>256.22717</gx:value>
<gx:value>241.89374</gx:value>
<gx:value>243.86972</gx:value>
<gx:value>252.52374</gx:value>
<gx:value>249.90953</gx:value>
<gx:value>243.11688</gx:value>
<gx:value>233.69032</gx:value>
<gx:value>236.30087</gx:value>
<gx:value>233.7979</gx:value>
<gx:value>237.46422</gx:value>
<gx:value>261.80927</gx:value>
<gx:value>281.33127</gx:value>
<gx:value>285.64844</gx:value>
<gx:value>287.3599</gx:value>
<gx:value>291.93134</gx:value>
<gx:value>298.90573</gx:value>
<gx:value>297.299</gx:value>
<gx:value>283.33438</gx:value>
<gx:value>278.2818</gx:value>
<gx:value>268.38187</gx:value>
<gx:value>264.97888</gx:value>
<gx:value>261.7005</gx:value>
<gx:value>271.0461</gx:value>
<gx:value>272.9504</gx:value>
<gx:value>267.14276</gx:value>
<gx:value>268.87543</gx:value>
<gx:value>268.29498</gx:value>
<gx:value>273.32516</gx:value>
<gx:value>272.56317</gx:value>
<gx:value>263.8063</gx:value>
<gx:value>257.81445</gx:value>
<gx:value>260.15085</gx:value>
<gx:value>258.95914</gx:value>
<gx:value>268.74692</gx:value>
<gx:value>295.25845</gx:value>
<gx:value>306.21402</gx:value>
<gx:value>329.77023</gx:value>
<gx:value></gx:value>
<gx:value></gx:value>
<gx:value></gx:value>
<gx:value></gx:value>
<gx:value></gx:value>
<gx:value></gx:value>
<gx:value></gx:value>
<gx:value></gx:value>
<gx:value></gx:value>
<gx:value></gx:value>
<gx:value></gx:value>
<gx:value></gx:value>
<gx:value></gx:value>
<gx:value></gx:value>
<gx:value></gx:value>
<gx:value></gx:value>
<gx:value></gx:value>
<gx:value></gx:value>
<gx:value>245.03603</gx:value>
<gx:value>242.68756</gx:value>
<gx:value>251.3967</gx:value>
<gx:value>246.33684</gx:value>
<gx:value>250.7798</gx:value>
<gx:value>264.19604</gx:value>
<gx:value>277.6962</gx:value>
<gx:value>300.71524</gx:value>
<gx:value>332.7998</gx:value>
<gx:value>354.0437</gx:value>
<gx:value>5.9291906</gx:value>
<gx:value>3.923479</gx:value>
<gx:value>347.58896</gx:value>
<gx:value>325.00262</gx:value>
<gx:value>307.10132</gx:value>
<gx:value>274.59152</gx:value>
<gx:value>263.09827</gx:value>
<gx:value>262.3763</gx:value>
<gx:value>258.62466</gx:value>
<gx:value>261.07596</gx:value>
<gx:value>265.71808</gx:value>
<gx:value>268.67227</gx:value>
<gx:value>273.1972</gx:value>
<gx:value>279.44104</gx:value>
<gx:value>283.6418</gx:value>
<gx:value>286.1912</gx:value>
<gx:value>287.36087</gx:value>
<gx:value>275.9971</gx:value>
<gx:value>279.7553</gx:value>
<gx:value>279.55704</gx:value>
<gx:value>281.8574</gx:value>
<gx:value>286.9889</gx:value>
<gx:value>291.45947</gx:value>
<gx:value>297.44833</gx:value>
<gx:value>303.49945</gx:value>
<gx:value>312.67645</gx:value>
<gx:value>297.7857</gx:value>
<gx:value>193.49934</gx:value>
<gx:value></gx:value>
<gx:value></gx:value>
<gx:value></gx:value>
<gx:value></gx:value>
<gx:value>259.09833</gx:value>
<gx:value>282.1656</gx:value>
<gx:value>295.56683</gx:value>
<gx:value>294.04037</gx:value>
<gx:value>288.0443</gx:value>
<gx:value>275.72748</gx:value>
<gx:value>316.51575</gx:value>
<gx:value></gx:value>
<gx:value></gx:value>
<gx:value></gx:value>
<gx:value></gx:value>
<gx:value></gx:value>
<gx:value></gx:value>
<gx:value></gx:value>
<gx:value></gx:value>
<gx:value></gx:value>
<gx:value></gx:value>
<gx:value></gx:value>
<gx:value>202.03438</gx:value>
<gx:value>348.86395</gx:value>
<gx:value>17.843819</gx:value>
<gx:value>309.4671</gx:value>
<gx:value>70.92764</gx:value>
<gx:value>84.04113</gx:value>
<gx:value>14.271294</gx:value>
<gx:value>319.8919</gx:value>
<gx:value>290.04123</gx:value>
<gx:value>288.95642</gx:value>
<gx:value>291.68115</gx:value>
<gx:value>289.9152</gx:value>
<gx:value>295.7212</gx:value>
<gx:value>297.5078</gx:value>
<gx:value>288.40317</gx:value>
<gx:value>284.1042</gx:value>
<gx:value>282.27048</gx:value>
<gx:value>288.5432</gx:value>
<gx:value>300.67474</gx:value>
<gx:value>294.0726</gx:value>
<gx:value>297.9894</gx:value>
<gx:value>290.1651</gx:value>
<gx:value>281.2771</gx:value>
<gx:value>313.8124</gx:value>
<gx:value>327.0895</gx:value>
<gx:value>319.0248</gx:value>
<gx:value>281.6798</gx:value>
<gx:value>273.03293</gx:value>
<gx:value>257.10226</gx:value>
<gx:value>264.14752</gx:value>
<gx:value>273.24014</gx:value>
<gx:value>280.0335</gx:value>
<gx:value>284.65323</gx:value>
<gx:value>285.07098</gx:value>
<gx:value>281.24496</gx:value>
<gx:value>285.89984</gx:value>
<gx:value>280.5615</gx:value>
<gx:value>277.2195</gx:value>
<gx:value>280.6878</gx:value>
<gx:value>285.953</gx:value>
<gx:value>286.00488</gx:value>
<gx:value>278.1959</gx:value>
<gx:value>275.31357</gx:value>
<gx:value>293.46783</gx:value>
<gx:value>287.588</gx:value>
<gx:value>286.7037</gx:value>
<gx:value>297.69617</gx:value>
<gx:value>308.80063</gx:value>
<gx:value>321.6533</gx:value>
<gx:value>324.82333</gx:value>
<gx:value>338.58615</gx:value>
<gx:value>333.95273</gx:value>
<gx:value>345.35284</gx:value>
<gx:value>351.71823</gx:value>
<gx:value>353.96912</gx:value>
<gx:value>326.64676</gx:value>
<gx:value>295.11093</gx:value>
<gx:value>290.27103</gx:value>
<gx:value>278.49652</gx:value>
<gx:value>275.18958</gx:value>
<gx:value>255.87793</gx:value>
<gx:value>248.85512</gx:value>
<gx:value>252.74348</gx:value>
<gx:value>259.8674</gx:value>
<gx:value>265.72696</gx:value>
<gx:value>281.018</gx:value>
<gx:value>289.891</gx:value>
<gx:value>298.86588</gx:value>
<gx:value>310.5617</gx:value>
<gx:value>323.9503</gx:value>
<gx:value>318.06204</gx:value>
<gx:value>315.37158</gx:value>
<gx:value>323.32278</gx:value>
<gx:value>323.31186</gx:value>
<gx:value>322.4788</gx:value>
<gx:value>323.58746</gx:value>
<gx:value>342.60352</gx:value>
<gx:value>324.29816</gx:value>
<gx:value>298.98364</gx:value>
<gx:value>301.8733</gx:value>
<gx:value>78.751495</gx:value>
<gx:value></gx:value>
<gx:value></gx:value>
<gx:value>22.286343</gx:value>
<gx:value>52.9233</gx:value>
<gx:value></gx:value>
<gx:value></gx:value>
<gx:value></gx:value>
<gx:value></gx:value>
<gx:value></gx:value>
<gx:value></gx:value>
<gx:value></gx:value>
<gx:value></gx:value>
<gx:value></gx:value>
<gx:value></gx:value>
<gx:value></gx:value>
<gx:value></gx:value>
<gx:value></gx:value>
<gx:value></gx:value>
<gx:value></gx:value>
<gx:value></gx:value>
<gx:value></gx:value>
<gx:value></gx:value>
<gx:value></gx:value>
<gx:value></gx:value>
<gx:value></gx:value>
<gx:value></gx:value>
<gx:value></gx:value>
<gx:value></gx:value>
<gx:value></gx:value>
<gx:value></gx:value>
<gx:value></gx:value>
<gx:value></gx:value>
<gx:value></gx:value>
<gx:value></gx:value>
<gx:value></gx:value>
<gx:value></gx:value>
<gx:value></gx:value>
<gx:value></gx:value>
<gx:value></gx:value>
<gx:value></gx:value>
<gx:value></gx:value>
<gx:value></gx:value>
<gx:value></gx:value>
<gx:value>249.97835</gx:value>
<gx:value>239.1783</gx:value>
<gx:value>238.68149</gx:value>
<gx:value>25.058556</gx:value>
<gx:value>25.26085</gx:value>
<gx:value>37.243412</gx:value>
<gx:value>263.99634</gx:value>
<gx:value>243.16396</gx:value>
<gx:value>46.911198</gx:value>
<gx:value>110.141556</gx:value>
<gx:value>142.86732</gx:value>
<gx:value>144.69313</gx:value>
<gx:value>139.01706</gx:value>
<gx:value></gx:value>
<gx:value></gx:value>
<gx:value></gx:value>
<gx:value></gx:value>
<gx:value></gx:value>
<gx:value></gx:value>
<gx:value></gx:value>
<gx:value></gx:value>
<gx:value>89.99908</gx:value>
<gx:value>12.46672</gx:value>
<gx:value></gx:value>
<gx:value></gx:value>
<gx:value></gx:value>
<gx:value></gx:value>
<gx:value>238.33003</gx:value>
<gx:value>185.65808</gx:value>
<gx:value>105.52956</gx:value>
<gx:value>135.3496</gx:value>
<gx:value></gx:value>
<gx:value></gx:value>
<gx:value></gx:value>
<gx:value></gx:value>
<gx:value>252.59451</gx:value>
<gx:value>261.52365</gx:value>
<gx:value>261.93506</gx:value>
<gx:value>300.06506</gx:value>
<gx:value>311.06445</gx:value>
<gx:value>304.65198</gx:value>
<gx:value>283.2302</gx:value>
<gx:value>336.20392</gx:value>
<gx:value>53.250942</gx:value>
<gx:value>75.89886</gx:value>
<gx:value>252.25082</gx:value>
<gx:value>258.0409</gx:value>
<gx:value>271.42114</gx:value>
</gx:SimpleArrayData>
</SchemaData>
</ExtendedData>
</gx:Track>
</gx:MultiTrack>
</Placemark>
<Placemark>
<name><![CDATA[Ruta de la señora Alejandrina(Fin)]]></name>
<description><![CDATA[Created by My Tracks on Android

Name: Ruta de la señora Alejandrina
Description: Ruta en mojompata 2
Activity type: Excursion
Total distance: 4,20km
Total time: 03:45:22
Moving time: 02:47:23
Average speed: 1,12km/h
Average moving speed: 1,50km/h
Max speed: 7,16km/h
Average pace: -
Average moving pace: -
Fastest pace: 8'22"/km
Max elevation: 3300 m
Min elevation: 3271 m
Elevation gain: 101 m
Max grade: 
Min grade:
Recorded: 2025-02-05 08:08:38]]></description>
<TimeStamp><when>2025-02-05T16:42:07.572Z</when></TimeStamp>
<styleUrl>#end</styleUrl>
<Point>
<coordinates>-71.895386,-13.546869,3270.8</coordinates>
</Point>
</Placemark>
</Folder>
</Document>
</kml>