<?xml version="1.0" encoding="UTF-8"?>
<kml xmlns="http://www.opengis.net/kml/2.2"
xmlns:gx="http://www.google.com/kml/ext/2.2"
xmlns:atom="http://www.w3.org/2005/Atom">
<Document>
<open>1</open>
<visibility>1</visibility>
<name><![CDATA[Ruta de la sra Irene]]></name>
<description><![CDATA[]]></description>
<routetype>10</routetype>
<atom:author><atom:name><![CDATA[Created by My Tracks from Daniel Qin]]></atom:name></atom:author>
<Style id="track">
<LineStyle><color>7f0000ff</color><width>4</width></LineStyle>
<IconStyle>
<scale>1.3</scale>
<Icon><href>https://earth.google.com/images/kml-icons/track-directional/track-0.png</href></Icon>
</IconStyle>
</Style>
<Style id="start"><IconStyle>
<scale>1.3</scale>
<Icon><href>https://maps.google.com/mapfiles/kml/paddle/grn-circle.png</href></Icon>
<hotSpot x="32" y="1" xunits="pixels" yunits="pixels"/>
</IconStyle></Style>
<Style id="end"><IconStyle>
<scale>1.3</scale>
<Icon><href>https://maps.google.com/mapfiles/kml/paddle/red-circle.png</href></Icon>
<hotSpot x="32" y="1" xunits="pixels" yunits="pixels"/>
</IconStyle></Style>
<Style id="statistics"><IconStyle>
<scale>1.3</scale>
<Icon><href>https://maps.google.com/mapfiles/kml/pushpin/ylw-pushpin.png</href></Icon>
<hotSpot x="20" y="2" xunits="pixels" yunits="pixels"/>
</IconStyle></Style>
<Style id="waypoint"><IconStyle>
<scale>1.3</scale>
<Icon><href>https://maps.google.com/mapfiles/kml/pushpin/blue-pushpin.png</href></Icon>
<hotSpot x="20" y="2" xunits="pixels" yunits="pixels"/>
</IconStyle></Style>
<Schema id="schema">
<gx:SimpleArrayField name="power" type="int">
<displayName><![CDATA[Power (W)]]></displayName>
</gx:SimpleArrayField>
<gx:SimpleArrayField name="cadence" type="int">
<displayName><![CDATA[Cadence (rpm)]]></displayName>
</gx:SimpleArrayField>
<gx:SimpleArrayField name="heart_rate" type="int">
<displayName><![CDATA[Heart rate (bpm)]]></displayName>
</gx:SimpleArrayField>
</Schema>
<Folder><name><![CDATA[Rutas]]></name>
<open>1</open>
<Placemark>
<name><![CDATA[comienzo]]></name>
<description><![CDATA[]]></description>
<TimeStamp><when>2025-02-07T12:43:50.609Z</when></TimeStamp>
<styleUrl>#start</styleUrl>
<Point>
<coordinates>-71.90493,-13.538175,3291.6</coordinates>
</Point>
</Placemark>
<Placemark id="tour">
<name><![CDATA[Ruta de la sra Irene]]></name>
<description></description>
<styleUrl>#track</styleUrl>
<gx:MultiTrack>
<altitudeMode>absolute</altitudeMode>
<gx:interpolate>0</gx:interpolate>
<gx:Track>
<when>2025-02-07T12:43:50.609Z</when>
<when>2025-02-07T12:43:52.046Z</when>
<when>2025-02-07T12:43:53.046Z</when>
<when>2025-02-07T12:43:54.047Z</when>
<when>2025-02-07T12:43:55.046Z</when>
<when>2025-02-07T12:43:56.046Z</when>
<when>2025-02-07T12:43:57.046Z</when>
<when>2025-02-07T12:43:58.046Z</when>
<when>2025-02-07T12:43:59.047Z</when>
<when>2025-02-07T12:44:00.045Z</when>
<when>2025-02-07T12:44:01.046Z</when>
<when>2025-02-07T12:44:02.046Z</when>
<when>2025-02-07T12:44:03.047Z</when>
<when>2025-02-07T12:44:06.206Z</when>
<when>2025-02-07T12:44:08.925Z</when>
<when>2025-02-07T12:44:12.033Z</when>
<when>2025-02-07T12:44:14.987Z</when>
<when>2025-02-07T12:44:19.045Z</when>
<when>2025-02-07T12:44:22.059Z</when>
<when>2025-02-07T12:44:25.041Z</when>
<when>2025-02-07T12:44:28.046Z</when>
<when>2025-02-07T12:44:31.124Z</when>
<when>2025-02-07T12:44:34.112Z</when>
<when>2025-02-07T12:44:37.127Z</when>
<when>2025-02-07T12:44:40.136Z</when>
<when>2025-02-07T12:44:43.046Z</when>
<when>2025-02-07T12:44:45.967Z</when>
<when>2025-02-07T12:44:49.126Z</when>
<when>2025-02-07T12:44:52.122Z</when>
<when>2025-02-07T12:44:54.848Z</when>
<when>2025-02-07T12:44:58.133Z</when>
<when>2025-02-07T12:45:01.046Z</when>
<when>2025-02-07T12:45:04.046Z</when>
<when>2025-02-07T12:45:07.045Z</when>
<when>2025-02-07T12:45:10.046Z</when>
<when>2025-02-07T12:45:13.046Z</when>
<when>2025-02-07T12:45:16.044Z</when>
<when>2025-02-07T12:45:19.045Z</when>
<when>2025-02-07T12:45:21.885Z</when>
<when>2025-02-07T12:45:24.913Z</when>
<when>2025-02-07T12:45:28.028Z</when>
<when>2025-02-07T12:45:31.044Z</when>
<when>2025-02-07T12:45:33.834Z</when>
<when>2025-02-07T12:45:36.908Z</when>
<when>2025-02-07T12:45:40.112Z</when>
<when>2025-02-07T12:45:43.046Z</when>
<when>2025-02-07T12:45:46.121Z</when>
<when>2025-02-07T12:45:48.893Z</when>
<when>2025-02-07T12:45:52.134Z</when>
<when>2025-02-07T12:45:55.118Z</when>
<when>2025-02-07T12:45:57.847Z</when>
<when>2025-02-07T12:46:00.901Z</when>
<when>2025-02-07T12:46:03.993Z</when>
<when>2025-02-07T12:46:10.082Z</when>
<when>2025-02-07T12:46:13.045Z</when>
<when>2025-02-07T12:46:16.125Z</when>
<when>2025-02-07T12:46:19.123Z</when>
<when>2025-02-07T12:46:21.847Z</when>
<when>2025-02-07T12:46:25.121Z</when>
<when>2025-02-07T12:46:28.045Z</when>
<when>2025-02-07T12:46:30.914Z</when>
<when>2025-02-07T12:46:34.045Z</when>
<when>2025-02-07T12:46:37.045Z</when>
<when>2025-02-07T12:46:40.129Z</when>
<when>2025-02-07T12:46:43.116Z</when>
<when>2025-02-07T12:46:45.887Z</when>
<when>2025-02-07T12:46:48.810Z</when>
<when>2025-02-07T12:46:51.650Z</when>
<when>2025-02-07T12:46:55.122Z</when>
<when>2025-02-07T12:46:58.045Z</when>
<when>2025-02-07T12:47:01.128Z</when>
<when>2025-02-07T12:47:04.046Z</when>
<when>2025-02-07T12:47:07.077Z</when>
<when>2025-02-07T12:47:10.120Z</when>
<when>2025-02-07T12:47:13.045Z</when>
<when>2025-02-07T12:47:16.119Z</when>
<when>2025-02-07T12:47:18.877Z</when>
<when>2025-02-07T12:47:21.936Z</when>
<when>2025-02-07T12:47:24.722Z</when>
<when>2025-02-07T12:47:27.632Z</when>
<when>2025-02-07T12:47:31.144Z</when>
<when>2025-02-07T12:47:34.045Z</when>
<when>2025-02-07T12:47:37.072Z</when>
<when>2025-02-07T12:47:40.045Z</when>
<when>2025-02-07T12:47:43.044Z</when>
<when>2025-02-07T12:47:46.194Z</when>
<when>2025-02-07T12:47:49.045Z</when>
<when>2025-02-07T12:47:52.192Z</when>
<when>2025-02-07T12:47:55.045Z</when>
<when>2025-02-07T12:47:58.043Z</when>
<when>2025-02-07T12:48:01.044Z</when>
<when>2025-02-07T12:48:04.044Z</when>
<when>2025-02-07T12:48:07.120Z</when>
<when>2025-02-07T12:48:10.045Z</when>
<when>2025-02-07T12:48:13.120Z</when>
<when>2025-02-07T12:48:16.122Z</when>
<when>2025-02-07T12:48:19.045Z</when>
<when>2025-02-07T12:48:21.887Z</when>
<when>2025-02-07T12:48:25.009Z</when>
<when>2025-02-07T12:48:28.148Z</when>
<when>2025-02-07T12:48:31.139Z</when>
<when>2025-02-07T12:48:34.106Z</when>
<when>2025-02-07T12:48:37.120Z</when>
<when>2025-02-07T12:48:40.044Z</when>
<when>2025-02-07T12:48:43.143Z</when>
<when>2025-02-07T12:48:46.045Z</when>
<when>2025-02-07T12:48:49.044Z</when>
<when>2025-02-07T12:48:52.116Z</when>
<when>2025-02-07T12:48:55.117Z</when>
<when>2025-02-07T12:48:58.747Z</when>
<when>2025-02-07T12:49:04.045Z</when>
<when>2025-02-07T12:49:07.135Z</when>
<when>2025-02-07T12:49:10.117Z</when>
<when>2025-02-07T12:49:12.935Z</when>
<when>2025-02-07T12:49:16.116Z</when>
<when>2025-02-07T12:49:19.044Z</when>
<when>2025-02-07T12:49:22.126Z</when>
<when>2025-02-07T12:49:25.092Z</when>
<when>2025-02-07T12:49:27.810Z</when>
<when>2025-02-07T12:49:31.137Z</when>
<when>2025-02-07T12:49:34.045Z</when>
<when>2025-02-07T12:49:37.129Z</when>
<when>2025-02-07T12:49:40.044Z</when>
<when>2025-02-07T12:49:41.731Z</when>
<when>2025-02-07T12:49:43.045Z</when>
<when>2025-02-07T12:49:44.044Z</when>
<when>2025-02-07T12:49:45.044Z</when>
<when>2025-02-07T12:49:46.043Z</when>
<when>2025-02-07T12:49:47.044Z</when>
<when>2025-02-07T12:49:48.044Z</when>
<when>2025-02-07T12:49:49.043Z</when>
<when>2025-02-07T12:49:50.043Z</when>
<when>2025-02-07T12:49:51.045Z</when>
<when>2025-02-07T12:49:55.045Z</when>
<when>2025-02-07T12:49:58.046Z</when>
<when>2025-02-07T12:50:01.046Z</when>
<when>2025-02-07T12:50:04.046Z</when>
<when>2025-02-07T12:50:06.878Z</when>
<when>2025-02-07T12:50:09.657Z</when>
<when>2025-02-07T12:50:13.044Z</when>
<when>2025-02-07T12:50:16.045Z</when>
<when>2025-02-07T12:50:19.045Z</when>
<when>2025-02-07T12:50:22.045Z</when>
<when>2025-02-07T12:50:25.046Z</when>
<when>2025-02-07T12:50:28.045Z</when>
<when>2025-02-07T12:50:31.045Z</when>
<when>2025-02-07T12:50:34.192Z</when>
<when>2025-02-07T12:50:37.045Z</when>
<when>2025-02-07T12:50:40.435Z</when>
<when>2025-02-07T12:50:45.036Z</when>
<when>2025-02-07T12:50:47.872Z</when>
<when>2025-02-07T12:50:52.045Z</when>
<when>2025-02-07T12:50:55.045Z</when>
<when>2025-02-07T12:50:58.045Z</when>
<when>2025-02-07T12:51:01.046Z</when>
<when>2025-02-07T12:51:04.044Z</when>
<when>2025-02-07T12:51:07.045Z</when>
<when>2025-02-07T12:51:10.044Z</when>
<when>2025-02-07T12:51:13.044Z</when>
<when>2025-02-07T12:51:16.045Z</when>
<when>2025-02-07T12:51:18.862Z</when>
<when>2025-02-07T12:51:22.045Z</when>
<when>2025-02-07T12:51:25.117Z</when>
<when>2025-02-07T12:51:28.138Z</when>
<when>2025-02-07T12:51:31.081Z</when>
<when>2025-02-07T12:51:34.117Z</when>
<when>2025-02-07T12:51:37.045Z</when>
<when>2025-02-07T12:51:40.132Z</when>
<when>2025-02-07T12:51:43.117Z</when>
<when>2025-02-07T12:51:46.044Z</when>
<when>2025-02-07T12:51:49.124Z</when>
<when>2025-02-07T12:51:52.045Z</when>
<when>2025-02-07T12:51:55.116Z</when>
<when>2025-02-07T12:51:58.070Z</when>
<when>2025-02-07T12:52:01.045Z</when>
<when>2025-02-07T12:52:04.129Z</when>
<when>2025-02-07T12:52:07.140Z</when>
<when>2025-02-07T12:52:09.853Z</when>
<when>2025-02-07T12:52:13.073Z</when>
<when>2025-02-07T12:52:16.037Z</when>
<when>2025-02-07T12:52:19.116Z</when>
<when>2025-02-07T12:52:22.185Z</when>
<when>2025-02-07T12:52:25.045Z</when>
<when>2025-02-07T12:52:28.181Z</when>
<when>2025-02-07T12:52:31.044Z</when>
<when>2025-02-07T12:52:34.116Z</when>
<when>2025-02-07T12:52:37.044Z</when>
<when>2025-02-07T12:52:39.965Z</when>
<when>2025-02-07T12:52:43.045Z</when>
<when>2025-02-07T12:52:46.045Z</when>
<when>2025-02-07T12:52:49.044Z</when>
<when>2025-02-07T12:52:52.045Z</when>
<when>2025-02-07T12:52:55.045Z</when>
<when>2025-02-07T12:52:58.045Z</when>
<when>2025-02-07T12:53:01.044Z</when>
<when>2025-02-07T12:53:04.045Z</when>
<when>2025-02-07T12:53:07.044Z</when>
<when>2025-02-07T12:53:10.044Z</when>
<when>2025-02-07T12:53:13.045Z</when>
<when>2025-02-07T12:53:16.045Z</when>
<when>2025-02-07T12:53:19.044Z</when>
<when>2025-02-07T12:53:21.991Z</when>
<when>2025-02-07T12:53:25.055Z</when>
<when>2025-02-07T12:53:28.002Z</when>
<when>2025-02-07T12:53:31.063Z</when>
<when>2025-02-07T12:53:33.822Z</when>
<when>2025-02-07T12:53:37.122Z</when>
<when>2025-02-07T12:53:40.045Z</when>
<when>2025-02-07T12:53:43.122Z</when>
<when>2025-02-07T12:53:46.118Z</when>
<when>2025-02-07T12:53:49.045Z</when>
<when>2025-02-07T12:53:52.045Z</when>
<when>2025-02-07T12:53:55.117Z</when>
<when>2025-02-07T12:53:58.118Z</when>
<when>2025-02-07T12:54:01.045Z</when>
<when>2025-02-07T12:54:04.123Z</when>
<when>2025-02-07T12:54:07.118Z</when>
<when>2025-02-07T12:54:10.043Z</when>
<when>2025-02-07T12:54:13.045Z</when>
<when>2025-02-07T12:54:16.044Z</when>
<when>2025-02-07T12:54:18.986Z</when>
<when>2025-02-07T12:54:21.959Z</when>
<when>2025-02-07T12:54:24.762Z</when>
<when>2025-02-07T12:54:27.560Z</when>
<when>2025-02-07T12:54:31.079Z</when>
<when>2025-02-07T12:54:34.035Z</when>
<when>2025-02-07T12:54:36.793Z</when>
<when>2025-02-07T12:54:40.044Z</when>
<when>2025-02-07T12:54:43.044Z</when>
<when>2025-02-07T12:54:46.045Z</when>
<when>2025-02-07T12:54:49.044Z</when>
<when>2025-02-07T12:54:52.045Z</when>
<when>2025-02-07T12:54:55.045Z</when>
<when>2025-02-07T12:54:57.964Z</when>
<when>2025-02-07T12:55:00.977Z</when>
<when>2025-02-07T12:55:04.045Z</when>
<when>2025-02-07T12:55:07.045Z</when>
<when>2025-02-07T12:55:10.044Z</when>
<when>2025-02-07T12:55:13.044Z</when>
<when>2025-02-07T12:55:16.044Z</when>
<when>2025-02-07T12:55:19.045Z</when>
<when>2025-02-07T12:55:22.045Z</when>
<when>2025-02-07T12:55:25.044Z</when>
<when>2025-02-07T12:55:28.045Z</when>
<when>2025-02-07T12:55:31.045Z</when>
<when>2025-02-07T12:55:34.044Z</when>
<when>2025-02-07T12:55:37.044Z</when>
<when>2025-02-07T12:55:40.044Z</when>
<when>2025-02-07T12:55:43.044Z</when>
<when>2025-02-07T12:55:46.044Z</when>
<when>2025-02-07T12:55:49.044Z</when>
<when>2025-02-07T12:55:52.045Z</when>
<when>2025-02-07T12:55:55.044Z</when>
<when>2025-02-07T12:55:57.774Z</when>
<when>2025-02-07T12:56:00.715Z</when>
<when>2025-02-07T12:56:03.439Z</when>
<when>2025-02-07T12:56:06.436Z</when>
<when>2025-02-07T12:56:09.483Z</when>
<when>2025-02-07T12:56:13.045Z</when>
<when>2025-02-07T12:56:15.796Z</when>
<when>2025-02-07T12:56:19.044Z</when>
<when>2025-02-07T12:56:22.045Z</when>
<when>2025-02-07T12:56:24.880Z</when>
<when>2025-02-07T12:56:28.045Z</when>
<when>2025-02-07T12:56:31.043Z</when>
<when>2025-02-07T12:56:34.044Z</when>
<when>2025-02-07T12:56:37.039Z</when>
<when>2025-02-07T12:56:40.058Z</when>
<when>2025-02-07T12:56:42.922Z</when>
<when>2025-02-07T12:56:46.045Z</when>
<when>2025-02-07T12:56:49.044Z</when>
<when>2025-02-07T12:56:51.879Z</when>
<when>2025-02-07T12:56:55.045Z</when>
<when>2025-02-07T12:56:58.045Z</when>
<when>2025-02-07T12:57:01.045Z</when>
<when>2025-02-07T12:57:04.044Z</when>
<when>2025-02-07T12:57:07.045Z</when>
<when>2025-02-07T12:57:10.044Z</when>
<when>2025-02-07T12:57:13.044Z</when>
<when>2025-02-07T12:57:16.045Z</when>
<when>2025-02-07T12:57:19.045Z</when>
<when>2025-02-07T12:57:22.044Z</when>
<when>2025-02-07T12:57:25.044Z</when>
<when>2025-02-07T12:57:28.042Z</when>
<when>2025-02-07T12:57:31.044Z</when>
<when>2025-02-07T12:57:34.043Z</when>
<when>2025-02-07T12:57:37.044Z</when>
<when>2025-02-07T12:57:40.043Z</when>
<when>2025-02-07T12:57:43.044Z</when>
<when>2025-02-07T12:57:46.043Z</when>
<when>2025-02-07T12:57:49.044Z</when>
<when>2025-02-07T12:57:51.747Z</when>
<when>2025-02-07T12:57:55.119Z</when>
<when>2025-02-07T12:57:58.044Z</when>
<when>2025-02-07T12:58:02.773Z</when>
<when>2025-02-07T12:58:07.043Z</when>
<when>2025-02-07T12:58:10.126Z</when>
<when>2025-02-07T12:58:13.145Z</when>
<when>2025-02-07T12:58:16.090Z</when>
<when>2025-02-07T12:58:19.215Z</when>
<when>2025-02-07T12:58:22.043Z</when>
<when>2025-02-07T12:58:25.044Z</when>
<when>2025-02-07T12:58:28.044Z</when>
<when>2025-02-07T12:58:31.044Z</when>
<when>2025-02-07T12:58:34.044Z</when>
<when>2025-02-07T12:58:37.043Z</when>
<when>2025-02-07T12:58:40.044Z</when>
<when>2025-02-07T12:58:43.126Z</when>
<when>2025-02-07T12:58:46.055Z</when>
<when>2025-02-07T12:58:49.129Z</when>
<when>2025-02-07T12:58:52.044Z</when>
<when>2025-02-07T12:58:54.800Z</when>
<when>2025-02-07T12:58:58.062Z</when>
<when>2025-02-07T12:59:01.043Z</when>
<when>2025-02-07T12:59:04.044Z</when>
<when>2025-02-07T12:59:07.044Z</when>
<when>2025-02-07T12:59:10.044Z</when>
<when>2025-02-07T12:59:12.813Z</when>
<when>2025-02-07T12:59:16.063Z</when>
<when>2025-02-07T12:59:19.044Z</when>
<when>2025-02-07T12:59:22.043Z</when>
<when>2025-02-07T12:59:25.044Z</when>
<when>2025-02-07T12:59:28.106Z</when>
<when>2025-02-07T12:59:30.812Z</when>
<when>2025-02-07T12:59:34.059Z</when>
<when>2025-02-07T12:59:37.049Z</when>
<when>2025-02-07T12:59:40.042Z</when>
<when>2025-02-07T12:59:42.913Z</when>
<when>2025-02-07T12:59:46.043Z</when>
<when>2025-02-07T12:59:48.781Z</when>
<when>2025-02-07T12:59:52.017Z</when>
<when>2025-02-07T12:59:54.999Z</when>
<when>2025-02-07T12:59:58.043Z</when>
<when>2025-02-07T13:00:00.935Z</when>
<when>2025-02-07T13:00:04.042Z</when>
<when>2025-02-07T13:00:06.937Z</when>
<when>2025-02-07T13:00:09.739Z</when>
<when>2025-02-07T13:00:12.579Z</when>
<when>2025-02-07T13:00:15.875Z</when>
<when>2025-02-07T13:00:18.835Z</when>
<when>2025-02-07T13:00:22.112Z</when>
<when>2025-02-07T13:00:25.121Z</when>
<when>2025-02-07T13:00:28.123Z</when>
<when>2025-02-07T13:00:31.044Z</when>
<when>2025-02-07T13:00:34.120Z</when>
<when>2025-02-07T13:00:37.044Z</when>
<when>2025-02-07T13:00:40.092Z</when>
<when>2025-02-07T13:00:43.136Z</when>
<when>2025-02-07T13:00:46.043Z</when>
<when>2025-02-07T13:00:49.118Z</when>
<when>2025-02-07T13:00:52.043Z</when>
<when>2025-02-07T13:00:55.056Z</when>
<when>2025-02-07T13:00:58.045Z</when>
<when>2025-02-07T13:01:01.045Z</when>
<when>2025-02-07T13:01:04.063Z</when>
<when>2025-02-07T13:01:07.042Z</when>
<when>2025-02-07T13:01:10.043Z</when>
<when>2025-02-07T13:01:13.044Z</when>
<when>2025-02-07T13:01:16.043Z</when>
<when>2025-02-07T13:01:19.043Z</when>
<when>2025-02-07T13:01:22.042Z</when>
<when>2025-02-07T13:01:25.044Z</when>
<when>2025-02-07T13:01:28.043Z</when>
<when>2025-02-07T13:01:31.043Z</when>
<when>2025-02-07T13:01:34.043Z</when>
<when>2025-02-07T13:01:37.043Z</when>
<when>2025-02-07T13:01:40.044Z</when>
<when>2025-02-07T13:01:43.043Z</when>
<when>2025-02-07T13:01:46.043Z</when>
<when>2025-02-07T13:01:49.044Z</when>
<when>2025-02-07T13:01:52.044Z</when>
<when>2025-02-07T13:01:55.044Z</when>
<when>2025-02-07T13:01:58.043Z</when>
<when>2025-02-07T13:02:01.043Z</when>
<when>2025-02-07T13:02:04.043Z</when>
<when>2025-02-07T13:02:07.044Z</when>
<when>2025-02-07T13:02:10.044Z</when>
<when>2025-02-07T13:02:13.044Z</when>
<when>2025-02-07T13:02:16.043Z</when>
<when>2025-02-07T13:02:19.044Z</when>
<when>2025-02-07T13:02:22.043Z</when>
<when>2025-02-07T13:02:25.043Z</when>
<when>2025-02-07T13:02:28.044Z</when>
<when>2025-02-07T13:02:31.043Z</when>
<when>2025-02-07T13:02:34.043Z</when>
<when>2025-02-07T13:02:37.043Z</when>
<when>2025-02-07T13:02:40.043Z</when>
<when>2025-02-07T13:02:43.043Z</when>
<when>2025-02-07T13:02:46.043Z</when>
<when>2025-02-07T13:02:49.044Z</when>
<when>2025-02-07T13:02:52.044Z</when>
<when>2025-02-07T13:02:55.045Z</when>
<when>2025-02-07T13:02:58.146Z</when>
<when>2025-02-07T13:03:01.130Z</when>
<when>2025-02-07T13:03:04.044Z</when>
<when>2025-02-07T13:03:07.114Z</when>
<when>2025-02-07T13:03:10.044Z</when>
<when>2025-02-07T13:03:13.044Z</when>
<when>2025-02-07T13:03:15.981Z</when>
<when>2025-02-07T13:03:19.043Z</when>
<when>2025-02-07T13:03:22.001Z</when>
<when>2025-02-07T13:03:25.044Z</when>
<when>2025-02-07T13:03:28.043Z</when>
<when>2025-02-07T13:03:31.044Z</when>
<when>2025-02-07T13:03:34.043Z</when>
<when>2025-02-07T13:03:37.043Z</when>
<when>2025-02-07T13:03:40.125Z</when>
<when>2025-02-07T13:03:42.915Z</when>
<when>2025-02-07T13:03:46.109Z</when>
<when>2025-02-07T13:03:49.043Z</when>
<when>2025-02-07T13:03:52.107Z</when>
<when>2025-02-07T13:03:55.042Z</when>
<when>2025-02-07T13:03:58.042Z</when>
<when>2025-02-07T13:04:01.113Z</when>
<when>2025-02-07T13:04:04.043Z</when>
<when>2025-02-07T13:04:07.120Z</when>
<when>2025-02-07T13:04:10.115Z</when>
<when>2025-02-07T13:04:13.042Z</when>
<when>2025-02-07T13:04:16.144Z</when>
<when>2025-02-07T13:04:19.114Z</when>
<when>2025-02-07T13:04:21.898Z</when>
<when>2025-02-07T13:04:25.137Z</when>
<when>2025-02-07T13:04:27.857Z</when>
<when>2025-02-07T13:04:31.116Z</when>
<when>2025-02-07T13:04:34.131Z</when>
<when>2025-02-07T13:04:37.043Z</when>
<when>2025-02-07T13:04:40.042Z</when>
<when>2025-02-07T13:04:42.771Z</when>
<when>2025-02-07T13:04:45.619Z</when>
<when>2025-02-07T13:04:49.042Z</when>
<when>2025-02-07T13:04:52.042Z</when>
<when>2025-02-07T13:04:54.913Z</when>
<when>2025-02-07T13:04:57.936Z</when>
<when>2025-02-07T13:05:00.738Z</when>
<when>2025-02-07T13:05:04.042Z</when>
<when>2025-02-07T13:05:06.773Z</when>
<when>2025-02-07T13:05:10.086Z</when>
<when>2025-02-07T13:05:13.043Z</when>
<when>2025-02-07T13:05:15.948Z</when>
<when>2025-02-07T13:05:19.124Z</when>
<when>2025-02-07T13:05:22.042Z</when>
<when>2025-02-07T13:05:25.142Z</when>
<when>2025-02-07T13:05:28.141Z</when>
<when>2025-02-07T13:05:31.043Z</when>
<when>2025-02-07T13:05:34.117Z</when>
<when>2025-02-07T13:05:37.132Z</when>
<when>2025-02-07T13:05:39.894Z</when>
<when>2025-02-07T13:05:43.117Z</when>
<when>2025-02-07T13:05:46.043Z</when>
<when>2025-02-07T13:05:49.120Z</when>
<when>2025-02-07T13:05:52.042Z</when>
<when>2025-02-07T13:05:55.042Z</when>
<when>2025-02-07T13:05:58.111Z</when>
<when>2025-02-07T13:06:01.136Z</when>
<when>2025-02-07T13:06:03.948Z</when>
<when>2025-02-07T13:06:07.126Z</when>
<when>2025-02-07T13:06:10.043Z</when>
<when>2025-02-07T13:06:13.110Z</when>
<when>2025-02-07T13:06:16.126Z</when>
<when>2025-02-07T13:06:19.060Z</when>
<when>2025-02-07T13:06:22.060Z</when>
<when>2025-02-07T13:06:25.041Z</when>
<when>2025-02-07T13:06:28.134Z</when>
<when>2025-02-07T13:06:31.106Z</when>
<when>2025-02-07T13:06:34.042Z</when>
<when>2025-02-07T13:06:37.120Z</when>
<when>2025-02-07T13:06:39.899Z</when>
<when>2025-02-07T13:06:43.109Z</when>
<when>2025-02-07T13:06:46.124Z</when>
<when>2025-02-07T13:06:49.042Z</when>
<when>2025-02-07T13:06:52.115Z</when>
<when>2025-02-07T13:06:55.056Z</when>
<when>2025-02-07T13:06:58.114Z</when>
<when>2025-02-07T13:07:00.885Z</when>
<when>2025-02-07T13:07:03.621Z</when>
<when>2025-02-07T13:07:07.104Z</when>
<when>2025-02-07T13:07:10.064Z</when>
<when>2025-02-07T13:07:13.130Z</when>
<when>2025-02-07T13:07:16.117Z</when>
<when>2025-02-07T13:07:18.831Z</when>
<when>2025-02-07T13:07:22.124Z</when>
<when>2025-02-07T13:07:25.043Z</when>
<when>2025-02-07T13:07:28.130Z</when>
<when>2025-02-07T13:07:31.122Z</when>
<when>2025-02-07T13:07:34.042Z</when>
<when>2025-02-07T13:07:37.125Z</when>
<when>2025-02-07T13:07:40.124Z</when>
<when>2025-02-07T13:07:42.945Z</when>
<when>2025-02-07T13:07:46.142Z</when>
<when>2025-02-07T13:07:49.023Z</when>
<when>2025-02-07T13:07:52.114Z</when>
<when>2025-02-07T13:07:55.078Z</when>
<when>2025-02-07T13:07:57.781Z</when>
<when>2025-02-07T13:08:01.112Z</when>
<when>2025-02-07T13:08:04.043Z</when>
<when>2025-02-07T13:08:07.118Z</when>
<when>2025-02-07T13:08:10.123Z</when>
<when>2025-02-07T13:08:13.042Z</when>
<when>2025-02-07T13:08:15.856Z</when>
<when>2025-02-07T13:08:18.635Z</when>
<when>2025-02-07T13:08:22.042Z</when>
<when>2025-02-07T13:08:24.878Z</when>
<when>2025-02-07T13:08:27.642Z</when>
<when>2025-02-07T13:08:31.043Z</when>
<when>2025-02-07T13:08:33.822Z</when>
<when>2025-02-07T13:08:36.859Z</when>
<when>2025-02-07T13:08:39.744Z</when>
<when>2025-02-07T13:08:43.042Z</when>
<when>2025-02-07T13:08:45.766Z</when>
<when>2025-02-07T13:08:48.901Z</when>
<when>2025-02-07T13:08:52.105Z</when>
<when>2025-02-07T13:08:54.851Z</when>
<when>2025-02-07T13:08:57.658Z</when>
<when>2025-02-07T13:09:01.122Z</when>
<when>2025-02-07T13:09:04.136Z</when>
<when>2025-02-07T13:09:07.042Z</when>
<when>2025-02-07T13:09:09.944Z</when>
<when>2025-02-07T13:09:13.135Z</when>
<when>2025-02-07T13:09:16.043Z</when>
<when>2025-02-07T13:09:19.114Z</when>
<when>2025-02-07T13:09:21.916Z</when>
<when>2025-02-07T13:09:25.129Z</when>
<when>2025-02-07T13:09:28.140Z</when>
<when>2025-02-07T13:09:34.127Z</when>
<when>2025-02-07T13:09:36.939Z</when>
<when>2025-02-07T13:09:40.117Z</when>
<when>2025-02-07T13:09:43.116Z</when>
<when>2025-02-07T13:09:45.988Z</when>
<when>2025-02-07T13:09:49.091Z</when>
<when>2025-02-07T13:09:52.036Z</when>
<when>2025-02-07T13:09:55.117Z</when>
<when>2025-02-07T13:09:58.124Z</when>
<when>2025-02-07T13:10:01.041Z</when>
<when>2025-02-07T13:10:04.111Z</when>
<when>2025-02-07T13:10:07.042Z</when>
<when>2025-02-07T13:10:10.042Z</when>
<when>2025-02-07T13:10:13.116Z</when>
<when>2025-02-07T13:10:16.042Z</when>
<when>2025-02-07T13:10:19.118Z</when>
<when>2025-02-07T13:10:22.042Z</when>
<when>2025-02-07T13:10:24.897Z</when>
<when>2025-02-07T13:10:29.116Z</when>
<when>2025-02-07T13:10:32.041Z</when>
<when>2025-02-07T13:10:35.110Z</when>
<when>2025-02-07T13:10:37.918Z</when>
<when>2025-02-07T13:10:41.112Z</when>
<when>2025-02-07T13:10:44.136Z</when>
<when>2025-02-07T13:10:47.042Z</when>
<when>2025-02-07T13:10:50.110Z</when>
<when>2025-02-07T13:10:53.041Z</when>
<when>2025-02-07T13:10:59.070Z</when>
<when>2025-02-07T13:11:01.879Z</when>
<when>2025-02-07T13:11:05.118Z</when>
<when>2025-02-07T13:11:08.116Z</when>
<when>2025-02-07T13:11:11.041Z</when>
<when>2025-02-07T13:11:14.137Z</when>
<when>2025-02-07T13:11:17.117Z</when>
<when>2025-02-07T13:11:20.041Z</when>
<when>2025-02-07T13:11:23.113Z</when>
<when>2025-02-07T13:11:26.042Z</when>
<when>2025-02-07T13:11:29.047Z</when>
<when>2025-02-07T13:11:32.129Z</when>
<when>2025-02-07T13:11:35.041Z</when>
<when>2025-02-07T13:11:38.050Z</when>
<when>2025-02-07T13:11:41.116Z</when>
<when>2025-02-07T13:11:43.846Z</when>
<when>2025-02-07T13:11:47.115Z</when>
<when>2025-02-07T13:11:50.042Z</when>
<when>2025-02-07T13:11:52.749Z</when>
<when>2025-02-07T13:11:56.105Z</when>
<when>2025-02-07T13:11:59.041Z</when>
<when>2025-02-07T13:12:02.124Z</when>
<when>2025-02-07T13:12:05.114Z</when>
<when>2025-02-07T13:12:08.117Z</when>
<when>2025-02-07T13:12:11.118Z</when>
<when>2025-02-07T13:12:14.041Z</when>
<when>2025-02-07T13:12:17.133Z</when>
<when>2025-02-07T13:12:20.124Z</when>
<when>2025-02-07T13:12:23.042Z</when>
<when>2025-02-07T13:12:26.124Z</when>
<when>2025-02-07T13:12:29.119Z</when>
<when>2025-02-07T13:12:31.921Z</when>
<when>2025-02-07T13:12:35.110Z</when>
<when>2025-02-07T13:12:38.019Z</when>
<when>2025-02-07T13:12:41.109Z</when>
<when>2025-02-07T13:12:44.042Z</when>
<when>2025-02-07T13:12:47.119Z</when>
<when>2025-02-07T13:12:50.012Z</when>
<when>2025-02-07T13:12:52.716Z</when>
<when>2025-02-07T13:12:56.113Z</when>
<when>2025-02-07T13:12:59.103Z</when>
<when>2025-02-07T13:13:02.103Z</when>
<when>2025-02-07T13:13:05.122Z</when>
<when>2025-02-07T13:13:08.014Z</when>
<when>2025-02-07T13:13:11.120Z</when>
<when>2025-02-07T13:13:14.122Z</when>
<when>2025-02-07T13:13:17.041Z</when>
<when>2025-02-07T13:13:20.123Z</when>
<when>2025-02-07T13:13:23.042Z</when>
<when>2025-02-07T13:13:26.122Z</when>
<when>2025-02-07T13:13:29.116Z</when>
<when>2025-02-07T13:13:31.975Z</when>
<when>2025-02-07T13:13:35.138Z</when>
<when>2025-02-07T13:13:38.042Z</when>
<when>2025-02-07T13:13:41.077Z</when>
<when>2025-02-07T13:13:44.196Z</when>
<when>2025-02-07T13:13:47.041Z</when>
<when>2025-02-07T13:13:50.101Z</when>
<when>2025-02-07T13:13:53.117Z</when>
<when>2025-02-07T13:13:55.898Z</when>
<when>2025-02-07T13:13:59.125Z</when>
<when>2025-02-07T13:14:02.041Z</when>
<when>2025-02-07T13:14:05.132Z</when>
<when>2025-02-07T13:14:08.111Z</when>
<when>2025-02-07T13:14:11.042Z</when>
<when>2025-02-07T13:14:14.116Z</when>
<when>2025-02-07T13:14:17.114Z</when>
<when>2025-02-07T13:14:20.073Z</when>
<when>2025-02-07T13:14:23.112Z</when>
<when>2025-02-07T13:14:26.041Z</when>
<when>2025-02-07T13:14:29.129Z</when>
<when>2025-02-07T13:14:32.119Z</when>
<when>2025-02-07T13:14:35.040Z</when>
<when>2025-02-07T13:14:38.132Z</when>
<when>2025-02-07T13:14:41.128Z</when>
<when>2025-02-07T13:14:44.076Z</when>
<when>2025-02-07T13:14:47.112Z</when>
<when>2025-02-07T13:14:50.041Z</when>
<when>2025-02-07T13:14:55.197Z</when>
<when>2025-02-07T13:14:58.255Z</when>
<when>2025-02-07T13:15:01.617Z</when>
<when>2025-02-07T13:15:05.021Z</when>
<when>2025-02-07T13:15:08.040Z</when>
<when>2025-02-07T13:15:11.042Z</when>
<when>2025-02-07T13:15:13.814Z</when>
<when>2025-02-07T13:15:17.041Z</when>
<when>2025-02-07T13:15:20.042Z</when>
<when>2025-02-07T13:15:23.042Z</when>
<when>2025-02-07T13:15:28.653Z</when>
<when>2025-02-07T13:15:31.687Z</when>
<when>2025-02-07T13:15:34.681Z</when>
<when>2025-02-07T13:15:37.640Z</when>
<when>2025-02-07T13:15:41.042Z</when>
<when>2025-02-07T13:15:44.042Z</when>
<when>2025-02-07T13:15:47.042Z</when>
<when>2025-02-07T13:15:50.042Z</when>
<when>2025-02-07T13:15:52.779Z</when>
<when>2025-02-07T13:15:55.739Z</when>
<when>2025-02-07T13:15:58.841Z</when>
<when>2025-02-07T13:16:01.807Z</when>
<when>2025-02-07T13:16:05.111Z</when>
<when>2025-02-07T13:16:08.041Z</when>
<when>2025-02-07T13:16:11.116Z</when>
<when>2025-02-07T13:16:14.041Z</when>
<when>2025-02-07T13:16:16.962Z</when>
<when>2025-02-07T13:16:19.699Z</when>
<when>2025-02-07T13:16:23.041Z</when>
<when>2025-02-07T13:16:26.076Z</when>
<when>2025-02-07T13:16:29.040Z</when>
<when>2025-02-07T13:16:32.113Z</when>
<when>2025-02-07T13:16:35.108Z</when>
<when>2025-02-07T13:16:38.034Z</when>
<when>2025-02-07T13:16:41.135Z</when>
<when>2025-02-07T13:16:44.123Z</when>
<when>2025-02-07T13:16:47.074Z</when>
<when>2025-02-07T13:16:50.116Z</when>
<when>2025-02-07T13:16:53.042Z</when>
<when>2025-02-07T13:16:56.103Z</when>
<when>2025-02-07T13:16:59.120Z</when>
<when>2025-02-07T13:17:02.041Z</when>
<when>2025-02-07T13:17:05.109Z</when>
<when>2025-02-07T13:17:08.123Z</when>
<when>2025-02-07T13:17:10.939Z</when>
<when>2025-02-07T13:17:14.114Z</when>
<when>2025-02-07T13:17:17.041Z</when>
<when>2025-02-07T13:17:20.110Z</when>
<when>2025-02-07T13:17:23.124Z</when>
<when>2025-02-07T13:17:26.040Z</when>
<when>2025-02-07T13:17:29.109Z</when>
<when>2025-02-07T13:17:32.002Z</when>
<when>2025-02-07T13:17:35.110Z</when>
<when>2025-02-07T13:17:38.118Z</when>
<when>2025-02-07T13:17:41.039Z</when>
<when>2025-02-07T13:17:44.136Z</when>
<when>2025-02-07T13:17:47.135Z</when>
<when>2025-02-07T13:17:50.074Z</when>
<when>2025-02-07T13:17:53.119Z</when>
<when>2025-02-07T13:17:56.040Z</when>
<when>2025-02-07T13:17:59.101Z</when>
<when>2025-02-07T13:18:02.117Z</when>
<when>2025-02-07T13:18:05.041Z</when>
<when>2025-02-07T13:18:08.120Z</when>
<when>2025-02-07T13:18:11.116Z</when>
<when>2025-02-07T13:18:14.113Z</when>
<when>2025-02-07T13:18:17.121Z</when>
<when>2025-02-07T13:18:20.041Z</when>
<when>2025-02-07T13:18:23.117Z</when>
<when>2025-02-07T13:18:26.111Z</when>
<when>2025-02-07T13:18:29.041Z</when>
<when>2025-02-07T13:18:32.111Z</when>
<when>2025-02-07T13:18:35.117Z</when>
<when>2025-02-07T13:18:37.841Z</when>
<when>2025-02-07T13:18:41.119Z</when>
<when>2025-02-07T13:18:44.040Z</when>
<when>2025-02-07T13:18:47.114Z</when>
<when>2025-02-07T13:18:50.115Z</when>
<when>2025-02-07T13:18:53.020Z</when>
<when>2025-02-07T13:18:56.120Z</when>
<when>2025-02-07T13:18:59.140Z</when>
<when>2025-02-07T13:19:01.946Z</when>
<when>2025-02-07T13:19:05.116Z</when>
<when>2025-02-07T13:19:08.041Z</when>
<when>2025-02-07T13:19:11.122Z</when>
<when>2025-02-07T13:19:14.116Z</when>
<when>2025-02-07T13:19:16.875Z</when>
<when>2025-02-07T13:19:20.145Z</when>
<when>2025-02-07T13:19:23.122Z</when>
<when>2025-02-07T13:19:25.862Z</when>
<when>2025-02-07T13:19:29.112Z</when>
<when>2025-02-07T13:19:32.040Z</when>
<when>2025-02-07T13:19:35.124Z</when>
<when>2025-02-07T13:19:38.116Z</when>
<when>2025-02-07T13:19:41.057Z</when>
<when>2025-02-07T13:19:44.117Z</when>
<when>2025-02-07T13:19:47.122Z</when>
<when>2025-02-07T13:19:49.942Z</when>
<when>2025-02-07T13:19:53.111Z</when>
<when>2025-02-07T13:19:56.040Z</when>
<when>2025-02-07T13:19:59.136Z</when>
<when>2025-02-07T13:20:02.119Z</when>
<when>2025-02-07T13:20:04.840Z</when>
<when>2025-02-07T13:20:08.116Z</when>
<when>2025-02-07T13:20:10.937Z</when>
<when>2025-02-07T13:20:14.040Z</when>
<when>2025-02-07T13:20:17.040Z</when>
<when>2025-02-07T13:20:19.895Z</when>
<when>2025-02-07T13:20:22.697Z</when>
<when>2025-02-07T13:20:26.040Z</when>
<when>2025-02-07T13:20:29.040Z</when>
<when>2025-02-07T13:20:32.040Z</when>
<when>2025-02-07T13:20:34.754Z</when>
<when>2025-02-07T13:20:37.682Z</when>
<when>2025-02-07T13:20:40.749Z</when>
<when>2025-02-07T13:20:44.040Z</when>
<when>2025-02-07T13:20:47.040Z</when>
<when>2025-02-07T13:20:50.040Z</when>
<when>2025-02-07T13:20:53.040Z</when>
<when>2025-02-07T13:20:56.040Z</when>
<when>2025-02-07T13:20:59.041Z</when>
<when>2025-02-07T13:21:02.041Z</when>
<when>2025-02-07T13:21:05.040Z</when>
<when>2025-02-07T13:21:08.040Z</when>
<when>2025-02-07T13:21:11.039Z</when>
<when>2025-02-07T13:21:14.041Z</when>
<when>2025-02-07T13:21:17.040Z</when>
<when>2025-02-07T13:21:20.040Z</when>
<when>2025-02-07T13:21:23.041Z</when>
<when>2025-02-07T13:21:26.040Z</when>
<when>2025-02-07T13:21:29.040Z</when>
<when>2025-02-07T13:21:32.041Z</when>
<when>2025-02-07T13:21:35.041Z</when>
<when>2025-02-07T13:21:38.040Z</when>
<when>2025-02-07T13:21:41.040Z</when>
<when>2025-02-07T13:21:44.041Z</when>
<when>2025-02-07T13:21:47.109Z</when>
<when>2025-02-07T13:21:50.040Z</when>
<when>2025-02-07T13:21:53.122Z</when>
<when>2025-02-07T13:21:56.108Z</when>
<when>2025-02-07T13:21:59.040Z</when>
<when>2025-02-07T13:22:02.129Z</when>
<when>2025-02-07T13:22:05.155Z</when>
<when>2025-02-07T13:22:07.915Z</when>
<when>2025-02-07T13:22:11.127Z</when>
<when>2025-02-07T13:22:14.040Z</when>
<when>2025-02-07T13:22:17.138Z</when>
<when>2025-02-07T13:22:20.109Z</when>
<when>2025-02-07T13:22:23.041Z</when>
<when>2025-02-07T13:22:26.122Z</when>
<when>2025-02-07T13:22:29.100Z</when>
<when>2025-02-07T13:22:32.109Z</when>
<when>2025-02-07T13:22:35.040Z</when>
<when>2025-02-07T13:22:38.041Z</when>
<when>2025-02-07T13:22:41.001Z</when>
<when>2025-02-07T13:22:44.041Z</when>
<when>2025-02-07T13:22:47.000Z</when>
<when>2025-02-07T13:22:49.943Z</when>
<when>2025-02-07T13:22:53.041Z</when>
<when>2025-02-07T13:22:55.920Z</when>
<when>2025-02-07T13:22:58.899Z</when>
<when>2025-02-07T13:23:02.041Z</when>
<when>2025-02-07T13:23:05.119Z</when>
<when>2025-02-07T13:23:07.964Z</when>
<when>2025-02-07T13:23:11.121Z</when>
<when>2025-02-07T13:23:14.121Z</when>
<when>2025-02-07T13:23:17.040Z</when>
<when>2025-02-07T13:23:20.123Z</when>
<when>2025-02-07T13:23:23.041Z</when>
<when>2025-02-07T13:23:26.115Z</when>
<when>2025-02-07T13:23:29.118Z</when>
<when>2025-02-07T13:23:32.041Z</when>
<when>2025-02-07T13:23:35.105Z</when>
<when>2025-02-07T13:23:38.111Z</when>
<when>2025-02-07T13:23:41.040Z</when>
<when>2025-02-07T13:23:44.114Z</when>
<when>2025-02-07T13:23:46.880Z</when>
<when>2025-02-07T13:23:50.121Z</when>
<when>2025-02-07T13:23:53.040Z</when>
<when>2025-02-07T13:23:56.041Z</when>
<when>2025-02-07T13:23:59.041Z</when>
<when>2025-02-07T13:24:01.787Z</when>
<when>2025-02-07T13:24:04.920Z</when>
<when>2025-02-07T13:24:08.041Z</when>
<when>2025-02-07T13:24:11.040Z</when>
<when>2025-02-07T13:24:14.039Z</when>
<when>2025-02-07T13:24:17.040Z</when>
<when>2025-02-07T13:24:20.039Z</when>
<when>2025-02-07T13:24:23.040Z</when>
<when>2025-02-07T13:24:26.110Z</when>
<when>2025-02-07T13:24:29.040Z</when>
<when>2025-02-07T13:24:32.123Z</when>
<when>2025-02-07T13:24:35.040Z</when>
<when>2025-02-07T13:24:37.802Z</when>
<when>2025-02-07T13:24:40.760Z</when>
<when>2025-02-07T13:24:43.518Z</when>
<when>2025-02-07T13:24:46.643Z</when>
<when>2025-02-07T13:24:49.479Z</when>
<when>2025-02-07T13:24:53.039Z</when>
<when>2025-02-07T13:24:55.954Z</when>
<when>2025-02-07T13:24:59.040Z</when>
<when>2025-02-07T13:25:01.852Z</when>
<when>2025-02-07T13:25:04.761Z</when>
<when>2025-02-07T13:25:08.118Z</when>
<when>2025-02-07T13:25:11.015Z</when>
<when>2025-02-07T13:25:14.039Z</when>
<when>2025-02-07T13:25:17.134Z</when>
<when>2025-02-07T13:25:20.113Z</when>
<when>2025-02-07T13:25:22.820Z</when>
<when>2025-02-07T13:25:26.113Z</when>
<when>2025-02-07T13:25:29.040Z</when>
<when>2025-02-07T13:25:32.126Z</when>
<when>2025-02-07T13:25:35.136Z</when>
<when>2025-02-07T13:25:38.039Z</when>
<when>2025-02-07T13:25:41.121Z</when>
<when>2025-02-07T13:25:44.108Z</when>
<when>2025-02-07T13:25:47.040Z</when>
<when>2025-02-07T13:25:50.165Z</when>
<when>2025-02-07T13:25:53.039Z</when>
<when>2025-02-07T13:25:56.125Z</when>
<when>2025-02-07T13:25:59.124Z</when>
<when>2025-02-07T13:26:02.040Z</when>
<when>2025-02-07T13:26:05.136Z</when>
<when>2025-02-07T13:26:08.117Z</when>
<when>2025-02-07T13:26:10.881Z</when>
<when>2025-02-07T13:26:14.121Z</when>
<when>2025-02-07T13:26:17.040Z</when>
<when>2025-02-07T13:26:20.133Z</when>
<when>2025-02-07T13:26:23.139Z</when>
<when>2025-02-07T13:26:26.040Z</when>
<when>2025-02-07T13:26:29.139Z</when>
<when>2025-02-07T13:26:32.117Z</when>
<when>2025-02-07T13:26:34.889Z</when>
<when>2025-02-07T13:26:38.077Z</when>
<when>2025-02-07T13:26:41.039Z</when>
<when>2025-02-07T13:26:45.543Z</when>
<when>2025-02-07T13:26:49.921Z</when>
<when>2025-02-07T13:26:53.040Z</when>
<when>2025-02-07T13:26:55.740Z</when>
<when>2025-02-07T13:26:59.122Z</when>
<when>2025-02-07T13:27:02.111Z</when>
<when>2025-02-07T13:27:05.039Z</when>
<when>2025-02-07T13:27:08.126Z</when>
<when>2025-02-07T13:27:11.120Z</when>
<when>2025-02-07T13:27:13.948Z</when>
<when>2025-02-07T13:27:17.117Z</when>
<when>2025-02-07T13:27:20.036Z</when>
<when>2025-02-07T13:27:23.118Z</when>
<when>2025-02-07T13:27:26.097Z</when>
<when>2025-02-07T13:27:28.937Z</when>
<when>2025-02-07T13:27:32.124Z</when>
<when>2025-02-07T13:27:35.039Z</when>
<when>2025-02-07T13:27:38.038Z</when>
<when>2025-02-07T13:27:41.111Z</when>
<when>2025-02-07T13:27:44.040Z</when>
<when>2025-02-07T13:27:47.110Z</when>
<when>2025-02-07T13:27:50.119Z</when>
<when>2025-02-07T13:27:52.898Z</when>
<when>2025-02-07T13:27:56.114Z</when>
<when>2025-02-07T13:27:59.122Z</when>
<when>2025-02-07T13:28:02.110Z</when>
<when>2025-02-07T13:28:05.122Z</when>
<when>2025-02-07T13:28:08.040Z</when>
<when>2025-02-07T13:28:11.106Z</when>
<when>2025-02-07T13:28:14.111Z</when>
<when>2025-02-07T13:28:17.039Z</when>
<when>2025-02-07T13:28:20.110Z</when>
<when>2025-02-07T13:28:23.040Z</when>
<when>2025-02-07T13:28:26.132Z</when>
<when>2025-02-07T13:28:29.132Z</when>
<when>2025-02-07T13:28:31.900Z</when>
<when>2025-02-07T13:28:35.107Z</when>
<when>2025-02-07T13:28:38.125Z</when>
<when>2025-02-07T13:28:40.834Z</when>
<when>2025-02-07T13:28:44.108Z</when>
<when>2025-02-07T13:28:47.040Z</when>
<when>2025-02-07T13:28:50.113Z</when>
<when>2025-02-07T13:28:53.039Z</when>
<when>2025-02-07T13:28:56.047Z</when>
<when>2025-02-07T13:28:59.116Z</when>
<when>2025-02-07T13:29:02.040Z</when>
<when>2025-02-07T13:29:05.114Z</when>
<when>2025-02-07T13:29:07.978Z</when>
<when>2025-02-07T13:29:11.040Z</when>
<when>2025-02-07T13:29:14.117Z</when>
<when>2025-02-07T13:29:17.040Z</when>
<when>2025-02-07T13:29:21.165Z</when>
<when>2025-02-07T13:29:24.938Z</when>
<when>2025-02-07T13:29:29.114Z</when>
<when>2025-02-07T13:29:32.108Z</when>
<when>2025-02-07T13:29:38.120Z</when>
<when>2025-02-07T13:29:41.040Z</when>
<when>2025-02-07T13:29:44.142Z</when>
<when>2025-02-07T13:29:47.109Z</when>
<when>2025-02-07T13:29:50.040Z</when>
<when>2025-02-07T13:29:53.122Z</when>
<when>2025-02-07T13:29:56.111Z</when>
<when>2025-02-07T13:29:59.039Z</when>
<when>2025-02-07T13:30:02.106Z</when>
<when>2025-02-07T13:30:05.039Z</when>
<when>2025-02-07T13:30:08.106Z</when>
<when>2025-02-07T13:30:11.116Z</when>
<when>2025-02-07T13:30:14.040Z</when>
<when>2025-02-07T13:30:17.131Z</when>
<when>2025-02-07T13:30:20.135Z</when>
<when>2025-02-07T13:30:22.951Z</when>
<when>2025-02-07T13:30:26.111Z</when>
<when>2025-02-07T13:30:29.038Z</when>
<when>2025-02-07T13:30:32.130Z</when>
<when>2025-02-07T13:30:35.126Z</when>
<when>2025-02-07T13:30:38.040Z</when>
<when>2025-02-07T13:30:41.107Z</when>
<when>2025-02-07T13:30:44.039Z</when>
<when>2025-02-07T13:30:47.045Z</when>
<when>2025-02-07T13:30:50.114Z</when>
<when>2025-02-07T13:30:53.039Z</when>
<when>2025-02-07T13:30:56.017Z</when>
<when>2025-02-07T13:30:59.040Z</when>
<when>2025-02-07T13:31:02.040Z</when>
<when>2025-02-07T13:31:05.039Z</when>
<when>2025-02-07T13:31:07.859Z</when>
<when>2025-02-07T13:31:11.038Z</when>
<when>2025-02-07T13:31:14.039Z</when>
<when>2025-02-07T13:31:17.039Z</when>
<when>2025-02-07T13:31:19.940Z</when>
<when>2025-02-07T13:31:22.993Z</when>
<when>2025-02-07T13:31:26.038Z</when>
<when>2025-02-07T13:31:29.038Z</when>
<when>2025-02-07T13:31:31.944Z</when>
<when>2025-02-07T13:31:35.039Z</when>
<when>2025-02-07T13:31:38.038Z</when>
<when>2025-02-07T13:31:41.039Z</when>
<when>2025-02-07T13:31:43.861Z</when>
<when>2025-02-07T13:31:47.038Z</when>
<when>2025-02-07T13:31:50.038Z</when>
<when>2025-02-07T13:31:53.127Z</when>
<when>2025-02-07T13:31:56.039Z</when>
<when>2025-02-07T13:31:59.106Z</when>
<when>2025-02-07T13:32:02.037Z</when>
<when>2025-02-07T13:32:04.769Z</when>
<when>2025-02-07T13:32:08.050Z</when>
<when>2025-02-07T13:32:10.763Z</when>
<when>2025-02-07T13:32:13.495Z</when>
<when>2025-02-07T13:32:16.538Z</when>
<when>2025-02-07T13:32:20.105Z</when>
<when>2025-02-07T13:32:23.117Z</when>
<when>2025-02-07T13:32:25.938Z</when>
<when>2025-02-07T13:32:29.038Z</when>
<when>2025-02-07T13:32:32.039Z</when>
<when>2025-02-07T13:32:35.102Z</when>
<when>2025-02-07T13:32:38.133Z</when>
<when>2025-02-07T13:32:40.887Z</when>
<when>2025-02-07T13:32:44.110Z</when>
<when>2025-02-07T13:32:47.038Z</when>
<when>2025-02-07T13:32:50.116Z</when>
<when>2025-02-07T13:32:53.110Z</when>
<when>2025-02-07T13:32:56.038Z</when>
<when>2025-02-07T13:32:59.124Z</when>
<when>2025-02-07T13:33:01.883Z</when>
<when>2025-02-07T13:33:05.115Z</when>
<when>2025-02-07T13:33:08.105Z</when>
<when>2025-02-07T13:33:11.038Z</when>
<when>2025-02-07T13:33:14.117Z</when>
<when>2025-02-07T13:33:17.111Z</when>
<when>2025-02-07T13:33:19.812Z</when>
<when>2025-02-07T13:33:23.122Z</when>
<when>2025-02-07T13:33:25.863Z</when>
<when>2025-02-07T13:33:29.108Z</when>
<when>2025-02-07T13:33:32.114Z</when>
<when>2025-02-07T13:33:35.045Z</when>
<when>2025-02-07T13:33:38.129Z</when>
<when>2025-02-07T13:33:41.117Z</when>
<when>2025-02-07T13:33:43.916Z</when>
<when>2025-02-07T13:33:47.112Z</when>
<when>2025-02-07T13:33:50.039Z</when>
<when>2025-02-07T13:33:53.114Z</when>
<when>2025-02-07T13:33:56.117Z</when>
<when>2025-02-07T13:33:59.039Z</when>
<when>2025-02-07T13:34:02.051Z</when>
<when>2025-02-07T13:34:04.942Z</when>
<when>2025-02-07T13:34:07.660Z</when>
<when>2025-02-07T13:34:11.105Z</when>
<when>2025-02-07T13:34:13.936Z</when>
<when>2025-02-07T13:34:17.134Z</when>
<when>2025-02-07T13:34:20.039Z</when>
<when>2025-02-07T13:34:23.080Z</when>
<when>2025-02-07T13:34:26.164Z</when>
<when>2025-02-07T13:34:29.014Z</when>
<when>2025-02-07T13:34:32.114Z</when>
<when>2025-02-07T13:34:35.131Z</when>
<when>2025-02-07T13:34:38.037Z</when>
<when>2025-02-07T13:34:41.118Z</when>
<when>2025-02-07T13:34:44.115Z</when>
<when>2025-02-07T13:34:46.925Z</when>
<when>2025-02-07T13:34:50.137Z</when>
<when>2025-02-07T13:34:53.037Z</when>
<when>2025-02-07T13:34:56.121Z</when>
<when>2025-02-07T13:34:59.107Z</when>
<when>2025-02-07T13:35:02.038Z</when>
<when>2025-02-07T13:35:05.128Z</when>
<when>2025-02-07T13:35:08.037Z</when>
<when>2025-02-07T13:35:11.125Z</when>
<when>2025-02-07T13:35:14.117Z</when>
<when>2025-02-07T13:35:17.038Z</when>
<when>2025-02-07T13:35:20.117Z</when>
<when>2025-02-07T13:35:23.112Z</when>
<when>2025-02-07T13:35:26.037Z</when>
<when>2025-02-07T13:35:29.118Z</when>
<when>2025-02-07T13:35:31.957Z</when>
<when>2025-02-07T13:35:35.114Z</when>
<when>2025-02-07T13:35:38.133Z</when>
<when>2025-02-07T13:35:41.059Z</when>
<when>2025-02-07T13:35:44.116Z</when>
<when>2025-02-07T13:35:47.120Z</when>
<when>2025-02-07T13:35:49.977Z</when>
<when>2025-02-07T13:35:53.119Z</when>
<when>2025-02-07T13:35:56.039Z</when>
<when>2025-02-07T13:35:59.112Z</when>
<when>2025-02-07T13:36:01.943Z</when>
<when>2025-02-07T13:36:04.725Z</when>
<when>2025-02-07T13:36:08.128Z</when>
<when>2025-02-07T13:36:11.039Z</when>
<when>2025-02-07T13:36:14.104Z</when>
<when>2025-02-07T13:36:17.108Z</when>
<when>2025-02-07T13:36:19.929Z</when>
<when>2025-02-07T13:36:23.117Z</when>
<when>2025-02-07T13:36:25.959Z</when>
<when>2025-02-07T13:36:29.137Z</when>
<when>2025-02-07T13:36:32.119Z</when>
<when>2025-02-07T13:36:34.974Z</when>
<when>2025-02-07T13:36:38.121Z</when>
<when>2025-02-07T13:36:41.135Z</when>
<when>2025-02-07T13:36:44.091Z</when>
<when>2025-02-07T13:36:47.102Z</when>
<when>2025-02-07T13:36:50.038Z</when>
<when>2025-02-07T13:36:53.121Z</when>
<when>2025-02-07T13:36:55.974Z</when>
<when>2025-02-07T13:36:58.787Z</when>
<when>2025-02-07T13:37:01.547Z</when>
<when>2025-02-07T13:37:04.778Z</when>
<when>2025-02-07T13:37:08.112Z</when>
<when>2025-02-07T13:37:11.104Z</when>
<when>2025-02-07T13:37:13.938Z</when>
<when>2025-02-07T13:37:17.113Z</when>
<when>2025-02-07T13:37:20.038Z</when>
<when>2025-02-07T13:37:23.121Z</when>
<when>2025-02-07T13:37:26.120Z</when>
<when>2025-02-07T13:37:28.903Z</when>
<when>2025-02-07T13:37:32.134Z</when>
<when>2025-02-07T13:37:35.114Z</when>
<when>2025-02-07T13:37:38.118Z</when>
<when>2025-02-07T13:37:41.108Z</when>
<when>2025-02-07T13:37:44.039Z</when>
<when>2025-02-07T13:37:47.135Z</when>
<when>2025-02-07T13:37:50.115Z</when>
<when>2025-02-07T13:37:52.938Z</when>
<when>2025-02-07T13:37:56.121Z</when>
<when>2025-02-07T13:37:59.132Z</when>
<when>2025-02-07T13:38:01.834Z</when>
<when>2025-02-07T13:38:05.141Z</when>
<when>2025-02-07T13:38:08.039Z</when>
<when>2025-02-07T13:38:11.118Z</when>
<when>2025-02-07T13:38:14.119Z</when>
<when>2025-02-07T13:38:17.038Z</when>
<when>2025-02-07T13:38:20.116Z</when>
<when>2025-02-07T13:38:23.122Z</when>
<when>2025-02-07T13:38:25.998Z</when>
<when>2025-02-07T13:38:29.124Z</when>
<when>2025-02-07T13:38:31.958Z</when>
<when>2025-02-07T13:38:35.105Z</when>
<when>2025-02-07T13:38:38.112Z</when>
<when>2025-02-07T13:38:41.037Z</when>
<when>2025-02-07T13:38:44.134Z</when>
<when>2025-02-07T13:38:47.110Z</when>
<when>2025-02-07T13:38:50.036Z</when>
<when>2025-02-07T13:38:53.117Z</when>
<when>2025-02-07T13:38:56.038Z</when>
<when>2025-02-07T13:38:59.130Z</when>
<when>2025-02-07T13:39:02.106Z</when>
<when>2025-02-07T13:39:05.038Z</when>
<when>2025-02-07T13:39:08.108Z</when>
<when>2025-02-07T13:39:11.108Z</when>
<when>2025-02-07T13:39:14.130Z</when>
<when>2025-02-07T13:39:17.037Z</when>
<when>2025-02-07T13:39:20.038Z</when>
<when>2025-02-07T13:39:23.122Z</when>
<when>2025-02-07T13:39:26.134Z</when>
<when>2025-02-07T13:39:29.038Z</when>
<when>2025-02-07T13:39:32.126Z</when>
<when>2025-02-07T13:39:35.038Z</when>
<when>2025-02-07T13:39:38.117Z</when>
<when>2025-02-07T13:39:40.818Z</when>
<when>2025-02-07T13:39:43.964Z</when>
<when>2025-02-07T13:39:47.127Z</when>
<when>2025-02-07T13:39:50.138Z</when>
<when>2025-02-07T13:39:52.954Z</when>
<when>2025-02-07T13:39:56.107Z</when>
<when>2025-02-07T13:39:58.823Z</when>
<when>2025-02-07T13:40:02.118Z</when>
<when>2025-02-07T13:40:05.119Z</when>
<when>2025-02-07T13:40:08.038Z</when>
<when>2025-02-07T13:40:11.130Z</when>
<when>2025-02-07T13:40:14.055Z</when>
<when>2025-02-07T13:40:17.099Z</when>
<when>2025-02-07T13:40:20.111Z</when>
<when>2025-02-07T13:40:23.037Z</when>
<when>2025-02-07T13:40:26.111Z</when>
<when>2025-02-07T13:40:29.133Z</when>
<when>2025-02-07T13:40:31.945Z</when>
<when>2025-02-07T13:40:35.112Z</when>
<when>2025-02-07T13:40:38.038Z</when>
<when>2025-02-07T13:40:41.134Z</when>
<when>2025-02-07T13:40:44.123Z</when>
<when>2025-02-07T13:40:47.036Z</when>
<when>2025-02-07T13:40:50.133Z</when>
<when>2025-02-07T13:40:53.037Z</when>
<when>2025-02-07T13:40:56.039Z</when>
<when>2025-02-07T13:40:59.150Z</when>
<when>2025-02-07T13:41:02.038Z</when>
<when>2025-02-07T13:41:05.083Z</when>
<when>2025-02-07T13:41:07.818Z</when>
<when>2025-02-07T13:41:11.107Z</when>
<when>2025-02-07T13:41:14.079Z</when>
<when>2025-02-07T13:41:17.038Z</when>
<when>2025-02-07T13:41:20.134Z</when>
<when>2025-02-07T13:41:23.116Z</when>
<when>2025-02-07T13:41:26.038Z</when>
<when>2025-02-07T13:41:29.110Z</when>
<when>2025-02-07T13:41:31.902Z</when>
<when>2025-02-07T13:41:35.115Z</when>
<when>2025-02-07T13:41:38.118Z</when>
<when>2025-02-07T13:41:41.038Z</when>
<when>2025-02-07T13:41:44.112Z</when>
<when>2025-02-07T13:41:47.109Z</when>
<when>2025-02-07T13:41:50.072Z</when>
<when>2025-02-07T13:41:53.118Z</when>
<when>2025-02-07T13:41:55.976Z</when>
<when>2025-02-07T13:41:59.116Z</when>
<when>2025-02-07T13:42:02.038Z</when>
<when>2025-02-07T13:42:04.785Z</when>
<when>2025-02-07T13:42:08.121Z</when>
<when>2025-02-07T13:42:11.119Z</when>
<when>2025-02-07T13:42:13.830Z</when>
<when>2025-02-07T13:42:17.136Z</when>
<when>2025-02-07T13:42:20.037Z</when>
<when>2025-02-07T13:42:23.137Z</when>
<when>2025-02-07T13:42:26.120Z</when>
<when>2025-02-07T13:42:29.037Z</when>
<when>2025-02-07T13:42:32.124Z</when>
<when>2025-02-07T13:42:35.113Z</when>
<when>2025-02-07T13:42:38.037Z</when>
<when>2025-02-07T13:42:41.086Z</when>
<when>2025-02-07T13:42:43.985Z</when>
<when>2025-02-07T13:42:47.111Z</when>
<when>2025-02-07T13:42:50.135Z</when>
<when>2025-02-07T13:42:53.038Z</when>
<when>2025-02-07T13:42:56.135Z</when>
<when>2025-02-07T13:42:59.112Z</when>
<when>2025-02-07T13:43:01.917Z</when>
<when>2025-02-07T13:43:04.798Z</when>
<when>2025-02-07T13:43:07.617Z</when>
<when>2025-02-07T13:43:10.337Z</when>
<when>2025-02-07T13:43:13.240Z</when>
<when>2025-02-07T13:43:16.700Z</when>
<when>2025-02-07T13:43:20.038Z</when>
<when>2025-02-07T13:43:22.400Z</when>
<when>2025-02-07T13:43:23.319Z</when>
<when>2025-02-07T13:43:24.440Z</when>
<when>2025-02-07T13:43:25.418Z</when>
<when>2025-02-07T13:43:26.742Z</when>
<when>2025-02-07T13:43:27.776Z</when>
<when>2025-02-07T13:43:28.839Z</when>
<when>2025-02-07T13:43:29.903Z</when>
<when>2025-02-07T13:43:31.003Z</when>
<when>2025-02-07T13:43:32.036Z</when>
<when>2025-02-07T13:43:33.037Z</when>
<when>2025-02-07T13:43:34.036Z</when>
<when>2025-02-07T13:43:35.036Z</when>
<when>2025-02-07T13:43:36.037Z</when>
<when>2025-02-07T13:43:37.036Z</when>
<when>2025-02-07T13:43:38.036Z</when>
<when>2025-02-07T13:43:39.037Z</when>
<when>2025-02-07T13:43:40.037Z</when>
<when>2025-02-07T13:43:40.996Z</when>
<when>2025-02-07T13:43:42.037Z</when>
<when>2025-02-07T13:43:43.035Z</when>
<when>2025-02-07T13:43:44.042Z</when>
<when>2025-02-07T13:43:45.037Z</when>
<when>2025-02-07T13:43:46.037Z</when>
<when>2025-02-07T13:43:47.037Z</when>
<when>2025-02-07T13:43:47.944Z</when>
<when>2025-02-07T13:43:49.037Z</when>
<when>2025-02-07T13:43:50.036Z</when>
<when>2025-02-07T13:43:51.036Z</when>
<when>2025-02-07T13:43:52.037Z</when>
<when>2025-02-07T13:43:53.036Z</when>
<when>2025-02-07T13:43:54.037Z</when>
<when>2025-02-07T13:43:55.037Z</when>
<when>2025-02-07T13:43:56.037Z</when>
<when>2025-02-07T13:43:57.037Z</when>
<when>2025-02-07T13:43:58.036Z</when>
<when>2025-02-07T13:43:59.037Z</when>
<when>2025-02-07T13:44:00.035Z</when>
<when>2025-02-07T13:44:01.036Z</when>
<gx:coord>-71.90493 -13.538175 3291.6</gx:coord>
<gx:coord>-71.90494 -13.53817 3291.6</gx:coord>
<gx:coord>-71.90494 -13.538166 3291.6</gx:coord>
<gx:coord>-71.904945 -13.538164 3291.6</gx:coord>
<gx:coord>-71.904945 -13.538163 3291.6</gx:coord>
<gx:coord>-71.90495 -13.538159 3291.6</gx:coord>
<gx:coord>-71.90496 -13.538157 3291.6</gx:coord>
<gx:coord>-71.90497 -13.538155 3291.6</gx:coord>
<gx:coord>-71.904976 -13.538151 3291.6</gx:coord>
<gx:coord>-71.904976 -13.538147 3291.6</gx:coord>
<gx:coord>-71.90498 -13.538143 3291.6</gx:coord>
<gx:coord>-71.90499 -13.538141 3291.6</gx:coord>
<gx:coord>-71.905 -13.538138 3301.9963</gx:coord>
<gx:coord>-71.905 -13.5381365 3301.9717</gx:coord>
<gx:coord>-71.905 -13.538137 3302.1777</gx:coord>
<gx:coord>-71.905 -13.538135 3301.431</gx:coord>
<gx:coord>-71.905 -13.538128 3291.1</gx:coord>
<gx:coord>-71.90501 -13.538124 3291.1</gx:coord>
<gx:coord>-71.90501 -13.538123 3291.1</gx:coord>
<gx:coord>-71.90501 -13.538123 3291.1</gx:coord>
<gx:coord>-71.90501 -13.538122 3291.1</gx:coord>
<gx:coord>-71.90501 -13.538121 3291.1</gx:coord>
<gx:coord>-71.905014 -13.53812 3291.1</gx:coord>
<gx:coord>-71.90502 -13.538117 3291.6</gx:coord>
<gx:coord>-71.90502 -13.538114 3291.6</gx:coord>
<gx:coord>-71.90508 -13.538085 3291.6</gx:coord>
<gx:coord>-71.9051 -13.538078 3291.1</gx:coord>
<gx:coord>-71.905106 -13.538066 3291.1</gx:coord>
<gx:coord>-71.905136 -13.538052 3291.1</gx:coord>
<gx:coord>-71.905136 -13.53805 3291.7002</gx:coord>
<gx:coord>-71.905136 -13.538048 3291.7002</gx:coord>
<gx:coord>-71.90514 -13.538042 3291.7002</gx:coord>
<gx:coord>-71.90515 -13.538038 3291.7002</gx:coord>
<gx:coord>-71.90515 -13.538035 3291.7002</gx:coord>
<gx:coord>-71.90515 -13.538033 3291.7002</gx:coord>
<gx:coord>-71.90516 -13.538033 3291.7002</gx:coord>
<gx:coord>-71.90516 -13.538029 3291.7002</gx:coord>
<gx:coord>-71.905174 -13.538019 3291.7002</gx:coord>
<gx:coord>-71.90516 -13.538026 3291.7002</gx:coord>
<gx:coord>-71.905205 -13.537996 3292.0002</gx:coord>
<gx:coord>-71.905235 -13.537975 3290.6</gx:coord>
<gx:coord>-71.90526 -13.537965 3290.6</gx:coord>
<gx:coord>-71.90527 -13.537946 3295.587</gx:coord>
<gx:coord>-71.90529 -13.5379305 3295.9453</gx:coord>
<gx:coord>-71.905304 -13.537916 3291.6</gx:coord>
<gx:coord>-71.90532 -13.537908 3291.6</gx:coord>
<gx:coord>-71.90533 -13.537903 3291.3</gx:coord>
<gx:coord>-71.90533 -13.537905 3291.3</gx:coord>
<gx:coord>-71.90534 -13.537897 3291.5002</gx:coord>
<gx:coord>-71.90534 -13.537897 3291.5002</gx:coord>
<gx:coord>-71.90535 -13.537895 3295.6526</gx:coord>
<gx:coord>-71.90536 -13.537891 3294.8796</gx:coord>
<gx:coord>-71.90536 -13.537891 3293.4497</gx:coord>
<gx:coord>-71.90536 -13.537887 3290.6</gx:coord>
<gx:coord>-71.90538 -13.537877 3290.6</gx:coord>
<gx:coord>-71.90539 -13.537877 3295.2083</gx:coord>
<gx:coord>-71.905396 -13.537874 3294.1553</gx:coord>
<gx:coord>-71.9054 -13.537866 3294.1174</gx:coord>
<gx:coord>-71.9054 -13.537862 3294.1174</gx:coord>
<gx:coord>-71.905426 -13.537853 3293.3875</gx:coord>
<gx:coord>-71.90545 -13.537838 3293.3875</gx:coord>
<gx:coord>-71.905464 -13.537834 3293.304</gx:coord>
<gx:coord>-71.90547 -13.537832 3293.2998</gx:coord>
<gx:coord>-71.90548 -13.537826 3293.2998</gx:coord>
<gx:coord>-71.90548 -13.537821 3293.587</gx:coord>
<gx:coord>-71.90548 -13.537814 3294.1448</gx:coord>
<gx:coord>-71.905495 -13.537789 3294.2253</gx:coord>
<gx:coord>-71.90552 -13.537773 3294.2288</gx:coord>
<gx:coord>-71.90553 -13.537759 3294.2288</gx:coord>
<gx:coord>-71.90556 -13.537765 3294.2917</gx:coord>
<gx:coord>-71.90558 -13.537759 3294.2917</gx:coord>
<gx:coord>-71.90559 -13.53776 3295.428</gx:coord>
<gx:coord>-71.90558 -13.53776 3291.6</gx:coord>
<gx:coord>-71.90559 -13.537759 3291.6</gx:coord>
<gx:coord>-71.90562 -13.537745 3291.6</gx:coord>
<gx:coord>-71.90562 -13.537742 3295.477</gx:coord>
<gx:coord>-71.90562 -13.537742 3295.477</gx:coord>
<gx:coord>-71.905624 -13.537741 3291.6</gx:coord>
<gx:coord>-71.90562 -13.537741 3291.6</gx:coord>
<gx:coord>-71.90562 -13.53774 3291.6</gx:coord>
<gx:coord>-71.90561 -13.537731 3291.6</gx:coord>
<gx:coord>-71.905685 -13.537704 3291.6</gx:coord>
<gx:coord>-71.90569 -13.537693 3291.5002</gx:coord>
<gx:coord>-71.90569 -13.537689 3291.5002</gx:coord>
<gx:coord>-71.9057 -13.537688 3291.5002</gx:coord>
<gx:coord>-71.90567 -13.537685 3291.6</gx:coord>
<gx:coord>-71.90567 -13.5376835 3291.6</gx:coord>
<gx:coord>-71.90561 -13.537676 3291.6</gx:coord>
<gx:coord>-71.90569 -13.537683 3291.6</gx:coord>
<gx:coord>-71.905716 -13.537684 3291.6</gx:coord>
<gx:coord>-71.90574 -13.537688 3291.6</gx:coord>
<gx:coord>-71.90576 -13.537685 3291.6</gx:coord>
<gx:coord>-71.9057 -13.5376835 3292.1116</gx:coord>
<gx:coord>-71.90571 -13.5376835 3294.134</gx:coord>
<gx:coord>-71.90574 -13.537673 3294.134</gx:coord>
<gx:coord>-71.90576 -13.537668 3294.075</gx:coord>
<gx:coord>-71.90578 -13.537664 3292.9182</gx:coord>
<gx:coord>-71.905785 -13.537662 3291.3</gx:coord>
<gx:coord>-71.90584 -13.53762 3291.3</gx:coord>
<gx:coord>-71.90586 -13.537613 3291.3</gx:coord>
<gx:coord>-71.905876 -13.537599 3291.3</gx:coord>
<gx:coord>-71.90591 -13.537594 3291.3</gx:coord>
<gx:coord>-71.90592 -13.537587 3291.3</gx:coord>
<gx:coord>-71.90592 -13.537586 3291.3</gx:coord>
<gx:coord>-71.90593 -13.537594 3293.1272</gx:coord>
<gx:coord>-71.905945 -13.537589 3292.591</gx:coord>
<gx:coord>-71.905945 -13.537583 3292.5796</gx:coord>
<gx:coord>-71.90596 -13.53758 3292.5796</gx:coord>
<gx:coord>-71.90596 -13.537576 3292.4675</gx:coord>
<gx:coord>-71.90596 -13.53757 3292.681</gx:coord>
<gx:coord>-71.90599 -13.537539 3292.7986</gx:coord>
<gx:coord>-71.90599 -13.537539 3292.7986</gx:coord>
<gx:coord>-71.90599 -13.537537 3292.4338</gx:coord>
<gx:coord>-71.90599 -13.537534 3292.5688</gx:coord>
<gx:coord>-71.906006 -13.53753 3292.727</gx:coord>
<gx:coord>-71.90601 -13.537524 3291.6672</gx:coord>
<gx:coord>-71.90602 -13.537531 3291.6672</gx:coord>
<gx:coord>-71.90603 -13.537528 3292.1318</gx:coord>
<gx:coord>-71.90604 -13.537522 3292.1318</gx:coord>
<gx:coord>-71.90604 -13.537515 3292.4507</gx:coord>
<gx:coord>-71.90607 -13.537487 3293.0203</gx:coord>
<gx:coord>-71.906075 -13.537484 3293.0203</gx:coord>
<gx:coord>-71.90609 -13.537459 3294.8584</gx:coord>
<gx:coord>-71.9061 -13.537453 3295.287</gx:coord>
<gx:coord>-71.906105 -13.537449 3295.4932</gx:coord>
<gx:coord>-71.906105 -13.537445 3295.629</gx:coord>
<gx:coord>-71.90611 -13.537443 3295.9324</gx:coord>
<gx:coord>-71.90612 -13.537441 3295.881</gx:coord>
<gx:coord>-71.90613 -13.537438 3296.0527</gx:coord>
<gx:coord>-71.90613 -13.5374365 3295.8826</gx:coord>
<gx:coord>-71.906136 -13.537433 3295.8796</gx:coord>
<gx:coord>-71.906136 -13.537431 3295.8801</gx:coord>
<gx:coord>-71.906136 -13.537433 3295.8838</gx:coord>
<gx:coord>-71.906136 -13.537434 3296.9614</gx:coord>
<gx:coord>-71.90614 -13.537433 3297.166</gx:coord>
<gx:coord>-71.90614 -13.537433 3297.9565</gx:coord>
<gx:coord>-71.90614 -13.537435 3298.5486</gx:coord>
<gx:coord>-71.90615 -13.537433 3298.5486</gx:coord>
<gx:coord>-71.90615 -13.537427 3298.1536</gx:coord>
<gx:coord>-71.90615 -13.537419 3297.9485</gx:coord>
<gx:coord>-71.90615 -13.537418 3297.8162</gx:coord>
<gx:coord>-71.90616 -13.5374155 3297.671</gx:coord>
<gx:coord>-71.90616 -13.537415 3297.3608</gx:coord>
<gx:coord>-71.90616 -13.537413 3297.246</gx:coord>
<gx:coord>-71.906166 -13.537407 3296.8325</gx:coord>
<gx:coord>-71.90617 -13.537401 3296.1987</gx:coord>
<gx:coord>-71.90617 -13.537403 3295.849</gx:coord>
<gx:coord>-71.90617 -13.537399 3295.6826</gx:coord>
<gx:coord>-71.90617 -13.537398 3294.6956</gx:coord>
<gx:coord>-71.90617 -13.537399 3294.9368</gx:coord>
<gx:coord>-71.90617 -13.537397 3295.2847</gx:coord>
<gx:coord>-71.906166 -13.537398 3295.5134</gx:coord>
<gx:coord>-71.906166 -13.537399 3295.526</gx:coord>
<gx:coord>-71.906166 -13.537399 3295.538</gx:coord>
<gx:coord>-71.90616 -13.53741 3295.6218</gx:coord>
<gx:coord>-71.90615 -13.537417 3296.1663</gx:coord>
<gx:coord>-71.90615 -13.537414 3296.3882</gx:coord>
<gx:coord>-71.90614 -13.537417 3296.1301</gx:coord>
<gx:coord>-71.90614 -13.537427 3296.417</gx:coord>
<gx:coord>-71.906136 -13.537432 3296.5051</gx:coord>
<gx:coord>-71.906136 -13.537436 3296.5051</gx:coord>
<gx:coord>-71.90611 -13.537446 3295.9841</gx:coord>
<gx:coord>-71.90608 -13.537462 3295.9841</gx:coord>
<gx:coord>-71.90605 -13.537474 3295.8713</gx:coord>
<gx:coord>-71.90603 -13.537478 3295.7717</gx:coord>
<gx:coord>-71.906 -13.537485 3295.7717</gx:coord>
<gx:coord>-71.90598 -13.5374975 3296.564</gx:coord>
<gx:coord>-71.90594 -13.537498 3296.564</gx:coord>
<gx:coord>-71.905914 -13.537509 3297.146</gx:coord>
<gx:coord>-71.9059 -13.537522 3297.095</gx:coord>
<gx:coord>-71.90588 -13.537533 3297.095</gx:coord>
<gx:coord>-71.90586 -13.537576 3297.4216</gx:coord>
<gx:coord>-71.90582 -13.537597 3297.4216</gx:coord>
<gx:coord>-71.90582 -13.537599 3297.4055</gx:coord>
<gx:coord>-71.90581 -13.537617 3297.169</gx:coord>
<gx:coord>-71.905785 -13.537632 3297.169</gx:coord>
<gx:coord>-71.905785 -13.537635 3297.169</gx:coord>
<gx:coord>-71.90576 -13.537641 3291.7002</gx:coord>
<gx:coord>-71.90576 -13.537635 3291.7002</gx:coord>
<gx:coord>-71.905754 -13.537634 3291.7002</gx:coord>
<gx:coord>-71.905754 -13.537637 3291.7002</gx:coord>
<gx:coord>-71.905754 -13.537638 3291.7002</gx:coord>
<gx:coord>-71.90575 -13.537643 3291.7002</gx:coord>
<gx:coord>-71.90574 -13.537647 3291.6</gx:coord>
<gx:coord>-71.90574 -13.537652 3291.6</gx:coord>
<gx:coord>-71.90574 -13.537653 3291.6</gx:coord>
<gx:coord>-71.90574 -13.537663 3291.6</gx:coord>
<gx:coord>-71.90574 -13.537665 3291.5002</gx:coord>
<gx:coord>-71.90575 -13.537675 3291.5002</gx:coord>
<gx:coord>-71.90575 -13.537675 3291.5002</gx:coord>
<gx:coord>-71.90575 -13.537675 3291.6</gx:coord>
<gx:coord>-71.90575 -13.537675 3291.6</gx:coord>
<gx:coord>-71.90575 -13.537675 3291.6</gx:coord>
<gx:coord>-71.90575 -13.537675 3297.0276</gx:coord>
<gx:coord>-71.90575 -13.537675 3297.025</gx:coord>
<gx:coord>-71.90575 -13.537675 3291.5002</gx:coord>
<gx:coord>-71.90575 -13.537675 3291.5002</gx:coord>
<gx:coord>-71.90575 -13.537671 3291.5002</gx:coord>
<gx:coord>-71.90572 -13.537673 3291.6</gx:coord>
<gx:coord>-71.90571 -13.537677 3291.6</gx:coord>
<gx:coord>-71.90571 -13.537687 3291.6</gx:coord>
<gx:coord>-71.90567 -13.537706 3295.215</gx:coord>
<gx:coord>-71.9057 -13.537732 3295.0503</gx:coord>
<gx:coord>-71.90571 -13.537758 3291.3</gx:coord>
<gx:coord>-71.905716 -13.537769 3291.3</gx:coord>
<gx:coord>-71.90572 -13.537792 3291.3</gx:coord>
<gx:coord>-71.905716 -13.537828 3291.3</gx:coord>
<gx:coord>-71.90572 -13.537848 3291.3</gx:coord>
<gx:coord>-71.90569 -13.537876 3291.0002</gx:coord>
<gx:coord>-71.90568 -13.537897 3291.0002</gx:coord>
<gx:coord>-71.90571 -13.537919 3291.0002</gx:coord>
<gx:coord>-71.905716 -13.537959 3287.8</gx:coord>
<gx:coord>-71.905685 -13.538005 3287.3</gx:coord>
<gx:coord>-71.90567 -13.538029 3287.3</gx:coord>
<gx:coord>-71.90566 -13.53802 3287.3</gx:coord>
<gx:coord>-71.90564 -13.538024 3286.7002</gx:coord>
<gx:coord>-71.905624 -13.538032 3286.7002</gx:coord>
<gx:coord>-71.905624 -13.538037 3286.7002</gx:coord>
<gx:coord>-71.905624 -13.538043 3286.7002</gx:coord>
<gx:coord>-71.90562 -13.538056 3286.7002</gx:coord>
<gx:coord>-71.905624 -13.538084 3286.7002</gx:coord>
<gx:coord>-71.90562 -13.538123 3287.8</gx:coord>
<gx:coord>-71.9056 -13.538151 3287.8</gx:coord>
<gx:coord>-71.90559 -13.538186 3286.7002</gx:coord>
<gx:coord>-71.905556 -13.538221 3286.7002</gx:coord>
<gx:coord>-71.90555 -13.538248 3286.1</gx:coord>
<gx:coord>-71.90554 -13.538272 3286.1</gx:coord>
<gx:coord>-71.905525 -13.538295 3286.0002</gx:coord>
<gx:coord>-71.90551 -13.538319 3285.7002</gx:coord>
<gx:coord>-71.9055 -13.538339 3285.7002</gx:coord>
<gx:coord>-71.905495 -13.538358 3285.7002</gx:coord>
<gx:coord>-71.905495 -13.538349 3285.7002</gx:coord>
<gx:coord>-71.90549 -13.538349 3286.7002</gx:coord>
<gx:coord>-71.90549 -13.538347 3286.7002</gx:coord>
<gx:coord>-71.90549 -13.538348 3285.7002</gx:coord>
<gx:coord>-71.90548 -13.538344 3286.0002</gx:coord>
<gx:coord>-71.90549 -13.538352 3286.0002</gx:coord>
<gx:coord>-71.90551 -13.538356 3285.8</gx:coord>
<gx:coord>-71.90551 -13.538358 3285.8</gx:coord>
<gx:coord>-71.90552 -13.538361 3285.5002</gx:coord>
<gx:coord>-71.90551 -13.538361 3285.5002</gx:coord>
<gx:coord>-71.9055 -13.53836 3285.5002</gx:coord>
<gx:coord>-71.905495 -13.5383625 3285.5002</gx:coord>
<gx:coord>-71.90547 -13.538355 3285.5002</gx:coord>
<gx:coord>-71.90547 -13.538355 3285.5002</gx:coord>
<gx:coord>-71.90547 -13.538354 3286.0002</gx:coord>
<gx:coord>-71.90549 -13.5383625 3286.0002</gx:coord>
<gx:coord>-71.90549 -13.538361 3285.7002</gx:coord>
<gx:coord>-71.90548 -13.538355 3285.7002</gx:coord>
<gx:coord>-71.90549 -13.53836 3285.5002</gx:coord>
<gx:coord>-71.90549 -13.53836 3285.5002</gx:coord>
<gx:coord>-71.90548 -13.538361 3285.7002</gx:coord>
<gx:coord>-71.90548 -13.538361 3285.5002</gx:coord>
<gx:coord>-71.90548 -13.538362 3285.5002</gx:coord>
<gx:coord>-71.90548 -13.538369 3291.0002</gx:coord>
<gx:coord>-71.90547 -13.538374 3291.0002</gx:coord>
<gx:coord>-71.90547 -13.538397 3285.7002</gx:coord>
<gx:coord>-71.90546 -13.538426 3286.1</gx:coord>
<gx:coord>-71.90544 -13.538458 3286.1</gx:coord>
<gx:coord>-71.90541 -13.538468 3285.7002</gx:coord>
<gx:coord>-71.9054 -13.538483 3285.7002</gx:coord>
<gx:coord>-71.90537 -13.538499 3285.6</gx:coord>
<gx:coord>-71.90536 -13.538516 3285.7002</gx:coord>
<gx:coord>-71.90535 -13.538532 3285.7002</gx:coord>
<gx:coord>-71.905334 -13.538554 3285.6</gx:coord>
<gx:coord>-71.905334 -13.538571 3285.6</gx:coord>
<gx:coord>-71.90531 -13.5386 3285.5002</gx:coord>
<gx:coord>-71.905304 -13.538626 3285.5002</gx:coord>
<gx:coord>-71.9053 -13.538642 3285.5002</gx:coord>
<gx:coord>-71.905266 -13.538648 3285.3</gx:coord>
<gx:coord>-71.90527 -13.538653 3285.3</gx:coord>
<gx:coord>-71.905266 -13.538674 3285.5002</gx:coord>
<gx:coord>-71.905266 -13.538665 3285.7002</gx:coord>
<gx:coord>-71.90527 -13.538658 3285.7002</gx:coord>
<gx:coord>-71.905266 -13.538644 3285.7002</gx:coord>
<gx:coord>-71.90527 -13.538644 3285.7002</gx:coord>
<gx:coord>-71.90527 -13.538638 3285.7002</gx:coord>
<gx:coord>-71.90527 -13.538635 3285.6</gx:coord>
<gx:coord>-71.905304 -13.538638 3285.6</gx:coord>
<gx:coord>-71.90531 -13.538638 3285.6</gx:coord>
<gx:coord>-71.90531 -13.538636 3285.7002</gx:coord>
<gx:coord>-71.90531 -13.538636 3285.7002</gx:coord>
<gx:coord>-71.90531 -13.538636 3285.7002</gx:coord>
<gx:coord>-71.90531 -13.538634 3285.7002</gx:coord>
<gx:coord>-71.905304 -13.538633 3285.7002</gx:coord>
<gx:coord>-71.905304 -13.538641 3285.7002</gx:coord>
<gx:coord>-71.905304 -13.5386505 3285.5002</gx:coord>
<gx:coord>-71.905304 -13.538649 3285.5002</gx:coord>
<gx:coord>-71.905304 -13.538649 3285.7002</gx:coord>
<gx:coord>-71.905304 -13.538649 3285.7002</gx:coord>
<gx:coord>-71.905304 -13.538646 3285.6</gx:coord>
<gx:coord>-71.90528 -13.538642 3285.6</gx:coord>
<gx:coord>-71.905266 -13.538628 3285.6</gx:coord>
<gx:coord>-71.90526 -13.538617 3285.6</gx:coord>
<gx:coord>-71.905235 -13.538598 3285.7002</gx:coord>
<gx:coord>-71.90524 -13.538593 3285.7002</gx:coord>
<gx:coord>-71.905235 -13.538591 3285.7002</gx:coord>
<gx:coord>-71.905235 -13.538591 3285.7002</gx:coord>
<gx:coord>-71.90523 -13.5386095 3284.9001</gx:coord>
<gx:coord>-71.90523 -13.53861 3284.9001</gx:coord>
<gx:coord>-71.90526 -13.538606 3284.9001</gx:coord>
<gx:coord>-71.905266 -13.538606 3285.6</gx:coord>
<gx:coord>-71.905266 -13.538606 3285.6</gx:coord>
<gx:coord>-71.905266 -13.538606 3285.6</gx:coord>
<gx:coord>-71.905266 -13.538606 3285.5002</gx:coord>
<gx:coord>-71.905266 -13.538606 3285.5002</gx:coord>
<gx:coord>-71.90527 -13.538621 3285.5002</gx:coord>
<gx:coord>-71.905235 -13.538619 3285.5002</gx:coord>
<gx:coord>-71.90524 -13.538624 3285.5002</gx:coord>
<gx:coord>-71.90526 -13.538666 3285.5002</gx:coord>
<gx:coord>-71.90527 -13.538683 3285.5002</gx:coord>
<gx:coord>-71.90527 -13.538683 3285.6</gx:coord>
<gx:coord>-71.90527 -13.538691 3285.6</gx:coord>
<gx:coord>-71.905266 -13.538696 3285.5002</gx:coord>
<gx:coord>-71.90527 -13.538715 3285.5002</gx:coord>
<gx:coord>-71.905266 -13.538757 3284.9001</gx:coord>
<gx:coord>-71.90525 -13.538789 3284.7002</gx:coord>
<gx:coord>-71.905235 -13.538816 3284.7002</gx:coord>
<gx:coord>-71.90524 -13.538845 3284.9001</gx:coord>
<gx:coord>-71.90525 -13.538845 3284.9001</gx:coord>
<gx:coord>-71.905235 -13.538835 3284.7002</gx:coord>
<gx:coord>-71.90521 -13.538843 3284.7002</gx:coord>
<gx:coord>-71.9052 -13.538862 3284.7002</gx:coord>
<gx:coord>-71.905205 -13.538867 3284.9001</gx:coord>
<gx:coord>-71.90521 -13.538868 3284.9001</gx:coord>
<gx:coord>-71.90521 -13.538871 3284.9001</gx:coord>
<gx:coord>-71.90522 -13.538877 3285.5002</gx:coord>
<gx:coord>-71.90522 -13.538877 3285.2002</gx:coord>
<gx:coord>-71.90522 -13.538878 3285.2002</gx:coord>
<gx:coord>-71.90522 -13.538877 3285.5002</gx:coord>
<gx:coord>-71.90522 -13.53889 3285.5002</gx:coord>
<gx:coord>-71.9052 -13.538915 3285.1</gx:coord>
<gx:coord>-71.905174 -13.538955 3284.7002</gx:coord>
<gx:coord>-71.90516 -13.5389805 3284.7002</gx:coord>
<gx:coord>-71.90516 -13.539003 3285.2002</gx:coord>
<gx:coord>-71.905136 -13.539016 3285.2002</gx:coord>
<gx:coord>-71.90517 -13.539051 3284.6</gx:coord>
<gx:coord>-71.90516 -13.53907 3284.6</gx:coord>
<gx:coord>-71.905174 -13.539094 3284.7002</gx:coord>
<gx:coord>-71.90516 -13.539115 3284.6</gx:coord>
<gx:coord>-71.90514 -13.539138 3284.6</gx:coord>
<gx:coord>-71.90513 -13.53916 3284.6</gx:coord>
<gx:coord>-71.90512 -13.539161 3284.6</gx:coord>
<gx:coord>-71.90508 -13.539174 3284.6</gx:coord>
<gx:coord>-71.90508 -13.539178 3284.6</gx:coord>
<gx:coord>-71.90507 -13.539207 3284.6</gx:coord>
<gx:coord>-71.90505 -13.539226 3283.8</gx:coord>
<gx:coord>-71.90505 -13.539239 3283.8</gx:coord>
<gx:coord>-71.90505 -13.539238 3283.8</gx:coord>
<gx:coord>-71.905045 -13.539279 3283.6</gx:coord>
<gx:coord>-71.905045 -13.539283 3283.6</gx:coord>
<gx:coord>-71.905045 -13.539287 3283.6</gx:coord>
<gx:coord>-71.905045 -13.5392885 3283.6</gx:coord>
<gx:coord>-71.905045 -13.5392885 3283.6</gx:coord>
<gx:coord>-71.90504 -13.539296 3283.7002</gx:coord>
<gx:coord>-71.90504 -13.539296 3283.7002</gx:coord>
<gx:coord>-71.90504 -13.539295 3283.8</gx:coord>
<gx:coord>-71.90503 -13.539295 3283.8</gx:coord>
<gx:coord>-71.90503 -13.53929 3283.8</gx:coord>
<gx:coord>-71.90503 -13.53929 3283.8</gx:coord>
<gx:coord>-71.90503 -13.53929 3283.8</gx:coord>
<gx:coord>-71.90503 -13.53929 3283.6</gx:coord>
<gx:coord>-71.90503 -13.53929 3283.8</gx:coord>
<gx:coord>-71.90503 -13.53929 3283.8</gx:coord>
<gx:coord>-71.90503 -13.53929 3283.8</gx:coord>
<gx:coord>-71.90503 -13.53929 3283.8</gx:coord>
<gx:coord>-71.90503 -13.53929 3283.8</gx:coord>
<gx:coord>-71.90503 -13.53929 3283.7002</gx:coord>
<gx:coord>-71.90503 -13.53929 3283.7002</gx:coord>
<gx:coord>-71.90503 -13.53929 3283.7002</gx:coord>
<gx:coord>-71.90503 -13.53929 3283.7002</gx:coord>
<gx:coord>-71.90503 -13.5392885 3283.8</gx:coord>
<gx:coord>-71.90503 -13.5392885 3283.8</gx:coord>
<gx:coord>-71.90503 -13.539288 3283.6</gx:coord>
<gx:coord>-71.90503 -13.539288 3283.6</gx:coord>
<gx:coord>-71.90503 -13.539288 3283.6</gx:coord>
<gx:coord>-71.90503 -13.539288 3283.6</gx:coord>
<gx:coord>-71.90503 -13.539288 3283.6</gx:coord>
<gx:coord>-71.90503 -13.539288 3283.7002</gx:coord>
<gx:coord>-71.90503 -13.5392885 3283.7002</gx:coord>
<gx:coord>-71.90504 -13.53929 3283.8</gx:coord>
<gx:coord>-71.90503 -13.539304 3283.8</gx:coord>
<gx:coord>-71.90503 -13.539303 3283.8</gx:coord>
<gx:coord>-71.90503 -13.539303 3283.8</gx:coord>
<gx:coord>-71.90503 -13.539303 3283.7002</gx:coord>
<gx:coord>-71.90503 -13.539304 3283.7002</gx:coord>
<gx:coord>-71.90503 -13.539304 3283.7002</gx:coord>
<gx:coord>-71.90503 -13.539304 3283.7002</gx:coord>
<gx:coord>-71.90503 -13.539304 3283.7002</gx:coord>
<gx:coord>-71.90503 -13.539304 3283.6</gx:coord>
<gx:coord>-71.90503 -13.539312 3283.6</gx:coord>
<gx:coord>-71.90503 -13.539309 3283.6</gx:coord>
<gx:coord>-71.90502 -13.5393305 3283.8</gx:coord>
<gx:coord>-71.905014 -13.53935 3283.8</gx:coord>
<gx:coord>-71.90502 -13.5394125 3283.8</gx:coord>
<gx:coord>-71.90498 -13.5394335 3283.6</gx:coord>
<gx:coord>-71.90501 -13.539442 3283.6</gx:coord>
<gx:coord>-71.90498 -13.539457 3283.6</gx:coord>
<gx:coord>-71.904976 -13.539481 3283.6</gx:coord>
<gx:coord>-71.90498 -13.539535 3283.6</gx:coord>
<gx:coord>-71.90498 -13.539572 3283.6</gx:coord>
<gx:coord>-71.904976 -13.539597 3283.6</gx:coord>
<gx:coord>-71.904976 -13.539635 3283.8</gx:coord>
<gx:coord>-71.904976 -13.539666 3283.8</gx:coord>
<gx:coord>-71.904976 -13.539689 3284.6</gx:coord>
<gx:coord>-71.904976 -13.539714 3284.6</gx:coord>
<gx:coord>-71.904976 -13.539743 3283.8</gx:coord>
<gx:coord>-71.904976 -13.539762 3283.8</gx:coord>
<gx:coord>-71.90497 -13.5397835 3283.8</gx:coord>
<gx:coord>-71.90497 -13.539783 3283.8</gx:coord>
<gx:coord>-71.90498 -13.539784 3283.7002</gx:coord>
<gx:coord>-71.904976 -13.539823 3283.7002</gx:coord>
<gx:coord>-71.90497 -13.539844 3283.7002</gx:coord>
<gx:coord>-71.90497 -13.539872 3283.9001</gx:coord>
<gx:coord>-71.90496 -13.539891 3283.9001</gx:coord>
<gx:coord>-71.90494 -13.539927 3283.7002</gx:coord>
<gx:coord>-71.90492 -13.539956 3283.7002</gx:coord>
<gx:coord>-71.90492 -13.539967 3283.7002</gx:coord>
<gx:coord>-71.90493 -13.539971 3283.8</gx:coord>
<gx:coord>-71.904915 -13.539974 3283.8</gx:coord>
<gx:coord>-71.90493 -13.539984 3283.8</gx:coord>
<gx:coord>-71.90492 -13.539991 3283.6</gx:coord>
<gx:coord>-71.90491 -13.540081 3283.6</gx:coord>
<gx:coord>-71.90491 -13.540127 3283.5002</gx:coord>
<gx:coord>-71.904915 -13.540152 3283.5002</gx:coord>
<gx:coord>-71.904915 -13.540157 3283.5002</gx:coord>
<gx:coord>-71.904915 -13.540163 3283.6</gx:coord>
<gx:coord>-71.90492 -13.540172 3283.6</gx:coord>
<gx:coord>-71.90485 -13.540202 3283.6</gx:coord>
<gx:coord>-71.90479 -13.540208 3283.6</gx:coord>
<gx:coord>-71.90478 -13.540233 3283.6</gx:coord>
<gx:coord>-71.90474 -13.5402565 3283.6</gx:coord>
<gx:coord>-71.90474 -13.540264 3283.6</gx:coord>
<gx:coord>-71.904724 -13.540267 3283.6</gx:coord>
<gx:coord>-71.90474 -13.540306 3283.6</gx:coord>
<gx:coord>-71.90474 -13.540321 3283.6</gx:coord>
<gx:coord>-71.90476 -13.540297 3283.6</gx:coord>
<gx:coord>-71.90479 -13.540288 3283.6</gx:coord>
<gx:coord>-71.90479 -13.540287 3283.6</gx:coord>
<gx:coord>-71.90481 -13.540288 3283.6</gx:coord>
<gx:coord>-71.904816 -13.540289 3283.6</gx:coord>
<gx:coord>-71.90482 -13.54029 3283.6</gx:coord>
<gx:coord>-71.90482 -13.54029 3283.6</gx:coord>
<gx:coord>-71.90482 -13.540321 3283.6</gx:coord>
<gx:coord>-71.90482 -13.540332 3283.6</gx:coord>
<gx:coord>-71.904816 -13.540339 3283.6</gx:coord>
<gx:coord>-71.904816 -13.540353 3283.6</gx:coord>
<gx:coord>-71.90482 -13.540389 3283.8</gx:coord>
<gx:coord>-71.904816 -13.540423 3283.8</gx:coord>
<gx:coord>-71.9048 -13.540449 3283.5002</gx:coord>
<gx:coord>-71.9048 -13.540479 3283.5002</gx:coord>
<gx:coord>-71.9048 -13.540499 3283.5002</gx:coord>
<gx:coord>-71.90479 -13.540521 3284.1</gx:coord>
<gx:coord>-71.904785 -13.540544 3284.1</gx:coord>
<gx:coord>-71.90478 -13.540553 3284.1</gx:coord>
<gx:coord>-71.90475 -13.54056 3284.1</gx:coord>
<gx:coord>-71.904724 -13.54058 3284.1</gx:coord>
<gx:coord>-71.90469 -13.54058 3283.5002</gx:coord>
<gx:coord>-71.90466 -13.540596 3283.5002</gx:coord>
<gx:coord>-71.90465 -13.540617 3283.5002</gx:coord>
<gx:coord>-71.904594 -13.540642 3282.2002</gx:coord>
<gx:coord>-71.90459 -13.540651 3282.2002</gx:coord>
<gx:coord>-71.904564 -13.540671 3282.8</gx:coord>
<gx:coord>-71.90455 -13.54069 3282.8</gx:coord>
<gx:coord>-71.90453 -13.540692 3282.8</gx:coord>
<gx:coord>-71.90448 -13.540666 3283.3</gx:coord>
<gx:coord>-71.904465 -13.540678 3283.3</gx:coord>
<gx:coord>-71.904434 -13.54071 3282.8</gx:coord>
<gx:coord>-71.90441 -13.54073 3282.8</gx:coord>
<gx:coord>-71.9044 -13.540744 3282.8</gx:coord>
<gx:coord>-71.90438 -13.540751 3283.5002</gx:coord>
<gx:coord>-71.904335 -13.5407715 3283.5002</gx:coord>
<gx:coord>-71.904305 -13.540785 3283.5002</gx:coord>
<gx:coord>-71.90429 -13.5407915 3283.5002</gx:coord>
<gx:coord>-71.90427 -13.5408 3283.5002</gx:coord>
<gx:coord>-71.90421 -13.540757 3281.4001</gx:coord>
<gx:coord>-71.90419 -13.540765 3281.4001</gx:coord>
<gx:coord>-71.90415 -13.540709 3282.5002</gx:coord>
<gx:coord>-71.904144 -13.540707 3282.5002</gx:coord>
<gx:coord>-71.90415 -13.540726 3282.4001</gx:coord>
<gx:coord>-71.904106 -13.540785 3282.4001</gx:coord>
<gx:coord>-71.90409 -13.540823 3282.4001</gx:coord>
<gx:coord>-71.90404 -13.540892 3282.1</gx:coord>
<gx:coord>-71.90404 -13.540913 3282.1</gx:coord>
<gx:coord>-71.90403 -13.540909 3282.1</gx:coord>
<gx:coord>-71.903984 -13.540938 3282.0002</gx:coord>
<gx:coord>-71.90398 -13.540945 3282.0002</gx:coord>
<gx:coord>-71.90397 -13.540946 3283.3</gx:coord>
<gx:coord>-71.903946 -13.540966 3283.3</gx:coord>
<gx:coord>-71.90392 -13.540968 3283.3</gx:coord>
<gx:coord>-71.90387 -13.540946 3282.1</gx:coord>
<gx:coord>-71.90385 -13.540929 3282.1</gx:coord>
<gx:coord>-71.90383 -13.540917 3282.1</gx:coord>
<gx:coord>-71.90381 -13.54088 3282.4001</gx:coord>
<gx:coord>-71.903786 -13.540879 3282.4001</gx:coord>
<gx:coord>-71.903755 -13.540829 3282.2002</gx:coord>
<gx:coord>-71.90374 -13.540803 3282.2002</gx:coord>
<gx:coord>-71.90373 -13.540805 3282.2002</gx:coord>
<gx:coord>-71.90372 -13.540778 3281.9001</gx:coord>
<gx:coord>-71.90372 -13.540761 3281.9001</gx:coord>
<gx:coord>-71.90371 -13.540742 3282.2002</gx:coord>
<gx:coord>-71.9037 -13.540725 3283.0002</gx:coord>
<gx:coord>-71.9037 -13.540692 3283.0002</gx:coord>
<gx:coord>-71.90368 -13.540668 3283.0002</gx:coord>
<gx:coord>-71.90368 -13.5406475 3283.0002</gx:coord>
<gx:coord>-71.903656 -13.54062 3283.0002</gx:coord>
<gx:coord>-71.90364 -13.540599 3283.0002</gx:coord>
<gx:coord>-71.90361 -13.540575 3283.3</gx:coord>
<gx:coord>-71.903595 -13.540539 3282.6</gx:coord>
<gx:coord>-71.90359 -13.540535 3282.6</gx:coord>
<gx:coord>-71.90356 -13.540522 3283.0002</gx:coord>
<gx:coord>-71.90355 -13.540491 3283.0002</gx:coord>
<gx:coord>-71.90355 -13.540488 3283.0002</gx:coord>
<gx:coord>-71.90351 -13.540432 3283.0002</gx:coord>
<gx:coord>-71.9035 -13.540414 3283.0002</gx:coord>
<gx:coord>-71.90349 -13.540419 3283.0002</gx:coord>
<gx:coord>-71.90346 -13.540384 3283.3</gx:coord>
<gx:coord>-71.90345 -13.540379 3283.3</gx:coord>
<gx:coord>-71.903435 -13.540371 3285.1</gx:coord>
<gx:coord>-71.90343 -13.540349 3285.1</gx:coord>
<gx:coord>-71.903435 -13.540355 3285.1</gx:coord>
<gx:coord>-71.90343 -13.540328 3285.3</gx:coord>
<gx:coord>-71.90343 -13.540317 3285.3</gx:coord>
<gx:coord>-71.90339 -13.540284 3285.0002</gx:coord>
<gx:coord>-71.90337 -13.540261 3285.0002</gx:coord>
<gx:coord>-71.90337 -13.540252 3285.0002</gx:coord>
<gx:coord>-71.90336 -13.540239 3285.0002</gx:coord>
<gx:coord>-71.90334 -13.540222 3285.0002</gx:coord>
<gx:coord>-71.90333 -13.540179 3285.3</gx:coord>
<gx:coord>-71.90332 -13.540161 3285.3</gx:coord>
<gx:coord>-71.90332 -13.540151 3285.3</gx:coord>
<gx:coord>-71.90333 -13.540144 3285.3</gx:coord>
<gx:coord>-71.90332 -13.540143 3285.3</gx:coord>
<gx:coord>-71.90332 -13.540131 3285.0002</gx:coord>
<gx:coord>-71.90332 -13.540121 3285.0002</gx:coord>
<gx:coord>-71.90331 -13.540113 3285.0002</gx:coord>
<gx:coord>-71.9033 -13.540092 3285.4001</gx:coord>
<gx:coord>-71.90329 -13.540083 3285.4001</gx:coord>
<gx:coord>-71.90328 -13.540072 3285.4001</gx:coord>
<gx:coord>-71.90327 -13.540057 3285.4001</gx:coord>
<gx:coord>-71.90326 -13.540046 3285.4001</gx:coord>
<gx:coord>-71.90325 -13.540019 3285.4001</gx:coord>
<gx:coord>-71.90319 -13.539983 3285.4001</gx:coord>
<gx:coord>-71.903175 -13.539967 3285.4001</gx:coord>
<gx:coord>-71.903145 -13.539921 3285.4001</gx:coord>
<gx:coord>-71.903114 -13.539919 3285.4001</gx:coord>
<gx:coord>-71.9031 -13.53993 3285.4001</gx:coord>
<gx:coord>-71.9031 -13.539902 3285.4001</gx:coord>
<gx:coord>-71.90315 -13.539951 3285.4001</gx:coord>
<gx:coord>-71.903145 -13.5399275 3285.4001</gx:coord>
<gx:coord>-71.90312 -13.5398655 3288.5002</gx:coord>
<gx:coord>-71.903114 -13.539842 3288.5002</gx:coord>
<gx:coord>-71.90312 -13.53983 3285.4001</gx:coord>
<gx:coord>-71.90312 -13.539824 3285.4001</gx:coord>
<gx:coord>-71.90312 -13.53981 3285.4001</gx:coord>
<gx:coord>-71.90311 -13.539775 3289.2002</gx:coord>
<gx:coord>-71.90311 -13.539757 3289.2002</gx:coord>
<gx:coord>-71.90309 -13.539742 3289.2002</gx:coord>
<gx:coord>-71.903076 -13.539732 3288.5002</gx:coord>
<gx:coord>-71.90307 -13.539729 3288.5002</gx:coord>
<gx:coord>-71.90307 -13.539713 3288.5002</gx:coord>
<gx:coord>-71.90305 -13.539694 3288.5002</gx:coord>
<gx:coord>-71.90301 -13.539618 3288.5002</gx:coord>
<gx:coord>-71.903015 -13.539581 3285.6</gx:coord>
<gx:coord>-71.90303 -13.539555 3285.6</gx:coord>
<gx:coord>-71.90303 -13.539553 3290.0002</gx:coord>
<gx:coord>-71.90306 -13.5395355 3290.0002</gx:coord>
<gx:coord>-71.903076 -13.539516 3290.0002</gx:coord>
<gx:coord>-71.90312 -13.539517 3290.5002</gx:coord>
<gx:coord>-71.90314 -13.53948 3290.5002</gx:coord>
<gx:coord>-71.903145 -13.539434 3290.5002</gx:coord>
<gx:coord>-71.90318 -13.53942 3290.9001</gx:coord>
<gx:coord>-71.903206 -13.539402 3290.9001</gx:coord>
<gx:coord>-71.903206 -13.539393 3293.6</gx:coord>
<gx:coord>-71.903206 -13.539382 3293.6</gx:coord>
<gx:coord>-71.903275 -13.539363 3293.6</gx:coord>
<gx:coord>-71.90331 -13.539346 3291.8</gx:coord>
<gx:coord>-71.903336 -13.539329 3291.8</gx:coord>
<gx:coord>-71.90334 -13.539327 3291.8</gx:coord>
<gx:coord>-71.90337 -13.539327 3289.3</gx:coord>
<gx:coord>-71.903404 -13.5393305 3289.3</gx:coord>
<gx:coord>-71.90342 -13.539343 3289.3</gx:coord>
<gx:coord>-71.9034 -13.539378 3289.3</gx:coord>
<gx:coord>-71.90341 -13.539389 3289.3</gx:coord>
<gx:coord>-71.903435 -13.5394335 3287.8</gx:coord>
<gx:coord>-71.90343 -13.53944 3287.8</gx:coord>
<gx:coord>-71.90346 -13.539479 3287.8</gx:coord>
<gx:coord>-71.90347 -13.5395 3287.8</gx:coord>
<gx:coord>-71.90348 -13.539506 3287.8</gx:coord>
<gx:coord>-71.903496 -13.539516 3287.9001</gx:coord>
<gx:coord>-71.90351 -13.539533 3287.9001</gx:coord>
<gx:coord>-71.90353 -13.539537 3287.7002</gx:coord>
<gx:coord>-71.903534 -13.539554 3287.7002</gx:coord>
<gx:coord>-71.90356 -13.53958 3287.7002</gx:coord>
<gx:coord>-71.90359 -13.539621 3286.6</gx:coord>
<gx:coord>-71.903595 -13.539635 3286.6</gx:coord>
<gx:coord>-71.90359 -13.539635 3286.6</gx:coord>
<gx:coord>-71.9036 -13.539636 3286.6</gx:coord>
<gx:coord>-71.90361 -13.53964 3286.6</gx:coord>
<gx:coord>-71.90361 -13.539672 3286.2002</gx:coord>
<gx:coord>-71.903625 -13.539698 3286.2002</gx:coord>
<gx:coord>-71.903625 -13.539698 3286.2002</gx:coord>
<gx:coord>-71.903595 -13.539724 3286.3</gx:coord>
<gx:coord>-71.90359 -13.539723 3286.3</gx:coord>
<gx:coord>-71.90357 -13.539742 3286.2002</gx:coord>
<gx:coord>-71.90357 -13.539749 3286.2002</gx:coord>
<gx:coord>-71.90357 -13.539752 3286.2002</gx:coord>
<gx:coord>-71.90357 -13.539761 3286.2002</gx:coord>
<gx:coord>-71.90357 -13.53976 3286.2002</gx:coord>
<gx:coord>-71.90357 -13.539759 3286.2002</gx:coord>
<gx:coord>-71.9036 -13.53976 3286.2002</gx:coord>
<gx:coord>-71.90362 -13.5397625 3286.2002</gx:coord>
<gx:coord>-71.90367 -13.53978 3286.0002</gx:coord>
<gx:coord>-71.903694 -13.539797 3286.0002</gx:coord>
<gx:coord>-71.903786 -13.539929 3286.0002</gx:coord>
<gx:coord>-71.90379 -13.539958 3284.6</gx:coord>
<gx:coord>-71.903786 -13.539972 3284.6</gx:coord>
<gx:coord>-71.9038 -13.539955 3284.6</gx:coord>
<gx:coord>-71.90379 -13.539962 3284.6</gx:coord>
<gx:coord>-71.90389 -13.539975 3284.6</gx:coord>
<gx:coord>-71.90392 -13.539949 3284.5002</gx:coord>
<gx:coord>-71.90393 -13.539951 3284.5002</gx:coord>
<gx:coord>-71.90396 -13.539944 3284.5002</gx:coord>
<gx:coord>-71.903984 -13.539913 3284.4001</gx:coord>
<gx:coord>-71.90399 -13.539905 3284.4001</gx:coord>
<gx:coord>-71.903984 -13.539904 3284.6</gx:coord>
<gx:coord>-71.904 -13.539895 3284.6</gx:coord>
<gx:coord>-71.90406 -13.539891 3284.6</gx:coord>
<gx:coord>-71.90406 -13.539875 3284.5002</gx:coord>
<gx:coord>-71.90411 -13.539869 3284.5002</gx:coord>
<gx:coord>-71.90416 -13.539843 3284.4001</gx:coord>
<gx:coord>-71.90419 -13.539814 3284.5002</gx:coord>
<gx:coord>-71.90421 -13.539806 3284.5002</gx:coord>
<gx:coord>-71.904236 -13.539786 3284.6</gx:coord>
<gx:coord>-71.90427 -13.539777 3284.6</gx:coord>
<gx:coord>-71.90429 -13.539761 3284.6</gx:coord>
<gx:coord>-71.904305 -13.53973 3284.6</gx:coord>
<gx:coord>-71.904335 -13.539718 3284.6</gx:coord>
<gx:coord>-71.90438 -13.539668 3284.6</gx:coord>
<gx:coord>-71.90437 -13.53969 3284.5002</gx:coord>
<gx:coord>-71.90436 -13.539657 3284.5002</gx:coord>
<gx:coord>-71.904366 -13.539624 3284.7002</gx:coord>
<gx:coord>-71.90436 -13.539594 3284.7002</gx:coord>
<gx:coord>-71.904305 -13.539555 3284.7002</gx:coord>
<gx:coord>-71.90426 -13.539523 3284.7002</gx:coord>
<gx:coord>-71.90423 -13.539506 3284.7002</gx:coord>
<gx:coord>-71.9042 -13.539482 3284.7002</gx:coord>
<gx:coord>-71.904175 -13.5394535 3284.7002</gx:coord>
<gx:coord>-71.90413 -13.539428 3284.7002</gx:coord>
<gx:coord>-71.904106 -13.539397 3285.3</gx:coord>
<gx:coord>-71.90408 -13.539374 3285.3</gx:coord>
<gx:coord>-71.90407 -13.539355 3285.3</gx:coord>
<gx:coord>-71.90405 -13.539346 3285.4001</gx:coord>
<gx:coord>-71.90408 -13.539332 3285.4001</gx:coord>
<gx:coord>-71.90411 -13.539335 3285.4001</gx:coord>
<gx:coord>-71.90412 -13.53934 3285.4001</gx:coord>
<gx:coord>-71.90413 -13.539341 3285.4001</gx:coord>
<gx:coord>-71.90413 -13.539341 3285.9001</gx:coord>
<gx:coord>-71.90418 -13.539352 3285.9001</gx:coord>
<gx:coord>-71.90418 -13.539353 3285.4001</gx:coord>
<gx:coord>-71.90418 -13.539354 3285.4001</gx:coord>
<gx:coord>-71.90419 -13.539353 3285.4001</gx:coord>
<gx:coord>-71.90418 -13.539351 3285.4001</gx:coord>
<gx:coord>-71.90418 -13.5393505 3285.4001</gx:coord>
<gx:coord>-71.90416 -13.539336 3285.9001</gx:coord>
<gx:coord>-71.90415 -13.5393305 3285.9001</gx:coord>
<gx:coord>-71.90415 -13.5393305 3285.9001</gx:coord>
<gx:coord>-71.90412 -13.539302 3287.9001</gx:coord>
<gx:coord>-71.9041 -13.539282 3287.9001</gx:coord>
<gx:coord>-71.90409 -13.539273 3287.9001</gx:coord>
<gx:coord>-71.90407 -13.53923 3290.5002</gx:coord>
<gx:coord>-71.90407 -13.539206 3290.5002</gx:coord>
<gx:coord>-71.90405 -13.539201 3291.8</gx:coord>
<gx:coord>-71.90404 -13.53915 3291.8</gx:coord>
<gx:coord>-71.90402 -13.539095 3291.8</gx:coord>
<gx:coord>-71.903984 -13.539065 3291.4001</gx:coord>
<gx:coord>-71.90395 -13.539058 3291.4001</gx:coord>
<gx:coord>-71.90396 -13.539026 3291.4001</gx:coord>
<gx:coord>-71.903915 -13.538895 3292.2002</gx:coord>
<gx:coord>-71.903915 -13.538881 3292.2002</gx:coord>
<gx:coord>-71.90391 -13.538893 3292.2002</gx:coord>
<gx:coord>-71.9039 -13.538889 3292.2002</gx:coord>
<gx:coord>-71.9039 -13.538909 3292.2002</gx:coord>
<gx:coord>-71.90389 -13.538925 3292.2002</gx:coord>
<gx:coord>-71.90389 -13.538928 3292.2002</gx:coord>
<gx:coord>-71.90389 -13.538937 3291.4001</gx:coord>
<gx:coord>-71.903885 -13.538938 3291.4001</gx:coord>
<gx:coord>-71.90388 -13.53894 3291.4001</gx:coord>
<gx:coord>-71.903854 -13.538947 3291.9001</gx:coord>
<gx:coord>-71.90383 -13.538956 3291.9001</gx:coord>
<gx:coord>-71.903824 -13.538964 3291.9001</gx:coord>
<gx:coord>-71.90377 -13.538942 3291.8</gx:coord>
<gx:coord>-71.903755 -13.538944 3291.8</gx:coord>
<gx:coord>-71.90374 -13.538962 3291.8</gx:coord>
<gx:coord>-71.90373 -13.538991 3291.8</gx:coord>
<gx:coord>-71.9037 -13.5390415 3291.8</gx:coord>
<gx:coord>-71.90369 -13.53907 3292.1</gx:coord>
<gx:coord>-71.90365 -13.539088 3292.1</gx:coord>
<gx:coord>-71.903595 -13.5391035 3292.1</gx:coord>
<gx:coord>-71.90356 -13.5391 3291.8</gx:coord>
<gx:coord>-71.90356 -13.539103 3291.8</gx:coord>
<gx:coord>-71.90355 -13.539117 3291.8</gx:coord>
<gx:coord>-71.9035 -13.539111 3291.8</gx:coord>
<gx:coord>-71.90348 -13.539149 3291.8</gx:coord>
<gx:coord>-71.90345 -13.539176 3292.2002</gx:coord>
<gx:coord>-71.90342 -13.539198 3292.2002</gx:coord>
<gx:coord>-71.903404 -13.5392065 3292.2002</gx:coord>
<gx:coord>-71.90338 -13.539222 3293.6</gx:coord>
<gx:coord>-71.90335 -13.539233 3293.6</gx:coord>
<gx:coord>-71.90333 -13.539262 3291.4001</gx:coord>
<gx:coord>-71.90332 -13.539288 3291.4001</gx:coord>
<gx:coord>-71.90328 -13.539309 3291.4001</gx:coord>
<gx:coord>-71.90327 -13.539339 3290.6</gx:coord>
<gx:coord>-71.903244 -13.539368 3290.6</gx:coord>
<gx:coord>-71.90321 -13.5393715 3290.6</gx:coord>
<gx:coord>-71.903175 -13.539403 3291.4001</gx:coord>
<gx:coord>-71.90317 -13.53941 3291.4001</gx:coord>
<gx:coord>-71.90316 -13.539419 3291.4001</gx:coord>
<gx:coord>-71.903145 -13.539447 3290.6</gx:coord>
<gx:coord>-71.90311 -13.539454 3290.6</gx:coord>
<gx:coord>-71.90308 -13.539442 3291.2002</gx:coord>
<gx:coord>-71.903046 -13.539453 3291.2002</gx:coord>
<gx:coord>-71.90303 -13.53948 3291.2002</gx:coord>
<gx:coord>-71.903015 -13.539514 3291.2002</gx:coord>
<gx:coord>-71.903 -13.5395355 3291.2002</gx:coord>
<gx:coord>-71.90297 -13.5395565 3290.4001</gx:coord>
<gx:coord>-71.90294 -13.539578 3290.4001</gx:coord>
<gx:coord>-71.90291 -13.539597 3290.4001</gx:coord>
<gx:coord>-71.902885 -13.539616 3291.8</gx:coord>
<gx:coord>-71.90286 -13.539632 3291.8</gx:coord>
<gx:coord>-71.902855 -13.539638 3291.4001</gx:coord>
<gx:coord>-71.90283 -13.53966 3291.4001</gx:coord>
<gx:coord>-71.90281 -13.539674 3291.4001</gx:coord>
<gx:coord>-71.90277 -13.5397 3295.0002</gx:coord>
<gx:coord>-71.90274 -13.5397215 3295.0002</gx:coord>
<gx:coord>-71.90271 -13.539744 3289.9001</gx:coord>
<gx:coord>-71.90269 -13.539762 3289.9001</gx:coord>
<gx:coord>-71.90266 -13.539771 3289.9001</gx:coord>
<gx:coord>-71.90265 -13.539759 3289.9001</gx:coord>
<gx:coord>-71.90266 -13.539714 3289.9001</gx:coord>
<gx:coord>-71.90265 -13.539677 3291.4001</gx:coord>
<gx:coord>-71.90278 -13.539624 3291.4001</gx:coord>
<gx:coord>-71.90269 -13.539717 3290.9001</gx:coord>
<gx:coord>-71.90265 -13.53977 3290.9001</gx:coord>
<gx:coord>-71.902626 -13.539799 3290.9001</gx:coord>
<gx:coord>-71.902596 -13.539824 3290.4001</gx:coord>
<gx:coord>-71.90257 -13.539845 3293.6</gx:coord>
<gx:coord>-71.90255 -13.53987 3293.6</gx:coord>
<gx:coord>-71.90252 -13.539895 3289.9001</gx:coord>
<gx:coord>-71.9025 -13.539919 3289.9001</gx:coord>
<gx:coord>-71.902466 -13.539941 3291.0002</gx:coord>
<gx:coord>-71.90244 -13.539962 3291.1</gx:coord>
<gx:coord>-71.90241 -13.539976 3291.1</gx:coord>
<gx:coord>-71.90238 -13.53999 3290.6</gx:coord>
<gx:coord>-71.90236 -13.540012 3290.6</gx:coord>
<gx:coord>-71.902336 -13.540033 3291.4001</gx:coord>
<gx:coord>-71.90231 -13.54005 3290.4001</gx:coord>
<gx:coord>-71.90229 -13.540067 3290.4001</gx:coord>
<gx:coord>-71.90227 -13.540085 3287.8</gx:coord>
<gx:coord>-71.90224 -13.540101 3287.8</gx:coord>
<gx:coord>-71.902214 -13.540119 3287.8</gx:coord>
<gx:coord>-71.90219 -13.540137 3299.0002</gx:coord>
<gx:coord>-71.90217 -13.540156 3299.0002</gx:coord>
<gx:coord>-71.90216 -13.540168 3299.0002</gx:coord>
<gx:coord>-71.90214 -13.540185 3286.8</gx:coord>
<gx:coord>-71.902115 -13.540201 3286.8</gx:coord>
<gx:coord>-71.902084 -13.540221 3287.8</gx:coord>
<gx:coord>-71.902054 -13.540239 3287.8</gx:coord>
<gx:coord>-71.90205 -13.540247 3287.8</gx:coord>
<gx:coord>-71.902016 -13.540261 3287.3</gx:coord>
<gx:coord>-71.902 -13.54028 3287.3</gx:coord>
<gx:coord>-71.90198 -13.540303 3287.7002</gx:coord>
<gx:coord>-71.90193 -13.540303 3287.7002</gx:coord>
<gx:coord>-71.90189 -13.540328 3287.7002</gx:coord>
<gx:coord>-71.901855 -13.540342 3286.8</gx:coord>
<gx:coord>-71.90184 -13.540353 3286.8</gx:coord>
<gx:coord>-71.901825 -13.540367 3286.8</gx:coord>
<gx:coord>-71.90179 -13.54036 3287.0002</gx:coord>
<gx:coord>-71.90179 -13.540368 3287.0002</gx:coord>
<gx:coord>-71.90174 -13.540386 3285.7002</gx:coord>
<gx:coord>-71.90171 -13.54043 3285.7002</gx:coord>
<gx:coord>-71.90169 -13.540472 3286.9001</gx:coord>
<gx:coord>-71.901665 -13.540503 3286.9001</gx:coord>
<gx:coord>-71.90164 -13.540526 3286.8</gx:coord>
<gx:coord>-71.90161 -13.54055 3286.8</gx:coord>
<gx:coord>-71.90159 -13.54057 3285.4001</gx:coord>
<gx:coord>-71.90156 -13.5405855 3284.7002</gx:coord>
<gx:coord>-71.90153 -13.5406065 3284.7002</gx:coord>
<gx:coord>-71.901505 -13.540625 3284.7002</gx:coord>
<gx:coord>-71.90148 -13.540634 3284.7002</gx:coord>
<gx:coord>-71.90145 -13.540649 3285.2002</gx:coord>
<gx:coord>-71.90147 -13.540649 3285.2002</gx:coord>
<gx:coord>-71.90143 -13.540608 3285.5002</gx:coord>
<gx:coord>-71.901405 -13.540595 3285.5002</gx:coord>
<gx:coord>-71.901375 -13.540666 3285.5002</gx:coord>
<gx:coord>-71.90136 -13.540697 3284.7002</gx:coord>
<gx:coord>-71.90134 -13.540733 3284.7002</gx:coord>
<gx:coord>-71.90131 -13.540746 3285.2002</gx:coord>
<gx:coord>-71.90129 -13.540752 3285.2002</gx:coord>
<gx:coord>-71.90129 -13.540766 3285.2002</gx:coord>
<gx:coord>-71.901276 -13.540787 3284.6</gx:coord>
<gx:coord>-71.90125 -13.540798 3284.6</gx:coord>
<gx:coord>-71.90124 -13.54081 3284.6</gx:coord>
<gx:coord>-71.90122 -13.54082 3283.8</gx:coord>
<gx:coord>-71.90124 -13.540839 3283.8</gx:coord>
<gx:coord>-71.90126 -13.54094 3281.2002</gx:coord>
<gx:coord>-71.90129 -13.540958 3281.2002</gx:coord>
<gx:coord>-71.90131 -13.540963 3281.2002</gx:coord>
<gx:coord>-71.90134 -13.541018 3281.3</gx:coord>
<gx:coord>-71.90135 -13.541066 3281.3</gx:coord>
<gx:coord>-71.90137 -13.541092 3281.3</gx:coord>
<gx:coord>-71.90137 -13.541121 3281.2002</gx:coord>
<gx:coord>-71.90139 -13.541136 3281.2002</gx:coord>
<gx:coord>-71.9014 -13.5411625 3281.2002</gx:coord>
<gx:coord>-71.901405 -13.541179 3281.2002</gx:coord>
<gx:coord>-71.90142 -13.541201 3281.2002</gx:coord>
<gx:coord>-71.90141 -13.541213 3281.2002</gx:coord>
<gx:coord>-71.90142 -13.541242 3281.2002</gx:coord>
<gx:coord>-71.901436 -13.541232 3281.2002</gx:coord>
<gx:coord>-71.90146 -13.541247 3281.0002</gx:coord>
<gx:coord>-71.90147 -13.54126 3281.0002</gx:coord>
<gx:coord>-71.90148 -13.54132 3280.1</gx:coord>
<gx:coord>-71.901505 -13.5413475 3280.1</gx:coord>
<gx:coord>-71.90152 -13.541383 3280.7002</gx:coord>
<gx:coord>-71.90155 -13.541405 3280.7002</gx:coord>
<gx:coord>-71.90156 -13.541432 3280.1</gx:coord>
<gx:coord>-71.90158 -13.5414505 3280.1</gx:coord>
<gx:coord>-71.90159 -13.541476 3280.1</gx:coord>
<gx:coord>-71.9016 -13.541497 3280.7002</gx:coord>
<gx:coord>-71.90161 -13.541515 3279.7002</gx:coord>
<gx:coord>-71.90161 -13.541524 3279.7002</gx:coord>
<gx:coord>-71.90162 -13.541544 3280.1</gx:coord>
<gx:coord>-71.90163 -13.541548 3280.1</gx:coord>
<gx:coord>-71.90163 -13.541539 3280.1</gx:coord>
<gx:coord>-71.90162 -13.541541 3280.1</gx:coord>
<gx:coord>-71.90162 -13.541551 3280.1</gx:coord>
<gx:coord>-71.90164 -13.541568 3280.1</gx:coord>
<gx:coord>-71.901665 -13.541613 3279.7002</gx:coord>
<gx:coord>-71.901695 -13.54166 3279.7002</gx:coord>
<gx:coord>-71.9017 -13.541686 3281.3</gx:coord>
<gx:coord>-71.9017 -13.541696 3281.3</gx:coord>
<gx:coord>-71.90172 -13.541711 3281.3</gx:coord>
<gx:coord>-71.90172 -13.541745 3281.3</gx:coord>
<gx:coord>-71.90173 -13.541758 3281.3</gx:coord>
<gx:coord>-71.90176 -13.541785 3280.1</gx:coord>
<gx:coord>-71.901764 -13.541796 3280.1</gx:coord>
<gx:coord>-71.901794 -13.541832 3280.1</gx:coord>
<gx:coord>-71.901825 -13.541887 3280.7002</gx:coord>
<gx:coord>-71.90184 -13.541916 3280.7002</gx:coord>
<gx:coord>-71.90185 -13.541922 3280.7002</gx:coord>
<gx:coord>-71.90186 -13.54194 3279.9001</gx:coord>
<gx:coord>-71.90186 -13.54196 3279.9001</gx:coord>
<gx:coord>-71.901886 -13.541969 3280.8</gx:coord>
<gx:coord>-71.90189 -13.542006 3280.8</gx:coord>
<gx:coord>-71.90189 -13.542033 3280.8</gx:coord>
<gx:coord>-71.90189 -13.5420685 3280.7002</gx:coord>
<gx:coord>-71.90189 -13.542099 3280.7002</gx:coord>
<gx:coord>-71.90189 -13.542112 3280.7002</gx:coord>
<gx:coord>-71.90194 -13.54212 3279.7002</gx:coord>
<gx:coord>-71.90195 -13.542129 3279.7002</gx:coord>
<gx:coord>-71.90193 -13.542135 3279.7002</gx:coord>
<gx:coord>-71.90193 -13.542129 3279.7002</gx:coord>
<gx:coord>-71.90193 -13.542137 3279.7002</gx:coord>
<gx:coord>-71.90194 -13.542131 3279.7002</gx:coord>
<gx:coord>-71.90195 -13.542142 3279.7002</gx:coord>
<gx:coord>-71.90195 -13.542192 3279.7002</gx:coord>
<gx:coord>-71.90195 -13.5421505 3279.7002</gx:coord>
<gx:coord>-71.90198 -13.542152 3279.7002</gx:coord>
<gx:coord>-71.90201 -13.542181 3279.7002</gx:coord>
<gx:coord>-71.902 -13.542213 3279.7002</gx:coord>
<gx:coord>-71.90201 -13.5422325 3279.7002</gx:coord>
<gx:coord>-71.90201 -13.542251 3279.7002</gx:coord>
<gx:coord>-71.902016 -13.542268 3282.7002</gx:coord>
<gx:coord>-71.90202 -13.542302 3282.7002</gx:coord>
<gx:coord>-71.90205 -13.542356 3282.7002</gx:coord>
<gx:coord>-71.90203 -13.5423975 3279.7002</gx:coord>
<gx:coord>-71.902016 -13.542422 3279.7002</gx:coord>
<gx:coord>-71.902 -13.54242 3279.7002</gx:coord>
<gx:coord>-71.90196 -13.542419 3280.1</gx:coord>
<gx:coord>-71.901924 -13.5424385 3280.1</gx:coord>
<gx:coord>-71.90189 -13.54245 3280.6</gx:coord>
<gx:coord>-71.901886 -13.542452 3280.6</gx:coord>
<gx:coord>-71.901855 -13.542465 3280.6</gx:coord>
<gx:coord>-71.90184 -13.54247 3281.7002</gx:coord>
<gx:coord>-71.90179 -13.542475 3281.7002</gx:coord>
<gx:coord>-71.901764 -13.542476 3281.7002</gx:coord>
<gx:coord>-71.90173 -13.542504 3282.0002</gx:coord>
<gx:coord>-71.901726 -13.542508 3282.0002</gx:coord>
<gx:coord>-71.90172 -13.5425005 3280.8</gx:coord>
<gx:coord>-71.90169 -13.542507 3280.8</gx:coord>
<gx:coord>-71.90165 -13.542526 3280.8</gx:coord>
<gx:coord>-71.90162 -13.542554 3279.4001</gx:coord>
<gx:coord>-71.90159 -13.542573 3279.4001</gx:coord>
<gx:coord>-71.90156 -13.54257 3279.4001</gx:coord>
<gx:coord>-71.901535 -13.54257 3280.7002</gx:coord>
<gx:coord>-71.901474 -13.54259 3280.7002</gx:coord>
<gx:coord>-71.901436 -13.542601 3279.5002</gx:coord>
<gx:coord>-71.90141 -13.542608 3279.5002</gx:coord>
<gx:coord>-71.90141 -13.542611 3279.5002</gx:coord>
<gx:coord>-71.901375 -13.542604 3279.7002</gx:coord>
<gx:coord>-71.90137 -13.54261 3279.7002</gx:coord>
<gx:coord>-71.90136 -13.542634 3279.7002</gx:coord>
<gx:coord>-71.90131 -13.542668 3279.7002</gx:coord>
<gx:coord>-71.90128 -13.542686 3279.7002</gx:coord>
<gx:coord>-71.901245 -13.542699 3274.9602</gx:coord>
<gx:coord>-71.90121 -13.542709 3273.9448</gx:coord>
<gx:coord>-71.90117 -13.542725 3279.7002</gx:coord>
<gx:coord>-71.90115 -13.542725 3279.7002</gx:coord>
<gx:coord>-71.90112 -13.542748 3279.7002</gx:coord>
<gx:coord>-71.90111 -13.542773 3274.3032</gx:coord>
<gx:coord>-71.90109 -13.542779 3273.5933</gx:coord>
<gx:coord>-71.90107 -13.542775 3276.558</gx:coord>
<gx:coord>-71.901054 -13.542783 3276.558</gx:coord>
<gx:coord>-71.90103 -13.542788 3278.1184</gx:coord>
<gx:coord>-71.901024 -13.542785 3279.4001</gx:coord>
<gx:coord>-71.900986 -13.542798 3279.4001</gx:coord>
<gx:coord>-71.90091 -13.542817 3278.3</gx:coord>
<gx:coord>-71.90088 -13.542823 3278.3</gx:coord>
<gx:coord>-71.90084 -13.542849 3279.9001</gx:coord>
<gx:coord>-71.900856 -13.542808 3279.9001</gx:coord>
<gx:coord>-71.90079 -13.542828 3279.9001</gx:coord>
<gx:coord>-71.90075 -13.542835 3279.9001</gx:coord>
<gx:coord>-71.90076 -13.542858 3279.9001</gx:coord>
<gx:coord>-71.90076 -13.542862 3278.6</gx:coord>
<gx:coord>-71.90074 -13.542869 3278.6</gx:coord>
<gx:coord>-71.90071 -13.542893 3278.3</gx:coord>
<gx:coord>-71.900696 -13.542908 3278.3</gx:coord>
<gx:coord>-71.90065 -13.542958 3278.3</gx:coord>
<gx:coord>-71.900635 -13.542963 3278.3</gx:coord>
<gx:coord>-71.90062 -13.5429735 3278.3</gx:coord>
<gx:coord>-71.90059 -13.54299 3278.3</gx:coord>
<gx:coord>-71.90056 -13.542995 3278.6</gx:coord>
<gx:coord>-71.90054 -13.543014 3278.6</gx:coord>
<gx:coord>-71.900536 -13.543033 3278.3</gx:coord>
<gx:coord>-71.90055 -13.543015 3278.3</gx:coord>
<gx:coord>-71.90048 -13.543051 3278.3</gx:coord>
<gx:coord>-71.90044 -13.543059 3280.1</gx:coord>
<gx:coord>-71.9004 -13.543071 3280.1</gx:coord>
<gx:coord>-71.90037 -13.543116 3280.1</gx:coord>
<gx:coord>-71.90034 -13.543141 3280.1</gx:coord>
<gx:coord>-71.90032 -13.543149 3280.1</gx:coord>
<gx:coord>-71.90029 -13.543162 3280.1</gx:coord>
<gx:coord>-71.90025 -13.543193 3280.1</gx:coord>
<gx:coord>-71.90023 -13.543206 3280.1</gx:coord>
<gx:coord>-71.90019 -13.543232 3280.1</gx:coord>
<gx:coord>-71.90017 -13.543256 3280.1</gx:coord>
<gx:coord>-71.90014 -13.543279 3280.1</gx:coord>
<gx:coord>-71.90011 -13.5433 3280.1</gx:coord>
<gx:coord>-71.900085 -13.543321 3280.1</gx:coord>
<gx:coord>-71.90006 -13.543331 3278.3</gx:coord>
<gx:coord>-71.90003 -13.543347 3278.3</gx:coord>
<gx:coord>-71.90001 -13.543368 3280.1</gx:coord>
<gx:coord>-71.89998 -13.543392 3278.9001</gx:coord>
<gx:coord>-71.899956 -13.5434065 3278.9001</gx:coord>
<gx:coord>-71.89993 -13.543422 3277.6</gx:coord>
<gx:coord>-71.89991 -13.543441 3273.6265</gx:coord>
<gx:coord>-71.89989 -13.543461 3280.1</gx:coord>
<gx:coord>-71.899864 -13.543475 3274.5183</gx:coord>
<gx:coord>-71.89984 -13.543491 3274.704</gx:coord>
<gx:coord>-71.89982 -13.543511 3274.7153</gx:coord>
<gx:coord>-71.89979 -13.543531 3274.7153</gx:coord>
<gx:coord>-71.899765 -13.543549 3275.2678</gx:coord>
<gx:coord>-71.89974 -13.543568 3277.7002</gx:coord>
<gx:coord>-71.89971 -13.543591 3277.7002</gx:coord>
<gx:coord>-71.89969 -13.543593 3277.7002</gx:coord>
<gx:coord>-71.89966 -13.543601 3277.5002</gx:coord>
<gx:coord>-71.899666 -13.543605 3277.5002</gx:coord>
<gx:coord>-71.89963 -13.543616 3275.8</gx:coord>
<gx:coord>-71.8996 -13.543627 3275.8</gx:coord>
<gx:coord>-71.89959 -13.543641 3275.8</gx:coord>
<gx:coord>-71.899574 -13.543666 3275.8</gx:coord>
<gx:coord>-71.89955 -13.543698 3275.8</gx:coord>
<gx:coord>-71.89953 -13.543731 3278.4001</gx:coord>
<gx:coord>-71.89951 -13.543748 3278.4001</gx:coord>
<gx:coord>-71.89951 -13.543733 3278.4001</gx:coord>
<gx:coord>-71.899475 -13.543741 3275.8</gx:coord>
<gx:coord>-71.89945 -13.543736 3275.8</gx:coord>
<gx:coord>-71.899414 -13.543733 3275.8</gx:coord>
<gx:coord>-71.8994 -13.543736 3275.8</gx:coord>
<gx:coord>-71.899376 -13.543753 3275.9001</gx:coord>
<gx:coord>-71.899345 -13.543747 3275.9001</gx:coord>
<gx:coord>-71.899315 -13.54376 3275.9001</gx:coord>
<gx:coord>-71.899284 -13.543753 3275.7002</gx:coord>
<gx:coord>-71.89926 -13.543747 3275.7002</gx:coord>
<gx:coord>-71.89923 -13.543735 3275.7002</gx:coord>
<gx:coord>-71.89921 -13.543707 3275.7002</gx:coord>
<gx:coord>-71.899185 -13.5437 3275.7002</gx:coord>
<gx:coord>-71.89914 -13.543673 3275.8</gx:coord>
<gx:coord>-71.89911 -13.543656 3275.8</gx:coord>
<gx:coord>-71.89909 -13.543652 3275.8</gx:coord>
<gx:coord>-71.89906 -13.543591 3275.8</gx:coord>
<gx:coord>-71.89905 -13.543573 3275.8</gx:coord>
<gx:coord>-71.89904 -13.543571 3275.7002</gx:coord>
<gx:coord>-71.89902 -13.543552 3275.7002</gx:coord>
<gx:coord>-71.89902 -13.543534 3275.7002</gx:coord>
<gx:coord>-71.89899 -13.543487 3275.7002</gx:coord>
<gx:coord>-71.89898 -13.543458 3275.7002</gx:coord>
<gx:coord>-71.898964 -13.543459 3275.7002</gx:coord>
<gx:coord>-71.89895 -13.543486 3275.8</gx:coord>
<gx:coord>-71.89893 -13.54349 3275.8</gx:coord>
<gx:coord>-71.89891 -13.543471 3275.7002</gx:coord>
<gx:coord>-71.89888 -13.543439 3275.7002</gx:coord>
<gx:coord>-71.898834 -13.543428 3275.7002</gx:coord>
<gx:coord>-71.898796 -13.543392 3276.0002</gx:coord>
<gx:coord>-71.89877 -13.543368 3276.0002</gx:coord>
<gx:coord>-71.89876 -13.543361 3276.0002</gx:coord>
<gx:coord>-71.89875 -13.543309 3276.0002</gx:coord>
<gx:coord>-71.898735 -13.543292 3276.0002</gx:coord>
<gx:coord>-71.89873 -13.543248 3276.0002</gx:coord>
<gx:coord>-71.898705 -13.543223 3276.0002</gx:coord>
<gx:coord>-71.89868 -13.54322 3276.0002</gx:coord>
<gx:coord>-71.89869 -13.543187 3276.0002</gx:coord>
<gx:coord>-71.89864 -13.543174 3276.0002</gx:coord>
<gx:coord>-71.89863 -13.54315 3276.3</gx:coord>
<gx:coord>-71.898605 -13.543142 3276.3</gx:coord>
<gx:coord>-71.89859 -13.543139 3276.3</gx:coord>
<gx:coord>-71.89858 -13.543097 3276.8</gx:coord>
<gx:coord>-71.898575 -13.543065 3276.8</gx:coord>
<gx:coord>-71.898544 -13.543048 3276.8</gx:coord>
<gx:coord>-71.898544 -13.543026 3276.8</gx:coord>
<gx:coord>-71.89852 -13.542999 3276.8</gx:coord>
<gx:coord>-71.8985 -13.542981 3278.6</gx:coord>
<gx:coord>-71.89848 -13.542989 3278.6</gx:coord>
<gx:coord>-71.89847 -13.542946 3278.6</gx:coord>
<gx:coord>-71.898445 -13.5429125 3278.6</gx:coord>
<gx:coord>-71.89843 -13.54289 3278.6</gx:coord>
<gx:coord>-71.89841 -13.542878 3278.6</gx:coord>
<gx:coord>-71.898384 -13.542867 3278.6</gx:coord>
<gx:coord>-71.89838 -13.542877 3278.6</gx:coord>
<gx:coord>-71.898346 -13.54288 3278.5002</gx:coord>
<gx:coord>-71.898315 -13.5429 3278.5002</gx:coord>
<gx:coord>-71.89829 -13.54293 3278.5002</gx:coord>
<gx:coord>-71.89828 -13.542958 3278.2002</gx:coord>
<gx:coord>-71.89826 -13.54298 3278.2002</gx:coord>
<gx:coord>-71.89824 -13.542995 3278.2002</gx:coord>
<gx:coord>-71.89822 -13.543012 3278.2002</gx:coord>
<gx:coord>-71.8982 -13.543025 3278.2002</gx:coord>
<gx:coord>-71.89817 -13.543041 3278.6</gx:coord>
<gx:coord>-71.89815 -13.543059 3278.6</gx:coord>
<gx:coord>-71.89813 -13.543076 3278.6</gx:coord>
<gx:coord>-71.898094 -13.54309 3278.2002</gx:coord>
<gx:coord>-71.89808 -13.5431 3278.2002</gx:coord>
<gx:coord>-71.89807 -13.543109 3278.2002</gx:coord>
<gx:coord>-71.898056 -13.543116 3278.2002</gx:coord>
<gx:coord>-71.898026 -13.543158 3278.2002</gx:coord>
<gx:coord>-71.89798 -13.543158 3277.7002</gx:coord>
<gx:coord>-71.89795 -13.543174 3277.7002</gx:coord>
<gx:coord>-71.897934 -13.543208 3277.8</gx:coord>
<gx:coord>-71.89788 -13.543227 3277.8</gx:coord>
<gx:coord>-71.897865 -13.543249 3277.8</gx:coord>
<gx:coord>-71.897804 -13.543245 3277.7002</gx:coord>
<gx:coord>-71.89778 -13.543264 3277.7002</gx:coord>
<gx:coord>-71.89779 -13.543276 3277.2002</gx:coord>
<gx:coord>-71.89774 -13.543287 3277.2002</gx:coord>
<gx:coord>-71.89774 -13.5433 3277.2002</gx:coord>
<gx:coord>-71.89772 -13.543317 3277.2002</gx:coord>
<gx:coord>-71.897705 -13.543322 3277.2002</gx:coord>
<gx:coord>-71.897705 -13.543327 3277.2002</gx:coord>
<gx:coord>-71.89769 -13.543356 3277.4001</gx:coord>
<gx:coord>-71.89768 -13.543366 3277.4001</gx:coord>
<gx:coord>-71.897644 -13.543375 3277.2002</gx:coord>
<gx:coord>-71.89759 -13.543412 3277.2002</gx:coord>
<gx:coord>-71.89759 -13.543449 3277.2002</gx:coord>
<gx:coord>-71.89752 -13.543457 3277.1</gx:coord>
<gx:coord>-71.89751 -13.543461 3277.1</gx:coord>
<gx:coord>-71.89751 -13.543479 3276.8</gx:coord>
<gx:coord>-71.89748 -13.5435095 3276.8</gx:coord>
<gx:coord>-71.89748 -13.543515 3276.8</gx:coord>
<gx:coord>-71.89744 -13.54352 3276.8</gx:coord>
<gx:coord>-71.89742 -13.543548 3276.8</gx:coord>
<gx:coord>-71.89742 -13.543557 3276.8</gx:coord>
<gx:coord>-71.89739 -13.543547 3276.8</gx:coord>
<gx:coord>-71.897316 -13.543643 3276.8</gx:coord>
<gx:coord>-71.89728 -13.543656 3276.8</gx:coord>
<gx:coord>-71.89727 -13.5436735 3276.8</gx:coord>
<gx:coord>-71.89725 -13.543692 3276.8</gx:coord>
<gx:coord>-71.897224 -13.543712 3276.9001</gx:coord>
<gx:coord>-71.89721 -13.543722 3276.9001</gx:coord>
<gx:coord>-71.89717 -13.543716 3276.8</gx:coord>
<gx:coord>-71.89717 -13.54375 3276.8</gx:coord>
<gx:coord>-71.89715 -13.54377 3276.8</gx:coord>
<gx:coord>-71.89709 -13.543786 3276.9001</gx:coord>
<gx:coord>-71.89704 -13.543801 3276.9001</gx:coord>
<gx:coord>-71.897026 -13.543822 3276.9001</gx:coord>
<gx:coord>-71.897026 -13.543845 3276.8</gx:coord>
<gx:coord>-71.897 -13.543856 3276.8</gx:coord>
<gx:coord>-71.89698 -13.543875 3276.9001</gx:coord>
<gx:coord>-71.89695 -13.543881 3276.9001</gx:coord>
<gx:coord>-71.896935 -13.543909 3276.9001</gx:coord>
<gx:coord>-71.89691 -13.543936 3276.8</gx:coord>
<gx:coord>-71.89688 -13.543954 3276.8</gx:coord>
<gx:coord>-71.89685 -13.543978 3276.8</gx:coord>
<gx:coord>-71.89683 -13.543989 3276.5002</gx:coord>
<gx:coord>-71.89684 -13.543989 3276.5002</gx:coord>
<gx:coord>-71.89686 -13.544012 3276.5002</gx:coord>
<gx:coord>-71.89684 -13.544024 3276.5002</gx:coord>
<gx:coord>-71.89684 -13.544038 3276.5002</gx:coord>
<gx:coord>-71.896805 -13.54405 3276.3</gx:coord>
<gx:coord>-71.896774 -13.544064 3276.3</gx:coord>
<gx:coord>-71.896736 -13.544107 3276.3</gx:coord>
<gx:coord>-71.896706 -13.544113 3276.3</gx:coord>
<gx:coord>-71.89671 -13.544113 3276.3</gx:coord>
<gx:coord>-71.896675 -13.544147 3276.2002</gx:coord>
<gx:coord>-71.89667 -13.544152 3276.2002</gx:coord>
<gx:coord>-71.89668 -13.544222 3276.2002</gx:coord>
<gx:coord>-71.8967 -13.544254 3274.4001</gx:coord>
<gx:coord>-71.8967 -13.544268 3274.4001</gx:coord>
<gx:coord>-71.89672 -13.544292 3274.4001</gx:coord>
<gx:coord>-71.89671 -13.544292 3274.4001</gx:coord>
<gx:coord>-71.896706 -13.5443 3274.4001</gx:coord>
<gx:coord>-71.89672 -13.544322 3274.4001</gx:coord>
<gx:coord>-71.89677 -13.544379 3274.4001</gx:coord>
<gx:coord>-71.89679 -13.544418 3274.4001</gx:coord>
<gx:coord>-71.89682 -13.544477 3273.9001</gx:coord>
<gx:coord>-71.89683 -13.544505 3273.9001</gx:coord>
<gx:coord>-71.89681 -13.544514 3273.9001</gx:coord>
<gx:coord>-71.89681 -13.544507 3273.9001</gx:coord>
<gx:coord>-71.89682 -13.544521 3273.9001</gx:coord>
<gx:coord>-71.89686 -13.544554 3273.4001</gx:coord>
<gx:coord>-71.89688 -13.544573 3273.4001</gx:coord>
<gx:coord>-71.89687 -13.544595 3273.4001</gx:coord>
<gx:coord>-71.89687 -13.5446 3273.4001</gx:coord>
<gx:coord>-71.89687 -13.544604 3273.4001</gx:coord>
<gx:coord>-71.89692 -13.5446205 3273.3</gx:coord>
<gx:coord>-71.89696 -13.544636 3273.3</gx:coord>
<gx:coord>-71.89696 -13.544644 3273.3</gx:coord>
<gx:coord>-71.896996 -13.544654 3273.3</gx:coord>
<gx:coord>-71.89701 -13.54466 3273.3</gx:coord>
<gx:coord>-71.897 -13.544671 3273.3</gx:coord>
<gx:coord>-71.897064 -13.544717 3273.4001</gx:coord>
<gx:coord>-71.89706 -13.544729 3273.4001</gx:coord>
<gx:coord>-71.89707 -13.544784 3273.4001</gx:coord>
<gx:coord>-71.89706 -13.544815 3273.4001</gx:coord>
<gx:coord>-71.897095 -13.544831 3273.4001</gx:coord>
<gx:coord>-71.89713 -13.544852 3273.4001</gx:coord>
<gx:coord>-71.89716 -13.544878 3273.4001</gx:coord>
<gx:coord>-71.89718 -13.544873 3273.4001</gx:coord>
<gx:coord>-71.89723 -13.544879 3273.4001</gx:coord>
<gx:coord>-71.89723 -13.544875 3273.4001</gx:coord>
<gx:coord>-71.89725 -13.544868 3273.4001</gx:coord>
<gx:coord>-71.89724 -13.544868 3273.4001</gx:coord>
<gx:coord>-71.89731 -13.544871 3273.4001</gx:coord>
<gx:coord>-71.8973 -13.544874 3273.4001</gx:coord>
<gx:coord>-71.89735 -13.544886 3273.4001</gx:coord>
<gx:coord>-71.89735 -13.544884 3273.4001</gx:coord>
<gx:coord>-71.89735 -13.544888 3273.4001</gx:coord>
<gx:coord>-71.89736 -13.5449 3273.4001</gx:coord>
<gx:coord>-71.89738 -13.544909 3273.4001</gx:coord>
<gx:coord>-71.897385 -13.544911 3273.4001</gx:coord>
<gx:coord>-71.897385 -13.54492 3273.4001</gx:coord>
<gx:coord>-71.89739 -13.544925 3273.4001</gx:coord>
<gx:coord>-71.8974 -13.544941 3273.4001</gx:coord>
<gx:coord>-71.89743 -13.54495 3273.4001</gx:coord>
<gx:coord>-71.897446 -13.544955 3273.4001</gx:coord>
<gx:coord>-71.89741 -13.54499 3273.4001</gx:coord>
<gx:coord>-71.89734 -13.5450325 3273.4001</gx:coord>
<gx:coord>-71.897316 -13.545091 3273.4001</gx:coord>
<gx:coord>-71.89727 -13.545134 3272.5002</gx:coord>
<gx:coord>-71.89723 -13.545168 3272.5002</gx:coord>
<gx:coord>-71.89722 -13.545243 3272.5002</gx:coord>
<gx:coord>-71.897194 -13.545258 3272.5002</gx:coord>
<gx:coord>-71.89718 -13.545268 3272.5002</gx:coord>
<gx:coord>-71.89715 -13.545279 3272.5002</gx:coord>
<gx:coord>-71.89715 -13.545295 3272.5002</gx:coord>
<gx:coord>-71.89713 -13.545312 3272.5002</gx:coord>
<gx:coord>-71.89706 -13.545386 3275.8</gx:coord>
<gx:coord>-71.89705 -13.545399 3275.8</gx:coord>
<gx:coord>-71.89704 -13.545403 3275.8</gx:coord>
<gx:coord>-71.897 -13.545432 3275.8</gx:coord>
<gx:coord>-71.89699 -13.545442 3275.8</gx:coord>
<gx:coord>-71.89698 -13.545452 3271.5002</gx:coord>
<gx:coord>-71.89696 -13.545485 3271.5002</gx:coord>
<gx:coord>-71.896935 -13.545501 3271.5002</gx:coord>
<gx:coord>-71.89692 -13.54554 3271.5002</gx:coord>
<gx:coord>-71.8969 -13.545576 3271.5002</gx:coord>
<gx:coord>-71.896866 -13.5455885 3271.5002</gx:coord>
<gx:coord>-71.89683 -13.545597 3271.5002</gx:coord>
<gx:coord>-71.89681 -13.545604 3271.5002</gx:coord>
<gx:coord>-71.8968 -13.545621 3271.5002</gx:coord>
<gx:coord>-71.896805 -13.545624 3271.5002</gx:coord>
<gx:coord>-71.8968 -13.54563 3271.5002</gx:coord>
<gx:coord>-71.89677 -13.545667 3272.4001</gx:coord>
<gx:coord>-71.89672 -13.545706 3272.4001</gx:coord>
<gx:coord>-71.8967 -13.545731 3272.4001</gx:coord>
<gx:coord>-71.896675 -13.545749 3273.0002</gx:coord>
<gx:coord>-71.89665 -13.545763 3273.0002</gx:coord>
<gx:coord>-71.89662 -13.5457735 3273.0002</gx:coord>
<gx:coord>-71.89661 -13.545787 3272.4001</gx:coord>
<gx:coord>-71.89658 -13.545819 3272.4001</gx:coord>
<gx:coord>-71.89655 -13.545838 3271.2002</gx:coord>
<gx:coord>-71.89653 -13.545847 3271.2002</gx:coord>
<gx:coord>-71.89649 -13.545844 3272.7002</gx:coord>
<gx:coord>-71.89648 -13.545869 3272.4001</gx:coord>
<gx:coord>-71.89646 -13.54588 3272.4001</gx:coord>
<gx:coord>-71.896454 -13.545884 3272.0002</gx:coord>
<gx:coord>-71.89646 -13.545889 3272.0002</gx:coord>
<gx:coord>-71.89646 -13.545892 3272.0002</gx:coord>
<gx:coord>-71.896454 -13.545895 3272.0002</gx:coord>
<gx:coord>-71.89645 -13.5458975 3272.0002</gx:coord>
<gx:coord>-71.89643 -13.545907 3272.0002</gx:coord>
<gx:coord>-71.89642 -13.545914 3272.0002</gx:coord>
<gx:coord>-71.896416 -13.545921 3272.0002</gx:coord>
<gx:coord>-71.8964 -13.545927 3272.0002</gx:coord>
<gx:coord>-71.89639 -13.545934 3272.0002</gx:coord>
<gx:coord>-71.896385 -13.545939 3272.0002</gx:coord>
<gx:coord>-71.89638 -13.545946 3272.0002</gx:coord>
<gx:coord>-71.89637 -13.545952 3272.0002</gx:coord>
<gx:coord>-71.89636 -13.545952 3270.6</gx:coord>
<gx:coord>-71.896355 -13.545955 3270.6</gx:coord>
<gx:coord>-71.89635 -13.54596 3270.6</gx:coord>
<gx:coord>-71.89634 -13.54597 3270.6</gx:coord>
<gx:coord>-71.89633 -13.5459795 3270.6</gx:coord>
<gx:coord>-71.896324 -13.545988 3272.0002</gx:coord>
<gx:coord>-71.896324 -13.545994 3272.0002</gx:coord>
<gx:coord>-71.89632 -13.546002 3272.0002</gx:coord>
<gx:coord>-71.89631 -13.546004 3272.0002</gx:coord>
<gx:coord>-71.89631 -13.546007 3272.0002</gx:coord>
<gx:coord>-71.8963 -13.546012 3272.1</gx:coord>
<gx:coord>-71.8963 -13.546017 3272.1</gx:coord>
<gx:coord>-71.89629 -13.546017 3272.1</gx:coord>
<gx:coord>-71.89629 -13.546015 3272.1</gx:coord>
<gx:coord>-71.89629 -13.546014 3272.1</gx:coord>
<gx:coord>-71.896286 -13.546011 3270.5002</gx:coord>
<gx:coord>-71.896286 -13.546009 3270.5002</gx:coord>
<gx:coord>-71.896286 -13.546007 3270.5002</gx:coord>
<gx:coord>-71.896286 -13.546007 3270.5002</gx:coord>
<gx:coord>-71.896286 -13.546008 3270.5002</gx:coord>
<gx:coord>-71.896286 -13.546007 3270.5002</gx:coord>
<gx:coord>-71.896286 -13.546007 3270.5002</gx:coord>
<gx:coord>-71.89628 -13.546008 3270.5002</gx:coord>
<gx:coord>-71.896286 -13.546008 3270.5002</gx:coord>
<gx:coord>-71.896286 -13.546008 3270.5002</gx:coord>
<ExtendedData>
<SchemaData schemaUrl="#schema">
<gx:SimpleArrayData name="speed">
<gx:value>0.22574559</gx:value>
<gx:value>0.2500484</gx:value>
<gx:value>0.18300095</gx:value>
<gx:value>0.18654281</gx:value>
<gx:value>0.28263485</gx:value>
<gx:value>0.40464988</gx:value>
<gx:value>0.40154</gx:value>
<gx:value>0.56051177</gx:value>
<gx:value>0.7248734</gx:value>
<gx:value>0.7038795</gx:value>
<gx:value>0.6092009</gx:value>
<gx:value>0.5382039</gx:value>
<gx:value>0.48475578</gx:value>
<gx:value>0.4977261</gx:value>
<gx:value>0.16815828</gx:value>
<gx:value>0.19073024</gx:value>
<gx:value>0.12985519</gx:value>
<gx:value>0.007870702</gx:value>
<gx:value>0.037915338</gx:value>
<gx:value>0.10210657</gx:value>
<gx:value>0.027097626</gx:value>
<gx:value>0.13216458</gx:value>
<gx:value>0.11035645</gx:value>
<gx:value>0.23539996</gx:value>
<gx:value>0.3438858</gx:value>
<gx:value>0.71751606</gx:value>
<gx:value>0.3417642</gx:value>
<gx:value>0.60522485</gx:value>
<gx:value>0.4275744</gx:value>
<gx:value>0.35522836</gx:value>
<gx:value>0.29653665</gx:value>
<gx:value>0.10150137</gx:value>
<gx:value>0.0877709</gx:value>
<gx:value>0.05957247</gx:value>
<gx:value>0.06468073</gx:value>
<gx:value>0.09055687</gx:value>
<gx:value>0.0903278</gx:value>
<gx:value>0.9497271</gx:value>
<gx:value>0.23046742</gx:value>
<gx:value>1.0179033</gx:value>
<gx:value>0.941133</gx:value>
<gx:value>0.8838982</gx:value>
<gx:value>0.91037196</gx:value>
<gx:value>0.74171406</gx:value>
<gx:value>0.6689069</gx:value>
<gx:value>0.55458194</gx:value>
<gx:value>0.27193496</gx:value>
<gx:value>0.29852206</gx:value>
<gx:value>0.39932674</gx:value>
<gx:value>0.32054198</gx:value>
<gx:value>0.22834109</gx:value>
<gx:value>0.22326283</gx:value>
<gx:value>0.343566</gx:value>
<gx:value>0.15624599</gx:value>
<gx:value>0.21299441</gx:value>
<gx:value>0.21562915</gx:value>
<gx:value>0.27753988</gx:value>
<gx:value>0.1111416</gx:value>
<gx:value>0.15428336</gx:value>
<gx:value>0.22721228</gx:value>
<gx:value>0.17268242</gx:value>
<gx:value>0.16080292</gx:value>
<gx:value>0.09515399</gx:value>
<gx:value>0.1317951</gx:value>
<gx:value>0.20766217</gx:value>
<gx:value>0.31785604</gx:value>
<gx:value>0.385838</gx:value>
<gx:value>0.5446986</gx:value>
<gx:value>0.55361056</gx:value>
<gx:value>0.11164681</gx:value>
<gx:value>0.57518613</gx:value>
<gx:value>0.26225433</gx:value>
<gx:value>0.07136866</gx:value>
<gx:value>0.12670252</gx:value>
<gx:value>0.20096888</gx:value>
<gx:value>0.17738628</gx:value>
<gx:value>0.21491323</gx:value>
<gx:value>0.042465802</gx:value>
<gx:value>0.11210276</gx:value>
<gx:value>0.11154292</gx:value>
<gx:value>0.16509277</gx:value>
<gx:value>0.5349658</gx:value>
<gx:value>0.34649712</gx:value>
<gx:value>0.10556004</gx:value>
<gx:value>0.017498672</gx:value>
<gx:value>0.0124700405</gx:value>
<gx:value>0.09826364</gx:value>
<gx:value>0.11881608</gx:value>
<gx:value>0.113390505</gx:value>
<gx:value>0.04852153</gx:value>
<gx:value>0.6469408</gx:value>
<gx:value>0.89963937</gx:value>
<gx:value>0.5197748</gx:value>
<gx:value>0.37686786</gx:value>
<gx:value>0.5625649</gx:value>
<gx:value>0.6233744</gx:value>
<gx:value>0.32329443</gx:value>
<gx:value>0.2883859</gx:value>
<gx:value>0.7927418</gx:value>
<gx:value>0.903028</gx:value>
<gx:value>0.84358364</gx:value>
<gx:value>0.70551884</gx:value>
<gx:value>0.7330565</gx:value>
<gx:value>0.38366982</gx:value>
<gx:value>0.27541122</gx:value>
<gx:value>0.13609014</gx:value>
<gx:value>0.060744807</gx:value>
<gx:value>0.111690044</gx:value>
<gx:value>0.22290818</gx:value>
<gx:value>0.08397065</gx:value>
<gx:value>0.17969613</gx:value>
<gx:value>0.10812379</gx:value>
<gx:value>0.18038987</gx:value>
<gx:value>0.25300416</gx:value>
<gx:value>0.21406403</gx:value>
<gx:value>0.17824106</gx:value>
<gx:value>0.17177345</gx:value>
<gx:value>0.12082363</gx:value>
<gx:value>0.14421527</gx:value>
<gx:value>0.19082417</gx:value>
<gx:value>0.17051683</gx:value>
<gx:value>0.18221477</gx:value>
<gx:value>0.17170689</gx:value>
<gx:value>0.34926972</gx:value>
<gx:value>0.6398329</gx:value>
<gx:value>0.7292008</gx:value>
<gx:value>0.7653563</gx:value>
<gx:value>0.14614753</gx:value>
<gx:value>0.51791114</gx:value>
<gx:value>0.5307895</gx:value>
<gx:value>0.40801504</gx:value>
<gx:value>0.31336764</gx:value>
<gx:value>0.15679353</gx:value>
<gx:value>0.09767346</gx:value>
<gx:value>0.12087453</gx:value>
<gx:value>0.04285251</gx:value>
<gx:value>0.15251662</gx:value>
<gx:value>0.30913898</gx:value>
<gx:value>0.28706792</gx:value>
<gx:value>0.05294301</gx:value>
<gx:value>0.01782029</gx:value>
<gx:value>0.023027258</gx:value>
<gx:value>0.08394928</gx:value>
<gx:value>0.23331805</gx:value>
<gx:value>0.41676077</gx:value>
<gx:value>0.24991477</gx:value>
<gx:value>0.11116954</gx:value>
<gx:value>0.08942155</gx:value>
<gx:value>0.120650046</gx:value>
<gx:value>0.19623947</gx:value>
<gx:value>0.12119328</gx:value>
<gx:value>0.0991055</gx:value>
<gx:value>0.066385314</gx:value>
<gx:value>0.040697105</gx:value>
<gx:value>0.56645447</gx:value>
<gx:value>0.5514591</gx:value>
<gx:value>0.19543955</gx:value>
<gx:value>0.115896456</gx:value>
<gx:value>0.065539286</gx:value>
<gx:value>0.024955057</gx:value>
<gx:value>0.1577009</gx:value>
<gx:value>0.9410473</gx:value>
<gx:value>1.0350671</gx:value>
<gx:value>1.0094469</gx:value>
<gx:value>1.001559</gx:value>
<gx:value>1.0543458</gx:value>
<gx:value>0.68356645</gx:value>
<gx:value>0.8825764</gx:value>
<gx:value>0.80722606</gx:value>
<gx:value>0.8624192</gx:value>
<gx:value>0.97200584</gx:value>
<gx:value>0.7965544</gx:value>
<gx:value>0.9542298</gx:value>
<gx:value>0.8310014</gx:value>
<gx:value>0.8602063</gx:value>
<gx:value>0.80215186</gx:value>
<gx:value>0.82919973</gx:value>
<gx:value>0.07657678</gx:value>
<gx:value>0.062364295</gx:value>
<gx:value>0.11011561</gx:value>
<gx:value>0.20131315</gx:value>
<gx:value>0.20384388</gx:value>
<gx:value>0.12655312</gx:value>
<gx:value>0.14941308</gx:value>
<gx:value>0.09936163</gx:value>
<gx:value>0.12548582</gx:value>
<gx:value>0.07152613</gx:value>
<gx:value>0.08613101</gx:value>
<gx:value>0.082433194</gx:value>
<gx:value>0.060085908</gx:value>
<gx:value>0.039371498</gx:value>
<gx:value>0.024317812</gx:value>
<gx:value>0.019376118</gx:value>
<gx:value>0.005541591</gx:value>
<gx:value>4.483819E-4</gx:value>
<gx:value>0.004721744</gx:value>
<gx:value>4.8135698E-4</gx:value>
<gx:value>0.6187996</gx:value>
<gx:value>0.7580129</gx:value>
<gx:value>0.42677307</gx:value>
<gx:value>0.52087605</gx:value>
<gx:value>0.86158246</gx:value>
<gx:value>0.49564815</gx:value>
<gx:value>0.6203195</gx:value>
<gx:value>0.35161155</gx:value>
<gx:value>0.615815</gx:value>
<gx:value>0.90362877</gx:value>
<gx:value>0.9847624</gx:value>
<gx:value>1.1331502</gx:value>
<gx:value>0.98136705</gx:value>
<gx:value>0.89241916</gx:value>
<gx:value>1.1022382</gx:value>
<gx:value>1.1981217</gx:value>
<gx:value>1.1153207</gx:value>
<gx:value>0.7083865</gx:value>
<gx:value>0.85047096</gx:value>
<gx:value>0.7597291</gx:value>
<gx:value>0.37096775</gx:value>
<gx:value>0.39952436</gx:value>
<gx:value>0.47070378</gx:value>
<gx:value>0.6682816</gx:value>
<gx:value>0.844624</gx:value>
<gx:value>0.83941156</gx:value>
<gx:value>0.969637</gx:value>
<gx:value>1.038045</gx:value>
<gx:value>0.9939087</gx:value>
<gx:value>0.95761806</gx:value>
<gx:value>0.88938785</gx:value>
<gx:value>0.8841417</gx:value>
<gx:value>0.794791</gx:value>
<gx:value>0.46326497</gx:value>
<gx:value>0.07692769</gx:value>
<gx:value>0.06964217</gx:value>
<gx:value>0.105192125</gx:value>
<gx:value>0.08470238</gx:value>
<gx:value>0.82851356</gx:value>
<gx:value>0.15451859</gx:value>
<gx:value>0.121844046</gx:value>
<gx:value>0.06413643</gx:value>
<gx:value>0.06396514</gx:value>
<gx:value>0.43154338</gx:value>
<gx:value>0.124458455</gx:value>
<gx:value>0.069385335</gx:value>
<gx:value>0.0693808</gx:value>
<gx:value>0.11490631</gx:value>
<gx:value>0.30941787</gx:value>
<gx:value>0.0738316</gx:value>
<gx:value>0.094145335</gx:value>
<gx:value>0.2090696</gx:value>
<gx:value>0.07335337</gx:value>
<gx:value>0.071238935</gx:value>
<gx:value>0.09539635</gx:value>
<gx:value>0.20578238</gx:value>
<gx:value>0.17224874</gx:value>
<gx:value>0.3219439</gx:value>
<gx:value>0.18778296</gx:value>
<gx:value>0.36755294</gx:value>
<gx:value>0.85557353</gx:value>
<gx:value>0.9005516</gx:value>
<gx:value>0.7219918</gx:value>
<gx:value>0.6867582</gx:value>
<gx:value>0.635351</gx:value>
<gx:value>0.6494749</gx:value>
<gx:value>0.7427994</gx:value>
<gx:value>0.8066936</gx:value>
<gx:value>0.7217288</gx:value>
<gx:value>0.980467</gx:value>
<gx:value>1.1123867</gx:value>
<gx:value>1.069876</gx:value>
<gx:value>0.89149904</gx:value>
<gx:value>0.61845016</gx:value>
<gx:value>0.56321996</gx:value>
<gx:value>0.20736463</gx:value>
<gx:value>0.06839126</gx:value>
<gx:value>0.054284945</gx:value>
<gx:value>0.10072081</gx:value>
<gx:value>0.06975602</gx:value>
<gx:value>0.058991525</gx:value>
<gx:value>0.05895063</gx:value>
<gx:value>0.04552563</gx:value>
<gx:value>0.029017428</gx:value>
<gx:value>0.029294549</gx:value>
<gx:value>0.0059651206</gx:value>
<gx:value>0.14979547</gx:value>
<gx:value>0.14726292</gx:value>
<gx:value>1.2559874</gx:value>
<gx:value>1.22021</gx:value>
<gx:value>0.05649474</gx:value>
<gx:value>0.009681407</gx:value>
<gx:value>0.0012984313</gx:value>
<gx:value>0.2297722</gx:value>
<gx:value>0.24001859</gx:value>
<gx:value>0.4198026</gx:value>
<gx:value>0.52927214</gx:value>
<gx:value>0.6070261</gx:value>
<gx:value>0.052630093</gx:value>
<gx:value>0.13076413</gx:value>
<gx:value>0.19784606</gx:value>
<gx:value>0.19947232</gx:value>
<gx:value>0.18483509</gx:value>
<gx:value>0.1822201</gx:value>
<gx:value>0.058744006</gx:value>
<gx:value>0.0072041047</gx:value>
<gx:value>0.0036415253</gx:value>
<gx:value>3.295514E-4</gx:value>
<gx:value>1.2155355E-5</gx:value>
<gx:value>0.81969583</gx:value>
<gx:value>0.17679477</gx:value>
<gx:value>0.33546928</gx:value>
<gx:value>0.6776681</gx:value>
<gx:value>0.45021537</gx:value>
<gx:value>0.26270443</gx:value>
<gx:value>0.18645747</gx:value>
<gx:value>0.25856912</gx:value>
<gx:value>0.5201832</gx:value>
<gx:value>0.9161506</gx:value>
<gx:value>1.05131</gx:value>
<gx:value>0.9431942</gx:value>
<gx:value>0.76905966</gx:value>
<gx:value>0.22829844</gx:value>
<gx:value>0.2717062</gx:value>
<gx:value>0.59101164</gx:value>
<gx:value>0.6485714</gx:value>
<gx:value>0.2609127</gx:value>
<gx:value>0.0420397</gx:value>
<gx:value>0.024945702</gx:value>
<gx:value>0.027618231</gx:value>
<gx:value>0.092050724</gx:value>
<gx:value>0.101362295</gx:value>
<gx:value>0.14067595</gx:value>
<gx:value>0.50155723</gx:value>
<gx:value>0.89129597</gx:value>
<gx:value>0.8768699</gx:value>
<gx:value>0.83550006</gx:value>
<gx:value>0.82260877</gx:value>
<gx:value>0.91495234</gx:value>
<gx:value>0.99073845</gx:value>
<gx:value>0.9197677</gx:value>
<gx:value>0.8155333</gx:value>
<gx:value>0.85196537</gx:value>
<gx:value>0.9340547</gx:value>
<gx:value>0.8859028</gx:value>
<gx:value>0.7820027</gx:value>
<gx:value>0.7190688</gx:value>
<gx:value>0.6266481</gx:value>
<gx:value>0.7304819</gx:value>
<gx:value>0.78922397</gx:value>
<gx:value>0.6856815</gx:value>
<gx:value>0.3192988</gx:value>
<gx:value>0.4170113</gx:value>
<gx:value>0.12816536</gx:value>
<gx:value>0.039922494</gx:value>
<gx:value>0.034545787</gx:value>
<gx:value>0.008179737</gx:value>
<gx:value>0.008668194</gx:value>
<gx:value>0.042568535</gx:value>
<gx:value>0.053846397</gx:value>
<gx:value>0.0354148</gx:value>
<gx:value>0.17140298</gx:value>
<gx:value>0.26941347</gx:value>
<gx:value>0.26373008</gx:value>
<gx:value>0.01590774</gx:value>
<gx:value>2.6638305E-4</gx:value>
<gx:value>0.003250448</gx:value>
<gx:value>0.0032672477</gx:value>
<gx:value>0.007621999</gx:value>
<gx:value>7.599772E-4</gx:value>
<gx:value>4.451768E-5</gx:value>
<gx:value>0.0033425752</gx:value>
<gx:value>0.013021017</gx:value>
<gx:value>0.018497568</gx:value>
<gx:value>0.070798114</gx:value>
<gx:value>0.023427833</gx:value>
<gx:value>0.011987752</gx:value>
<gx:value>0.0077907303</gx:value>
<gx:value>0.0052147293</gx:value>
<gx:value>0.007922861</gx:value>
<gx:value>0.00822357</gx:value>
<gx:value>0.039058868</gx:value>
<gx:value>0.013106617</gx:value>
<gx:value>0.19983594</gx:value>
<gx:value>0.20397465</gx:value>
<gx:value>0.040224403</gx:value>
<gx:value>0.008007695</gx:value>
<gx:value>0.003676875</gx:value>
<gx:value>0.0033253352</gx:value>
<gx:value>0.002809137</gx:value>
<gx:value>0.0028411963</gx:value>
<gx:value>0.0026723524</gx:value>
<gx:value>0.0027174067</gx:value>
<gx:value>0.27939478</gx:value>
<gx:value>0.18607183</gx:value>
<gx:value>0.5555439</gx:value>
<gx:value>0.70054483</gx:value>
<gx:value>0.82012284</gx:value>
<gx:value>0.98490703</gx:value>
<gx:value>0.64746565</gx:value>
<gx:value>0.9248315</gx:value>
<gx:value>1.1238775</gx:value>
<gx:value>1.1969926</gx:value>
<gx:value>1.1635531</gx:value>
<gx:value>1.1422986</gx:value>
<gx:value>1.1596804</gx:value>
<gx:value>1.0322601</gx:value>
<gx:value>0.9491507</gx:value>
<gx:value>0.97497594</gx:value>
<gx:value>0.94912463</gx:value>
<gx:value>0.8438478</gx:value>
<gx:value>0.87782484</gx:value>
<gx:value>0.7294063</gx:value>
<gx:value>0.7223046</gx:value>
<gx:value>0.69081867</gx:value>
<gx:value>0.8167172</gx:value>
<gx:value>0.9364165</gx:value>
<gx:value>0.9582905</gx:value>
<gx:value>1.0591505</gx:value>
<gx:value>0.97565526</gx:value>
<gx:value>0.9793358</gx:value>
<gx:value>0.97301763</gx:value>
<gx:value>0.90239364</gx:value>
<gx:value>0.51558477</gx:value>
<gx:value>0.78620917</gx:value>
<gx:value>0.85327977</gx:value>
<gx:value>0.9962471</gx:value>
<gx:value>0.9584407</gx:value>
<gx:value>0.71056145</gx:value>
<gx:value>0.6938985</gx:value>
<gx:value>0.6049992</gx:value>
<gx:value>0.8689377</gx:value>
<gx:value>0.9261624</gx:value>
<gx:value>1.0202123</gx:value>
<gx:value>1.0538089</gx:value>
<gx:value>1.1169513</gx:value>
<gx:value>0.9641632</gx:value>
<gx:value>0.90753776</gx:value>
<gx:value>0.8137751</gx:value>
<gx:value>0.27158895</gx:value>
<gx:value>0.17256106</gx:value>
<gx:value>0.10046334</gx:value>
<gx:value>0.079312265</gx:value>
<gx:value>0.115597054</gx:value>
<gx:value>0.18457986</gx:value>
<gx:value>0.18614897</gx:value>
<gx:value>0.34548056</gx:value>
<gx:value>0.42211038</gx:value>
<gx:value>0.64237416</gx:value>
<gx:value>0.6646927</gx:value>
<gx:value>0.8624615</gx:value>
<gx:value>0.79768836</gx:value>
<gx:value>0.8605806</gx:value>
<gx:value>0.33816302</gx:value>
<gx:value>0.44899592</gx:value>
<gx:value>0.5299599</gx:value>
<gx:value>0.52553976</gx:value>
<gx:value>0.5566998</gx:value>
<gx:value>0.77175903</gx:value>
<gx:value>0.89668155</gx:value>
<gx:value>1.1076866</gx:value>
<gx:value>1.0095005</gx:value>
<gx:value>0.9428664</gx:value>
<gx:value>1.0720974</gx:value>
<gx:value>1.2423352</gx:value>
<gx:value>1.1677173</gx:value>
<gx:value>1.0936607</gx:value>
<gx:value>0.6760414</gx:value>
<gx:value>0.8619624</gx:value>
<gx:value>0.9098193</gx:value>
<gx:value>1.1374054</gx:value>
<gx:value>1.0400996</gx:value>
<gx:value>0.9236458</gx:value>
<gx:value>1.0342104</gx:value>
<gx:value>1.068756</gx:value>
<gx:value>1.1193081</gx:value>
<gx:value>0.684742</gx:value>
<gx:value>0.8848351</gx:value>
<gx:value>0.9717065</gx:value>
<gx:value>0.94988877</gx:value>
<gx:value>1.0617188</gx:value>
<gx:value>1.0618984</gx:value>
<gx:value>0.6896816</gx:value>
<gx:value>0.8802014</gx:value>
<gx:value>0.97165155</gx:value>
<gx:value>0.81863505</gx:value>
<gx:value>0.6804597</gx:value>
<gx:value>0.41075853</gx:value>
<gx:value>0.62718505</gx:value>
<gx:value>0.6837567</gx:value>
<gx:value>0.7032753</gx:value>
<gx:value>0.8572673</gx:value>
<gx:value>1.143769</gx:value>
<gx:value>1.1803168</gx:value>
<gx:value>1.0662465</gx:value>
<gx:value>1.1331364</gx:value>
<gx:value>1.1460316</gx:value>
<gx:value>1.1400356</gx:value>
<gx:value>1.2041492</gx:value>
<gx:value>1.1354973</gx:value>
<gx:value>1.1631376</gx:value>
<gx:value>1.0249043</gx:value>
<gx:value>0.71272725</gx:value>
<gx:value>0.7636805</gx:value>
<gx:value>0.85738814</gx:value>
<gx:value>1.021497</gx:value>
<gx:value>0.93640727</gx:value>
<gx:value>0.96380216</gx:value>
<gx:value>1.073661</gx:value>
<gx:value>1.038598</gx:value>
<gx:value>1.009642</gx:value>
<gx:value>1.1072289</gx:value>
<gx:value>1.1190145</gx:value>
<gx:value>1.1070946</gx:value>
<gx:value>1.1295133</gx:value>
<gx:value>0.8377891</gx:value>
<gx:value>1.0526593</gx:value>
<gx:value>0.99100786</gx:value>
<gx:value>0.948596</gx:value>
<gx:value>0.85205865</gx:value>
<gx:value>0.97640705</gx:value>
<gx:value>0.59893024</gx:value>
<gx:value>1.0660654</gx:value>
<gx:value>0.47532442</gx:value>
<gx:value>0.5965205</gx:value>
<gx:value>0.7069352</gx:value>
<gx:value>0.43737188</gx:value>
<gx:value>0.37141156</gx:value>
<gx:value>0.3610197</gx:value>
<gx:value>0.7024841</gx:value>
<gx:value>0.8437339</gx:value>
<gx:value>0.7634493</gx:value>
<gx:value>0.913434</gx:value>
<gx:value>0.44834846</gx:value>
<gx:value>0.49597692</gx:value>
<gx:value>0.35415003</gx:value>
<gx:value>0.478279</gx:value>
<gx:value>0.5048314</gx:value>
<gx:value>0.58775944</gx:value>
<gx:value>0.6190494</gx:value>
<gx:value>0.5050143</gx:value>
<gx:value>0.6448323</gx:value>
<gx:value>0.8327307</gx:value>
<gx:value>0.76733655</gx:value>
<gx:value>0.83215547</gx:value>
<gx:value>0.38057318</gx:value>
<gx:value>0.4519061</gx:value>
<gx:value>1.0066512</gx:value>
<gx:value>1.0588136</gx:value>
<gx:value>1.143435</gx:value>
<gx:value>0.96419513</gx:value>
<gx:value>0.986327</gx:value>
<gx:value>0.38506508</gx:value>
<gx:value>0.018182555</gx:value>
<gx:value>0.10862802</gx:value>
<gx:value>0.1783539</gx:value>
<gx:value>0.29391155</gx:value>
<gx:value>0.48612916</gx:value>
<gx:value>0.8574702</gx:value>
<gx:value>0.8326609</gx:value>
<gx:value>0.8678648</gx:value>
<gx:value>0.8829043</gx:value>
<gx:value>0.57499695</gx:value>
<gx:value>0.7978431</gx:value>
<gx:value>0.82515204</gx:value>
<gx:value>0.8913015</gx:value>
<gx:value>0.8415092</gx:value>
<gx:value>0.90436894</gx:value>
<gx:value>0.8996329</gx:value>
<gx:value>0.9569051</gx:value>
<gx:value>0.95807004</gx:value>
<gx:value>0.96118605</gx:value>
<gx:value>0.83755565</gx:value>
<gx:value>0.8473469</gx:value>
<gx:value>0.89471895</gx:value>
<gx:value>0.90308875</gx:value>
<gx:value>1.0547556</gx:value>
<gx:value>0.6171306</gx:value>
<gx:value>0.6069744</gx:value>
<gx:value>1.0224789</gx:value>
<gx:value>0.93651384</gx:value>
<gx:value>0.7057584</gx:value>
<gx:value>0.89815134</gx:value>
<gx:value>1.1136763</gx:value>
<gx:value>1.0265038</gx:value>
<gx:value>1.1265036</gx:value>
<gx:value>1.0196606</gx:value>
<gx:value>1.1184654</gx:value>
<gx:value>1.002586</gx:value>
<gx:value>1.3736522</gx:value>
<gx:value>1.1544894</gx:value>
<gx:value>0.98604035</gx:value>
<gx:value>1.04024</gx:value>
<gx:value>1.2383398</gx:value>
<gx:value>0.64459044</gx:value>
<gx:value>0.7850752</gx:value>
<gx:value>0.4883355</gx:value>
<gx:value>0.8565912</gx:value>
<gx:value>0.74011517</gx:value>
<gx:value>0.75796556</gx:value>
<gx:value>0.1525021</gx:value>
<gx:value>0.21293347</gx:value>
<gx:value>0.39718696</gx:value>
<gx:value>0.79667383</gx:value>
<gx:value>0.5048014</gx:value>
<gx:value>0.6058201</gx:value>
<gx:value>0.11664921</gx:value>
<gx:value>0.018257078</gx:value>
<gx:value>0.088990025</gx:value>
<gx:value>0.10372112</gx:value>
<gx:value>0.1268421</gx:value>
<gx:value>0.22700277</gx:value>
<gx:value>0.17919861</gx:value>
<gx:value>0.25641546</gx:value>
<gx:value>0.52294564</gx:value>
<gx:value>1.0833122</gx:value>
<gx:value>1.0338243</gx:value>
<gx:value>1.2742605</gx:value>
<gx:value>1.0426921</gx:value>
<gx:value>0.76370287</gx:value>
<gx:value>1.0647428</gx:value>
<gx:value>1.0130475</gx:value>
<gx:value>1.093007</gx:value>
<gx:value>0.87300545</gx:value>
<gx:value>0.7183124</gx:value>
<gx:value>0.5253783</gx:value>
<gx:value>0.81032825</gx:value>
<gx:value>0.84815794</gx:value>
<gx:value>0.08055072</gx:value>
<gx:value>0.30320397</gx:value>
<gx:value>1.0477473</gx:value>
<gx:value>0.9678587</gx:value>
<gx:value>0.7574745</gx:value>
<gx:value>1.0461435</gx:value>
<gx:value>1.1259704</gx:value>
<gx:value>1.0781655</gx:value>
<gx:value>1.127793</gx:value>
<gx:value>1.1189353</gx:value>
<gx:value>0.90234107</gx:value>
<gx:value>1.0474348</gx:value>
<gx:value>1.1585629</gx:value>
<gx:value>1.277163</gx:value>
<gx:value>1.0805846</gx:value>
<gx:value>1.1558311</gx:value>
<gx:value>1.1522242</gx:value>
<gx:value>1.2311524</gx:value>
<gx:value>1.4362663</gx:value>
<gx:value>1.467032</gx:value>
<gx:value>1.3436091</gx:value>
<gx:value>1.3850601</gx:value>
<gx:value>1.4786408</gx:value>
<gx:value>1.3997203</gx:value>
<gx:value>1.2922424</gx:value>
<gx:value>1.1386825</gx:value>
<gx:value>1.0184808</gx:value>
<gx:value>0.96941036</gx:value>
<gx:value>0.12960975</gx:value>
<gx:value>0.101412915</gx:value>
<gx:value>0.14238738</gx:value>
<gx:value>0.14509144</gx:value>
<gx:value>0.030897915</gx:value>
<gx:value>0.096174255</gx:value>
<gx:value>0.12549198</gx:value>
<gx:value>0.110364236</gx:value>
<gx:value>0.19215967</gx:value>
<gx:value>0.3008042</gx:value>
<gx:value>0.36221623</gx:value>
<gx:value>0.24256755</gx:value>
<gx:value>0.3104784</gx:value>
<gx:value>0.30907035</gx:value>
<gx:value>0.93771785</gx:value>
<gx:value>1.0925083</gx:value>
<gx:value>0.9250534</gx:value>
<gx:value>1.1626517</gx:value>
<gx:value>1.0798237</gx:value>
<gx:value>0.9603462</gx:value>
<gx:value>0.86315376</gx:value>
<gx:value>0.8904145</gx:value>
<gx:value>1.4065824</gx:value>
<gx:value>1.0658852</gx:value>
<gx:value>0.96553165</gx:value>
<gx:value>1.1562904</gx:value>
<gx:value>0.711783</gx:value>
<gx:value>0.61404663</gx:value>
<gx:value>0.4619689</gx:value>
<gx:value>0.18102302</gx:value>
<gx:value>0.1808018</gx:value>
<gx:value>0.22385344</gx:value>
<gx:value>0.17027393</gx:value>
<gx:value>0.1962165</gx:value>
<gx:value>0.49693578</gx:value>
<gx:value>0.95817053</gx:value>
<gx:value>0.9571901</gx:value>
<gx:value>0.650976</gx:value>
<gx:value>0.9724805</gx:value>
<gx:value>1.0120279</gx:value>
<gx:value>0.37965044</gx:value>
<gx:value>0.7317227</gx:value>
<gx:value>1.0392199</gx:value>
<gx:value>1.1201051</gx:value>
<gx:value>1.0070494</gx:value>
<gx:value>1.1018826</gx:value>
<gx:value>1.0734925</gx:value>
<gx:value>0.9610578</gx:value>
<gx:value>1.1509033</gx:value>
<gx:value>1.0662574</gx:value>
<gx:value>1.0503973</gx:value>
<gx:value>1.1761494</gx:value>
<gx:value>1.0159674</gx:value>
<gx:value>0.9777542</gx:value>
<gx:value>1.0313138</gx:value>
<gx:value>0.99600977</gx:value>
<gx:value>0.8726357</gx:value>
<gx:value>1.0399244</gx:value>
<gx:value>1.1476159</gx:value>
<gx:value>1.1739987</gx:value>
<gx:value>1.0456163</gx:value>
<gx:value>1.1380206</gx:value>
<gx:value>1.1258943</gx:value>
<gx:value>1.1633577</gx:value>
<gx:value>1.2797703</gx:value>
<gx:value>1.1378474</gx:value>
<gx:value>1.0551797</gx:value>
<gx:value>1.1808941</gx:value>
<gx:value>1.0753845</gx:value>
<gx:value>0.9532158</gx:value>
<gx:value>1.0159466</gx:value>
<gx:value>0.97861636</gx:value>
<gx:value>0.6029176</gx:value>
<gx:value>0.93645793</gx:value>
<gx:value>0.82024556</gx:value>
<gx:value>0.9987907</gx:value>
<gx:value>0.96225333</gx:value>
<gx:value>1.0379797</gx:value>
<gx:value>1.0212348</gx:value>
<gx:value>1.0660199</gx:value>
<gx:value>1.1183708</gx:value>
<gx:value>1.139362</gx:value>
<gx:value>1.1012026</gx:value>
<gx:value>1.1189684</gx:value>
<gx:value>0.58028245</gx:value>
<gx:value>1.0428514</gx:value>
<gx:value>1.454889</gx:value>
<gx:value>0.81940967</gx:value>
<gx:value>5.6567993</gx:value>
<gx:value>1.2312764</gx:value>
<gx:value>1.0750086</gx:value>
<gx:value>0.991116</gx:value>
<gx:value>0.9847126</gx:value>
<gx:value>0.9587799</gx:value>
<gx:value>0.95526046</gx:value>
<gx:value>0.97031856</gx:value>
<gx:value>0.9233136</gx:value>
<gx:value>0.9403005</gx:value>
<gx:value>0.99204564</gx:value>
<gx:value>0.28662536</gx:value>
<gx:value>0.9047636</gx:value>
<gx:value>1.0184715</gx:value>
<gx:value>1.0170044</gx:value>
<gx:value>0.96657485</gx:value>
<gx:value>0.96999604</gx:value>
<gx:value>0.9874852</gx:value>
<gx:value>0.9816874</gx:value>
<gx:value>1.0462797</gx:value>
<gx:value>0.98436326</gx:value>
<gx:value>0.973807</gx:value>
<gx:value>0.9611482</gx:value>
<gx:value>1.0087093</gx:value>
<gx:value>0.9452028</gx:value>
<gx:value>1.1554035</gx:value>
<gx:value>1.0237631</gx:value>
<gx:value>0.95244527</gx:value>
<gx:value>1.1498854</gx:value>
<gx:value>1.1397221</gx:value>
<gx:value>0.9223585</gx:value>
<gx:value>1.0116577</gx:value>
<gx:value>1.1133118</gx:value>
<gx:value>1.1119165</gx:value>
<gx:value>0.8817178</gx:value>
<gx:value>0.85265535</gx:value>
<gx:value>0.9392457</gx:value>
<gx:value>0.8921614</gx:value>
<gx:value>1.0007913</gx:value>
<gx:value>1.1734858</gx:value>
<gx:value>1.1785153</gx:value>
<gx:value>1.252926</gx:value>
<gx:value>1.1538438</gx:value>
<gx:value>1.2276382</gx:value>
<gx:value>1.3306552</gx:value>
<gx:value>1.206318</gx:value>
<gx:value>1.3134514</gx:value>
<gx:value>1.2377472</gx:value>
<gx:value>1.2100277</gx:value>
<gx:value>1.1941255</gx:value>
<gx:value>1.1459092</gx:value>
<gx:value>1.2904618</gx:value>
<gx:value>1.147765</gx:value>
<gx:value>1.039413</gx:value>
<gx:value>1.1089351</gx:value>
<gx:value>0.9697352</gx:value>
<gx:value>1.0108294</gx:value>
<gx:value>0.891981</gx:value>
<gx:value>0.8790442</gx:value>
<gx:value>0.97312915</gx:value>
<gx:value>1.1413401</gx:value>
<gx:value>0.8491626</gx:value>
<gx:value>0.8842924</gx:value>
<gx:value>0.93773544</gx:value>
<gx:value>1.2609308</gx:value>
<gx:value>0.5180418</gx:value>
<gx:value>1.1851053</gx:value>
<gx:value>1.2346952</gx:value>
<gx:value>1.261326</gx:value>
<gx:value>1.2171609</gx:value>
<gx:value>1.1388628</gx:value>
<gx:value>1.1189975</gx:value>
<gx:value>1.0554745</gx:value>
<gx:value>1.1565156</gx:value>
<gx:value>1.1569155</gx:value>
<gx:value>1.1169766</gx:value>
<gx:value>1.106356</gx:value>
<gx:value>0.69176143</gx:value>
<gx:value>0.7796339</gx:value>
<gx:value>0.84373456</gx:value>
<gx:value>1.0758641</gx:value>
<gx:value>1.0393262</gx:value>
<gx:value>1.1025155</gx:value>
<gx:value>1.0297443</gx:value>
<gx:value>0.99366283</gx:value>
<gx:value>0.9886734</gx:value>
<gx:value>0.99789983</gx:value>
<gx:value>1.0264368</gx:value>
<gx:value>0.88190544</gx:value>
<gx:value>0.76768756</gx:value>
<gx:value>0.8433085</gx:value>
<gx:value>0.64183146</gx:value>
<gx:value>0.48776758</gx:value>
<gx:value>0.5177266</gx:value>
<gx:value>0.48534453</gx:value>
<gx:value>0.47918323</gx:value>
<gx:value>0.7278116</gx:value>
<gx:value>0.9591558</gx:value>
<gx:value>0.7033633</gx:value>
<gx:value>0.66892505</gx:value>
<gx:value>0.7624148</gx:value>
<gx:value>0.8250198</gx:value>
<gx:value>0.845524</gx:value>
<gx:value>0.7700001</gx:value>
<gx:value>0.9144637</gx:value>
<gx:value>1.0369314</gx:value>
<gx:value>1.1400903</gx:value>
<gx:value>1.0797544</gx:value>
<gx:value>0.66889644</gx:value>
<gx:value>1.1151696</gx:value>
<gx:value>1.213967</gx:value>
<gx:value>0.9182364</gx:value>
<gx:value>1.0182112</gx:value>
<gx:value>0.9918777</gx:value>
<gx:value>1.1496898</gx:value>
<gx:value>1.1256574</gx:value>
<gx:value>0.92119586</gx:value>
<gx:value>0.92748165</gx:value>
<gx:value>0.92615914</gx:value>
<gx:value>0.12766004</gx:value>
<gx:value>0.009025177</gx:value>
<gx:value>0.14780775</gx:value>
<gx:value>0.14102581</gx:value>
<gx:value>0.023053454</gx:value>
<gx:value>0.87824684</gx:value>
<gx:value>0.17126176</gx:value>
<gx:value>0.94305044</gx:value>
<gx:value>1.0566586</gx:value>
<gx:value>0.9999053</gx:value>
<gx:value>1.0271571</gx:value>
<gx:value>1.0241381</gx:value>
<gx:value>0.9148365</gx:value>
<gx:value>1.0376754</gx:value>
<gx:value>0.9451062</gx:value>
<gx:value>0.98220587</gx:value>
<gx:value>0.8894852</gx:value>
<gx:value>0.82044333</gx:value>
<gx:value>0.94539654</gx:value>
<gx:value>0.95876074</gx:value>
<gx:value>1.0361569</gx:value>
<gx:value>0.98890793</gx:value>
<gx:value>1.0566937</gx:value>
<gx:value>1.2190881</gx:value>
<gx:value>1.0815016</gx:value>
<gx:value>1.0241634</gx:value>
<gx:value>1.0810785</gx:value>
<gx:value>1.0168327</gx:value>
<gx:value>0.893171</gx:value>
<gx:value>1.031837</gx:value>
<gx:value>0.99805963</gx:value>
<gx:value>1.10991</gx:value>
<gx:value>1.068733</gx:value>
<gx:value>1.0562444</gx:value>
<gx:value>1.0284106</gx:value>
<gx:value>0.97108704</gx:value>
<gx:value>1.1336739</gx:value>
<gx:value>1.0098597</gx:value>
<gx:value>0.87267864</gx:value>
<gx:value>1.0458629</gx:value>
<gx:value>1.0383229</gx:value>
<gx:value>0.9752076</gx:value>
<gx:value>1.0603744</gx:value>
<gx:value>1.0662556</gx:value>
<gx:value>1.1180837</gx:value>
<gx:value>0.9877394</gx:value>
<gx:value>1.1323124</gx:value>
<gx:value>1.3139513</gx:value>
<gx:value>1.0888921</gx:value>
<gx:value>1.1970626</gx:value>
<gx:value>1.1314503</gx:value>
<gx:value>0.7276715</gx:value>
<gx:value>0.62806517</gx:value>
<gx:value>0.5638929</gx:value>
<gx:value>0.4243017</gx:value>
<gx:value>0.6026908</gx:value>
<gx:value>1.0367612</gx:value>
<gx:value>0.95836973</gx:value>
<gx:value>0.7494514</gx:value>
<gx:value>0.7530846</gx:value>
<gx:value>1.0436656</gx:value>
<gx:value>1.1389706</gx:value>
<gx:value>0.98619413</gx:value>
<gx:value>1.0521594</gx:value>
<gx:value>1.0400794</gx:value>
<gx:value>0.6766154</gx:value>
<gx:value>0.6582938</gx:value>
<gx:value>0.9748726</gx:value>
<gx:value>0.6894827</gx:value>
<gx:value>0.79090804</gx:value>
<gx:value>0.89443743</gx:value>
<gx:value>1.0389979</gx:value>
<gx:value>0.94331867</gx:value>
<gx:value>1.1095588</gx:value>
<gx:value>1.1787608</gx:value>
<gx:value>1.1086087</gx:value>
<gx:value>1.2602034</gx:value>
<gx:value>1.1092962</gx:value>
<gx:value>0.97856414</gx:value>
<gx:value>1.0909269</gx:value>
<gx:value>0.90198606</gx:value>
<gx:value>1.0808061</gx:value>
<gx:value>1.0925035</gx:value>
<gx:value>1.0906223</gx:value>
<gx:value>1.2193737</gx:value>
<gx:value>1.1759263</gx:value>
<gx:value>1.2353873</gx:value>
<gx:value>1.1953385</gx:value>
<gx:value>1.2904613</gx:value>
<gx:value>1.1744379</gx:value>
<gx:value>1.1763111</gx:value>
<gx:value>1.1804874</gx:value>
<gx:value>1.2484183</gx:value>
<gx:value>1.2101592</gx:value>
<gx:value>1.1575713</gx:value>
<gx:value>1.2150438</gx:value>
<gx:value>1.268334</gx:value>
<gx:value>1.158632</gx:value>
<gx:value>1.180826</gx:value>
<gx:value>1.1974823</gx:value>
<gx:value>1.2417531</gx:value>
<gx:value>1.1842887</gx:value>
<gx:value>1.139373</gx:value>
<gx:value>1.2168005</gx:value>
<gx:value>1.0264512</gx:value>
<gx:value>1.0952145</gx:value>
<gx:value>0.70362383</gx:value>
<gx:value>1.1634133</gx:value>
<gx:value>1.0996106</gx:value>
<gx:value>0.9752865</gx:value>
<gx:value>1.0639107</gx:value>
<gx:value>0.9764606</gx:value>
<gx:value>1.0255849</gx:value>
<gx:value>0.93092185</gx:value>
<gx:value>0.4868165</gx:value>
<gx:value>0.68025047</gx:value>
<gx:value>0.80792433</gx:value>
<gx:value>1.0031266</gx:value>
<gx:value>1.0030171</gx:value>
<gx:value>0.83504534</gx:value>
<gx:value>0.9455458</gx:value>
<gx:value>1.0177094</gx:value>
<gx:value>1.057926</gx:value>
<gx:value>1.0182676</gx:value>
<gx:value>1.0814344</gx:value>
<gx:value>1.0864804</gx:value>
<gx:value>1.0527545</gx:value>
<gx:value>1.1550616</gx:value>
<gx:value>1.0750598</gx:value>
<gx:value>0.98123014</gx:value>
<gx:value>0.9911847</gx:value>
<gx:value>0.92407763</gx:value>
<gx:value>0.83842355</gx:value>
<gx:value>0.990003</gx:value>
<gx:value>0.7446051</gx:value>
<gx:value>1.058777</gx:value>
<gx:value>0.9966111</gx:value>
<gx:value>0.79781216</gx:value>
<gx:value>1.0476408</gx:value>
<gx:value>1.1415478</gx:value>
<gx:value>0.81590724</gx:value>
<gx:value>0.9839729</gx:value>
<gx:value>1.0187154</gx:value>
<gx:value>1.3355851</gx:value>
<gx:value>1.2150325</gx:value>
<gx:value>1.0294657</gx:value>
<gx:value>1.0593868</gx:value>
<gx:value>0.89374703</gx:value>
<gx:value>1.191166</gx:value>
<gx:value>1.1776811</gx:value>
<gx:value>0.87496835</gx:value>
<gx:value>1.0124168</gx:value>
<gx:value>0.8788679</gx:value>
<gx:value>1.179365</gx:value>
<gx:value>1.6718037</gx:value>
<gx:value>1.0827923</gx:value>
<gx:value>1.063527</gx:value>
<gx:value>1.0435221</gx:value>
<gx:value>1.1927582</gx:value>
<gx:value>1.1009656</gx:value>
<gx:value>1.2677158</gx:value>
<gx:value>1.0004671</gx:value>
<gx:value>1.1727632</gx:value>
<gx:value>0.89260405</gx:value>
<gx:value>1.0458598</gx:value>
<gx:value>1.0368012</gx:value>
<gx:value>0.9243972</gx:value>
<gx:value>0.8333134</gx:value>
<gx:value>0.90691334</gx:value>
<gx:value>1.2423383</gx:value>
<gx:value>1.1231108</gx:value>
<gx:value>1.1207483</gx:value>
<gx:value>1.1387044</gx:value>
<gx:value>1.0116482</gx:value>
<gx:value>1.1724296</gx:value>
<gx:value>1.0571909</gx:value>
<gx:value>0.95074177</gx:value>
<gx:value>1.0544945</gx:value>
<gx:value>0.9439388</gx:value>
<gx:value>0.92374367</gx:value>
<gx:value>0.9503766</gx:value>
<gx:value>0.89928347</gx:value>
<gx:value>0.4666533</gx:value>
<gx:value>0.6970275</gx:value>
<gx:value>0.9375472</gx:value>
<gx:value>1.11804</gx:value>
<gx:value>0.79370403</gx:value>
<gx:value>1.0976895</gx:value>
<gx:value>1.1211226</gx:value>
<gx:value>0.9804748</gx:value>
<gx:value>1.213892</gx:value>
<gx:value>1.1120272</gx:value>
<gx:value>0.8722867</gx:value>
<gx:value>1.0066929</gx:value>
<gx:value>0.84906745</gx:value>
<gx:value>0.81078196</gx:value>
<gx:value>0.73143226</gx:value>
<gx:value>0.6596175</gx:value>
<gx:value>0.8994148</gx:value>
<gx:value>0.9485314</gx:value>
<gx:value>0.53763944</gx:value>
<gx:value>1.0579394</gx:value>
<gx:value>0.6681136</gx:value>
<gx:value>1.105182</gx:value>
<gx:value>0.7015189</gx:value>
<gx:value>1.1728045</gx:value>
<gx:value>1.3864213</gx:value>
<gx:value>0.95914954</gx:value>
<gx:value>1.198402</gx:value>
<gx:value>1.0601743</gx:value>
<gx:value>0.75809586</gx:value>
<gx:value>1.0586874</gx:value>
<gx:value>1.0260123</gx:value>
<gx:value>0.9086183</gx:value>
<gx:value>0.7906142</gx:value>
<gx:value>0.8395453</gx:value>
<gx:value>0.97882485</gx:value>
<gx:value>1.0054226</gx:value>
<gx:value>0.8308445</gx:value>
<gx:value>0.92534596</gx:value>
<gx:value>0.70911014</gx:value>
<gx:value>1.1312665</gx:value>
<gx:value>1.0365905</gx:value>
<gx:value>0.87889796</gx:value>
<gx:value>1.1550263</gx:value>
<gx:value>1.0340976</gx:value>
<gx:value>1.0610988</gx:value>
<gx:value>1.1580905</gx:value>
<gx:value>1.0298874</gx:value>
<gx:value>1.0838013</gx:value>
<gx:value>0.96471494</gx:value>
<gx:value>0.97944534</gx:value>
<gx:value>0.9971093</gx:value>
<gx:value>0.7763852</gx:value>
<gx:value>0.95405024</gx:value>
<gx:value>0.85354435</gx:value>
<gx:value>0.89698285</gx:value>
<gx:value>1.1233168</gx:value>
<gx:value>1.0363507</gx:value>
<gx:value>0.9673403</gx:value>
<gx:value>0.9382731</gx:value>
<gx:value>1.0315013</gx:value>
<gx:value>0.59581476</gx:value>
<gx:value>0.5939474</gx:value>
<gx:value>1.2776062</gx:value>
<gx:value>0.6270221</gx:value>
<gx:value>0.8823818</gx:value>
<gx:value>1.067792</gx:value>
<gx:value>1.0733131</gx:value>
<gx:value>1.0787553</gx:value>
<gx:value>0.87310344</gx:value>
<gx:value>0.9030921</gx:value>
<gx:value>0.9234785</gx:value>
<gx:value>1.2087879</gx:value>
<gx:value>1.1522571</gx:value>
<gx:value>1.189456</gx:value>
<gx:value>1.0324259</gx:value>
<gx:value>0.76653695</gx:value>
<gx:value>1.0436906</gx:value>
<gx:value>1.0741054</gx:value>
<gx:value>1.3376513</gx:value>
<gx:value>1.2052733</gx:value>
<gx:value>1.1363785</gx:value>
<gx:value>1.1372865</gx:value>
<gx:value>1.1932462</gx:value>
<gx:value>1.0864016</gx:value>
<gx:value>1.162742</gx:value>
<gx:value>1.1425921</gx:value>
<gx:value>1.0110905</gx:value>
<gx:value>1.2943995</gx:value>
<gx:value>0.9804148</gx:value>
<gx:value>1.229373</gx:value>
<gx:value>1.0553495</gx:value>
<gx:value>0.95236266</gx:value>
<gx:value>1.2031081</gx:value>
<gx:value>1.1595927</gx:value>
<gx:value>1.0976815</gx:value>
<gx:value>1.2289209</gx:value>
<gx:value>0.795109</gx:value>
<gx:value>1.4827818</gx:value>
<gx:value>1.2146865</gx:value>
<gx:value>0.87082577</gx:value>
<gx:value>0.8562044</gx:value>
<gx:value>0.5260896</gx:value>
<gx:value>0.12332143</gx:value>
<gx:value>0.0369361</gx:value>
<gx:value>0.10817077</gx:value>
<gx:value>0.06962895</gx:value>
<gx:value>0.04846691</gx:value>
<gx:value>0.09370741</gx:value>
<gx:value>0.1630245</gx:value>
<gx:value>0.37528527</gx:value>
<gx:value>0.95478046</gx:value>
<gx:value>0.79335856</gx:value>
<gx:value>0.8947428</gx:value>
<gx:value>1.159507</gx:value>
<gx:value>1.2690604</gx:value>
<gx:value>1.2528867</gx:value>
<gx:value>1.1785151</gx:value>
<gx:value>1.1335092</gx:value>
<gx:value>1.273355</gx:value>
<gx:value>1.1163275</gx:value>
<gx:value>0.83532</gx:value>
<gx:value>0.9626938</gx:value>
<gx:value>1.0346763</gx:value>
<gx:value>1.2427342</gx:value>
<gx:value>1.3952718</gx:value>
<gx:value>1.148837</gx:value>
<gx:value>1.1269077</gx:value>
<gx:value>1.1419009</gx:value>
<gx:value>1.005984</gx:value>
<gx:value>1.131215</gx:value>
<gx:value>1.0408053</gx:value>
<gx:value>1.211761</gx:value>
<gx:value>1.1922988</gx:value>
<gx:value>1.158958</gx:value>
<gx:value>1.1613806</gx:value>
<gx:value>1.1634402</gx:value>
<gx:value>0.24199735</gx:value>
<gx:value>0.13137709</gx:value>
<gx:value>0.17164618</gx:value>
<gx:value>0.82234114</gx:value>
<gx:value>1.0905222</gx:value>
<gx:value>1.0069462</gx:value>
<gx:value>1.0656027</gx:value>
<gx:value>1.0847535</gx:value>
<gx:value>1.106579</gx:value>
<gx:value>1.0032638</gx:value>
<gx:value>1.039009</gx:value>
<gx:value>0.99133694</gx:value>
<gx:value>0.9714517</gx:value>
<gx:value>0.98823154</gx:value>
<gx:value>0.9233095</gx:value>
<gx:value>0.9271814</gx:value>
<gx:value>0.964733</gx:value>
<gx:value>0.5750978</gx:value>
<gx:value>0.56378996</gx:value>
<gx:value>0.54987264</gx:value>
<gx:value>0.5765462</gx:value>
<gx:value>0.82514566</gx:value>
<gx:value>0.8837334</gx:value>
<gx:value>1.0548663</gx:value>
<gx:value>1.0712073</gx:value>
<gx:value>1.066371</gx:value>
<gx:value>0.9835142</gx:value>
<gx:value>1.0828421</gx:value>
<gx:value>1.0641137</gx:value>
<gx:value>1.0272323</gx:value>
<gx:value>1.0268532</gx:value>
<gx:value>1.082972</gx:value>
<gx:value>1.1142514</gx:value>
<gx:value>1.1603703</gx:value>
<gx:value>1.1099461</gx:value>
<gx:value>1.1100461</gx:value>
<gx:value>1.0797976</gx:value>
<gx:value>0.91301054</gx:value>
<gx:value>0.839593</gx:value>
<gx:value>0.7170513</gx:value>
<gx:value>0.71853197</gx:value>
<gx:value>0.4145859</gx:value>
<gx:value>0.22835422</gx:value>
<gx:value>0.08342732</gx:value>
<gx:value>0.2602389</gx:value>
<gx:value>0.071876645</gx:value>
<gx:value>0.073422305</gx:value>
<gx:value>0.035706934</gx:value>
<gx:value>0.040687457</gx:value>
<gx:value>0.028486053</gx:value>
<gx:value>0.06689549</gx:value>
<gx:value>0.0339469</gx:value>
<gx:value>0.031734567</gx:value>
<gx:value>0.024016121</gx:value>
</gx:SimpleArrayData>
<gx:SimpleArrayData name="accuracy">
<gx:value>4.473</gx:value>
<gx:value>4.286</gx:value>
<gx:value>4.152</gx:value>
<gx:value>3.949</gx:value>
<gx:value>3.862</gx:value>
<gx:value>3.848</gx:value>
<gx:value>3.848</gx:value>
<gx:value>3.794</gx:value>
<gx:value>3.79</gx:value>
<gx:value>3.935</gx:value>
<gx:value>3.93</gx:value>
<gx:value>3.909</gx:value>
<gx:value>3.889</gx:value>
<gx:value>4.194</gx:value>
<gx:value>4.962</gx:value>
<gx:value>4.814</gx:value>
<gx:value>4.662</gx:value>
<gx:value>3.931</gx:value>
<gx:value>4.26</gx:value>
<gx:value>4.307</gx:value>
<gx:value>4.282</gx:value>
<gx:value>4.478</gx:value>
<gx:value>4.781</gx:value>
<gx:value>4.895</gx:value>
<gx:value>5.237</gx:value>
<gx:value>5.029</gx:value>
<gx:value>5.479</gx:value>
<gx:value>8.289</gx:value>
<gx:value>10.228</gx:value>
<gx:value>4.824</gx:value>
<gx:value>4.309</gx:value>
<gx:value>3.841</gx:value>
<gx:value>3.0</gx:value>
<gx:value>3.0</gx:value>
<gx:value>3.0</gx:value>
<gx:value>3.126</gx:value>
<gx:value>3.395</gx:value>
<gx:value>3.79</gx:value>
<gx:value>3.577</gx:value>
<gx:value>3.925</gx:value>
<gx:value>3.647</gx:value>
<gx:value>3.356</gx:value>
<gx:value>3.548</gx:value>
<gx:value>3.743</gx:value>
<gx:value>3.849</gx:value>
<gx:value>4.324</gx:value>
<gx:value>4.86</gx:value>
<gx:value>5.156</gx:value>
<gx:value>5.263</gx:value>
<gx:value>5.745</gx:value>
<gx:value>5.542</gx:value>
<gx:value>5.635</gx:value>
<gx:value>6.343</gx:value>
<gx:value>6.566</gx:value>
<gx:value>5.946</gx:value>
<gx:value>5.74</gx:value>
<gx:value>6.108</gx:value>
<gx:value>5.602</gx:value>
<gx:value>5.448</gx:value>
<gx:value>5.114</gx:value>
<gx:value>4.965</gx:value>
<gx:value>4.816</gx:value>
<gx:value>4.513</gx:value>
<gx:value>4.375</gx:value>
<gx:value>4.68</gx:value>
<gx:value>5.388</gx:value>
<gx:value>5.75</gx:value>
<gx:value>6.809</gx:value>
<gx:value>8.085</gx:value>
<gx:value>7.292</gx:value>
<gx:value>6.938</gx:value>
<gx:value>6.794</gx:value>
<gx:value>5.696</gx:value>
<gx:value>5.188</gx:value>
<gx:value>4.314</gx:value>
<gx:value>3.643</gx:value>
<gx:value>3.992</gx:value>
<gx:value>4.179</gx:value>
<gx:value>4.31</gx:value>
<gx:value>4.732</gx:value>
<gx:value>5.082</gx:value>
<gx:value>7.777</gx:value>
<gx:value>15.789</gx:value>
<gx:value>18.735</gx:value>
<gx:value>15.463</gx:value>
<gx:value>14.988</gx:value>
<gx:value>14.613</gx:value>
<gx:value>12.523</gx:value>
<gx:value>10.315</gx:value>
<gx:value>9.935</gx:value>
<gx:value>6.862</gx:value>
<gx:value>3.79</gx:value>
<gx:value>5.684</gx:value>
<gx:value>6.786</gx:value>
<gx:value>6.855</gx:value>
<gx:value>7.875</gx:value>
<gx:value>6.561</gx:value>
<gx:value>6.221</gx:value>
<gx:value>5.298</gx:value>
<gx:value>5.383</gx:value>
<gx:value>7.076</gx:value>
<gx:value>5.384</gx:value>
<gx:value>5.963</gx:value>
<gx:value>7.074</gx:value>
<gx:value>6.248</gx:value>
<gx:value>6.252</gx:value>
<gx:value>5.941</gx:value>
<gx:value>5.737</gx:value>
<gx:value>6.023</gx:value>
<gx:value>5.935</gx:value>
<gx:value>4.623</gx:value>
<gx:value>3.494</gx:value>
<gx:value>3.719</gx:value>
<gx:value>4.108</gx:value>
<gx:value>4.431</gx:value>
<gx:value>4.732</gx:value>
<gx:value>4.886</gx:value>
<gx:value>5.065</gx:value>
<gx:value>5.117</gx:value>
<gx:value>5.26</gx:value>
<gx:value>4.118</gx:value>
<gx:value>3.368</gx:value>
<gx:value>3.624</gx:value>
<gx:value>3.665</gx:value>
<gx:value>3.836</gx:value>
<gx:value>3.828</gx:value>
<gx:value>3.851</gx:value>
<gx:value>4.307</gx:value>
<gx:value>5.572</gx:value>
<gx:value>5.471</gx:value>
<gx:value>5.235</gx:value>
<gx:value>5.237</gx:value>
<gx:value>5.033</gx:value>
<gx:value>3.984</gx:value>
<gx:value>4.414</gx:value>
<gx:value>4.647</gx:value>
<gx:value>4.865</gx:value>
<gx:value>4.927</gx:value>
<gx:value>5.15</gx:value>
<gx:value>5.23</gx:value>
<gx:value>5.041</gx:value>
<gx:value>4.965</gx:value>
<gx:value>5.264</gx:value>
<gx:value>5.389</gx:value>
<gx:value>5.759</gx:value>
<gx:value>5.875</gx:value>
<gx:value>5.121</gx:value>
<gx:value>3.774</gx:value>
<gx:value>3.205</gx:value>
<gx:value>3.856</gx:value>
<gx:value>4.251</gx:value>
<gx:value>3.79</gx:value>
<gx:value>3.79</gx:value>
<gx:value>3.79</gx:value>
<gx:value>3.79</gx:value>
<gx:value>3.79</gx:value>
<gx:value>6.058</gx:value>
<gx:value>6.675</gx:value>
<gx:value>5.717</gx:value>
<gx:value>3.446</gx:value>
<gx:value>3.535</gx:value>
<gx:value>4.311</gx:value>
<gx:value>5.927</gx:value>
<gx:value>7.511</gx:value>
<gx:value>6.2</gx:value>
<gx:value>7.55</gx:value>
<gx:value>9.209</gx:value>
<gx:value>8.865</gx:value>
<gx:value>9.238</gx:value>
<gx:value>8.64</gx:value>
<gx:value>9.297</gx:value>
<gx:value>7.334</gx:value>
<gx:value>5.631</gx:value>
<gx:value>6.602</gx:value>
<gx:value>8.223</gx:value>
<gx:value>10.09</gx:value>
<gx:value>12.954</gx:value>
<gx:value>7.494</gx:value>
<gx:value>3.63</gx:value>
<gx:value>3.759</gx:value>
<gx:value>4.148</gx:value>
<gx:value>4.707</gx:value>
<gx:value>4.684</gx:value>
<gx:value>4.786</gx:value>
<gx:value>4.993</gx:value>
<gx:value>4.91</gx:value>
<gx:value>4.369</gx:value>
<gx:value>4.336</gx:value>
<gx:value>3.79</gx:value>
<gx:value>3.79</gx:value>
<gx:value>3.79</gx:value>
<gx:value>3.79</gx:value>
<gx:value>3.79</gx:value>
<gx:value>3.79</gx:value>
<gx:value>3.79</gx:value>
<gx:value>3.793</gx:value>
<gx:value>3.79</gx:value>
<gx:value>3.79</gx:value>
<gx:value>3.79</gx:value>
<gx:value>9.384</gx:value>
<gx:value>10.597</gx:value>
<gx:value>9.39</gx:value>
<gx:value>8.299</gx:value>
<gx:value>7.58</gx:value>
<gx:value>6.751</gx:value>
<gx:value>6.37</gx:value>
<gx:value>6.678</gx:value>
<gx:value>7.639</gx:value>
<gx:value>8.917</gx:value>
<gx:value>13.415</gx:value>
<gx:value>10.222</gx:value>
<gx:value>9.396</gx:value>
<gx:value>10.418</gx:value>
<gx:value>11.437</gx:value>
<gx:value>9.086</gx:value>
<gx:value>6.908</gx:value>
<gx:value>7.403</gx:value>
<gx:value>6.783</gx:value>
<gx:value>6.139</gx:value>
<gx:value>6.425</gx:value>
<gx:value>7.206</gx:value>
<gx:value>7.707</gx:value>
<gx:value>7.766</gx:value>
<gx:value>8.383</gx:value>
<gx:value>6.285</gx:value>
<gx:value>4.768</gx:value>
<gx:value>4.824</gx:value>
<gx:value>5.478</gx:value>
<gx:value>5.982</gx:value>
<gx:value>6.071</gx:value>
<gx:value>6.057</gx:value>
<gx:value>5.837</gx:value>
<gx:value>5.294</gx:value>
<gx:value>5.618</gx:value>
<gx:value>5.948</gx:value>
<gx:value>5.593</gx:value>
<gx:value>4.896</gx:value>
<gx:value>4.685</gx:value>
<gx:value>3.351</gx:value>
<gx:value>3.027</gx:value>
<gx:value>3.23</gx:value>
<gx:value>3.222</gx:value>
<gx:value>3.355</gx:value>
<gx:value>3.724</gx:value>
<gx:value>3.79</gx:value>
<gx:value>3.888</gx:value>
<gx:value>4.925</gx:value>
<gx:value>5.302</gx:value>
<gx:value>4.466</gx:value>
<gx:value>4.665</gx:value>
<gx:value>4.967</gx:value>
<gx:value>4.674</gx:value>
<gx:value>4.803</gx:value>
<gx:value>4.851</gx:value>
<gx:value>5.27</gx:value>
<gx:value>5.468</gx:value>
<gx:value>4.6</gx:value>
<gx:value>5.068</gx:value>
<gx:value>6.091</gx:value>
<gx:value>6.547</gx:value>
<gx:value>6.723</gx:value>
<gx:value>6.851</gx:value>
<gx:value>7.129</gx:value>
<gx:value>6.961</gx:value>
<gx:value>7.285</gx:value>
<gx:value>7.374</gx:value>
<gx:value>8.068</gx:value>
<gx:value>8.771</gx:value>
<gx:value>8.552</gx:value>
<gx:value>7.781</gx:value>
<gx:value>7.216</gx:value>
<gx:value>6.875</gx:value>
<gx:value>6.735</gx:value>
<gx:value>6.47</gx:value>
<gx:value>5.928</gx:value>
<gx:value>5.461</gx:value>
<gx:value>5.312</gx:value>
<gx:value>5.309</gx:value>
<gx:value>4.462</gx:value>
<gx:value>3.79</gx:value>
<gx:value>3.79</gx:value>
<gx:value>3.79</gx:value>
<gx:value>3.79</gx:value>
<gx:value>3.79</gx:value>
<gx:value>3.79</gx:value>
<gx:value>3.79</gx:value>
<gx:value>3.79</gx:value>
<gx:value>3.79</gx:value>
<gx:value>3.79</gx:value>
<gx:value>3.79</gx:value>
<gx:value>3.79</gx:value>
<gx:value>5.413</gx:value>
<gx:value>5.797</gx:value>
<gx:value>6.127</gx:value>
<gx:value>6.867</gx:value>
<gx:value>6.92</gx:value>
<gx:value>6.225</gx:value>
<gx:value>6.272</gx:value>
<gx:value>5.858</gx:value>
<gx:value>5.606</gx:value>
<gx:value>4.679</gx:value>
<gx:value>3.79</gx:value>
<gx:value>3.79</gx:value>
<gx:value>3.79</gx:value>
<gx:value>3.79</gx:value>
<gx:value>3.79</gx:value>
<gx:value>3.877</gx:value>
<gx:value>4.576</gx:value>
<gx:value>5.126</gx:value>
<gx:value>6.042</gx:value>
<gx:value>6.493</gx:value>
<gx:value>6.058</gx:value>
<gx:value>5.878</gx:value>
<gx:value>5.557</gx:value>
<gx:value>5.589</gx:value>
<gx:value>6.273</gx:value>
<gx:value>7.148</gx:value>
<gx:value>7.704</gx:value>
<gx:value>7.829</gx:value>
<gx:value>7.626</gx:value>
<gx:value>6.598</gx:value>
<gx:value>6.22</gx:value>
<gx:value>6.358</gx:value>
<gx:value>6.336</gx:value>
<gx:value>5.813</gx:value>
<gx:value>5.456</gx:value>
<gx:value>5.05</gx:value>
<gx:value>5.079</gx:value>
<gx:value>4.91</gx:value>
<gx:value>5.146</gx:value>
<gx:value>5.711</gx:value>
<gx:value>7.319</gx:value>
<gx:value>8.38</gx:value>
<gx:value>8.124</gx:value>
<gx:value>7.351</gx:value>
<gx:value>7.01</gx:value>
<gx:value>7.037</gx:value>
<gx:value>7.417</gx:value>
<gx:value>7.031</gx:value>
<gx:value>7.049</gx:value>
<gx:value>7.62</gx:value>
<gx:value>8.192</gx:value>
<gx:value>8.951</gx:value>
<gx:value>9.879</gx:value>
<gx:value>5.226</gx:value>
<gx:value>5.226</gx:value>
<gx:value>32.859</gx:value>
<gx:value>36.127</gx:value>
<gx:value>9.334</gx:value>
<gx:value>8.363</gx:value>
<gx:value>8.436</gx:value>
<gx:value>7.034</gx:value>
<gx:value>6.067</gx:value>
<gx:value>5.704</gx:value>
<gx:value>5.574</gx:value>
<gx:value>5.206</gx:value>
<gx:value>4.747</gx:value>
<gx:value>3.79</gx:value>
<gx:value>3.79</gx:value>
<gx:value>3.79</gx:value>
<gx:value>3.79</gx:value>
<gx:value>3.79</gx:value>
<gx:value>3.79</gx:value>
<gx:value>3.79</gx:value>
<gx:value>3.79</gx:value>
<gx:value>3.79</gx:value>
<gx:value>3.79</gx:value>
<gx:value>3.813</gx:value>
<gx:value>3.79</gx:value>
<gx:value>3.79</gx:value>
<gx:value>3.79</gx:value>
<gx:value>3.79</gx:value>
<gx:value>3.79</gx:value>
<gx:value>3.79</gx:value>
<gx:value>3.79</gx:value>
<gx:value>3.79</gx:value>
<gx:value>3.79</gx:value>
<gx:value>3.79</gx:value>
<gx:value>3.79</gx:value>
<gx:value>3.79</gx:value>
<gx:value>3.79</gx:value>
<gx:value>3.79</gx:value>
<gx:value>3.79</gx:value>
<gx:value>3.79</gx:value>
<gx:value>3.79</gx:value>
<gx:value>3.79</gx:value>
<gx:value>3.79</gx:value>
<gx:value>3.79</gx:value>
<gx:value>3.79</gx:value>
<gx:value>6.123</gx:value>
<gx:value>3.79</gx:value>
<gx:value>3.829</gx:value>
<gx:value>4.224</gx:value>
<gx:value>7.192</gx:value>
<gx:value>6.131</gx:value>
<gx:value>17.192</gx:value>
<gx:value>13.662</gx:value>
<gx:value>9.424</gx:value>
<gx:value>9.352</gx:value>
<gx:value>9.098</gx:value>
<gx:value>8.288</gx:value>
<gx:value>7.337</gx:value>
<gx:value>6.99</gx:value>
<gx:value>6.867</gx:value>
<gx:value>6.603</gx:value>
<gx:value>6.638</gx:value>
<gx:value>6.967</gx:value>
<gx:value>7.132</gx:value>
<gx:value>7.464</gx:value>
<gx:value>7.155</gx:value>
<gx:value>7.954</gx:value>
<gx:value>8.571</gx:value>
<gx:value>5.474</gx:value>
<gx:value>5.16</gx:value>
<gx:value>5.089</gx:value>
<gx:value>5.529</gx:value>
<gx:value>6.088</gx:value>
<gx:value>4.139</gx:value>
<gx:value>4.65</gx:value>
<gx:value>8.566</gx:value>
<gx:value>7.913</gx:value>
<gx:value>8.268</gx:value>
<gx:value>7.422</gx:value>
<gx:value>4.562</gx:value>
<gx:value>5.25</gx:value>
<gx:value>5.292</gx:value>
<gx:value>4.771</gx:value>
<gx:value>8.952</gx:value>
<gx:value>11.906</gx:value>
<gx:value>10.474</gx:value>
<gx:value>8.242</gx:value>
<gx:value>7.537</gx:value>
<gx:value>6.896</gx:value>
<gx:value>6.884</gx:value>
<gx:value>8.952</gx:value>
<gx:value>9.377</gx:value>
<gx:value>8.463</gx:value>
<gx:value>6.663</gx:value>
<gx:value>6.479</gx:value>
<gx:value>5.878</gx:value>
<gx:value>5.333</gx:value>
<gx:value>5.206</gx:value>
<gx:value>5.461</gx:value>
<gx:value>4.062</gx:value>
<gx:value>3.956</gx:value>
<gx:value>6.102</gx:value>
<gx:value>6.866</gx:value>
<gx:value>7.414</gx:value>
<gx:value>8.694</gx:value>
<gx:value>8.571</gx:value>
<gx:value>8.698</gx:value>
<gx:value>7.68</gx:value>
<gx:value>7.164</gx:value>
<gx:value>7.82</gx:value>
<gx:value>7.773</gx:value>
<gx:value>8.242</gx:value>
<gx:value>9.394</gx:value>
<gx:value>10.146</gx:value>
<gx:value>11.816</gx:value>
<gx:value>10.673</gx:value>
<gx:value>10.063</gx:value>
<gx:value>9.33</gx:value>
<gx:value>10.736</gx:value>
<gx:value>14.448</gx:value>
<gx:value>10.043</gx:value>
<gx:value>9.366</gx:value>
<gx:value>10.681</gx:value>
<gx:value>10.472</gx:value>
<gx:value>11.791</gx:value>
<gx:value>9.683</gx:value>
<gx:value>9.484</gx:value>
<gx:value>8.038</gx:value>
<gx:value>7.18</gx:value>
<gx:value>8.529</gx:value>
<gx:value>8.526</gx:value>
<gx:value>9.5</gx:value>
<gx:value>11.916</gx:value>
<gx:value>11.961</gx:value>
<gx:value>11.762</gx:value>
<gx:value>11.756</gx:value>
<gx:value>15.003</gx:value>
<gx:value>16.324</gx:value>
<gx:value>15.357</gx:value>
<gx:value>11.729</gx:value>
<gx:value>11.154</gx:value>
<gx:value>10.766</gx:value>
<gx:value>11.968</gx:value>
<gx:value>11.727</gx:value>
<gx:value>11.153</gx:value>
<gx:value>11.604</gx:value>
<gx:value>11.238</gx:value>
<gx:value>11.875</gx:value>
<gx:value>10.132</gx:value>
<gx:value>10.263</gx:value>
<gx:value>10.343</gx:value>
<gx:value>10.088</gx:value>
<gx:value>10.816</gx:value>
<gx:value>9.57</gx:value>
<gx:value>9.202</gx:value>
<gx:value>8.828</gx:value>
<gx:value>7.668</gx:value>
<gx:value>7.099</gx:value>
<gx:value>7.382</gx:value>
<gx:value>7.155</gx:value>
<gx:value>7.358</gx:value>
<gx:value>7.44</gx:value>
<gx:value>7.114</gx:value>
<gx:value>6.848</gx:value>
<gx:value>6.936</gx:value>
<gx:value>7.417</gx:value>
<gx:value>8.664</gx:value>
<gx:value>10.759</gx:value>
<gx:value>12.546</gx:value>
<gx:value>12.8</gx:value>
<gx:value>12.85</gx:value>
<gx:value>14.594</gx:value>
<gx:value>13.514</gx:value>
<gx:value>11.984</gx:value>
<gx:value>18.4</gx:value>
<gx:value>20.342</gx:value>
<gx:value>18.348</gx:value>
<gx:value>15.204</gx:value>
<gx:value>12.412</gx:value>
<gx:value>20.792</gx:value>
<gx:value>16.822</gx:value>
<gx:value>15.238</gx:value>
<gx:value>13.287</gx:value>
<gx:value>12.974</gx:value>
<gx:value>11.799</gx:value>
<gx:value>11.064</gx:value>
<gx:value>11.36</gx:value>
<gx:value>10.022</gx:value>
<gx:value>9.672</gx:value>
<gx:value>9.585</gx:value>
<gx:value>9.603</gx:value>
<gx:value>10.102</gx:value>
<gx:value>10.717</gx:value>
<gx:value>10.299</gx:value>
<gx:value>10.337</gx:value>
<gx:value>10.547</gx:value>
<gx:value>10.73</gx:value>
<gx:value>12.674</gx:value>
<gx:value>10.651</gx:value>
<gx:value>8.584</gx:value>
<gx:value>9.376</gx:value>
<gx:value>9.208</gx:value>
<gx:value>12.926</gx:value>
<gx:value>15.01</gx:value>
<gx:value>14.246</gx:value>
<gx:value>17.478</gx:value>
<gx:value>16.202</gx:value>
<gx:value>9.357</gx:value>
<gx:value>9.458</gx:value>
<gx:value>9.851</gx:value>
<gx:value>10.142</gx:value>
<gx:value>10.273</gx:value>
<gx:value>11.211</gx:value>
<gx:value>12.027</gx:value>
<gx:value>12.572</gx:value>
<gx:value>12.874</gx:value>
<gx:value>12.641</gx:value>
<gx:value>14.705</gx:value>
<gx:value>12.629</gx:value>
<gx:value>7.692</gx:value>
<gx:value>4.585</gx:value>
<gx:value>6.34</gx:value>
<gx:value>8.004</gx:value>
<gx:value>9.803</gx:value>
<gx:value>9.633</gx:value>
<gx:value>10.107</gx:value>
<gx:value>8.92</gx:value>
<gx:value>8.566</gx:value>
<gx:value>9.506</gx:value>
<gx:value>8.23</gx:value>
<gx:value>8.755</gx:value>
<gx:value>7.971</gx:value>
<gx:value>4.869</gx:value>
<gx:value>5.02</gx:value>
<gx:value>4.286</gx:value>
<gx:value>5.071</gx:value>
<gx:value>10.308</gx:value>
<gx:value>11.844</gx:value>
<gx:value>10.025</gx:value>
<gx:value>10.872</gx:value>
<gx:value>10.688</gx:value>
<gx:value>10.582</gx:value>
<gx:value>10.339</gx:value>
<gx:value>10.912</gx:value>
<gx:value>9.957</gx:value>
<gx:value>9.694</gx:value>
<gx:value>11.965</gx:value>
<gx:value>8.845</gx:value>
<gx:value>8.759</gx:value>
<gx:value>9.656</gx:value>
<gx:value>9.219</gx:value>
<gx:value>10.453</gx:value>
<gx:value>12.112</gx:value>
<gx:value>11.228</gx:value>
<gx:value>8.429</gx:value>
<gx:value>8.74</gx:value>
<gx:value>10.557</gx:value>
<gx:value>11.883</gx:value>
<gx:value>11.477</gx:value>
<gx:value>10.627</gx:value>
<gx:value>9.324</gx:value>
<gx:value>8.029</gx:value>
<gx:value>7.817</gx:value>
<gx:value>7.034</gx:value>
<gx:value>6.62</gx:value>
<gx:value>6.954</gx:value>
<gx:value>7.239</gx:value>
<gx:value>8.222</gx:value>
<gx:value>9.399</gx:value>
<gx:value>10.63</gx:value>
<gx:value>10.985</gx:value>
<gx:value>15.189</gx:value>
<gx:value>20.379</gx:value>
<gx:value>18.0</gx:value>
<gx:value>16.55</gx:value>
<gx:value>12.739</gx:value>
<gx:value>18.814</gx:value>
<gx:value>21.289</gx:value>
<gx:value>10.879</gx:value>
<gx:value>9.398</gx:value>
<gx:value>10.114</gx:value>
<gx:value>7.679</gx:value>
<gx:value>7.14</gx:value>
<gx:value>5.597</gx:value>
<gx:value>24.088</gx:value>
<gx:value>12.883</gx:value>
<gx:value>8.756</gx:value>
<gx:value>8.678</gx:value>
<gx:value>8.426</gx:value>
<gx:value>8.214</gx:value>
<gx:value>8.596</gx:value>
<gx:value>8.1</gx:value>
<gx:value>7.47</gx:value>
<gx:value>7.01</gx:value>
<gx:value>7.289</gx:value>
<gx:value>7.96</gx:value>
<gx:value>9.184</gx:value>
<gx:value>10.587</gx:value>
<gx:value>9.16</gx:value>
<gx:value>8.195</gx:value>
<gx:value>8.188</gx:value>
<gx:value>8.576</gx:value>
<gx:value>8.937</gx:value>
<gx:value>9.397</gx:value>
<gx:value>9.958</gx:value>
<gx:value>10.171</gx:value>
<gx:value>10.584</gx:value>
<gx:value>11.86</gx:value>
<gx:value>12.137</gx:value>
<gx:value>11.32</gx:value>
<gx:value>10.724</gx:value>
<gx:value>10.88</gx:value>
<gx:value>10.664</gx:value>
<gx:value>10.858</gx:value>
<gx:value>8.157</gx:value>
<gx:value>5.43</gx:value>
<gx:value>5.724</gx:value>
<gx:value>5.708</gx:value>
<gx:value>6.111</gx:value>
<gx:value>7.581</gx:value>
<gx:value>7.204</gx:value>
<gx:value>7.066</gx:value>
<gx:value>7.29</gx:value>
<gx:value>9.604</gx:value>
<gx:value>14.149</gx:value>
<gx:value>16.546</gx:value>
<gx:value>14.48</gx:value>
<gx:value>14.574</gx:value>
<gx:value>15.594</gx:value>
<gx:value>14.103</gx:value>
<gx:value>12.263</gx:value>
<gx:value>22.453</gx:value>
<gx:value>28.79</gx:value>
<gx:value>23.09</gx:value>
<gx:value>17.909</gx:value>
<gx:value>15.793</gx:value>
<gx:value>15.721</gx:value>
<gx:value>14.473</gx:value>
<gx:value>12.35</gx:value>
<gx:value>10.712</gx:value>
<gx:value>8.805</gx:value>
<gx:value>8.091</gx:value>
<gx:value>7.74</gx:value>
<gx:value>8.248</gx:value>
<gx:value>10.122</gx:value>
<gx:value>13.331</gx:value>
<gx:value>14.051</gx:value>
<gx:value>14.136</gx:value>
<gx:value>15.904</gx:value>
<gx:value>10.053</gx:value>
<gx:value>9.116</gx:value>
<gx:value>8.476</gx:value>
<gx:value>9.19</gx:value>
<gx:value>11.227</gx:value>
<gx:value>5.954</gx:value>
<gx:value>5.899</gx:value>
<gx:value>9.217</gx:value>
<gx:value>8.904</gx:value>
<gx:value>9.455</gx:value>
<gx:value>9.324</gx:value>
<gx:value>9.467</gx:value>
<gx:value>11.118</gx:value>
<gx:value>10.122</gx:value>
<gx:value>10.289</gx:value>
<gx:value>10.454</gx:value>
<gx:value>6.139</gx:value>
<gx:value>7.334</gx:value>
<gx:value>10.682</gx:value>
<gx:value>11.091</gx:value>
<gx:value>12.734</gx:value>
<gx:value>7.393</gx:value>
<gx:value>7.156</gx:value>
<gx:value>9.944</gx:value>
<gx:value>9.403</gx:value>
<gx:value>10.743</gx:value>
<gx:value>10.159</gx:value>
<gx:value>10.545</gx:value>
<gx:value>12.21</gx:value>
<gx:value>10.676</gx:value>
<gx:value>10.393</gx:value>
<gx:value>10.176</gx:value>
<gx:value>5.585</gx:value>
<gx:value>5.818</gx:value>
<gx:value>5.222</gx:value>
<gx:value>5.528</gx:value>
<gx:value>8.381</gx:value>
<gx:value>9.508</gx:value>
<gx:value>9.995</gx:value>
<gx:value>10.623</gx:value>
<gx:value>10.309</gx:value>
<gx:value>10.03</gx:value>
<gx:value>9.541</gx:value>
<gx:value>9.199</gx:value>
<gx:value>8.812</gx:value>
<gx:value>8.604</gx:value>
<gx:value>8.015</gx:value>
<gx:value>7.402</gx:value>
<gx:value>7.037</gx:value>
<gx:value>6.493</gx:value>
<gx:value>6.026</gx:value>
<gx:value>4.809</gx:value>
<gx:value>3.79</gx:value>
<gx:value>3.79</gx:value>
<gx:value>3.79</gx:value>
<gx:value>3.79</gx:value>
<gx:value>3.79</gx:value>
<gx:value>3.79</gx:value>
<gx:value>3.79</gx:value>
<gx:value>3.79</gx:value>
<gx:value>3.79</gx:value>
<gx:value>3.79</gx:value>
<gx:value>3.79</gx:value>
<gx:value>3.79</gx:value>
<gx:value>3.79</gx:value>
<gx:value>3.79</gx:value>
<gx:value>3.79</gx:value>
<gx:value>3.79</gx:value>
<gx:value>3.79</gx:value>
<gx:value>3.79</gx:value>
<gx:value>4.75</gx:value>
<gx:value>5.731</gx:value>
<gx:value>5.629</gx:value>
<gx:value>5.709</gx:value>
<gx:value>7.587</gx:value>
<gx:value>8.052</gx:value>
<gx:value>8.373</gx:value>
<gx:value>9.644</gx:value>
<gx:value>6.202</gx:value>
<gx:value>5.952</gx:value>
<gx:value>5.704</gx:value>
<gx:value>5.624</gx:value>
<gx:value>6.946</gx:value>
<gx:value>8.116</gx:value>
<gx:value>8.501</gx:value>
<gx:value>10.304</gx:value>
<gx:value>8.935</gx:value>
<gx:value>8.622</gx:value>
<gx:value>8.971</gx:value>
<gx:value>9.792</gx:value>
<gx:value>8.904</gx:value>
<gx:value>6.135</gx:value>
<gx:value>4.405</gx:value>
<gx:value>4.149</gx:value>
<gx:value>4.791</gx:value>
<gx:value>5.699</gx:value>
<gx:value>5.732</gx:value>
<gx:value>5.145</gx:value>
<gx:value>6.432</gx:value>
<gx:value>9.633</gx:value>
<gx:value>15.32</gx:value>
<gx:value>13.179</gx:value>
<gx:value>12.781</gx:value>
<gx:value>7.597</gx:value>
<gx:value>5.758</gx:value>
<gx:value>8.062</gx:value>
<gx:value>8.386</gx:value>
<gx:value>9.088</gx:value>
<gx:value>12.029</gx:value>
<gx:value>9.561</gx:value>
<gx:value>10.095</gx:value>
<gx:value>12.887</gx:value>
<gx:value>11.543</gx:value>
<gx:value>8.474</gx:value>
<gx:value>8.24</gx:value>
<gx:value>8.708</gx:value>
<gx:value>8.305</gx:value>
<gx:value>7.488</gx:value>
<gx:value>7.36</gx:value>
<gx:value>6.913</gx:value>
<gx:value>6.881</gx:value>
<gx:value>6.906</gx:value>
<gx:value>6.767</gx:value>
<gx:value>6.776</gx:value>
<gx:value>6.475</gx:value>
<gx:value>6.869</gx:value>
<gx:value>7.629</gx:value>
<gx:value>9.112</gx:value>
<gx:value>9.357</gx:value>
<gx:value>8.721</gx:value>
<gx:value>7.855</gx:value>
<gx:value>7.372</gx:value>
<gx:value>7.087</gx:value>
<gx:value>6.683</gx:value>
<gx:value>6.676</gx:value>
<gx:value>6.896</gx:value>
<gx:value>7.219</gx:value>
<gx:value>6.818</gx:value>
<gx:value>6.718</gx:value>
<gx:value>6.855</gx:value>
<gx:value>6.575</gx:value>
<gx:value>7.177</gx:value>
<gx:value>8.811</gx:value>
<gx:value>8.152</gx:value>
<gx:value>7.65</gx:value>
<gx:value>6.296</gx:value>
<gx:value>15.766</gx:value>
<gx:value>20.963</gx:value>
<gx:value>10.183</gx:value>
<gx:value>8.856</gx:value>
<gx:value>9.963</gx:value>
<gx:value>8.849</gx:value>
<gx:value>8.617</gx:value>
<gx:value>9.306</gx:value>
<gx:value>9.273</gx:value>
<gx:value>8.63</gx:value>
<gx:value>7.978</gx:value>
<gx:value>9.19</gx:value>
<gx:value>12.145</gx:value>
<gx:value>10.521</gx:value>
<gx:value>10.087</gx:value>
<gx:value>10.309</gx:value>
<gx:value>9.687</gx:value>
<gx:value>11.127</gx:value>
<gx:value>9.268</gx:value>
<gx:value>8.697</gx:value>
<gx:value>10.017</gx:value>
<gx:value>8.774</gx:value>
<gx:value>5.747</gx:value>
<gx:value>5.541</gx:value>
<gx:value>5.449</gx:value>
<gx:value>5.377</gx:value>
<gx:value>3.79</gx:value>
<gx:value>4.735</gx:value>
<gx:value>5.906</gx:value>
<gx:value>8.206</gx:value>
<gx:value>8.32</gx:value>
<gx:value>9.268</gx:value>
<gx:value>11.2</gx:value>
<gx:value>9.534</gx:value>
<gx:value>10.224</gx:value>
<gx:value>7.615</gx:value>
<gx:value>6.052</gx:value>
<gx:value>6.134</gx:value>
<gx:value>5.464</gx:value>
<gx:value>6.099</gx:value>
<gx:value>6.141</gx:value>
<gx:value>3.854</gx:value>
<gx:value>5.208</gx:value>
<gx:value>5.546</gx:value>
<gx:value>6.414</gx:value>
<gx:value>8.15</gx:value>
<gx:value>6.24</gx:value>
<gx:value>5.802</gx:value>
<gx:value>9.006</gx:value>
<gx:value>8.468</gx:value>
<gx:value>9.88</gx:value>
<gx:value>9.712</gx:value>
<gx:value>9.384</gx:value>
<gx:value>10.679</gx:value>
<gx:value>10.084</gx:value>
<gx:value>10.263</gx:value>
<gx:value>7.343</gx:value>
<gx:value>4.66</gx:value>
<gx:value>5.627</gx:value>
<gx:value>6.994</gx:value>
<gx:value>7.983</gx:value>
<gx:value>11.349</gx:value>
<gx:value>9.769</gx:value>
<gx:value>10.18</gx:value>
<gx:value>10.07</gx:value>
<gx:value>9.254</gx:value>
<gx:value>7.45</gx:value>
<gx:value>18.382</gx:value>
<gx:value>25.414</gx:value>
<gx:value>15.873</gx:value>
<gx:value>11.498</gx:value>
<gx:value>12.084</gx:value>
<gx:value>10.264</gx:value>
<gx:value>9.538</gx:value>
<gx:value>8.856</gx:value>
<gx:value>8.219</gx:value>
<gx:value>8.938</gx:value>
<gx:value>9.527</gx:value>
<gx:value>8.924</gx:value>
<gx:value>107.839</gx:value>
<gx:value>12.165</gx:value>
<gx:value>14.309</gx:value>
<gx:value>14.134</gx:value>
<gx:value>7.87</gx:value>
<gx:value>5.069</gx:value>
<gx:value>5.506</gx:value>
<gx:value>12.71</gx:value>
<gx:value>17.649</gx:value>
<gx:value>9.893</gx:value>
<gx:value>25.232</gx:value>
<gx:value>30.801</gx:value>
<gx:value>12.081</gx:value>
<gx:value>10.536</gx:value>
<gx:value>10.422</gx:value>
<gx:value>6.519</gx:value>
<gx:value>8.479</gx:value>
<gx:value>10.808</gx:value>
<gx:value>11.023</gx:value>
<gx:value>12.947</gx:value>
<gx:value>6.875</gx:value>
<gx:value>5.849</gx:value>
<gx:value>5.893</gx:value>
<gx:value>6.026</gx:value>
<gx:value>6.72</gx:value>
<gx:value>5.294</gx:value>
<gx:value>5.879</gx:value>
<gx:value>5.436</gx:value>
<gx:value>4.59</gx:value>
<gx:value>4.326</gx:value>
<gx:value>4.168</gx:value>
<gx:value>4.048</gx:value>
<gx:value>3.922</gx:value>
<gx:value>4.141</gx:value>
<gx:value>4.325</gx:value>
<gx:value>4.235</gx:value>
<gx:value>3.846</gx:value>
<gx:value>3.737</gx:value>
<gx:value>4.065</gx:value>
<gx:value>4.103</gx:value>
<gx:value>3.879</gx:value>
<gx:value>3.943</gx:value>
<gx:value>4.146</gx:value>
<gx:value>3.937</gx:value>
<gx:value>3.979</gx:value>
<gx:value>4.079</gx:value>
<gx:value>4.089</gx:value>
<gx:value>4.077</gx:value>
<gx:value>4.549</gx:value>
<gx:value>5.511</gx:value>
<gx:value>7.921</gx:value>
<gx:value>8.887</gx:value>
<gx:value>8.968</gx:value>
<gx:value>7.623</gx:value>
<gx:value>4.638</gx:value>
<gx:value>5.554</gx:value>
<gx:value>4.624</gx:value>
<gx:value>4.683</gx:value>
<gx:value>6.064</gx:value>
<gx:value>7.067</gx:value>
<gx:value>9.121</gx:value>
<gx:value>6.678</gx:value>
<gx:value>7.498</gx:value>
<gx:value>9.401</gx:value>
<gx:value>9.552</gx:value>
<gx:value>12.821</gx:value>
<gx:value>10.757</gx:value>
<gx:value>10.658</gx:value>
<gx:value>11.035</gx:value>
<gx:value>10.212</gx:value>
<gx:value>11.107</gx:value>
<gx:value>9.033</gx:value>
<gx:value>8.415</gx:value>
<gx:value>8.821</gx:value>
<gx:value>9.526</gx:value>
<gx:value>9.58</gx:value>
<gx:value>10.167</gx:value>
<gx:value>10.184</gx:value>
<gx:value>10.696</gx:value>
<gx:value>9.992</gx:value>
<gx:value>10.278</gx:value>
<gx:value>11.27</gx:value>
<gx:value>9.724</gx:value>
<gx:value>10.305</gx:value>
<gx:value>9.812</gx:value>
<gx:value>10.353</gx:value>
<gx:value>13.125</gx:value>
<gx:value>9.682</gx:value>
<gx:value>8.951</gx:value>
<gx:value>10.412</gx:value>
<gx:value>10.581</gx:value>
<gx:value>10.506</gx:value>
<gx:value>9.452</gx:value>
<gx:value>8.495</gx:value>
<gx:value>8.687</gx:value>
<gx:value>30.625</gx:value>
<gx:value>34.567</gx:value>
<gx:value>17.953</gx:value>
<gx:value>14.115</gx:value>
<gx:value>14.053</gx:value>
<gx:value>11.595</gx:value>
<gx:value>11.104</gx:value>
<gx:value>11.123</gx:value>
<gx:value>5.815</gx:value>
<gx:value>7.007</gx:value>
<gx:value>11.307</gx:value>
<gx:value>11.242</gx:value>
<gx:value>13.106</gx:value>
<gx:value>6.769</gx:value>
<gx:value>5.69</gx:value>
<gx:value>8.088</gx:value>
<gx:value>9.507</gx:value>
<gx:value>12.423</gx:value>
<gx:value>11.002</gx:value>
<gx:value>10.208</gx:value>
<gx:value>12.912</gx:value>
<gx:value>9.925</gx:value>
<gx:value>9.996</gx:value>
<gx:value>10.537</gx:value>
<gx:value>9.784</gx:value>
<gx:value>11.074</gx:value>
<gx:value>9.974</gx:value>
<gx:value>10.142</gx:value>
<gx:value>10.977</gx:value>
<gx:value>8.952</gx:value>
<gx:value>8.579</gx:value>
<gx:value>8.925</gx:value>
<gx:value>9.457</gx:value>
<gx:value>10.618</gx:value>
<gx:value>10.607</gx:value>
<gx:value>11.669</gx:value>
<gx:value>11.973</gx:value>
<gx:value>12.428</gx:value>
<gx:value>12.892</gx:value>
<gx:value>13.211</gx:value>
<gx:value>11.917</gx:value>
<gx:value>12.646</gx:value>
<gx:value>12.428</gx:value>
<gx:value>12.013</gx:value>
<gx:value>12.246</gx:value>
<gx:value>11.991</gx:value>
<gx:value>13.676</gx:value>
<gx:value>30.492</gx:value>
<gx:value>26.875</gx:value>
<gx:value>21.346</gx:value>
<gx:value>19.392</gx:value>
<gx:value>16.379</gx:value>
<gx:value>16.246</gx:value>
<gx:value>17.084</gx:value>
<gx:value>17.926</gx:value>
<gx:value>17.032</gx:value>
<gx:value>18.406</gx:value>
<gx:value>18.409</gx:value>
<gx:value>18.007</gx:value>
<gx:value>14.552</gx:value>
<gx:value>71.501</gx:value>
<gx:value>15.989</gx:value>
<gx:value>12.366</gx:value>
<gx:value>11.088</gx:value>
<gx:value>12.435</gx:value>
<gx:value>67.2</gx:value>
<gx:value>7.061</gx:value>
<gx:value>9.017</gx:value>
<gx:value>10.721</gx:value>
<gx:value>12.293</gx:value>
<gx:value>9.569</gx:value>
<gx:value>9.497</gx:value>
<gx:value>13.412</gx:value>
<gx:value>12.456</gx:value>
<gx:value>11.701</gx:value>
<gx:value>10.547</gx:value>
<gx:value>11.29</gx:value>
<gx:value>11.957</gx:value>
<gx:value>7.845</gx:value>
<gx:value>12.284</gx:value>
<gx:value>16.237</gx:value>
<gx:value>10.484</gx:value>
<gx:value>10.117</gx:value>
<gx:value>9.504</gx:value>
<gx:value>9.488</gx:value>
<gx:value>11.173</gx:value>
<gx:value>8.46</gx:value>
<gx:value>13.95</gx:value>
<gx:value>16.198</gx:value>
<gx:value>9.859</gx:value>
<gx:value>7.202</gx:value>
<gx:value>5.611</gx:value>
<gx:value>11.32</gx:value>
<gx:value>18.234</gx:value>
<gx:value>12.714</gx:value>
<gx:value>11.711</gx:value>
<gx:value>11.72</gx:value>
<gx:value>17.264</gx:value>
<gx:value>14.69</gx:value>
<gx:value>11.318</gx:value>
<gx:value>10.487</gx:value>
<gx:value>11.518</gx:value>
<gx:value>10.729</gx:value>
<gx:value>10.919</gx:value>
<gx:value>10.702</gx:value>
<gx:value>10.255</gx:value>
<gx:value>10.635</gx:value>
<gx:value>9.258</gx:value>
<gx:value>10.415</gx:value>
<gx:value>13.052</gx:value>
<gx:value>10.677</gx:value>
<gx:value>9.845</gx:value>
<gx:value>12.359</gx:value>
<gx:value>12.991</gx:value>
<gx:value>13.611</gx:value>
<gx:value>13.505</gx:value>
<gx:value>13.5</gx:value>
<gx:value>12.872</gx:value>
<gx:value>13.355</gx:value>
<gx:value>13.39</gx:value>
<gx:value>13.449</gx:value>
<gx:value>13.835</gx:value>
<gx:value>15.837</gx:value>
<gx:value>14.565</gx:value>
<gx:value>13.483</gx:value>
<gx:value>15.559</gx:value>
<gx:value>16.346</gx:value>
<gx:value>20.849</gx:value>
<gx:value>19.52</gx:value>
<gx:value>18.29</gx:value>
<gx:value>16.893</gx:value>
<gx:value>15.049</gx:value>
<gx:value>12.566</gx:value>
<gx:value>11.574</gx:value>
<gx:value>10.533</gx:value>
<gx:value>9.233</gx:value>
<gx:value>8.515</gx:value>
<gx:value>8.469</gx:value>
<gx:value>8.595</gx:value>
<gx:value>10.087</gx:value>
<gx:value>13.163</gx:value>
<gx:value>15.959</gx:value>
<gx:value>16.087</gx:value>
<gx:value>10.895</gx:value>
<gx:value>9.963</gx:value>
<gx:value>10.895</gx:value>
<gx:value>6.973</gx:value>
<gx:value>19.042</gx:value>
<gx:value>23.685</gx:value>
<gx:value>25.902</gx:value>
<gx:value>19.882</gx:value>
<gx:value>15.086</gx:value>
<gx:value>14.881</gx:value>
<gx:value>11.081</gx:value>
<gx:value>7.458</gx:value>
<gx:value>6.685</gx:value>
<gx:value>8.145</gx:value>
<gx:value>6.261</gx:value>
<gx:value>7.758</gx:value>
<gx:value>9.589</gx:value>
<gx:value>9.572</gx:value>
<gx:value>11.259</gx:value>
<gx:value>10.377</gx:value>
<gx:value>10.549</gx:value>
<gx:value>12.079</gx:value>
<gx:value>8.472</gx:value>
<gx:value>6.63</gx:value>
<gx:value>5.669</gx:value>
<gx:value>6.795</gx:value>
<gx:value>8.658</gx:value>
<gx:value>5.405</gx:value>
<gx:value>6.611</gx:value>
<gx:value>12.253</gx:value>
<gx:value>10.938</gx:value>
<gx:value>10.572</gx:value>
<gx:value>6.87</gx:value>
<gx:value>5.515</gx:value>
<gx:value>4.35</gx:value>
<gx:value>4.089</gx:value>
<gx:value>4.003</gx:value>
<gx:value>3.979</gx:value>
<gx:value>4.108</gx:value>
<gx:value>4.014</gx:value>
<gx:value>3.966</gx:value>
<gx:value>3.85</gx:value>
<gx:value>3.721</gx:value>
<gx:value>3.439</gx:value>
<gx:value>3.403</gx:value>
<gx:value>3.308</gx:value>
<gx:value>3.177</gx:value>
<gx:value>3.07</gx:value>
<gx:value>3.027</gx:value>
<gx:value>3.019</gx:value>
<gx:value>3.022</gx:value>
<gx:value>3.022</gx:value>
<gx:value>3.038</gx:value>
<gx:value>3.061</gx:value>
<gx:value>3.127</gx:value>
<gx:value>3.206</gx:value>
<gx:value>3.239</gx:value>
<gx:value>3.263</gx:value>
<gx:value>3.36</gx:value>
<gx:value>3.312</gx:value>
<gx:value>3.269</gx:value>
<gx:value>3.243</gx:value>
<gx:value>3.268</gx:value>
<gx:value>3.399</gx:value>
<gx:value>3.562</gx:value>
<gx:value>3.708</gx:value>
<gx:value>4.08</gx:value>
<gx:value>4.25</gx:value>
<gx:value>4.178</gx:value>
<gx:value>4.187</gx:value>
<gx:value>4.063</gx:value>
<gx:value>4.037</gx:value>
<gx:value>3.914</gx:value>
<gx:value>3.859</gx:value>
<gx:value>3.819</gx:value>
<gx:value>3.765</gx:value>
</gx:SimpleArrayData>
<gx:SimpleArrayData name="bearing">
<gx:value>124.04931</gx:value>
<gx:value>309.44113</gx:value>
<gx:value>302.14575</gx:value>
<gx:value>301.78943</gx:value>
<gx:value>302.3893</gx:value>
<gx:value>302.72473</gx:value>
<gx:value>301.35257</gx:value>
<gx:value>302.65277</gx:value>
<gx:value>302.61188</gx:value>
<gx:value>293.32477</gx:value>
<gx:value>291.85248</gx:value>
<gx:value>300.4077</gx:value>
<gx:value>295.48203</gx:value>
<gx:value>296.69388</gx:value>
<gx:value>351.25375</gx:value>
<gx:value>333.48013</gx:value>
<gx:value>326.58054</gx:value>
<gx:value></gx:value>
<gx:value></gx:value>
<gx:value>294.45752</gx:value>
<gx:value></gx:value>
<gx:value>313.6754</gx:value>
<gx:value>305.95413</gx:value>
<gx:value>291.44757</gx:value>
<gx:value>287.5546</gx:value>
<gx:value>304.0832</gx:value>
<gx:value>82.72339</gx:value>
<gx:value>323.74817</gx:value>
<gx:value>308.19653</gx:value>
<gx:value>89.724976</gx:value>
<gx:value>89.92267</gx:value>
<gx:value>236.16699</gx:value>
<gx:value></gx:value>
<gx:value></gx:value>
<gx:value></gx:value>
<gx:value></gx:value>
<gx:value></gx:value>
<gx:value>303.99655</gx:value>
<gx:value>275.60684</gx:value>
<gx:value>292.48984</gx:value>
<gx:value>288.6956</gx:value>
<gx:value>315.2335</gx:value>
<gx:value>314.7632</gx:value>
<gx:value>320.39795</gx:value>
<gx:value>310.84634</gx:value>
<gx:value>311.37906</gx:value>
<gx:value>314.76886</gx:value>
<gx:value>288.92947</gx:value>
<gx:value>306.45053</gx:value>
<gx:value>85.961494</gx:value>
<gx:value>319.36453</gx:value>
<gx:value>319.24533</gx:value>
<gx:value>89.94959</gx:value>
<gx:value>89.94549</gx:value>
<gx:value>233.02084</gx:value>
<gx:value>219.98114</gx:value>
<gx:value>92.43949</gx:value>
<gx:value>90.0</gx:value>
<gx:value>89.99721</gx:value>
<gx:value>89.82486</gx:value>
<gx:value>318.682</gx:value>
<gx:value>267.31628</gx:value>
<gx:value></gx:value>
<gx:value>34.757236</gx:value>
<gx:value>32.89071</gx:value>
<gx:value>80.86559</gx:value>
<gx:value>322.90576</gx:value>
<gx:value>311.45145</gx:value>
<gx:value>309.4676</gx:value>
<gx:value>236.42812</gx:value>
<gx:value>269.21527</gx:value>
<gx:value>236.55199</gx:value>
<gx:value></gx:value>
<gx:value>89.99034</gx:value>
<gx:value>89.69792</gx:value>
<gx:value>350.04025</gx:value>
<gx:value>321.42673</gx:value>
<gx:value></gx:value>
<gx:value>200.14165</gx:value>
<gx:value>91.40942</gx:value>
<gx:value>311.05182</gx:value>
<gx:value>291.65213</gx:value>
<gx:value>76.695045</gx:value>
<gx:value>88.317795</gx:value>
<gx:value></gx:value>
<gx:value></gx:value>
<gx:value></gx:value>
<gx:value>90.13253</gx:value>
<gx:value>91.55782</gx:value>
<gx:value></gx:value>
<gx:value>256.6292</gx:value>
<gx:value>288.32144</gx:value>
<gx:value>326.24643</gx:value>
<gx:value>271.84845</gx:value>
<gx:value>287.37683</gx:value>
<gx:value>282.3229</gx:value>
<gx:value>338.59253</gx:value>
<gx:value>328.71655</gx:value>
<gx:value>326.2663</gx:value>
<gx:value>79.570145</gx:value>
<gx:value>310.41583</gx:value>
<gx:value>286.74707</gx:value>
<gx:value>294.6441</gx:value>
<gx:value>263.8705</gx:value>
<gx:value>237.1205</gx:value>
<gx:value>94.23351</gx:value>
<gx:value></gx:value>
<gx:value>89.99823</gx:value>
<gx:value>89.96426</gx:value>
<gx:value></gx:value>
<gx:value>296.10904</gx:value>
<gx:value>269.25375</gx:value>
<gx:value>271.64096</gx:value>
<gx:value>300.1841</gx:value>
<gx:value>312.0813</gx:value>
<gx:value>276.8089</gx:value>
<gx:value>266.9863</gx:value>
<gx:value>90.05891</gx:value>
<gx:value>307.77814</gx:value>
<gx:value>296.10715</gx:value>
<gx:value>276.84958</gx:value>
<gx:value>243.24734</gx:value>
<gx:value>243.59358</gx:value>
<gx:value>311.9087</gx:value>
<gx:value>309.65738</gx:value>
<gx:value>309.18134</gx:value>
<gx:value>309.0571</gx:value>
<gx:value>78.940384</gx:value>
<gx:value>293.08862</gx:value>
<gx:value>319.7395</gx:value>
<gx:value>345.7183</gx:value>
<gx:value>351.67712</gx:value>
<gx:value>352.86072</gx:value>
<gx:value></gx:value>
<gx:value>312.4474</gx:value>
<gx:value></gx:value>
<gx:value>279.91125</gx:value>
<gx:value>295.19424</gx:value>
<gx:value>354.7543</gx:value>
<gx:value></gx:value>
<gx:value></gx:value>
<gx:value></gx:value>
<gx:value></gx:value>
<gx:value>281.66003</gx:value>
<gx:value>281.2133</gx:value>
<gx:value>207.3817</gx:value>
<gx:value>174.24422</gx:value>
<gx:value></gx:value>
<gx:value>91.462715</gx:value>
<gx:value>89.72598</gx:value>
<gx:value>66.94132</gx:value>
<gx:value></gx:value>
<gx:value></gx:value>
<gx:value></gx:value>
<gx:value>177.83974</gx:value>
<gx:value>177.74174</gx:value>
<gx:value>73.54117</gx:value>
<gx:value>189.68332</gx:value>
<gx:value></gx:value>
<gx:value></gx:value>
<gx:value>103.49236</gx:value>
<gx:value>115.633095</gx:value>
<gx:value>113.01693</gx:value>
<gx:value>112.41728</gx:value>
<gx:value>88.22205</gx:value>
<gx:value>94.41106</gx:value>
<gx:value>103.794945</gx:value>
<gx:value>100.950935</gx:value>
<gx:value>99.40457</gx:value>
<gx:value>93.40452</gx:value>
<gx:value>133.67345</gx:value>
<gx:value>123.0118</gx:value>
<gx:value>113.36978</gx:value>
<gx:value>96.29974</gx:value>
<gx:value>140.71939</gx:value>
<gx:value>130.26807</gx:value>
<gx:value>103.39164</gx:value>
<gx:value></gx:value>
<gx:value></gx:value>
<gx:value>90.00024</gx:value>
<gx:value>359.82095</gx:value>
<gx:value>87.66572</gx:value>
<gx:value>90.107834</gx:value>
<gx:value>89.98994</gx:value>
<gx:value></gx:value>
<gx:value>90.00187</gx:value>
<gx:value></gx:value>
<gx:value></gx:value>
<gx:value></gx:value>
<gx:value></gx:value>
<gx:value></gx:value>
<gx:value></gx:value>
<gx:value></gx:value>
<gx:value></gx:value>
<gx:value></gx:value>
<gx:value></gx:value>
<gx:value></gx:value>
<gx:value>35.999367</gx:value>
<gx:value>120.87249</gx:value>
<gx:value>54.223297</gx:value>
<gx:value>175.3767</gx:value>
<gx:value>171.11865</gx:value>
<gx:value>192.75493</gx:value>
<gx:value>190.27351</gx:value>
<gx:value>187.87231</gx:value>
<gx:value>183.18419</gx:value>
<gx:value>180.25156</gx:value>
<gx:value>164.81987</gx:value>
<gx:value>122.4925</gx:value>
<gx:value>157.9448</gx:value>
<gx:value>160.63037</gx:value>
<gx:value>161.30066</gx:value>
<gx:value>157.68521</gx:value>
<gx:value>156.05365</gx:value>
<gx:value>111.692024</gx:value>
<gx:value>108.24973</gx:value>
<gx:value>113.1202</gx:value>
<gx:value>111.13169</gx:value>
<gx:value>94.01716</gx:value>
<gx:value>176.6014</gx:value>
<gx:value>172.71219</gx:value>
<gx:value>169.25482</gx:value>
<gx:value>170.52179</gx:value>
<gx:value>160.04948</gx:value>
<gx:value>156.88408</gx:value>
<gx:value>158.33098</gx:value>
<gx:value>157.8624</gx:value>
<gx:value>157.85707</gx:value>
<gx:value>154.60648</gx:value>
<gx:value>154.43977</gx:value>
<gx:value>150.47606</gx:value>
<gx:value></gx:value>
<gx:value></gx:value>
<gx:value>171.35458</gx:value>
<gx:value></gx:value>
<gx:value>122.03626</gx:value>
<gx:value>164.11382</gx:value>
<gx:value>172.39996</gx:value>
<gx:value></gx:value>
<gx:value></gx:value>
<gx:value>151.00365</gx:value>
<gx:value>146.98192</gx:value>
<gx:value></gx:value>
<gx:value></gx:value>
<gx:value>88.89214</gx:value>
<gx:value>282.01328</gx:value>
<gx:value></gx:value>
<gx:value></gx:value>
<gx:value>265.98804</gx:value>
<gx:value></gx:value>
<gx:value></gx:value>
<gx:value></gx:value>
<gx:value>58.48799</gx:value>
<gx:value>111.56357</gx:value>
<gx:value>166.2318</gx:value>
<gx:value>154.82347</gx:value>
<gx:value>155.2051</gx:value>
<gx:value>150.11237</gx:value>
<gx:value>122.15559</gx:value>
<gx:value>123.43682</gx:value>
<gx:value>124.37561</gx:value>
<gx:value>124.95559</gx:value>
<gx:value>147.45271</gx:value>
<gx:value>147.84035</gx:value>
<gx:value>143.3235</gx:value>
<gx:value>91.34535</gx:value>
<gx:value>149.82048</gx:value>
<gx:value>154.36409</gx:value>
<gx:value>132.19626</gx:value>
<gx:value>119.17228</gx:value>
<gx:value>224.11827</gx:value>
<gx:value>136.20197</gx:value>
<gx:value>115.29746</gx:value>
<gx:value></gx:value>
<gx:value></gx:value>
<gx:value>96.91466</gx:value>
<gx:value></gx:value>
<gx:value></gx:value>
<gx:value></gx:value>
<gx:value></gx:value>
<gx:value></gx:value>
<gx:value></gx:value>
<gx:value></gx:value>
<gx:value>317.01657</gx:value>
<gx:value>317.36688</gx:value>
<gx:value>185.96437</gx:value>
<gx:value>186.04546</gx:value>
<gx:value></gx:value>
<gx:value></gx:value>
<gx:value></gx:value>
<gx:value>30.009995</gx:value>
<gx:value>59.766018</gx:value>
<gx:value>43.110367</gx:value>
<gx:value>40.730526</gx:value>
<gx:value>81.11776</gx:value>
<gx:value></gx:value>
<gx:value>86.23542</gx:value>
<gx:value>89.99436</gx:value>
<gx:value>90.0069</gx:value>
<gx:value>90.00046</gx:value>
<gx:value>89.03986</gx:value>
<gx:value></gx:value>
<gx:value></gx:value>
<gx:value></gx:value>
<gx:value></gx:value>
<gx:value></gx:value>
<gx:value>231.9735</gx:value>
<gx:value>90.29362</gx:value>
<gx:value>167.82597</gx:value>
<gx:value>194.1418</gx:value>
<gx:value>213.12628</gx:value>
<gx:value>199.41096</gx:value>
<gx:value>175.80304</gx:value>
<gx:value>162.79398</gx:value>
<gx:value>179.30695</gx:value>
<gx:value>172.91905</gx:value>
<gx:value>160.0374</gx:value>
<gx:value>163.69443</gx:value>
<gx:value>183.48332</gx:value>
<gx:value>175.84161</gx:value>
<gx:value>108.665726</gx:value>
<gx:value>127.66831</gx:value>
<gx:value>142.70499</gx:value>
<gx:value>270.52463</gx:value>
<gx:value></gx:value>
<gx:value></gx:value>
<gx:value></gx:value>
<gx:value></gx:value>
<gx:value>221.33177</gx:value>
<gx:value>131.7778</gx:value>
<gx:value>168.20969</gx:value>
<gx:value>149.79152</gx:value>
<gx:value>157.83818</gx:value>
<gx:value>158.70718</gx:value>
<gx:value>127.373215</gx:value>
<gx:value>138.20204</gx:value>
<gx:value>179.00096</gx:value>
<gx:value>175.25972</gx:value>
<gx:value>185.69157</gx:value>
<gx:value>188.79225</gx:value>
<gx:value>168.39346</gx:value>
<gx:value>168.38828</gx:value>
<gx:value>161.44879</gx:value>
<gx:value>155.97087</gx:value>
<gx:value>123.12502</gx:value>
<gx:value>159.33931</gx:value>
<gx:value>160.47931</gx:value>
<gx:value>172.01538</gx:value>
<gx:value>126.769844</gx:value>
<gx:value>151.22519</gx:value>
<gx:value>207.40517</gx:value>
<gx:value></gx:value>
<gx:value></gx:value>
<gx:value></gx:value>
<gx:value></gx:value>
<gx:value></gx:value>
<gx:value></gx:value>
<gx:value></gx:value>
<gx:value>6.543419</gx:value>
<gx:value>153.94841</gx:value>
<gx:value>153.63551</gx:value>
<gx:value></gx:value>
<gx:value></gx:value>
<gx:value></gx:value>
<gx:value></gx:value>
<gx:value></gx:value>
<gx:value></gx:value>
<gx:value></gx:value>
<gx:value></gx:value>
<gx:value></gx:value>
<gx:value></gx:value>
<gx:value></gx:value>
<gx:value></gx:value>
<gx:value></gx:value>
<gx:value></gx:value>
<gx:value></gx:value>
<gx:value></gx:value>
<gx:value></gx:value>
<gx:value></gx:value>
<gx:value></gx:value>
<gx:value>215.0354</gx:value>
<gx:value>213.21832</gx:value>
<gx:value></gx:value>
<gx:value></gx:value>
<gx:value></gx:value>
<gx:value></gx:value>
<gx:value></gx:value>
<gx:value></gx:value>
<gx:value></gx:value>
<gx:value></gx:value>
<gx:value>136.71115</gx:value>
<gx:value>134.97829</gx:value>
<gx:value>154.52658</gx:value>
<gx:value>162.44522</gx:value>
<gx:value>173.06076</gx:value>
<gx:value>124.34146</gx:value>
<gx:value>125.25252</gx:value>
<gx:value>111.50849</gx:value>
<gx:value>147.44293</gx:value>
<gx:value>162.9375</gx:value>
<gx:value>165.26297</gx:value>
<gx:value>169.09889</gx:value>
<gx:value>171.03133</gx:value>
<gx:value>170.86633</gx:value>
<gx:value>176.62338</gx:value>
<gx:value>168.44447</gx:value>
<gx:value>172.17033</gx:value>
<gx:value>166.11461</gx:value>
<gx:value>167.10085</gx:value>
<gx:value>100.676575</gx:value>
<gx:value>257.66916</gx:value>
<gx:value>116.44113</gx:value>
<gx:value>162.15012</gx:value>
<gx:value>174.96992</gx:value>
<gx:value>143.3441</gx:value>
<gx:value>153.38133</gx:value>
<gx:value>153.60707</gx:value>
<gx:value>146.13191</gx:value>
<gx:value>106.86613</gx:value>
<gx:value>94.920456</gx:value>
<gx:value>335.22272</gx:value>
<gx:value>354.8542</gx:value>
<gx:value>195.61852</gx:value>
<gx:value>195.81091</gx:value>
<gx:value>195.66676</gx:value>
<gx:value>199.48134</gx:value>
<gx:value>146.97755</gx:value>
<gx:value>218.67467</gx:value>
<gx:value>106.065605</gx:value>
<gx:value>125.056816</gx:value>
<gx:value>139.13173</gx:value>
<gx:value>128.30696</gx:value>
<gx:value>133.94661</gx:value>
<gx:value>114.75888</gx:value>
<gx:value>167.37012</gx:value>
<gx:value>82.00533</gx:value>
<gx:value>28.401148</gx:value>
<gx:value>50.11304</gx:value>
<gx:value>239.5305</gx:value>
<gx:value></gx:value>
<gx:value>90.098404</gx:value>
<gx:value>89.998184</gx:value>
<gx:value>90.010895</gx:value>
<gx:value>129.32703</gx:value>
<gx:value>142.29144</gx:value>
<gx:value>109.394775</gx:value>
<gx:value>94.53274</gx:value>
<gx:value>186.39693</gx:value>
<gx:value>130.65192</gx:value>
<gx:value>141.95352</gx:value>
<gx:value>197.48679</gx:value>
<gx:value>173.79639</gx:value>
<gx:value>164.56161</gx:value>
<gx:value>164.29497</gx:value>
<gx:value>90.0</gx:value>
<gx:value>97.54187</gx:value>
<gx:value>135.2843</gx:value>
<gx:value>103.00964</gx:value>
<gx:value>112.18681</gx:value>
<gx:value>108.95162</gx:value>
<gx:value>104.56459</gx:value>
<gx:value>121.8374</gx:value>
<gx:value>131.23824</gx:value>
<gx:value>150.86543</gx:value>
<gx:value>29.130621</gx:value>
<gx:value>52.648613</gx:value>
<gx:value>90.68521</gx:value>
<gx:value>111.01187</gx:value>
<gx:value>122.76374</gx:value>
<gx:value>81.3799</gx:value>
<gx:value>96.954094</gx:value>
<gx:value>105.20323</gx:value>
<gx:value>105.150444</gx:value>
<gx:value>87.898094</gx:value>
<gx:value>106.21807</gx:value>
<gx:value>76.544525</gx:value>
<gx:value>70.11454</gx:value>
<gx:value>53.403717</gx:value>
<gx:value>61.350258</gx:value>
<gx:value>82.066315</gx:value>
<gx:value>118.06022</gx:value>
<gx:value>131.00604</gx:value>
<gx:value>185.69849</gx:value>
<gx:value>204.5843</gx:value>
<gx:value>111.761765</gx:value>
<gx:value>120.60014</gx:value>
<gx:value>107.89108</gx:value>
<gx:value>107.56913</gx:value>
<gx:value>105.89502</gx:value>
<gx:value>95.626816</gx:value>
<gx:value>49.362362</gx:value>
<gx:value>46.406815</gx:value>
<gx:value>59.372005</gx:value>
<gx:value>33.129826</gx:value>
<gx:value>61.446995</gx:value>
<gx:value>21.675524</gx:value>
<gx:value>20.742878</gx:value>
<gx:value>36.62509</gx:value>
<gx:value>8.581867</gx:value>
<gx:value>11.648875</gx:value>
<gx:value>12.904959</gx:value>
<gx:value>8.15122</gx:value>
<gx:value>6.659435</gx:value>
<gx:value>18.571135</gx:value>
<gx:value>14.7980995</gx:value>
<gx:value>27.216911</gx:value>
<gx:value>24.256016</gx:value>
<gx:value>27.314863</gx:value>
<gx:value>24.740217</gx:value>
<gx:value>75.64831</gx:value>
<gx:value>32.563435</gx:value>
<gx:value>29.833153</gx:value>
<gx:value>294.09152</gx:value>
<gx:value>30.876587</gx:value>
<gx:value>33.312782</gx:value>
<gx:value>45.89266</gx:value>
<gx:value>34.68543</gx:value>
<gx:value>60.96855</gx:value>
<gx:value>75.37681</gx:value>
<gx:value>12.152575</gx:value>
<gx:value>30.879393</gx:value>
<gx:value>5.454719</gx:value>
<gx:value>56.833916</gx:value>
<gx:value>80.721436</gx:value>
<gx:value>47.255882</gx:value>
<gx:value>27.131052</gx:value>
<gx:value>40.640213</gx:value>
<gx:value>24.208237</gx:value>
<gx:value>20.590923</gx:value>
<gx:value>43.486572</gx:value>
<gx:value>308.54468</gx:value>
<gx:value>320.31763</gx:value>
<gx:value>29.281153</gx:value>
<gx:value>15.008469</gx:value>
<gx:value>70.30672</gx:value>
<gx:value>29.823988</gx:value>
<gx:value>25.389713</gx:value>
<gx:value>5.930506</gx:value>
<gx:value>18.958437</gx:value>
<gx:value>55.522186</gx:value>
<gx:value>1.9101993</gx:value>
<gx:value>14.14843</gx:value>
<gx:value>28.406906</gx:value>
<gx:value>19.031466</gx:value>
<gx:value>60.149563</gx:value>
<gx:value>92.569214</gx:value>
<gx:value>93.376</gx:value>
<gx:value>87.44715</gx:value>
<gx:value>289.27924</gx:value>
<gx:value>290.35263</gx:value>
<gx:value></gx:value>
<gx:value>336.1799</gx:value>
<gx:value>332.9803</gx:value>
<gx:value>329.53046</gx:value>
<gx:value>35.401794</gx:value>
<gx:value>359.53815</gx:value>
<gx:value>349.8735</gx:value>
<gx:value>55.07322</gx:value>
<gx:value>40.396614</gx:value>
<gx:value>39.362476</gx:value>
<gx:value>18.758753</gx:value>
<gx:value>26.921291</gx:value>
<gx:value>351.966</gx:value>
<gx:value>338.66553</gx:value>
<gx:value>334.7047</gx:value>
<gx:value>287.78238</gx:value>
<gx:value>301.59686</gx:value>
<gx:value>255.06294</gx:value>
<gx:value>254.48695</gx:value>
<gx:value>300.85522</gx:value>
<gx:value>296.657</gx:value>
<gx:value>292.72256</gx:value>
<gx:value>295.6938</gx:value>
<gx:value>89.88226</gx:value>
<gx:value>311.54892</gx:value>
<gx:value>319.10336</gx:value>
<gx:value>297.20355</gx:value>
<gx:value>298.37695</gx:value>
<gx:value>281.00165</gx:value>
<gx:value>266.1072</gx:value>
<gx:value>265.43436</gx:value>
<gx:value>98.26844</gx:value>
<gx:value>126.63333</gx:value>
<gx:value>220.85411</gx:value>
<gx:value>209.78055</gx:value>
<gx:value>186.5551</gx:value>
<gx:value>210.9172</gx:value>
<gx:value>209.94571</gx:value>
<gx:value>108.53774</gx:value>
<gx:value>207.57596</gx:value>
<gx:value>113.344055</gx:value>
<gx:value>80.758026</gx:value>
<gx:value>225.30719</gx:value>
<gx:value>242.60483</gx:value>
<gx:value>213.64105</gx:value>
<gx:value>213.95609</gx:value>
<gx:value>92.54142</gx:value>
<gx:value>258.4901</gx:value>
<gx:value>241.14664</gx:value>
<gx:value>216.62354</gx:value>
<gx:value>207.73549</gx:value>
<gx:value>91.525375</gx:value>
<gx:value>91.690865</gx:value>
<gx:value>90.03977</gx:value>
<gx:value></gx:value>
<gx:value></gx:value>
<gx:value>90.0065</gx:value>
<gx:value>90.006805</gx:value>
<gx:value>89.99476</gx:value>
<gx:value>89.94015</gx:value>
<gx:value>90.0245</gx:value>
<gx:value>237.04149</gx:value>
<gx:value>240.76543</gx:value>
<gx:value>236.936</gx:value>
<gx:value>206.72032</gx:value>
<gx:value>140.37798</gx:value>
<gx:value>123.01895</gx:value>
<gx:value>115.892494</gx:value>
<gx:value>112.45907</gx:value>
<gx:value>295.01376</gx:value>
<gx:value>76.38474</gx:value>
<gx:value>275.9852</gx:value>
<gx:value>302.71988</gx:value>
<gx:value>312.28668</gx:value>
<gx:value>75.765</gx:value>
<gx:value></gx:value>
<gx:value>90.35129</gx:value>
<gx:value>272.0594</gx:value>
<gx:value>88.983025</gx:value>
<gx:value>279.35388</gx:value>
<gx:value>300.01022</gx:value>
<gx:value>305.3651</gx:value>
<gx:value>295.7488</gx:value>
<gx:value>291.14035</gx:value>
<gx:value>293.51776</gx:value>
<gx:value>291.68964</gx:value>
<gx:value>298.08722</gx:value>
<gx:value>298.0922</gx:value>
<gx:value>305.10095</gx:value>
<gx:value>323.3706</gx:value>
<gx:value>1.6015207</gx:value>
<gx:value>27.672552</gx:value>
<gx:value>29.788425</gx:value>
<gx:value>47.50887</gx:value>
<gx:value>63.13801</gx:value>
<gx:value>54.659946</gx:value>
<gx:value>54.05442</gx:value>
<gx:value>42.819504</gx:value>
<gx:value>51.728897</gx:value>
<gx:value>53.170315</gx:value>
<gx:value>54.365646</gx:value>
<gx:value>56.344303</gx:value>
<gx:value>61.270077</gx:value>
<gx:value>87.79661</gx:value>
<gx:value>125.505135</gx:value>
<gx:value>117.61817</gx:value>
<gx:value>112.01105</gx:value>
<gx:value></gx:value>
<gx:value></gx:value>
<gx:value>242.01268</gx:value>
<gx:value>236.39442</gx:value>
<gx:value>61.95932</gx:value>
<gx:value>49.534885</gx:value>
<gx:value>89.766174</gx:value>
<gx:value>19.162334</gx:value>
<gx:value>19.488373</gx:value>
<gx:value>89.99059</gx:value>
<gx:value>50.186047</gx:value>
<gx:value>44.846836</gx:value>
<gx:value>279.08167</gx:value>
<gx:value>348.2928</gx:value>
<gx:value>352.34387</gx:value>
<gx:value>70.76225</gx:value>
<gx:value>6.4865885</gx:value>
<gx:value>49.134605</gx:value>
<gx:value>81.15875</gx:value>
<gx:value>256.1538</gx:value>
<gx:value>32.597427</gx:value>
<gx:value>6.680688</gx:value>
<gx:value>13.898981</gx:value>
<gx:value>17.697643</gx:value>
<gx:value>21.40126</gx:value>
<gx:value>89.623535</gx:value>
<gx:value>90.00977</gx:value>
<gx:value>90.04339</gx:value>
<gx:value>119.15672</gx:value>
<gx:value>116.28935</gx:value>
<gx:value>108.65575</gx:value>
<gx:value>117.16847</gx:value>
<gx:value>116.64164</gx:value>
<gx:value>120.259895</gx:value>
<gx:value>70.47141</gx:value>
<gx:value>78.82188</gx:value>
<gx:value>44.79169</gx:value>
<gx:value>92.66717</gx:value>
<gx:value>115.73537</gx:value>
<gx:value>138.85883</gx:value>
<gx:value>123.45685</gx:value>
<gx:value>114.29572</gx:value>
<gx:value>87.19938</gx:value>
<gx:value>88.16831</gx:value>
<gx:value>132.69887</gx:value>
<gx:value>95.95795</gx:value>
<gx:value>132.093</gx:value>
<gx:value>128.3915</gx:value>
<gx:value>131.43713</gx:value>
<gx:value>99.67253</gx:value>
<gx:value>129.86845</gx:value>
<gx:value>6.06376</gx:value>
<gx:value>173.09523</gx:value>
<gx:value>166.91083</gx:value>
<gx:value>139.94872</gx:value>
<gx:value>155.58008</gx:value>
<gx:value>150.1717</gx:value>
<gx:value>102.028305</gx:value>
<gx:value>131.73578</gx:value>
<gx:value>109.181404</gx:value>
<gx:value>122.42295</gx:value>
<gx:value>150.57077</gx:value>
<gx:value>107.05451</gx:value>
<gx:value>71.14565</gx:value>
<gx:value>98.06494</gx:value>
<gx:value>97.163445</gx:value>
<gx:value>135.1315</gx:value>
<gx:value>246.43631</gx:value>
<gx:value>150.96913</gx:value>
<gx:value>121.55924</gx:value>
<gx:value>117.70674</gx:value>
<gx:value>124.81208</gx:value>
<gx:value>126.666435</gx:value>
<gx:value>141.10687</gx:value>
<gx:value>147.506</gx:value>
<gx:value>127.08243</gx:value>
<gx:value>125.01326</gx:value>
<gx:value>124.03914</gx:value>
<gx:value>133.0121</gx:value>
<gx:value>113.7668</gx:value>
<gx:value>138.09793</gx:value>
<gx:value>355.55716</gx:value>
<gx:value>8.000179</gx:value>
<gx:value>348.40372</gx:value>
<gx:value>216.91579</gx:value>
<gx:value>136.18109</gx:value>
<gx:value>125.974205</gx:value>
<gx:value>131.69353</gx:value>
<gx:value>127.939804</gx:value>
<gx:value>129.64433</gx:value>
<gx:value>126.73284</gx:value>
<gx:value>131.12071</gx:value>
<gx:value>127.02838</gx:value>
<gx:value>125.40719</gx:value>
<gx:value>123.47908</gx:value>
<gx:value>115.7861</gx:value>
<gx:value>125.81269</gx:value>
<gx:value>127.6563</gx:value>
<gx:value>117.420044</gx:value>
<gx:value>127.709984</gx:value>
<gx:value>129.57921</gx:value>
<gx:value>128.25269</gx:value>
<gx:value>122.3873</gx:value>
<gx:value>126.22224</gx:value>
<gx:value>129.28807</gx:value>
<gx:value>129.87486</gx:value>
<gx:value>118.83215</gx:value>
<gx:value>124.593925</gx:value>
<gx:value>140.3249</gx:value>
<gx:value>126.94998</gx:value>
<gx:value>132.75867</gx:value>
<gx:value>123.419815</gx:value>
<gx:value>100.11344</gx:value>
<gx:value>159.90034</gx:value>
<gx:value>90.0</gx:value>
<gx:value>84.842865</gx:value>
<gx:value>113.79859</gx:value>
<gx:value>113.53154</gx:value>
<gx:value>115.558464</gx:value>
<gx:value>125.41383</gx:value>
<gx:value>91.85898</gx:value>
<gx:value>92.79528</gx:value>
<gx:value>92.57107</gx:value>
<gx:value>138.53992</gx:value>
<gx:value>142.77074</gx:value>
<gx:value>137.6436</gx:value>
<gx:value>139.78574</gx:value>
<gx:value>129.89433</gx:value>
<gx:value>132.9564</gx:value>
<gx:value>124.7661</gx:value>
<gx:value>127.40989</gx:value>
<gx:value>122.89299</gx:value>
<gx:value>119.96608</gx:value>
<gx:value>120.8379</gx:value>
<gx:value>260.04907</gx:value>
<gx:value>27.004004</gx:value>
<gx:value>55.898937</gx:value>
<gx:value>92.14813</gx:value>
<gx:value>151.17892</gx:value>
<gx:value>150.6117</gx:value>
<gx:value>109.27202</gx:value>
<gx:value>112.65987</gx:value>
<gx:value>153.09859</gx:value>
<gx:value>153.6681</gx:value>
<gx:value>112.39212</gx:value>
<gx:value>93.07567</gx:value>
<gx:value>152.51343</gx:value>
<gx:value>187.59868</gx:value>
<gx:value>202.36429</gx:value>
<gx:value>34.007584</gx:value>
<gx:value>251.49275</gx:value>
<gx:value>219.06285</gx:value>
<gx:value>208.10732</gx:value>
<gx:value>203.82645</gx:value>
<gx:value>213.67284</gx:value>
<gx:value>219.23521</gx:value>
<gx:value>209.35617</gx:value>
<gx:value>211.6229</gx:value>
<gx:value>210.5522</gx:value>
<gx:value>194.8474</gx:value>
<gx:value>195.52603</gx:value>
<gx:value>246.73428</gx:value>
<gx:value>222.64334</gx:value>
<gx:value>154.58974</gx:value>
<gx:value>191.19833</gx:value>
<gx:value>209.6082</gx:value>
<gx:value>207.2903</gx:value>
<gx:value>210.25197</gx:value>
<gx:value>211.1542</gx:value>
<gx:value>200.12756</gx:value>
<gx:value>212.75174</gx:value>
<gx:value>203.81372</gx:value>
<gx:value>219.31491</gx:value>
<gx:value>206.20776</gx:value>
<gx:value>211.99435</gx:value>
<gx:value>128.72876</gx:value>
<gx:value>93.34984</gx:value>
<gx:value>117.00188</gx:value>
<gx:value>184.65723</gx:value>
<gx:value>236.7186</gx:value>
<gx:value>218.08235</gx:value>
<gx:value>215.12877</gx:value>
<gx:value>110.09692</gx:value>
<gx:value>209.04784</gx:value>
<gx:value>95.196785</gx:value>
<gx:value>187.29883</gx:value>
<gx:value>111.79979</gx:value>
<gx:value>203.88533</gx:value>
<gx:value>107.71256</gx:value>
<gx:value>208.34645</gx:value>
<gx:value>201.70096</gx:value>
<gx:value>205.36313</gx:value>
<gx:value>154.2772</gx:value>
<gx:value>188.46967</gx:value>
<gx:value>118.997116</gx:value>
<gx:value>90.0</gx:value>
<gx:value>185.42548</gx:value>
<gx:value>185.85266</gx:value>
<gx:value>191.31866</gx:value>
<gx:value>187.6432</gx:value>
<gx:value>155.69478</gx:value>
<gx:value>246.52934</gx:value>
<gx:value>100.02184</gx:value>
<gx:value>160.19221</gx:value>
<gx:value></gx:value>
<gx:value>90.03789</gx:value>
<gx:value>89.999596</gx:value>
<gx:value></gx:value>
<gx:value>209.01141</gx:value>
<gx:value>89.99829</gx:value>
<gx:value>257.47528</gx:value>
<gx:value>230.42262</gx:value>
<gx:value>181.51854</gx:value>
<gx:value>189.71138</gx:value>
<gx:value>93.26551</gx:value>
<gx:value>90.0</gx:value>
<gx:value>206.91794</gx:value>
<gx:value>162.14038</gx:value>
<gx:value>143.42896</gx:value>
<gx:value>146.7849</gx:value>
<gx:value>99.04082</gx:value>
<gx:value>88.179245</gx:value>
<gx:value>102.429436</gx:value>
<gx:value>105.87688</gx:value>
<gx:value>97.34185</gx:value>
<gx:value>216.04134</gx:value>
<gx:value>103.661705</gx:value>
<gx:value>102.95756</gx:value>
<gx:value>109.20942</gx:value>
<gx:value>127.67088</gx:value>
<gx:value>107.053986</gx:value>
<gx:value>90.235374</gx:value>
<gx:value>110.002365</gx:value>
<gx:value>123.940186</gx:value>
<gx:value>130.82756</gx:value>
<gx:value>124.82037</gx:value>
<gx:value>75.19858</gx:value>
<gx:value>88.18827</gx:value>
<gx:value>100.72829</gx:value>
<gx:value>103.53052</gx:value>
<gx:value>106.1906</gx:value>
<gx:value>92.59582</gx:value>
<gx:value>72.924065</gx:value>
<gx:value>83.7792</gx:value>
<gx:value>90.0</gx:value>
<gx:value>125.12319</gx:value>
<gx:value>106.97201</gx:value>
<gx:value>109.87726</gx:value>
<gx:value>111.85839</gx:value>
<gx:value>100.17832</gx:value>
<gx:value>93.18676</gx:value>
<gx:value>95.92819</gx:value>
<gx:value>153.52023</gx:value>
<gx:value>124.30527</gx:value>
<gx:value>111.4024</gx:value>
<gx:value>132.37497</gx:value>
<gx:value>60.27066</gx:value>
<gx:value>346.21802</gx:value>
<gx:value>99.00781</gx:value>
<gx:value>101.720634</gx:value>
<gx:value>102.318665</gx:value>
<gx:value>99.15565</gx:value>
<gx:value>114.33276</gx:value>
<gx:value>106.20006</gx:value>
<gx:value>104.56997</gx:value>
<gx:value>119.11351</gx:value>
<gx:value>102.50014</gx:value>
<gx:value>95.79773</gx:value>
<gx:value>120.23734</gx:value>
<gx:value>126.12045</gx:value>
<gx:value>121.28193</gx:value>
<gx:value>102.00654</gx:value>
<gx:value>120.16176</gx:value>
<gx:value>65.432816</gx:value>
<gx:value>77.26171</gx:value>
<gx:value>279.2204</gx:value>
<gx:value>305.26758</gx:value>
<gx:value>340.37036</gx:value>
<gx:value>92.70836</gx:value>
<gx:value>86.4834</gx:value>
<gx:value>97.14298</gx:value>
<gx:value>123.708984</gx:value>
<gx:value>123.994095</gx:value>
<gx:value>122.93219</gx:value>
<gx:value>119.45283</gx:value>
<gx:value>129.16896</gx:value>
<gx:value>118.228905</gx:value>
<gx:value>125.38632</gx:value>
<gx:value>133.45892</gx:value>
<gx:value>129.93756</gx:value>
<gx:value>128.20946</gx:value>
<gx:value>129.76273</gx:value>
<gx:value>126.45937</gx:value>
<gx:value>126.523636</gx:value>
<gx:value>126.63028</gx:value>
<gx:value>129.8233</gx:value>
<gx:value>126.904976</gx:value>
<gx:value>134.02202</gx:value>
<gx:value>126.21141</gx:value>
<gx:value>126.34795</gx:value>
<gx:value>128.96347</gx:value>
<gx:value>129.75807</gx:value>
<gx:value>128.05196</gx:value>
<gx:value>133.60368</gx:value>
<gx:value>129.4465</gx:value>
<gx:value>129.6468</gx:value>
<gx:value>131.74382</gx:value>
<gx:value>102.86405</gx:value>
<gx:value>104.10718</gx:value>
<gx:value>104.04486</gx:value>
<gx:value>99.40503</gx:value>
<gx:value>109.0444</gx:value>
<gx:value>120.5377</gx:value>
<gx:value>138.822</gx:value>
<gx:value>144.88359</gx:value>
<gx:value>158.22707</gx:value>
<gx:value>153.10968</gx:value>
<gx:value>157.70947</gx:value>
<gx:value>83.013</gx:value>
<gx:value>79.6086</gx:value>
<gx:value>81.54281</gx:value>
<gx:value>83.49655</gx:value>
<gx:value>90.0</gx:value>
<gx:value>77.05315</gx:value>
<gx:value>78.79198</gx:value>
<gx:value>67.27092</gx:value>
<gx:value>73.18005</gx:value>
<gx:value>50.17798</gx:value>
<gx:value>40.699875</gx:value>
<gx:value>77.106705</gx:value>
<gx:value>55.468494</gx:value>
<gx:value>58.00035</gx:value>
<gx:value>54.64158</gx:value>
<gx:value>42.24018</gx:value>
<gx:value>44.213062</gx:value>
<gx:value>83.6182</gx:value>
<gx:value>61.156418</gx:value>
<gx:value>33.269295</gx:value>
<gx:value>21.741312</gx:value>
<gx:value>20.45265</gx:value>
<gx:value>126.2795</gx:value>
<gx:value>183.0118</gx:value>
<gx:value>117.6825</gx:value>
<gx:value>323.66</gx:value>
<gx:value>37.32738</gx:value>
<gx:value>64.21214</gx:value>
<gx:value>36.95214</gx:value>
<gx:value>49.215904</gx:value>
<gx:value>24.368502</gx:value>
<gx:value>7.742035</gx:value>
<gx:value>8.105184</gx:value>
<gx:value>7.018887</gx:value>
<gx:value>31.559504</gx:value>
<gx:value>347.4668</gx:value>
<gx:value>345.5556</gx:value>
<gx:value>32.897114</gx:value>
<gx:value>60.559746</gx:value>
<gx:value>73.192116</gx:value>
<gx:value>89.2836</gx:value>
<gx:value>14.674216</gx:value>
<gx:value>14.177746</gx:value>
<gx:value>58.796986</gx:value>
<gx:value>352.1486</gx:value>
<gx:value>55.500046</gx:value>
<gx:value>189.2599</gx:value>
<gx:value>142.98407</gx:value>
<gx:value>54.670574</gx:value>
<gx:value>37.750385</gx:value>
<gx:value>38.939884</gx:value>
<gx:value>117.56241</gx:value>
<gx:value>65.4101</gx:value>
<gx:value>116.06272</gx:value>
<gx:value>101.15164</gx:value>
<gx:value>114.3006</gx:value>
<gx:value>139.29025</gx:value>
<gx:value>145.43314</gx:value>
<gx:value>149.27614</gx:value>
<gx:value>136.28728</gx:value>
<gx:value>130.44044</gx:value>
<gx:value>96.89411</gx:value>
<gx:value>113.34467</gx:value>
<gx:value>138.01843</gx:value>
<gx:value>95.42414</gx:value>
<gx:value>106.25557</gx:value>
<gx:value>97.44156</gx:value>
<gx:value>4.8196645</gx:value>
<gx:value>75.11396</gx:value>
<gx:value>118.81176</gx:value>
<gx:value>80.6173</gx:value>
<gx:value>111.95441</gx:value>
<gx:value>125.46741</gx:value>
<gx:value>123.42418</gx:value>
<gx:value>123.76674</gx:value>
<gx:value>119.58095</gx:value>
<gx:value>121.82047</gx:value>
<gx:value>90.0</gx:value>
<gx:value>130.3887</gx:value>
<gx:value>107.61589</gx:value>
<gx:value>119.11877</gx:value>
<gx:value>124.75423</gx:value>
<gx:value>187.24977</gx:value>
<gx:value>155.23613</gx:value>
<gx:value>111.26125</gx:value>
<gx:value>93.245514</gx:value>
<gx:value>92.931046</gx:value>
<gx:value>156.05937</gx:value>
<gx:value>104.201065</gx:value>
<gx:value>140.39667</gx:value>
<gx:value>172.8907</gx:value>
<gx:value>129.47154</gx:value>
<gx:value>296.27997</gx:value>
<gx:value>88.27678</gx:value>
<gx:value>156.86703</gx:value>
<gx:value>246.26242</gx:value>
<gx:value>95.35555</gx:value>
<gx:value>125.77583</gx:value>
<gx:value>105.817345</gx:value>
<gx:value>97.94995</gx:value>
<gx:value>91.78117</gx:value>
<gx:value>113.4603</gx:value>
<gx:value>100.112175</gx:value>
<gx:value>91.12343</gx:value>
<gx:value>97.26785</gx:value>
<gx:value>126.45757</gx:value>
<gx:value>93.039116</gx:value>
<gx:value>110.608536</gx:value>
<gx:value>93.65385</gx:value>
<gx:value>110.760445</gx:value>
<gx:value>139.6695</gx:value>
<gx:value>90.0</gx:value>
<gx:value>93.188446</gx:value>
<gx:value>144.70807</gx:value>
<gx:value>122.09207</gx:value>
<gx:value>124.73724</gx:value>
<gx:value>129.67114</gx:value>
<gx:value>106.37419</gx:value>
<gx:value>94.22514</gx:value>
<gx:value>134.96404</gx:value>
<gx:value>125.59969</gx:value>
<gx:value>242.86946</gx:value>
<gx:value>101.799675</gx:value>
<gx:value>120.77651</gx:value>
<gx:value>121.17817</gx:value>
<gx:value>102.94967</gx:value>
<gx:value>93.75098</gx:value>
<gx:value>93.414154</gx:value>
<gx:value>91.7697</gx:value>
<gx:value>208.69661</gx:value>
<gx:value>115.893295</gx:value>
<gx:value>227.12186</gx:value>
<gx:value>127.99931</gx:value>
<gx:value>77.793625</gx:value>
<gx:value>86.60741</gx:value>
<gx:value>93.34901</gx:value>
<gx:value>198.63264</gx:value>
<gx:value>175.80974</gx:value>
<gx:value>203.37115</gx:value>
<gx:value>199.29898</gx:value>
<gx:value>104.68961</gx:value>
<gx:value>33.32634</gx:value>
<gx:value>177.49516</gx:value>
<gx:value>233.7743</gx:value>
<gx:value>225.87973</gx:value>
<gx:value>143.37059</gx:value>
<gx:value>94.16865</gx:value>
<gx:value>85.79943</gx:value>
<gx:value>90.0</gx:value>
<gx:value>238.1973</gx:value>
<gx:value>107.44054</gx:value>
<gx:value>244.41978</gx:value>
<gx:value>101.98777</gx:value>
<gx:value>185.45816</gx:value>
<gx:value>221.28142</gx:value>
<gx:value>219.49782</gx:value>
<gx:value>177.98029</gx:value>
<gx:value>156.24496</gx:value>
<gx:value>194.72401</gx:value>
<gx:value>205.5647</gx:value>
<gx:value>216.67131</gx:value>
<gx:value>107.13256</gx:value>
<gx:value>253.49187</gx:value>
<gx:value>275.65424</gx:value>
<gx:value>89.17504</gx:value>
<gx:value>273.56244</gx:value>
<gx:value>90.35786</gx:value>
<gx:value>90.657455</gx:value>
<gx:value>291.41263</gx:value>
<gx:value>244.21042</gx:value>
<gx:value></gx:value>
<gx:value>25.432997</gx:value>
<gx:value></gx:value>
<gx:value></gx:value>
<gx:value></gx:value>
<gx:value>119.581116</gx:value>
<gx:value>274.11526</gx:value>
<gx:value>277.9845</gx:value>
<gx:value>231.77917</gx:value>
<gx:value>144.71072</gx:value>
<gx:value>132.72897</gx:value>
<gx:value>112.900894</gx:value>
<gx:value>115.56158</gx:value>
<gx:value>127.59015</gx:value>
<gx:value>133.70815</gx:value>
<gx:value>110.16664</gx:value>
<gx:value>100.36396</gx:value>
<gx:value>93.852165</gx:value>
<gx:value>94.74814</gx:value>
<gx:value>156.03561</gx:value>
<gx:value>134.2718</gx:value>
<gx:value>122.41251</gx:value>
<gx:value>111.538025</gx:value>
<gx:value>123.742615</gx:value>
<gx:value>157.99446</gx:value>
<gx:value>154.62134</gx:value>
<gx:value>148.44978</gx:value>
<gx:value>132.7595</gx:value>
<gx:value>159.39671</gx:value>
<gx:value>158.57098</gx:value>
<gx:value>136.27188</gx:value>
<gx:value>130.12862</gx:value>
<gx:value>6.9662356</gx:value>
<gx:value>169.33331</gx:value>
<gx:value>91.77309</gx:value>
<gx:value>90.00952</gx:value>
<gx:value>140.1846</gx:value>
<gx:value>133.15852</gx:value>
<gx:value>119.16049</gx:value>
<gx:value>128.02086</gx:value>
<gx:value>123.51038</gx:value>
<gx:value>104.04524</gx:value>
<gx:value>129.91835</gx:value>
<gx:value>133.89241</gx:value>
<gx:value>143.16942</gx:value>
<gx:value>118.52253</gx:value>
<gx:value>98.34116</gx:value>
<gx:value>134.33177</gx:value>
<gx:value>122.58164</gx:value>
<gx:value>104.58877</gx:value>
<gx:value>185.7449</gx:value>
<gx:value>147.13914</gx:value>
<gx:value>102.70474</gx:value>
<gx:value>94.08982</gx:value>
<gx:value>132.32648</gx:value>
<gx:value>127.107544</gx:value>
<gx:value>118.7687</gx:value>
<gx:value>130.91129</gx:value>
<gx:value>131.77509</gx:value>
<gx:value>129.90982</gx:value>
<gx:value>138.16805</gx:value>
<gx:value>104.235695</gx:value>
<gx:value>76.19145</gx:value>
<gx:value>106.5404</gx:value>
<gx:value>130.32445</gx:value>
<gx:value>146.26599</gx:value>
<gx:value>153.74968</gx:value>
<gx:value>149.48601</gx:value>
<gx:value>149.84987</gx:value>
<gx:value>155.42085</gx:value>
<gx:value>144.96228</gx:value>
<gx:value>148.40428</gx:value>
<gx:value>145.27594</gx:value>
<gx:value>136.43407</gx:value>
<gx:value>115.422104</gx:value>
<gx:value>107.9657</gx:value>
<gx:value></gx:value>
<gx:value>114.14159</gx:value>
<gx:value></gx:value>
<gx:value></gx:value>
<gx:value></gx:value>
<gx:value></gx:value>
<gx:value></gx:value>
<gx:value></gx:value>
<gx:value></gx:value>
<gx:value></gx:value>
<gx:value></gx:value>
</gx:SimpleArrayData>
</SchemaData>
</ExtendedData>
</gx:Track>
</gx:MultiTrack>
</Placemark>
<Placemark>
<name><![CDATA[Ruta de la sra Irene(Fin)]]></name>
<description><![CDATA[Created by My Tracks on Android

Name: Ruta de la sra Irene
Description: 
Activity type: Excursion
Total distance: 3,30km
Total time: 01:00:11
Moving time: 01:00:11
Average speed: 3,29km/h
Average moving speed: 3,29km/h
Max speed: 20,4km/h
Average pace: 18'15"/km
Average moving pace: 18'15"/km
Fastest pace: 2'56"/km
Max elevation: 3300 m
Min elevation: 3271 m
Elevation gain: 101 m
Max grade: 
Min grade:
Recorded: 2025-02-07 07:43:50]]></description>
<TimeStamp><when>2025-02-07T13:44:01.036Z</when></TimeStamp>
<styleUrl>#end</styleUrl>
<Point>
<coordinates>-71.896286,-13.546008,3270.5002</coordinates>
</Point>
</Placemark>
</Folder>
</Document>
</kml>