<?xml version="1.0" encoding="UTF-8"?>
<gpx
version="1.1"
creator="Created by My Tracks from Daniel Qin"
xmlns="http://www.topografix.com/GPX/1/1"
xmlns:topografix="http://www.topografix.com/GPX/Private/TopoGrafix/0/1"
xmlns:xsi="http://www.w3.org/2001/XMLSchema-instance"
xsi:schemaLocation="http://www.topografix.com/GPX/1/1 http://www.topografix.com/GPX/1/1/gpx.xsd http://www.topografix.com/GPX/Private/TopoGrafix/0/1 http://www.topografix.com/GPX/Private/TopoGrafix/0/1/topografix.xsd">
<metadata>
<name><![CDATA[Ruta de la señora Alejandrina]]></name>
<desc><![CDATA[Ruta en mojompata 2]]></desc>
</metadata>
<trk>
<name><![CDATA[Ruta de la señora Alejandrina]]></name>
<desc><![CDATA[Ruta en mojompata 2]]></desc>
<type><![CDATA[10]]></type>
<extensions><topografix:color>3A73E2</topografix:color></extensions>
<trkseg>
<trkpt lat="-13.545331" lon="-71.894131">
<ele>3273.6</ele>
<time>2025-02-05T13:08:38.613Z</time>
</trkpt>
<trkpt lat="-13.545333" lon="-71.894119">
<ele>3273.6</ele>
<time>2025-02-05T13:08:39.613Z</time>
</trkpt>
<trkpt lat="-13.545335" lon="-71.894106">
<ele>3273.6</ele>
<time>2025-02-05T13:08:40.613Z</time>
</trkpt>
<trkpt lat="-13.545337" lon="-71.894099">
<ele>3273.6</ele>
<time>2025-02-05T13:08:41.613Z</time>
</trkpt>
<trkpt lat="-13.545337" lon="-71.894099">
<ele>3273.6</ele>
<time>2025-02-05T13:08:41.722Z</time>
</trkpt>
<trkpt lat="-13.545336" lon="-71.894083">
<ele>3273.6</ele>
<time>2025-02-05T13:08:44.660Z</time>
</trkpt>
<trkpt lat="-13.545347" lon="-71.894083">
<ele>3273.6</ele>
<time>2025-02-05T13:08:47.595Z</time>
</trkpt>
<trkpt lat="-13.54537" lon="-71.8941">
<ele>3273.6</ele>
<time>2025-02-05T13:08:50.561Z</time>
</trkpt>
<trkpt lat="-13.545404" lon="-71.894004">
<ele>3272.9</ele>
<time>2025-02-05T13:08:53.578Z</time>
</trkpt>
<trkpt lat="-13.545418" lon="-71.893962">
<ele>3272.9</ele>
<time>2025-02-05T13:08:56.463Z</time>
</trkpt>
<trkpt lat="-13.54543" lon="-71.893921">
<ele>3272.8</ele>
<time>2025-02-05T13:08:59.406Z</time>
</trkpt>
<trkpt lat="-13.545442" lon="-71.893884">
<ele>3272.8</ele>
<time>2025-02-05T13:09:02.202Z</time>
</trkpt>
<trkpt lat="-13.545447" lon="-71.893846">
<ele>3272.8</ele>
<time>2025-02-05T13:09:05.200Z</time>
</trkpt>
<trkpt lat="-13.545455" lon="-71.8938">
<ele>3272.8</ele>
<time>2025-02-05T13:09:08.581Z</time>
</trkpt>
<trkpt lat="-13.545457" lon="-71.893752">
<ele>3272.8</ele>
<time>2025-02-05T13:09:12.163Z</time>
</trkpt>
<trkpt lat="-13.545463" lon="-71.893715">
<ele>3272.6</ele>
<time>2025-02-05T13:09:14.922Z</time>
</trkpt>
<trkpt lat="-13.54548" lon="-71.893686">
<ele>3272.6</ele>
<time>2025-02-05T13:09:17.662Z</time>
</trkpt>
<trkpt lat="-13.545492" lon="-71.893658">
<ele>3272.8</ele>
<time>2025-02-05T13:09:20.401Z</time>
</trkpt>
<trkpt lat="-13.545512" lon="-71.893622">
<ele>3272.8</ele>
<time>2025-02-05T13:09:23.716Z</time>
</trkpt>
<trkpt lat="-13.545522" lon="-71.893586">
<ele>3272.8</ele>
<time>2025-02-05T13:09:27.098Z</time>
</trkpt>
<trkpt lat="-13.545528" lon="-71.893541">
<ele>3272.8</ele>
<time>2025-02-05T13:09:30.019Z</time>
</trkpt>
<trkpt lat="-13.545551" lon="-71.893476">
<ele>3272.8</ele>
<time>2025-02-05T13:09:33.145Z</time>
</trkpt>
<trkpt lat="-13.545561" lon="-71.893518">
<ele>3272.8</ele>
<time>2025-02-05T13:09:36.515Z</time>
</trkpt>
<trkpt lat="-13.545544" lon="-71.893527">
<ele>3272.8</ele>
<time>2025-02-05T13:09:39.612Z</time>
</trkpt>
<trkpt lat="-13.545544" lon="-71.893532">
<ele>3272.8</ele>
<time>2025-02-05T13:09:42.432Z</time>
</trkpt>
<trkpt lat="-13.545546" lon="-71.89353">
<ele>3272.8</ele>
<time>2025-02-05T13:09:45.613Z</time>
</trkpt>
<trkpt lat="-13.545544" lon="-71.89353">
<ele>3272.8</ele>
<time>2025-02-05T13:09:48.613Z</time>
</trkpt>
<trkpt lat="-13.545546" lon="-71.893526">
<ele>3272.8</ele>
<time>2025-02-05T13:09:51.613Z</time>
</trkpt>
<trkpt lat="-13.545545" lon="-71.893526">
<ele>3272.8</ele>
<time>2025-02-05T13:09:54.612Z</time>
</trkpt>
<trkpt lat="-13.545544" lon="-71.893529">
<ele>3272.8</ele>
<time>2025-02-05T13:09:57.613Z</time>
</trkpt>
<trkpt lat="-13.545544" lon="-71.89353">
<ele>3272.8</ele>
<time>2025-02-05T13:10:00.613Z</time>
</trkpt>
<trkpt lat="-13.545544" lon="-71.893531">
<ele>3271.1</ele>
<time>2025-02-05T13:10:03.613Z</time>
</trkpt>
<trkpt lat="-13.545543" lon="-71.893531">
<ele>3271.1</ele>
<time>2025-02-05T13:10:06.613Z</time>
</trkpt>
<trkpt lat="-13.545544" lon="-71.893531">
<ele>3271.1</ele>
<time>2025-02-05T13:10:09.612Z</time>
</trkpt>
<trkpt lat="-13.545544" lon="-71.893531">
<ele>3271.1</ele>
<time>2025-02-05T13:10:12.613Z</time>
</trkpt>
<trkpt lat="-13.545544" lon="-71.89353">
<ele>3272.8</ele>
<time>2025-02-05T13:10:15.613Z</time>
</trkpt>
<trkpt lat="-13.545543" lon="-71.893532">
<ele>3272.8</ele>
<time>2025-02-05T13:10:18.613Z</time>
</trkpt>
<trkpt lat="-13.545542" lon="-71.893532">
<ele>3272.8</ele>
<time>2025-02-05T13:10:21.613Z</time>
</trkpt>
<trkpt lat="-13.545542" lon="-71.893532">
<ele>3272.8</ele>
<time>2025-02-05T13:10:24.613Z</time>
</trkpt>
<trkpt lat="-13.545542" lon="-71.893531">
<ele>3272.8</ele>
<time>2025-02-05T13:10:27.613Z</time>
</trkpt>
<trkpt lat="-13.545542" lon="-71.893531">
<ele>3272.8</ele>
<time>2025-02-05T13:10:30.613Z</time>
</trkpt>
<trkpt lat="-13.545542" lon="-71.893531">
<ele>3272.8</ele>
<time>2025-02-05T13:10:33.613Z</time>
</trkpt>
<trkpt lat="-13.545542" lon="-71.893531">
<ele>3272.8</ele>
<time>2025-02-05T13:10:36.613Z</time>
</trkpt>
<trkpt lat="-13.545542" lon="-71.893531">
<ele>3272.8</ele>
<time>2025-02-05T13:10:39.613Z</time>
</trkpt>
<trkpt lat="-13.545542" lon="-71.893531">
<ele>3272.8</ele>
<time>2025-02-05T13:10:42.613Z</time>
</trkpt>
<trkpt lat="-13.545542" lon="-71.893531">
<ele>3272.8</ele>
<time>2025-02-05T13:10:45.613Z</time>
</trkpt>
<trkpt lat="-13.545542" lon="-71.893531">
<ele>3272.8</ele>
<time>2025-02-05T13:10:48.613Z</time>
</trkpt>
<trkpt lat="-13.545542" lon="-71.893531">
<ele>3272.8</ele>
<time>2025-02-05T13:10:51.613Z</time>
</trkpt>
<trkpt lat="-13.545542" lon="-71.893531">
<ele>3272.8</ele>
<time>2025-02-05T13:10:54.613Z</time>
</trkpt>
<trkpt lat="-13.545542" lon="-71.893531">
<ele>3272.8</ele>
<time>2025-02-05T13:10:57.613Z</time>
</trkpt>
<trkpt lat="-13.545542" lon="-71.893531">
<ele>3272.8</ele>
<time>2025-02-05T13:11:00.613Z</time>
</trkpt>
<trkpt lat="-13.545542" lon="-71.893531">
<ele>3272.8</ele>
<time>2025-02-05T13:11:03.613Z</time>
</trkpt>
<trkpt lat="-13.545538" lon="-71.89353">
<ele>3272.8</ele>
<time>2025-02-05T13:11:06.613Z</time>
</trkpt>
<trkpt lat="-13.545537" lon="-71.893529">
<ele>3272.8</ele>
<time>2025-02-05T13:11:09.613Z</time>
</trkpt>
<trkpt lat="-13.545537" lon="-71.893528">
<ele>3272.8</ele>
<time>2025-02-05T13:11:12.613Z</time>
</trkpt>
<trkpt lat="-13.545537" lon="-71.893528">
<ele>3272.8</ele>
<time>2025-02-05T13:11:15.613Z</time>
</trkpt>
<trkpt lat="-13.545537" lon="-71.893528">
<ele>3272.8</ele>
<time>2025-02-05T13:11:18.613Z</time>
</trkpt>
<trkpt lat="-13.545537" lon="-71.893528">
<ele>3272.8</ele>
<time>2025-02-05T13:11:21.613Z</time>
</trkpt>
<trkpt lat="-13.545537" lon="-71.893528">
<ele>3272.8</ele>
<time>2025-02-05T13:11:24.613Z</time>
</trkpt>
<trkpt lat="-13.545537" lon="-71.893528">
<ele>3272.8</ele>
<time>2025-02-05T13:11:27.613Z</time>
</trkpt>
<trkpt lat="-13.545537" lon="-71.893528">
<ele>3272.8</ele>
<time>2025-02-05T13:11:30.613Z</time>
</trkpt>
<trkpt lat="-13.545537" lon="-71.893528">
<ele>3272.8</ele>
<time>2025-02-05T13:11:33.613Z</time>
</trkpt>
<trkpt lat="-13.545537" lon="-71.893528">
<ele>3272.8</ele>
<time>2025-02-05T13:11:36.613Z</time>
</trkpt>
<trkpt lat="-13.545537" lon="-71.893528">
<ele>3272.8</ele>
<time>2025-02-05T13:11:39.613Z</time>
</trkpt>
<trkpt lat="-13.545537" lon="-71.893528">
<ele>3272.8</ele>
<time>2025-02-05T13:11:42.613Z</time>
</trkpt>
<trkpt lat="-13.545537" lon="-71.893528">
<ele>3272.4</ele>
<time>2025-02-05T13:11:45.613Z</time>
</trkpt>
<trkpt lat="-13.545537" lon="-71.893528">
<ele>3272.4</ele>
<time>2025-02-05T13:11:48.613Z</time>
</trkpt>
<trkpt lat="-13.545537" lon="-71.893528">
<ele>3272.8</ele>
<time>2025-02-05T13:11:51.613Z</time>
</trkpt>
<trkpt lat="-13.545537" lon="-71.893528">
<ele>3272.8</ele>
<time>2025-02-05T13:11:54.613Z</time>
</trkpt>
<trkpt lat="-13.545537" lon="-71.893528">
<ele>3272.8</ele>
<time>2025-02-05T13:11:57.613Z</time>
</trkpt>
<trkpt lat="-13.545537" lon="-71.893528">
<ele>3272.8</ele>
<time>2025-02-05T13:12:00.613Z</time>
</trkpt>
<trkpt lat="-13.545537" lon="-71.893528">
<ele>3272.8</ele>
<time>2025-02-05T13:12:03.613Z</time>
</trkpt>
<trkpt lat="-13.545537" lon="-71.893528">
<ele>3272.8</ele>
<time>2025-02-05T13:12:06.613Z</time>
</trkpt>
<trkpt lat="-13.545537" lon="-71.893528">
<ele>3272.8</ele>
<time>2025-02-05T13:12:09.613Z</time>
</trkpt>
<trkpt lat="-13.545537" lon="-71.893528">
<ele>3272.8</ele>
<time>2025-02-05T13:12:12.613Z</time>
</trkpt>
<trkpt lat="-13.545537" lon="-71.893528">
<ele>3272.8</ele>
<time>2025-02-05T13:12:15.613Z</time>
</trkpt>
<trkpt lat="-13.545537" lon="-71.893528">
<ele>3272.8</ele>
<time>2025-02-05T13:12:18.613Z</time>
</trkpt>
<trkpt lat="-13.545537" lon="-71.893528">
<ele>3272.8</ele>
<time>2025-02-05T13:12:21.613Z</time>
</trkpt>
<trkpt lat="-13.545537" lon="-71.893528">
<ele>3272.8</ele>
<time>2025-02-05T13:12:24.613Z</time>
</trkpt>
<trkpt lat="-13.545536" lon="-71.893528">
<ele>3272.8</ele>
<time>2025-02-05T13:12:27.613Z</time>
</trkpt>
<trkpt lat="-13.545536" lon="-71.893527">
<ele>3272.8</ele>
<time>2025-02-05T13:12:30.613Z</time>
</trkpt>
<trkpt lat="-13.545536" lon="-71.893527">
<ele>3272.8</ele>
<time>2025-02-05T13:12:33.613Z</time>
</trkpt>
<trkpt lat="-13.545536" lon="-71.893527">
<ele>3272.8</ele>
<time>2025-02-05T13:12:36.613Z</time>
</trkpt>
<trkpt lat="-13.545536" lon="-71.893527">
<ele>3272.8</ele>
<time>2025-02-05T13:12:39.613Z</time>
</trkpt>
<trkpt lat="-13.545536" lon="-71.893527">
<ele>3272.8</ele>
<time>2025-02-05T13:12:42.613Z</time>
</trkpt>
<trkpt lat="-13.545522" lon="-71.893536">
<ele>3272.8</ele>
<time>2025-02-05T13:12:45.613Z</time>
</trkpt>
<trkpt lat="-13.545531" lon="-71.893523">
<ele>3272.8</ele>
<time>2025-02-05T13:12:50.613Z</time>
</trkpt>
<trkpt lat="-13.545535" lon="-71.893518">
<ele>3272.8</ele>
<time>2025-02-05T13:12:53.613Z</time>
</trkpt>
<trkpt lat="-13.545534" lon="-71.893519">
<ele>3272.8</ele>
<time>2025-02-05T13:12:56.613Z</time>
</trkpt>
<trkpt lat="-13.545534" lon="-71.893518">
<ele>3272.8</ele>
<time>2025-02-05T13:12:59.613Z</time>
</trkpt>
<trkpt lat="-13.545535" lon="-71.893511">
<ele>3272.8</ele>
<time>2025-02-05T13:13:02.366Z</time>
</trkpt>
<trkpt lat="-13.545535" lon="-71.893513">
<ele>3272.8</ele>
<time>2025-02-05T13:13:05.613Z</time>
</trkpt>
<trkpt lat="-13.545534" lon="-71.893507">
<ele>3272.8</ele>
<time>2025-02-05T13:13:08.612Z</time>
</trkpt>
<trkpt lat="-13.54553" lon="-71.893516">
<ele>3272.8</ele>
<time>2025-02-05T13:13:11.613Z</time>
</trkpt>
<trkpt lat="-13.54553" lon="-71.893517">
<ele>3272.8</ele>
<time>2025-02-05T13:13:13.614Z</time>
</trkpt>
<trkpt lat="-13.545531" lon="-71.893517">
<ele>3272.8</ele>
<time>2025-02-05T13:13:17.613Z</time>
</trkpt>
<trkpt lat="-13.545531" lon="-71.893516">
<ele>3272.8</ele>
<time>2025-02-05T13:13:20.614Z</time>
</trkpt>
<trkpt lat="-13.545532" lon="-71.893516">
<ele>3272.8</ele>
<time>2025-02-05T13:13:23.613Z</time>
</trkpt>
<trkpt lat="-13.545531" lon="-71.893516">
<ele>3272.8</ele>
<time>2025-02-05T13:13:26.612Z</time>
</trkpt>
<trkpt lat="-13.545532" lon="-71.893515">
<ele>3272.8</ele>
<time>2025-02-05T13:13:29.613Z</time>
</trkpt>
<trkpt lat="-13.545532" lon="-71.893515">
<ele>3272.8</ele>
<time>2025-02-05T13:13:32.613Z</time>
</trkpt>
<trkpt lat="-13.545532" lon="-71.893514">
<ele>3272.5</ele>
<time>2025-02-05T13:13:35.613Z</time>
</trkpt>
<trkpt lat="-13.545532" lon="-71.893514">
<ele>3272.5</ele>
<time>2025-02-05T13:13:38.613Z</time>
</trkpt>
<trkpt lat="-13.54553" lon="-71.893513">
<ele>3272.8</ele>
<time>2025-02-05T13:13:41.613Z</time>
</trkpt>
<trkpt lat="-13.54553" lon="-71.893513">
<ele>3272.8</ele>
<time>2025-02-05T13:13:44.613Z</time>
</trkpt>
<trkpt lat="-13.54553" lon="-71.893512">
<ele>3272.8</ele>
<time>2025-02-05T13:13:47.613Z</time>
</trkpt>
<trkpt lat="-13.54553" lon="-71.893512">
<ele>3272.8</ele>
<time>2025-02-05T13:13:50.613Z</time>
</trkpt>
<trkpt lat="-13.545536" lon="-71.893506">
<ele>3272.8</ele>
<time>2025-02-05T13:13:53.613Z</time>
</trkpt>
<trkpt lat="-13.54554" lon="-71.893497">
<ele>3272.8</ele>
<time>2025-02-05T13:13:56.613Z</time>
</trkpt>
<trkpt lat="-13.545537" lon="-71.893499">
<ele>3272.8</ele>
<time>2025-02-05T13:13:59.469Z</time>
</trkpt>
<trkpt lat="-13.545536" lon="-71.893445">
<ele>3272.8</ele>
<time>2025-02-05T13:14:02.613Z</time>
</trkpt>
<trkpt lat="-13.54554" lon="-71.89343">
<ele>3272.4</ele>
<time>2025-02-05T13:14:05.586Z</time>
</trkpt>
<trkpt lat="-13.545542" lon="-71.893416">
<ele>3271.6</ele>
<time>2025-02-05T13:14:08.613Z</time>
</trkpt>
<trkpt lat="-13.545548" lon="-71.893401">
<ele>3271.6</ele>
<time>2025-02-05T13:14:11.613Z</time>
</trkpt>
<trkpt lat="-13.545546" lon="-71.893388">
<ele>3271.6</ele>
<time>2025-02-05T13:14:14.612Z</time>
</trkpt>
<trkpt lat="-13.545553" lon="-71.893376">
<ele>3272.6</ele>
<time>2025-02-05T13:14:17.613Z</time>
</trkpt>
<trkpt lat="-13.545553" lon="-71.893374">
<ele>3272.4</ele>
<time>2025-02-05T13:14:20.464Z</time>
</trkpt>
<trkpt lat="-13.545552" lon="-71.893367">
<ele>3272.4</ele>
<time>2025-02-05T13:14:23.612Z</time>
</trkpt>
<trkpt lat="-13.545557" lon="-71.893343">
<ele>3272.4</ele>
<time>2025-02-05T13:14:26.612Z</time>
</trkpt>
<trkpt lat="-13.545556" lon="-71.893344">
<ele>3272.4</ele>
<time>2025-02-05T13:14:29.611Z</time>
</trkpt>
<trkpt lat="-13.545563" lon="-71.893343">
<ele>3272.4</ele>
<time>2025-02-05T13:14:32.612Z</time>
</trkpt>
<trkpt lat="-13.54557" lon="-71.893324">
<ele>3272.4</ele>
<time>2025-02-05T13:14:35.612Z</time>
</trkpt>
<trkpt lat="-13.545569" lon="-71.893318">
<ele>3272.4</ele>
<time>2025-02-05T13:14:38.611Z</time>
</trkpt>
<trkpt lat="-13.545569" lon="-71.893308">
<ele>3272.3</ele>
<time>2025-02-05T13:14:41.612Z</time>
</trkpt>
<trkpt lat="-13.545568" lon="-71.893303">
<ele>3272.3</ele>
<time>2025-02-05T13:14:44.612Z</time>
</trkpt>
<trkpt lat="-13.545575" lon="-71.89328">
<ele>3271.6</ele>
<time>2025-02-05T13:14:47.612Z</time>
</trkpt>
<trkpt lat="-13.545584" lon="-71.893268">
<ele>3271.8</ele>
<time>2025-02-05T13:14:50.484Z</time>
</trkpt>
<trkpt lat="-13.545583" lon="-71.893263">
<ele>3271.8</ele>
<time>2025-02-05T13:14:53.612Z</time>
</trkpt>
<trkpt lat="-13.545584" lon="-71.893251">
<ele>3272.4</ele>
<time>2025-02-05T13:14:56.612Z</time>
</trkpt>
<trkpt lat="-13.545582" lon="-71.89325">
<ele>3272.4</ele>
<time>2025-02-05T13:14:59.612Z</time>
</trkpt>
<trkpt lat="-13.545585" lon="-71.893243">
<ele>3272.4</ele>
<time>2025-02-05T13:15:02.461Z</time>
</trkpt>
<trkpt lat="-13.545597" lon="-71.893208">
<ele>3272.4</ele>
<time>2025-02-05T13:15:05.288Z</time>
</trkpt>
<trkpt lat="-13.545605" lon="-71.89319">
<ele>3272.4</ele>
<time>2025-02-05T13:15:08.267Z</time>
</trkpt>
<trkpt lat="-13.545622" lon="-71.893163">
<ele>3271.1</ele>
<time>2025-02-05T13:15:11.083Z</time>
</trkpt>
<trkpt lat="-13.545625" lon="-71.893134">
<ele>3271.1</ele>
<time>2025-02-05T13:15:13.825Z</time>
</trkpt>
<trkpt lat="-13.54564" lon="-71.893095">
<ele>3271.8</ele>
<time>2025-02-05T13:15:16.571Z</time>
</trkpt>
<trkpt lat="-13.54565" lon="-71.893073">
<ele>3271.8</ele>
<time>2025-02-05T13:15:19.981Z</time>
</trkpt>
<trkpt lat="-13.545649" lon="-71.893053">
<ele>3271.8</ele>
<time>2025-02-05T13:15:23.612Z</time>
</trkpt>
<trkpt lat="-13.54565" lon="-71.893059">
<ele>3271.2</ele>
<time>2025-02-05T13:15:26.612Z</time>
</trkpt>
<trkpt lat="-13.545647" lon="-71.893064">
<ele>3271.2</ele>
<time>2025-02-05T13:15:29.611Z</time>
</trkpt>
<trkpt lat="-13.545646" lon="-71.893063">
<ele>3271.1</ele>
<time>2025-02-05T13:15:32.612Z</time>
</trkpt>
<trkpt lat="-13.545646" lon="-71.893062">
<ele>3271.1</ele>
<time>2025-02-05T13:15:35.612Z</time>
</trkpt>
<trkpt lat="-13.545648" lon="-71.893063">
<ele>3271.1</ele>
<time>2025-02-05T13:15:38.612Z</time>
</trkpt>
<trkpt lat="-13.545635" lon="-71.89307">
<ele>3271.8</ele>
<time>2025-02-05T13:15:41.612Z</time>
</trkpt>
<trkpt lat="-13.545633" lon="-71.893073">
<ele>3271.8</ele>
<time>2025-02-05T13:15:44.612Z</time>
</trkpt>
<trkpt lat="-13.545639" lon="-71.89307">
<ele>3271.8</ele>
<time>2025-02-05T13:15:47.612Z</time>
</trkpt>
<trkpt lat="-13.545651" lon="-71.893056">
<ele>3271.1</ele>
<time>2025-02-05T13:15:50.612Z</time>
</trkpt>
<trkpt lat="-13.545662" lon="-71.893033">
<ele>3271.1</ele>
<time>2025-02-05T13:15:53.612Z</time>
</trkpt>
<trkpt lat="-13.545653" lon="-71.893003">
<ele>3271.1</ele>
<time>2025-02-05T13:15:56.612Z</time>
</trkpt>
<trkpt lat="-13.545651" lon="-71.892986">
<ele>3271.1</ele>
<time>2025-02-05T13:15:59.612Z</time>
</trkpt>
<trkpt lat="-13.545661" lon="-71.892961">
<ele>3271.1</ele>
<time>2025-02-05T13:16:02.612Z</time>
</trkpt>
<trkpt lat="-13.545668" lon="-71.892933">
<ele>3271.6</ele>
<time>2025-02-05T13:16:05.360Z</time>
</trkpt>
<trkpt lat="-13.545671" lon="-71.892919">
<ele>3271.6</ele>
<time>2025-02-05T13:16:08.281Z</time>
</trkpt>
<trkpt lat="-13.545679" lon="-71.892888">
<ele>3271.6</ele>
<time>2025-02-05T13:16:11.042Z</time>
</trkpt>
<trkpt lat="-13.54568" lon="-71.892872">
<ele>3271.6</ele>
<time>2025-02-05T13:16:14.612Z</time>
</trkpt>
<trkpt lat="-13.545663" lon="-71.892869">
<ele>3271.6</ele>
<time>2025-02-05T13:16:17.612Z</time>
</trkpt>
<trkpt lat="-13.54566" lon="-71.892871">
<ele>3271.6</ele>
<time>2025-02-05T13:16:20.341Z</time>
</trkpt>
<trkpt lat="-13.545655" lon="-71.892859">
<ele>3271.6</ele>
<time>2025-02-05T13:16:23.612Z</time>
</trkpt>
<trkpt lat="-13.545659" lon="-71.892844">
<ele>3271.8</ele>
<time>2025-02-05T13:16:26.612Z</time>
</trkpt>
<trkpt lat="-13.54566" lon="-71.892824">
<ele>3271.8</ele>
<time>2025-02-05T13:16:29.595Z</time>
</trkpt>
<trkpt lat="-13.545665" lon="-71.892803">
<ele>3271.6</ele>
<time>2025-02-05T13:16:32.612Z</time>
</trkpt>
<trkpt lat="-13.545664" lon="-71.892796">
<ele>3271.6</ele>
<time>2025-02-05T13:16:35.464Z</time>
</trkpt>
<trkpt lat="-13.545676" lon="-71.89277">
<ele>3271.6</ele>
<time>2025-02-05T13:16:38.299Z</time>
</trkpt>
<trkpt lat="-13.545688" lon="-71.892734">
<ele>3272.3</ele>
<time>2025-02-05T13:16:41.612Z</time>
</trkpt>
<trkpt lat="-13.545693" lon="-71.892726">
<ele>3272.3</ele>
<time>2025-02-05T13:16:44.612Z</time>
</trkpt>
<trkpt lat="-13.545695" lon="-71.89273">
<ele>3272.4</ele>
<time>2025-02-05T13:16:47.612Z</time>
</trkpt>
<trkpt lat="-13.545695" lon="-71.892729">
<ele>3272.4</ele>
<time>2025-02-05T13:16:50.441Z</time>
</trkpt>
<trkpt lat="-13.545698" lon="-71.892715">
<ele>3272.4</ele>
<time>2025-02-05T13:16:53.612Z</time>
</trkpt>
<trkpt lat="-13.545697" lon="-71.892713">
<ele>3272.4</ele>
<time>2025-02-05T13:16:56.612Z</time>
</trkpt>
<trkpt lat="-13.545697" lon="-71.892712">
<ele>3272.4</ele>
<time>2025-02-05T13:16:59.612Z</time>
</trkpt>
<trkpt lat="-13.545699" lon="-71.892707">
<ele>3272.3</ele>
<time>2025-02-05T13:17:02.612Z</time>
</trkpt>
<trkpt lat="-13.545698" lon="-71.892706">
<ele>3272.6</ele>
<time>2025-02-05T13:17:05.410Z</time>
</trkpt>
<trkpt lat="-13.545695" lon="-71.892693">
<ele>3272.6</ele>
<time>2025-02-05T13:17:08.612Z</time>
</trkpt>
<trkpt lat="-13.545696" lon="-71.892691">
<ele>3272.6</ele>
<time>2025-02-05T13:17:11.612Z</time>
</trkpt>
<trkpt lat="-13.545695" lon="-71.892681">
<ele>3272.6</ele>
<time>2025-02-05T13:17:14.612Z</time>
</trkpt>
<trkpt lat="-13.545697" lon="-71.892665">
<ele>3272.5</ele>
<time>2025-02-05T13:17:17.612Z</time>
</trkpt>
<trkpt lat="-13.5457" lon="-71.892657">
<ele>3272.5</ele>
<time>2025-02-05T13:17:20.612Z</time>
</trkpt>
<trkpt lat="-13.545704" lon="-71.892651">
<ele>3272.6</ele>
<time>2025-02-05T13:17:23.612Z</time>
</trkpt>
<trkpt lat="-13.545717" lon="-71.892641">
<ele>3272.6</ele>
<time>2025-02-05T13:17:26.612Z</time>
</trkpt>
<trkpt lat="-13.545721" lon="-71.892631">
<ele>3272.6</ele>
<time>2025-02-05T13:17:29.612Z</time>
</trkpt>
<trkpt lat="-13.545724" lon="-71.892624">
<ele>3272.5</ele>
<time>2025-02-05T13:17:32.612Z</time>
</trkpt>
<trkpt lat="-13.545724" lon="-71.892615">
<ele>3272.5</ele>
<time>2025-02-05T13:17:35.611Z</time>
</trkpt>
<trkpt lat="-13.545725" lon="-71.892601">
<ele>3272.5</ele>
<time>2025-02-05T13:17:38.611Z</time>
</trkpt>
<trkpt lat="-13.545724" lon="-71.892589">
<ele>3272.4</ele>
<time>2025-02-05T13:17:41.612Z</time>
</trkpt>
<trkpt lat="-13.545726" lon="-71.892584">
<ele>3272.4</ele>
<time>2025-02-05T13:17:44.611Z</time>
</trkpt>
<trkpt lat="-13.545723" lon="-71.892564">
<ele>3272.4</ele>
<time>2025-02-05T13:17:47.612Z</time>
</trkpt>
<trkpt lat="-13.545704" lon="-71.892544">
<ele>3272.4</ele>
<time>2025-02-05T13:17:50.405Z</time>
</trkpt>
<trkpt lat="-13.545724" lon="-71.892506">
<ele>3270.2</ele>
<time>2025-02-05T13:17:53.241Z</time>
</trkpt>
<trkpt lat="-13.545741" lon="-71.892488">
<ele>3270.2</ele>
<time>2025-02-05T13:17:56.611Z</time>
</trkpt>
<trkpt lat="-13.545767" lon="-71.892484">
<ele>3272.3</ele>
<time>2025-02-05T13:17:59.612Z</time>
</trkpt>
<trkpt lat="-13.545775" lon="-71.892467">
<ele>3272.3</ele>
<time>2025-02-05T13:18:02.612Z</time>
</trkpt>
<trkpt lat="-13.545771" lon="-71.892445">
<ele>3272.3</ele>
<time>2025-02-05T13:18:05.612Z</time>
</trkpt>
<trkpt lat="-13.545772" lon="-71.892437">
<ele>3271.9</ele>
<time>2025-02-05T13:18:08.612Z</time>
</trkpt>
<trkpt lat="-13.545774" lon="-71.892437">
<ele>3271.8</ele>
<time>2025-02-05T13:18:11.612Z</time>
</trkpt>
<trkpt lat="-13.545772" lon="-71.892429">
<ele>3271.8</ele>
<time>2025-02-05T13:18:14.612Z</time>
</trkpt>
<trkpt lat="-13.545774" lon="-71.892412">
<ele>3271.3</ele>
<time>2025-02-05T13:18:17.612Z</time>
</trkpt>
<trkpt lat="-13.545779" lon="-71.892398">
<ele>3271.3</ele>
<time>2025-02-05T13:18:20.612Z</time>
</trkpt>
<trkpt lat="-13.545784" lon="-71.892388">
<ele>3271.8</ele>
<time>2025-02-05T13:18:23.612Z</time>
</trkpt>
<trkpt lat="-13.545789" lon="-71.892388">
<ele>3271.8</ele>
<time>2025-02-05T13:18:26.612Z</time>
</trkpt>
<trkpt lat="-13.54579" lon="-71.892387">
<ele>3271.8</ele>
<time>2025-02-05T13:18:29.340Z</time>
</trkpt>
<trkpt lat="-13.545795" lon="-71.89238">
<ele>3271.8</ele>
<time>2025-02-05T13:18:32.505Z</time>
</trkpt>
<trkpt lat="-13.54581" lon="-71.892329">
<ele>3271.9</ele>
<time>2025-02-05T13:18:35.612Z</time>
</trkpt>
<trkpt lat="-13.545828" lon="-71.892276">
<ele>3271.9</ele>
<time>2025-02-05T13:18:38.612Z</time>
</trkpt>
<trkpt lat="-13.545819" lon="-71.892254">
<ele>3271.9</ele>
<time>2025-02-05T13:18:41.522Z</time>
</trkpt>
<trkpt lat="-13.545824" lon="-71.892229">
<ele>3271.9</ele>
<time>2025-02-05T13:18:44.354Z</time>
</trkpt>
<trkpt lat="-13.545847" lon="-71.892209">
<ele>3271.9</ele>
<time>2025-02-05T13:18:47.366Z</time>
</trkpt>
<trkpt lat="-13.545852" lon="-71.89221">
<ele>3271.9</ele>
<time>2025-02-05T13:18:50.612Z</time>
</trkpt>
<trkpt lat="-13.545844" lon="-71.892216">
<ele>3271.9</ele>
<time>2025-02-05T13:18:53.612Z</time>
</trkpt>
<trkpt lat="-13.54584" lon="-71.892215">
<ele>3271.9</ele>
<time>2025-02-05T13:18:56.363Z</time>
</trkpt>
<trkpt lat="-13.545842" lon="-71.892212">
<ele>3271.9</ele>
<time>2025-02-05T13:18:59.306Z</time>
</trkpt>
<trkpt lat="-13.545871" lon="-71.892177">
<ele>3271.9</ele>
<time>2025-02-05T13:19:02.612Z</time>
</trkpt>
<trkpt lat="-13.545888" lon="-71.892152">
<ele>3271.9</ele>
<time>2025-02-05T13:19:05.484Z</time>
</trkpt>
<trkpt lat="-13.545889" lon="-71.892144">
<ele>3271.8</ele>
<time>2025-02-05T13:19:08.612Z</time>
</trkpt>
<trkpt lat="-13.545892" lon="-71.892155">
<ele>3272.3</ele>
<time>2025-02-05T13:19:11.612Z</time>
</trkpt>
<trkpt lat="-13.545894" lon="-71.892157">
<ele>3272.3</ele>
<time>2025-02-05T13:19:14.612Z</time>
</trkpt>
<trkpt lat="-13.545898" lon="-71.892154">
<ele>3271.8</ele>
<time>2025-02-05T13:19:17.612Z</time>
</trkpt>
<trkpt lat="-13.545899" lon="-71.892155">
<ele>3271.8</ele>
<time>2025-02-05T13:19:20.612Z</time>
</trkpt>
<trkpt lat="-13.5459" lon="-71.892153">
<ele>3271.9</ele>
<time>2025-02-05T13:19:23.612Z</time>
</trkpt>
<trkpt lat="-13.545897" lon="-71.892139">
<ele>3272.3</ele>
<time>2025-02-05T13:19:26.543Z</time>
</trkpt>
<trkpt lat="-13.545899" lon="-71.892122">
<ele>3272.3</ele>
<time>2025-02-05T13:19:29.466Z</time>
</trkpt>
<trkpt lat="-13.545905" lon="-71.892098">
<ele>3271.8</ele>
<time>2025-02-05T13:19:32.608Z</time>
</trkpt>
<trkpt lat="-13.545912" lon="-71.892084">
<ele>3271.8</ele>
<time>2025-02-05T13:19:35.612Z</time>
</trkpt>
<trkpt lat="-13.545913" lon="-71.892079">
<ele>3272.3</ele>
<time>2025-02-05T13:19:38.612Z</time>
</trkpt>
<trkpt lat="-13.545918" lon="-71.892071">
<ele>3271.8</ele>
<time>2025-02-05T13:19:41.612Z</time>
</trkpt>
<trkpt lat="-13.54592" lon="-71.892066">
<ele>3271.8</ele>
<time>2025-02-05T13:19:44.401Z</time>
</trkpt>
<trkpt lat="-13.545923" lon="-71.892053">
<ele>3272.3</ele>
<time>2025-02-05T13:19:47.304Z</time>
</trkpt>
<trkpt lat="-13.54593" lon="-71.892042">
<ele>3272.3</ele>
<time>2025-02-05T13:19:50.045Z</time>
</trkpt>
<trkpt lat="-13.545929" lon="-71.892037">
<ele>3272.3</ele>
<time>2025-02-05T13:19:53.612Z</time>
</trkpt>
<trkpt lat="-13.545928" lon="-71.89204">
<ele>3271.6</ele>
<time>2025-02-05T13:19:56.612Z</time>
</trkpt>
<trkpt lat="-13.545928" lon="-71.892041">
<ele>3271.6</ele>
<time>2025-02-05T13:19:59.612Z</time>
</trkpt>
<trkpt lat="-13.545929" lon="-71.892023">
<ele>3271.5</ele>
<time>2025-02-05T13:20:02.612Z</time>
</trkpt>
<trkpt lat="-13.545931" lon="-71.892018">
<ele>3271.5</ele>
<time>2025-02-05T13:20:05.612Z</time>
</trkpt>
<trkpt lat="-13.545933" lon="-71.892019">
<ele>3271.5</ele>
<time>2025-02-05T13:20:08.612Z</time>
</trkpt>
<trkpt lat="-13.545939" lon="-71.892037">
<ele>3271.6</ele>
<time>2025-02-05T13:20:11.612Z</time>
</trkpt>
<trkpt lat="-13.54594" lon="-71.892036">
<ele>3271.6</ele>
<time>2025-02-05T13:20:14.612Z</time>
</trkpt>
<trkpt lat="-13.545946" lon="-71.892025">
<ele>3272.3</ele>
<time>2025-02-05T13:20:17.612Z</time>
</trkpt>
<trkpt lat="-13.545938" lon="-71.892018">
<ele>3272.3</ele>
<time>2025-02-05T13:20:20.685Z</time>
</trkpt>
<trkpt lat="-13.545934" lon="-71.892017">
<ele>3272.3</ele>
<time>2025-02-05T13:20:23.612Z</time>
</trkpt>
<trkpt lat="-13.545934" lon="-71.892013">
<ele>3271.4</ele>
<time>2025-02-05T13:20:26.685Z</time>
</trkpt>
<trkpt lat="-13.545937" lon="-71.89201">
<ele>3271.4</ele>
<time>2025-02-05T13:20:29.693Z</time>
</trkpt>
<trkpt lat="-13.545945" lon="-71.891991">
<ele>3271.4</ele>
<time>2025-02-05T13:20:32.612Z</time>
</trkpt>
<trkpt lat="-13.545946" lon="-71.89198">
<ele>3271.5</ele>
<time>2025-02-05T13:20:35.653Z</time>
</trkpt>
<trkpt lat="-13.545946" lon="-71.891979">
<ele>3271.5</ele>
<time>2025-02-05T13:20:38.695Z</time>
</trkpt>
<trkpt lat="-13.545948" lon="-71.891979">
<ele>3271.4</ele>
<time>2025-02-05T13:20:41.501Z</time>
</trkpt>
<trkpt lat="-13.54595" lon="-71.891976">
<ele>3271.4</ele>
<time>2025-02-05T13:20:44.681Z</time>
</trkpt>
<trkpt lat="-13.545956" lon="-71.891969">
<ele>3271.4</ele>
<time>2025-02-05T13:20:47.611Z</time>
</trkpt>
<trkpt lat="-13.545962" lon="-71.891961">
<ele>3271.5</ele>
<time>2025-02-05T13:20:50.695Z</time>
</trkpt>
<trkpt lat="-13.545965" lon="-71.891959">
<ele>3271.5</ele>
<time>2025-02-05T13:20:53.692Z</time>
</trkpt>
<trkpt lat="-13.545984" lon="-71.891874">
<ele>3272.3</ele>
<time>2025-02-05T13:20:56.611Z</time>
</trkpt>
<trkpt lat="-13.54599" lon="-71.891848">
<ele>3272.3</ele>
<time>2025-02-05T13:20:59.609Z</time>
</trkpt>
<trkpt lat="-13.54599" lon="-71.891849">
<ele>3272.3</ele>
<time>2025-02-05T13:21:05.629Z</time>
</trkpt>
<trkpt lat="-13.545991" lon="-71.891846">
<ele>3272.3</ele>
<time>2025-02-05T13:21:08.386Z</time>
</trkpt>
<trkpt lat="-13.545992" lon="-71.891843">
<ele>3272.3</ele>
<time>2025-02-05T13:21:11.125Z</time>
</trkpt>
<trkpt lat="-13.545994" lon="-71.891838">
<ele>3272.3</ele>
<time>2025-02-05T13:21:14.611Z</time>
</trkpt>
<trkpt lat="-13.546" lon="-71.891816">
<ele>3272.3</ele>
<time>2025-02-05T13:21:17.611Z</time>
</trkpt>
<trkpt lat="-13.546007" lon="-71.891788">
<ele>3271.6</ele>
<time>2025-02-05T13:21:20.611Z</time>
</trkpt>
<trkpt lat="-13.54601" lon="-71.891766">
<ele>3271.6</ele>
<time>2025-02-05T13:21:23.561Z</time>
</trkpt>
<trkpt lat="-13.54601" lon="-71.891733">
<ele>3272.3</ele>
<time>2025-02-05T13:21:26.445Z</time>
</trkpt>
<trkpt lat="-13.545998" lon="-71.891714">
<ele>3272.3</ele>
<time>2025-02-05T13:21:29.611Z</time>
</trkpt>
<trkpt lat="-13.546005" lon="-71.891684">
<ele>3272.3</ele>
<time>2025-02-05T13:21:32.349Z</time>
</trkpt>
<trkpt lat="-13.546005" lon="-71.891669">
<ele>3271.7</ele>
<time>2025-02-05T13:21:35.469Z</time>
</trkpt>
<trkpt lat="-13.546012" lon="-71.891647">
<ele>3271.7</ele>
<time>2025-02-05T13:21:38.611Z</time>
</trkpt>
<trkpt lat="-13.546019" lon="-71.891644">
<ele>3271.6</ele>
<time>2025-02-05T13:21:41.382Z</time>
</trkpt>
<trkpt lat="-13.546015" lon="-71.891649">
<ele>3271.6</ele>
<time>2025-02-05T13:21:44.611Z</time>
</trkpt>
<trkpt lat="-13.546024" lon="-71.891639">
<ele>3271.7</ele>
<time>2025-02-05T13:21:47.611Z</time>
</trkpt>
<trkpt lat="-13.546027" lon="-71.891638">
<ele>3271.7</ele>
<time>2025-02-05T13:21:50.240Z</time>
</trkpt>
<trkpt lat="-13.54603" lon="-71.891639">
<ele>3271.6</ele>
<time>2025-02-05T13:21:51.614Z</time>
</trkpt>
<trkpt lat="-13.546031" lon="-71.891638">
<ele>3271.6</ele>
<time>2025-02-05T13:21:52.610Z</time>
</trkpt>
<trkpt lat="-13.54603" lon="-71.891634">
<ele>3271.6</ele>
<time>2025-02-05T13:21:53.611Z</time>
</trkpt>
<trkpt lat="-13.546029" lon="-71.891631">
<ele>3271.6</ele>
<time>2025-02-05T13:21:54.611Z</time>
</trkpt>
<trkpt lat="-13.546027" lon="-71.891628">
<ele>3271.6</ele>
<time>2025-02-05T13:21:55.611Z</time>
</trkpt>
<trkpt lat="-13.546028" lon="-71.891628">
<ele>3271.6</ele>
<time>2025-02-05T13:21:56.611Z</time>
</trkpt>
<trkpt lat="-13.546028" lon="-71.891629">
<ele>3271.6</ele>
<time>2025-02-05T13:21:57.611Z</time>
</trkpt>
<trkpt lat="-13.546028" lon="-71.89163">
<ele>3271.6</ele>
<time>2025-02-05T13:21:57.828Z</time>
</trkpt>
<trkpt lat="-13.546031" lon="-71.891621">
<ele>3271.6</ele>
<time>2025-02-05T13:22:01.612Z</time>
</trkpt>
<trkpt lat="-13.546029" lon="-71.891621">
<ele>3271.6</ele>
<time>2025-02-05T13:22:04.612Z</time>
</trkpt>
<trkpt lat="-13.546028" lon="-71.891616">
<ele>3271.7</ele>
<time>2025-02-05T13:22:07.612Z</time>
</trkpt>
<trkpt lat="-13.546012" lon="-71.891626">
<ele>3271.7</ele>
<time>2025-02-05T13:22:10.612Z</time>
</trkpt>
<trkpt lat="-13.546013" lon="-71.891624">
<ele>3271.7</ele>
<time>2025-02-05T13:22:13.612Z</time>
</trkpt>
<trkpt lat="-13.546011" lon="-71.891626">
<ele>3271.7</ele>
<time>2025-02-05T13:22:16.613Z</time>
</trkpt>
<trkpt lat="-13.546019" lon="-71.891617">
<ele>3271.9</ele>
<time>2025-02-05T13:22:20.014Z</time>
</trkpt>
<trkpt lat="-13.54602" lon="-71.891613">
<ele>3271.9</ele>
<time>2025-02-05T13:22:23.050Z</time>
</trkpt>
<trkpt lat="-13.546024" lon="-71.891608">
<ele>3271.6</ele>
<time>2025-02-05T13:22:26.174Z</time>
</trkpt>
<trkpt lat="-13.546024" lon="-71.89161">
<ele>3271.6</ele>
<time>2025-02-05T13:22:29.609Z</time>
</trkpt>
<trkpt lat="-13.546029" lon="-71.891606">
<ele>3271.6</ele>
<time>2025-02-05T13:22:33.404Z</time>
</trkpt>
<trkpt lat="-13.54603" lon="-71.891608">
<ele>3271.6</ele>
<time>2025-02-05T13:22:36.340Z</time>
</trkpt>
<trkpt lat="-13.546032" lon="-71.891602">
<ele>3271.6</ele>
<time>2025-02-05T13:22:39.138Z</time>
</trkpt>
<trkpt lat="-13.546036" lon="-71.891584">
<ele>3271.6</ele>
<time>2025-02-05T13:22:42.612Z</time>
</trkpt>
<trkpt lat="-13.54604" lon="-71.891578">
<ele>3271.3</ele>
<time>2025-02-05T13:22:46.612Z</time>
</trkpt>
<trkpt lat="-13.54604" lon="-71.891578">
<ele>3271.3</ele>
<time>2025-02-05T13:22:49.457Z</time>
</trkpt>
<trkpt lat="-13.546044" lon="-71.891566">
<ele>3271.3</ele>
<time>2025-02-05T13:22:52.399Z</time>
</trkpt>
<trkpt lat="-13.546054" lon="-71.891537">
<ele>3271.3</ele>
<time>2025-02-05T13:22:55.253Z</time>
</trkpt>
<trkpt lat="-13.546067" lon="-71.891506">
<ele>3271.3</ele>
<time>2025-02-05T13:22:58.254Z</time>
</trkpt>
<trkpt lat="-13.546086" lon="-71.891473">
<ele>3271.3</ele>
<time>2025-02-05T13:23:01.512Z</time>
</trkpt>
<trkpt lat="-13.5461" lon="-71.891445">
<ele>3271.3</ele>
<time>2025-02-05T13:23:04.611Z</time>
</trkpt>
<trkpt lat="-13.546109" lon="-71.891415">
<ele>3271.3</ele>
<time>2025-02-05T13:23:07.681Z</time>
</trkpt>
<trkpt lat="-13.546105" lon="-71.891421">
<ele>3271.3</ele>
<time>2025-02-05T13:23:10.612Z</time>
</trkpt>
<trkpt lat="-13.546111" lon="-71.891409">
<ele>3271.9</ele>
<time>2025-02-05T13:23:13.691Z</time>
</trkpt>
<trkpt lat="-13.546117" lon="-71.891394">
<ele>3271.9</ele>
<time>2025-02-05T13:23:16.717Z</time>
</trkpt>
<trkpt lat="-13.546115" lon="-71.891399">
<ele>3271.9</ele>
<time>2025-02-05T13:23:19.612Z</time>
</trkpt>
<trkpt lat="-13.546111" lon="-71.891401">
<ele>3271.7</ele>
<time>2025-02-05T13:23:22.611Z</time>
</trkpt>
<trkpt lat="-13.54611" lon="-71.8914">
<ele>3271.7</ele>
<time>2025-02-05T13:23:25.612Z</time>
</trkpt>
<trkpt lat="-13.546118" lon="-71.891393">
<ele>3271.7</ele>
<time>2025-02-05T13:23:28.659Z</time>
</trkpt>
<trkpt lat="-13.54612" lon="-71.89139">
<ele>3271.7</ele>
<time>2025-02-05T13:23:31.637Z</time>
</trkpt>
<trkpt lat="-13.546116" lon="-71.891392">
<ele>3271.7</ele>
<time>2025-02-05T13:23:34.352Z</time>
</trkpt>
<trkpt lat="-13.546116" lon="-71.891394">
<ele>3272.3</ele>
<time>2025-02-05T13:23:37.690Z</time>
</trkpt>
<trkpt lat="-13.546114" lon="-71.891391">
<ele>3272.3</ele>
<time>2025-02-05T13:23:40.612Z</time>
</trkpt>
<trkpt lat="-13.546111" lon="-71.891386">
<ele>3272.3</ele>
<time>2025-02-05T13:23:43.611Z</time>
</trkpt>
<trkpt lat="-13.546138" lon="-71.891388">
<ele>3271.4</ele>
<time>2025-02-05T13:23:46.558Z</time>
</trkpt>
<trkpt lat="-13.546143" lon="-71.891388">
<ele>3271.4</ele>
<time>2025-02-05T13:23:49.612Z</time>
</trkpt>
<trkpt lat="-13.546145" lon="-71.891388">
<ele>3271.4</ele>
<time>2025-02-05T13:23:52.449Z</time>
</trkpt>
<trkpt lat="-13.546153" lon="-71.891388">
<ele>3271.3</ele>
<time>2025-02-05T13:23:56.398Z</time>
</trkpt>
<trkpt lat="-13.546159" lon="-71.891347">
<ele>3271.6</ele>
<time>2025-02-05T13:24:01.611Z</time>
</trkpt>
<trkpt lat="-13.546161" lon="-71.891328">
<ele>3271.6</ele>
<time>2025-02-05T13:24:04.611Z</time>
</trkpt>
<trkpt lat="-13.546161" lon="-71.891324">
<ele>3271.6</ele>
<time>2025-02-05T13:24:07.954Z</time>
</trkpt>
<trkpt lat="-13.546171" lon="-71.891325">
<ele>3271.4</ele>
<time>2025-02-05T13:24:11.075Z</time>
</trkpt>
<trkpt lat="-13.546173" lon="-71.891327">
<ele>3271.4</ele>
<time>2025-02-05T13:24:13.775Z</time>
</trkpt>
<trkpt lat="-13.546192" lon="-71.89133">
<ele>3271.3</ele>
<time>2025-02-05T13:24:16.611Z</time>
</trkpt>
<trkpt lat="-13.546217" lon="-71.89132">
<ele>3271.3</ele>
<time>2025-02-05T13:24:19.611Z</time>
</trkpt>
<trkpt lat="-13.546227" lon="-71.891323">
<ele>3271.3</ele>
<time>2025-02-05T13:24:22.682Z</time>
</trkpt>
<trkpt lat="-13.546219" lon="-71.891339">
<ele>3271.3</ele>
<time>2025-02-05T13:24:25.845Z</time>
</trkpt>
<trkpt lat="-13.546224" lon="-71.891352">
<ele>3271.3</ele>
<time>2025-02-05T13:24:29.611Z</time>
</trkpt>
<trkpt lat="-13.546232" lon="-71.891356">
<ele>3270.4</ele>
<time>2025-02-05T13:24:32.611Z</time>
</trkpt>
<trkpt lat="-13.546233" lon="-71.891361">
<ele>3271.3</ele>
<time>2025-02-05T13:24:35.848Z</time>
</trkpt>
<trkpt lat="-13.546237" lon="-71.891371">
<ele>3271.3</ele>
<time>2025-02-05T13:24:38.611Z</time>
</trkpt>
<trkpt lat="-13.546262" lon="-71.891388">
<ele>3270.4</ele>
<time>2025-02-05T13:24:41.611Z</time>
</trkpt>
<trkpt lat="-13.546275" lon="-71.891395">
<ele>3270.3</ele>
<time>2025-02-05T13:24:47.611Z</time>
</trkpt>
<trkpt lat="-13.546275" lon="-71.891395">
<ele>3270.3</ele>
<time>2025-02-05T13:24:50.611Z</time>
</trkpt>
<trkpt lat="-13.546275" lon="-71.891395">
<ele>3270.3</ele>
<time>2025-02-05T13:24:53.610Z</time>
</trkpt>
<trkpt lat="-13.546278" lon="-71.891397">
<ele>3270.2</ele>
<time>2025-02-05T13:24:56.611Z</time>
</trkpt>
<trkpt lat="-13.546278" lon="-71.891397">
<ele>3270.2</ele>
<time>2025-02-05T13:24:59.611Z</time>
</trkpt>
<trkpt lat="-13.54629" lon="-71.8914">
<ele>3270.2</ele>
<time>2025-02-05T13:25:02.611Z</time>
</trkpt>
<trkpt lat="-13.546478" lon="-71.891432">
<ele>3270.3</ele>
<time>2025-02-05T13:25:05.438Z</time>
</trkpt>
<trkpt lat="-13.546469" lon="-71.891425">
<ele>3270.3</ele>
<time>2025-02-05T13:25:08.551Z</time>
</trkpt>
<trkpt lat="-13.546538" lon="-71.89143">
<ele>3270.4</ele>
<time>2025-02-05T13:25:11.610Z</time>
</trkpt>
<trkpt lat="-13.546583" lon="-71.891422">
<ele>3270.2</ele>
<time>2025-02-05T13:25:14.611Z</time>
</trkpt>
<trkpt lat="-13.546582" lon="-71.891416">
<ele>3270.2</ele>
<time>2025-02-05T13:25:17.610Z</time>
</trkpt>
<trkpt lat="-13.546584" lon="-71.891414">
<ele>3270.2</ele>
<time>2025-02-05T13:25:20.611Z</time>
</trkpt>
<trkpt lat="-13.546563" lon="-71.891418">
<ele>3270.2</ele>
<time>2025-02-05T13:25:23.611Z</time>
</trkpt>
<trkpt lat="-13.546591" lon="-71.891417">
<ele>3270.4</ele>
<time>2025-02-05T13:25:26.535Z</time>
</trkpt>
<trkpt lat="-13.546582" lon="-71.891418">
<ele>3270.2</ele>
<time>2025-02-05T13:25:29.333Z</time>
</trkpt>
<trkpt lat="-13.546608" lon="-71.89142">
<ele>3270.2</ele>
<time>2025-02-05T13:25:32.611Z</time>
</trkpt>
<trkpt lat="-13.546652" lon="-71.891444">
<ele>3269.8</ele>
<time>2025-02-05T13:25:35.378Z</time>
</trkpt>
<trkpt lat="-13.54667" lon="-71.891454">
<ele>3269.8</ele>
<time>2025-02-05T13:25:38.434Z</time>
</trkpt>
<trkpt lat="-13.54669" lon="-71.891473">
<ele>3269</ele>
<time>2025-02-05T13:25:41.611Z</time>
</trkpt>
<trkpt lat="-13.546706" lon="-71.891482">
<ele>3269</ele>
<time>2025-02-05T13:25:44.355Z</time>
</trkpt>
<trkpt lat="-13.546718" lon="-71.891493">
<ele>3269</ele>
<time>2025-02-05T13:25:47.610Z</time>
</trkpt>
<trkpt lat="-13.546672" lon="-71.891506">
<ele>3268.8</ele>
<time>2025-02-05T13:25:50.535Z</time>
</trkpt>
<trkpt lat="-13.546693" lon="-71.89151">
<ele>3268.8</ele>
<time>2025-02-05T13:25:53.611Z</time>
</trkpt>
<trkpt lat="-13.546658" lon="-71.891492">
<ele>3269</ele>
<time>2025-02-05T13:25:56.611Z</time>
</trkpt>
<trkpt lat="-13.546642" lon="-71.891489">
<ele>3268.8</ele>
<time>2025-02-05T13:25:59.611Z</time>
</trkpt>
<trkpt lat="-13.54664" lon="-71.89149">
<ele>3268.8</ele>
<time>2025-02-05T13:26:02.611Z</time>
</trkpt>
<trkpt lat="-13.54664" lon="-71.891489">
<ele>3268.8</ele>
<time>2025-02-05T13:26:05.621Z</time>
</trkpt>
<trkpt lat="-13.546639" lon="-71.89149">
<ele>3268.8</ele>
<time>2025-02-05T13:26:08.611Z</time>
</trkpt>
<trkpt lat="-13.546637" lon="-71.891494">
<ele>3268.8</ele>
<time>2025-02-05T13:26:11.611Z</time>
</trkpt>
<trkpt lat="-13.546634" lon="-71.891493">
<ele>3268.8</ele>
<time>2025-02-05T13:26:14.626Z</time>
</trkpt>
<trkpt lat="-13.546608" lon="-71.891527">
<ele>3268.8</ele>
<time>2025-02-05T13:26:17.611Z</time>
</trkpt>
<trkpt lat="-13.546606" lon="-71.891538">
<ele>3268.8</ele>
<time>2025-02-05T13:26:20.611Z</time>
</trkpt>
<trkpt lat="-13.546625" lon="-71.891518">
<ele>3268.8</ele>
<time>2025-02-05T13:26:23.611Z</time>
</trkpt>
<trkpt lat="-13.546635" lon="-71.891493">
<ele>3268.8</ele>
<time>2025-02-05T13:26:26.675Z</time>
</trkpt>
<trkpt lat="-13.546637" lon="-71.891496">
<ele>3268.8</ele>
<time>2025-02-05T13:26:29.611Z</time>
</trkpt>
<trkpt lat="-13.546639" lon="-71.891498">
<ele>3268.8</ele>
<time>2025-02-05T13:26:32.611Z</time>
</trkpt>
<trkpt lat="-13.546638" lon="-71.891496">
<ele>3268.8</ele>
<time>2025-02-05T13:26:35.686Z</time>
</trkpt>
<trkpt lat="-13.546641" lon="-71.891499">
<ele>3268.8</ele>
<time>2025-02-05T13:26:38.611Z</time>
</trkpt>
<trkpt lat="-13.546644" lon="-71.891498">
<ele>3268.8</ele>
<time>2025-02-05T13:26:41.654Z</time>
</trkpt>
<trkpt lat="-13.546648" lon="-71.891498">
<ele>3268.8</ele>
<time>2025-02-05T13:26:44.658Z</time>
</trkpt>
<trkpt lat="-13.546653" lon="-71.8915">
<ele>3268.8</ele>
<time>2025-02-05T13:26:47.611Z</time>
</trkpt>
<trkpt lat="-13.546653" lon="-71.891498">
<ele>3268.8</ele>
<time>2025-02-05T13:26:50.698Z</time>
</trkpt>
<trkpt lat="-13.546655" lon="-71.891502">
<ele>3268.8</ele>
<time>2025-02-05T13:26:53.611Z</time>
</trkpt>
<trkpt lat="-13.546654" lon="-71.891504">
<ele>3268.8</ele>
<time>2025-02-05T13:26:56.470Z</time>
</trkpt>
<trkpt lat="-13.546654" lon="-71.891503">
<ele>3268.8</ele>
<time>2025-02-05T13:26:59.627Z</time>
</trkpt>
<trkpt lat="-13.546658" lon="-71.891509">
<ele>3268.8</ele>
<time>2025-02-05T13:27:02.611Z</time>
</trkpt>
<trkpt lat="-13.546666" lon="-71.891511">
<ele>3268.8</ele>
<time>2025-02-05T13:27:05.674Z</time>
</trkpt>
<trkpt lat="-13.546682" lon="-71.891521">
<ele>3268.8</ele>
<time>2025-02-05T13:27:08.611Z</time>
</trkpt>
<trkpt lat="-13.546715" lon="-71.891529">
<ele>3270.4</ele>
<time>2025-02-05T13:27:11.696Z</time>
</trkpt>
<trkpt lat="-13.546746" lon="-71.89154">
<ele>3270.4</ele>
<time>2025-02-05T13:27:14.682Z</time>
</trkpt>
<trkpt lat="-13.546738" lon="-71.891535">
<ele>3270.4</ele>
<time>2025-02-05T13:27:17.473Z</time>
</trkpt>
<trkpt lat="-13.54675" lon="-71.891536">
<ele>3268.8</ele>
<time>2025-02-05T13:27:20.678Z</time>
</trkpt>
<trkpt lat="-13.546777" lon="-71.891548">
<ele>3268.8</ele>
<time>2025-02-05T13:27:23.610Z</time>
</trkpt>
<trkpt lat="-13.546763" lon="-71.891546">
<ele>3268.8</ele>
<time>2025-02-05T13:27:26.529Z</time>
</trkpt>
<trkpt lat="-13.546755" lon="-71.891549">
<ele>3268.8</ele>
<time>2025-02-05T13:27:29.330Z</time>
</trkpt>
<trkpt lat="-13.54677" lon="-71.891561">
<ele>3268.8</ele>
<time>2025-02-05T13:27:32.612Z</time>
</trkpt>
<trkpt lat="-13.546776" lon="-71.891569">
<ele>3270.4</ele>
<time>2025-02-05T13:27:35.659Z</time>
</trkpt>
<trkpt lat="-13.546801" lon="-71.891593">
<ele>3270.4</ele>
<time>2025-02-05T13:27:38.611Z</time>
</trkpt>
<trkpt lat="-13.546816" lon="-71.8916">
<ele>3268.8</ele>
<time>2025-02-05T13:27:41.611Z</time>
</trkpt>
<trkpt lat="-13.546826" lon="-71.891599">
<ele>3268.8</ele>
<time>2025-02-05T13:27:44.611Z</time>
</trkpt>
<trkpt lat="-13.54689" lon="-71.891628">
<ele>3268.8</ele>
<time>2025-02-05T13:27:47.611Z</time>
</trkpt>
<trkpt lat="-13.546876" lon="-71.891627">
<ele>3268.8</ele>
<time>2025-02-05T13:27:50.414Z</time>
</trkpt>
<trkpt lat="-13.546849" lon="-71.891623">
<ele>3268.8</ele>
<time>2025-02-05T13:27:53.610Z</time>
</trkpt>
<trkpt lat="-13.546852" lon="-71.891623">
<ele>3268.8</ele>
<time>2025-02-05T13:27:56.611Z</time>
</trkpt>
<trkpt lat="-13.54686" lon="-71.891626">
<ele>3268.8</ele>
<time>2025-02-05T13:27:59.611Z</time>
</trkpt>
<trkpt lat="-13.546854" lon="-71.891624">
<ele>3268.8</ele>
<time>2025-02-05T13:28:02.610Z</time>
</trkpt>
<trkpt lat="-13.546853" lon="-71.891623">
<ele>3269.2</ele>
<time>2025-02-05T13:28:05.360Z</time>
</trkpt>
<trkpt lat="-13.546911" lon="-71.891645">
<ele>3269.2</ele>
<time>2025-02-05T13:28:08.611Z</time>
</trkpt>
<trkpt lat="-13.546854" lon="-71.891624">
<ele>3268.8</ele>
<time>2025-02-05T13:28:11.686Z</time>
</trkpt>
<trkpt lat="-13.546874" lon="-71.891635">
<ele>3268.8</ele>
<time>2025-02-05T13:28:14.611Z</time>
</trkpt>
<trkpt lat="-13.546913" lon="-71.891642">
<ele>3268.8</ele>
<time>2025-02-05T13:28:17.611Z</time>
</trkpt>
<trkpt lat="-13.546905" lon="-71.89164">
<ele>3268.8</ele>
<time>2025-02-05T13:28:20.710Z</time>
</trkpt>
<trkpt lat="-13.546922" lon="-71.891644">
<ele>3268.8</ele>
<time>2025-02-05T13:28:23.611Z</time>
</trkpt>
<trkpt lat="-13.546938" lon="-71.891662">
<ele>3265.8</ele>
<time>2025-02-05T13:28:26.408Z</time>
</trkpt>
<trkpt lat="-13.54702" lon="-71.891655">
<ele>3265.8</ele>
<time>2025-02-05T13:28:29.156Z</time>
</trkpt>
<trkpt lat="-13.547053" lon="-71.891656">
<ele>3265.8</ele>
<time>2025-02-05T13:28:31.994Z</time>
</trkpt>
<trkpt lat="-13.547092" lon="-71.891653">
<ele>3265.8</ele>
<time>2025-02-05T13:28:35.683Z</time>
</trkpt>
<trkpt lat="-13.547096" lon="-71.891657">
<ele>3265.8</ele>
<time>2025-02-05T13:28:38.611Z</time>
</trkpt>
<trkpt lat="-13.5471" lon="-71.891659">
<ele>3265.4</ele>
<time>2025-02-05T13:28:41.613Z</time>
</trkpt>
<trkpt lat="-13.547104" lon="-71.891662">
<ele>3265.4</ele>
<time>2025-02-05T13:28:44.610Z</time>
</trkpt>
<trkpt lat="-13.547104" lon="-71.891661">
<ele>3265.5</ele>
<time>2025-02-05T13:28:47.457Z</time>
</trkpt>
<trkpt lat="-13.547106" lon="-71.891663">
<ele>3265.5</ele>
<time>2025-02-05T13:28:50.638Z</time>
</trkpt>
<trkpt lat="-13.547112" lon="-71.891669">
<ele>3265.5</ele>
<time>2025-02-05T13:28:53.611Z</time>
</trkpt>
<trkpt lat="-13.547117" lon="-71.891671">
<ele>3265.8</ele>
<time>2025-02-05T13:28:56.654Z</time>
</trkpt>
<trkpt lat="-13.547167" lon="-71.891727">
<ele>3265.8</ele>
<time>2025-02-05T13:28:59.611Z</time>
</trkpt>
<trkpt lat="-13.547188" lon="-71.89175">
<ele>3265.8</ele>
<time>2025-02-05T13:29:02.611Z</time>
</trkpt>
<trkpt lat="-13.547201" lon="-71.891752">
<ele>3265.5</ele>
<time>2025-02-05T13:29:05.611Z</time>
</trkpt>
<trkpt lat="-13.547213" lon="-71.891745">
<ele>3265.9</ele>
<time>2025-02-05T13:29:08.611Z</time>
</trkpt>
<trkpt lat="-13.547214" lon="-71.891745">
<ele>3265.9</ele>
<time>2025-02-05T13:29:11.611Z</time>
</trkpt>
<trkpt lat="-13.547215" lon="-71.891742">
<ele>3265.9</ele>
<time>2025-02-05T13:29:14.611Z</time>
</trkpt>
<trkpt lat="-13.547241" lon="-71.891711">
<ele>3265.9</ele>
<time>2025-02-05T13:29:17.697Z</time>
</trkpt>
<trkpt lat="-13.547239" lon="-71.891712">
<ele>3265.9</ele>
<time>2025-02-05T13:29:20.590Z</time>
</trkpt>
<trkpt lat="-13.547243" lon="-71.891712">
<ele>3265.8</ele>
<time>2025-02-05T13:29:23.346Z</time>
</trkpt>
<trkpt lat="-13.547244" lon="-71.891712">
<ele>3265.8</ele>
<time>2025-02-05T13:29:26.691Z</time>
</trkpt>
<trkpt lat="-13.547247" lon="-71.891712">
<ele>3265.8</ele>
<time>2025-02-05T13:29:29.557Z</time>
</trkpt>
<trkpt lat="-13.547261" lon="-71.891714">
<ele>3265.5</ele>
<time>2025-02-05T13:29:32.707Z</time>
</trkpt>
<trkpt lat="-13.547267" lon="-71.891719">
<ele>3265.5</ele>
<time>2025-02-05T13:29:35.611Z</time>
</trkpt>
<trkpt lat="-13.54727" lon="-71.89172">
<ele>3265.5</ele>
<time>2025-02-05T13:29:38.535Z</time>
</trkpt>
<trkpt lat="-13.547318" lon="-71.891738">
<ele>3265.9</ele>
<time>2025-02-05T13:29:41.679Z</time>
</trkpt>
<trkpt lat="-13.547317" lon="-71.891741">
<ele>3265.9</ele>
<time>2025-02-05T13:29:44.611Z</time>
</trkpt>
<trkpt lat="-13.547342" lon="-71.891746">
<ele>3265.8</ele>
<time>2025-02-05T13:29:47.691Z</time>
</trkpt>
<trkpt lat="-13.547404" lon="-71.891777">
<ele>3265.8</ele>
<time>2025-02-05T13:29:50.611Z</time>
</trkpt>
<trkpt lat="-13.547403" lon="-71.891798">
<ele>3265.8</ele>
<time>2025-02-05T13:29:53.611Z</time>
</trkpt>
<trkpt lat="-13.5474" lon="-71.891808">
<ele>3265.8</ele>
<time>2025-02-05T13:29:56.659Z</time>
</trkpt>
<trkpt lat="-13.547412" lon="-71.891814">
<ele>3265.8</ele>
<time>2025-02-05T13:29:59.611Z</time>
</trkpt>
<trkpt lat="-13.547412" lon="-71.891818">
<ele>3265.8</ele>
<time>2025-02-05T13:30:02.691Z</time>
</trkpt>
<trkpt lat="-13.547418" lon="-71.891823">
<ele>3265.8</ele>
<time>2025-02-05T13:30:05.674Z</time>
</trkpt>
<trkpt lat="-13.547426" lon="-71.891825">
<ele>3265.8</ele>
<time>2025-02-05T13:30:08.416Z</time>
</trkpt>
<trkpt lat="-13.547438" lon="-71.891838">
<ele>3265.7</ele>
<time>2025-02-05T13:30:11.659Z</time>
</trkpt>
<trkpt lat="-13.547447" lon="-71.89184">
<ele>3265.7</ele>
<time>2025-02-05T13:30:14.611Z</time>
</trkpt>
<trkpt lat="-13.547448" lon="-71.891842">
<ele>3265.7</ele>
<time>2025-02-05T13:30:17.533Z</time>
</trkpt>
<trkpt lat="-13.547452" lon="-71.891848">
<ele>3265.7</ele>
<time>2025-02-05T13:30:20.665Z</time>
</trkpt>
<trkpt lat="-13.547457" lon="-71.89185">
<ele>3265.7</ele>
<time>2025-02-05T13:30:23.496Z</time>
</trkpt>
<trkpt lat="-13.547469" lon="-71.891861">
<ele>3265.7</ele>
<time>2025-02-05T13:30:26.675Z</time>
</trkpt>
<trkpt lat="-13.547492" lon="-71.891862">
<ele>3265.7</ele>
<time>2025-02-05T13:30:29.493Z</time>
</trkpt>
<trkpt lat="-13.547525" lon="-71.891861">
<ele>3265.7</ele>
<time>2025-02-05T13:30:32.434Z</time>
</trkpt>
<trkpt lat="-13.547579" lon="-71.89188">
<ele>3266.1</ele>
<time>2025-02-05T13:30:35.674Z</time>
</trkpt>
<trkpt lat="-13.547602" lon="-71.891884">
<ele>3266.1</ele>
<time>2025-02-05T13:30:38.610Z</time>
</trkpt>
<trkpt lat="-13.547602" lon="-71.891902">
<ele>3266</ele>
<time>2025-02-05T13:30:41.628Z</time>
</trkpt>
<trkpt lat="-13.547607" lon="-71.8919">
<ele>3266</ele>
<time>2025-02-05T13:30:44.626Z</time>
</trkpt>
<trkpt lat="-13.547614" lon="-71.891895">
<ele>3266</ele>
<time>2025-02-05T13:30:47.638Z</time>
</trkpt>
<trkpt lat="-13.547619" lon="-71.89189">
<ele>3265.8</ele>
<time>2025-02-05T13:30:50.682Z</time>
</trkpt>
<trkpt lat="-13.547627" lon="-71.89188">
<ele>3265.8</ele>
<time>2025-02-05T13:30:53.700Z</time>
</trkpt>
<trkpt lat="-13.547628" lon="-71.891881">
<ele>3266.1</ele>
<time>2025-02-05T13:30:56.640Z</time>
</trkpt>
<trkpt lat="-13.547709" lon="-71.891807">
<ele>3266.1</ele>
<time>2025-02-05T13:30:59.838Z</time>
</trkpt>
<trkpt lat="-13.54773" lon="-71.891777">
<ele>3266.1</ele>
<time>2025-02-05T13:31:02.610Z</time>
</trkpt>
<trkpt lat="-13.547727" lon="-71.891809">
<ele>3266.1</ele>
<time>2025-02-05T13:31:08.688Z</time>
</trkpt>
<trkpt lat="-13.547748" lon="-71.891783">
<ele>3266.1</ele>
<time>2025-02-05T13:31:11.610Z</time>
</trkpt>
<trkpt lat="-13.547744" lon="-71.891761">
<ele>3265.5</ele>
<time>2025-02-05T13:31:14.610Z</time>
</trkpt>
<trkpt lat="-13.547747" lon="-71.891759">
<ele>3265.5</ele>
<time>2025-02-05T13:31:17.610Z</time>
</trkpt>
<trkpt lat="-13.547748" lon="-71.891757">
<ele>3265.6</ele>
<time>2025-02-05T13:31:20.674Z</time>
</trkpt>
<trkpt lat="-13.547752" lon="-71.891757">
<ele>3265.6</ele>
<time>2025-02-05T13:31:23.695Z</time>
</trkpt>
<trkpt lat="-13.547757" lon="-71.891758">
<ele>3265.6</ele>
<time>2025-02-05T13:31:26.610Z</time>
</trkpt>
<trkpt lat="-13.54775" lon="-71.89179">
<ele>3265.7</ele>
<time>2025-02-05T13:31:29.689Z</time>
</trkpt>
<trkpt lat="-13.54775" lon="-71.891794">
<ele>3265.7</ele>
<time>2025-02-05T13:31:32.610Z</time>
</trkpt>
<trkpt lat="-13.547742" lon="-71.891798">
<ele>3265.7</ele>
<time>2025-02-05T13:31:35.609Z</time>
</trkpt>
<trkpt lat="-13.547741" lon="-71.891799">
<ele>3265.7</ele>
<time>2025-02-05T13:31:38.610Z</time>
</trkpt>
<trkpt lat="-13.547741" lon="-71.891799">
<ele>3265.7</ele>
<time>2025-02-05T13:31:41.610Z</time>
</trkpt>
<trkpt lat="-13.547732" lon="-71.891804">
<ele>3265.7</ele>
<time>2025-02-05T13:31:44.702Z</time>
</trkpt>
<trkpt lat="-13.54772" lon="-71.891813">
<ele>3265.7</ele>
<time>2025-02-05T13:31:47.692Z</time>
</trkpt>
<trkpt lat="-13.547748" lon="-71.891776">
<ele>3265.7</ele>
<time>2025-02-05T13:31:50.610Z</time>
</trkpt>
<trkpt lat="-13.547751" lon="-71.891709">
<ele>3265.5</ele>
<time>2025-02-05T13:31:53.639Z</time>
</trkpt>
<trkpt lat="-13.547757" lon="-71.891645">
<ele>3265.5</ele>
<time>2025-02-05T13:31:56.707Z</time>
</trkpt>
<trkpt lat="-13.547763" lon="-71.89163">
<ele>3265.5</ele>
<time>2025-02-05T13:31:59.696Z</time>
</trkpt>
<trkpt lat="-13.547779" lon="-71.891644">
<ele>3265.5</ele>
<time>2025-02-05T13:32:02.610Z</time>
</trkpt>
<trkpt lat="-13.547781" lon="-71.891617">
<ele>3265.5</ele>
<time>2025-02-05T13:32:05.684Z</time>
</trkpt>
<trkpt lat="-13.547795" lon="-71.89161">
<ele>3265.5</ele>
<time>2025-02-05T13:32:08.677Z</time>
</trkpt>
<trkpt lat="-13.547795" lon="-71.891587">
<ele>3265.5</ele>
<time>2025-02-05T13:32:11.610Z</time>
</trkpt>
<trkpt lat="-13.547784" lon="-71.891572">
<ele>3265.5</ele>
<time>2025-02-05T13:32:14.678Z</time>
</trkpt>
<trkpt lat="-13.54782" lon="-71.891539">
<ele>3265.5</ele>
<time>2025-02-05T13:32:17.610Z</time>
</trkpt>
<trkpt lat="-13.547822" lon="-71.891466">
<ele>3265.5</ele>
<time>2025-02-05T13:32:20.610Z</time>
</trkpt>
<trkpt lat="-13.547821" lon="-71.891433">
<ele>3265.5</ele>
<time>2025-02-05T13:32:23.609Z</time>
</trkpt>
<trkpt lat="-13.54781" lon="-71.891385">
<ele>3265.5</ele>
<time>2025-02-05T13:32:26.691Z</time>
</trkpt>
<trkpt lat="-13.547807" lon="-71.891355">
<ele>3265.5</ele>
<time>2025-02-05T13:32:29.471Z</time>
</trkpt>
<trkpt lat="-13.547814" lon="-71.891318">
<ele>3265.5</ele>
<time>2025-02-05T13:32:32.610Z</time>
</trkpt>
<trkpt lat="-13.547832" lon="-71.891283">
<ele>3265.5</ele>
<time>2025-02-05T13:32:35.610Z</time>
</trkpt>
<trkpt lat="-13.547838" lon="-71.891249">
<ele>3265.5</ele>
<time>2025-02-05T13:32:38.610Z</time>
</trkpt>
<trkpt lat="-13.547851" lon="-71.891211">
<ele>3265.5</ele>
<time>2025-02-05T13:32:41.349Z</time>
</trkpt>
<trkpt lat="-13.547866" lon="-71.891186">
<ele>3265.5</ele>
<time>2025-02-05T13:32:44.252Z</time>
</trkpt>
<trkpt lat="-13.547883" lon="-71.89116">
<ele>3265.5</ele>
<time>2025-02-05T13:32:47.319Z</time>
</trkpt>
<trkpt lat="-13.547888" lon="-71.891186">
<ele>3265.5</ele>
<time>2025-02-05T13:32:50.610Z</time>
</trkpt>
<trkpt lat="-13.547883" lon="-71.891195">
<ele>3265.7</ele>
<time>2025-02-05T13:32:53.610Z</time>
</trkpt>
<trkpt lat="-13.547888" lon="-71.891188">
<ele>3265.5</ele>
<time>2025-02-05T13:32:56.609Z</time>
</trkpt>
<trkpt lat="-13.547894" lon="-71.891187">
<ele>3265.5</ele>
<time>2025-02-05T13:32:59.610Z</time>
</trkpt>
<trkpt lat="-13.547895" lon="-71.891188">
<ele>3265.5</ele>
<time>2025-02-05T13:33:02.643Z</time>
</trkpt>
<trkpt lat="-13.547897" lon="-71.891186">
<ele>3265.5</ele>
<time>2025-02-05T13:33:05.569Z</time>
</trkpt>
<trkpt lat="-13.547912" lon="-71.891159">
<ele>3265.5</ele>
<time>2025-02-05T13:33:08.671Z</time>
</trkpt>
<trkpt lat="-13.547918" lon="-71.891137">
<ele>3265.5</ele>
<time>2025-02-05T13:33:11.596Z</time>
</trkpt>
<trkpt lat="-13.54792" lon="-71.891113">
<ele>3265.5</ele>
<time>2025-02-05T13:33:14.610Z</time>
</trkpt>
<trkpt lat="-13.547926" lon="-71.89108">
<ele>3265.5</ele>
<time>2025-02-05T13:33:17.460Z</time>
</trkpt>
<trkpt lat="-13.547937" lon="-71.891038">
<ele>3265.5</ele>
<time>2025-02-05T13:33:20.610Z</time>
</trkpt>
<trkpt lat="-13.547942" lon="-71.891021">
<ele>3265.5</ele>
<time>2025-02-05T13:33:23.418Z</time>
</trkpt>
<trkpt lat="-13.547948" lon="-71.890993">
<ele>3265.5</ele>
<time>2025-02-05T13:33:26.610Z</time>
</trkpt>
<trkpt lat="-13.547957" lon="-71.890964">
<ele>3265.5</ele>
<time>2025-02-05T13:33:29.598Z</time>
</trkpt>
<trkpt lat="-13.547973" lon="-71.890944">
<ele>3265.5</ele>
<time>2025-02-05T13:33:32.357Z</time>
</trkpt>
<trkpt lat="-13.547988" lon="-71.890922">
<ele>3265.5</ele>
<time>2025-02-05T13:33:35.150Z</time>
</trkpt>
<trkpt lat="-13.547991" lon="-71.890921">
<ele>3265.5</ele>
<time>2025-02-05T13:33:38.610Z</time>
</trkpt>
<trkpt lat="-13.547986" lon="-71.890926">
<ele>3265.5</ele>
<time>2025-02-05T13:33:41.610Z</time>
</trkpt>
<trkpt lat="-13.547985" lon="-71.890929">
<ele>3265.5</ele>
<time>2025-02-05T13:33:44.611Z</time>
</trkpt>
<trkpt lat="-13.54799" lon="-71.890936">
<ele>3265.5</ele>
<time>2025-02-05T13:33:47.653Z</time>
</trkpt>
<trkpt lat="-13.547986" lon="-71.890929">
<ele>3265.5</ele>
<time>2025-02-05T13:33:50.610Z</time>
</trkpt>
<trkpt lat="-13.547983" lon="-71.890928">
<ele>3265.5</ele>
<time>2025-02-05T13:33:56.667Z</time>
</trkpt>
<trkpt lat="-13.547984" lon="-71.890922">
<ele>3265.5</ele>
<time>2025-02-05T13:33:59.610Z</time>
</trkpt>
<trkpt lat="-13.547984" lon="-71.890921">
<ele>3265.5</ele>
<time>2025-02-05T13:34:05.697Z</time>
</trkpt>
<trkpt lat="-13.547985" lon="-71.890914">
<ele>3265.5</ele>
<time>2025-02-05T13:34:08.609Z</time>
</trkpt>
<trkpt lat="-13.547985" lon="-71.890915">
<ele>3265.5</ele>
<time>2025-02-05T13:34:11.682Z</time>
</trkpt>
<trkpt lat="-13.547985" lon="-71.89089">
<ele>3265.5</ele>
<time>2025-02-05T13:34:14.610Z</time>
</trkpt>
<trkpt lat="-13.547972" lon="-71.890866">
<ele>3267</ele>
<time>2025-02-05T13:34:17.610Z</time>
</trkpt>
<trkpt lat="-13.547964" lon="-71.890851">
<ele>3267</ele>
<time>2025-02-05T13:34:20.610Z</time>
</trkpt>
<trkpt lat="-13.547957" lon="-71.890846">
<ele>3266.7</ele>
<time>2025-02-05T13:34:23.575Z</time>
</trkpt>
<trkpt lat="-13.547938" lon="-71.89083">
<ele>3266.7</ele>
<time>2025-02-05T13:34:26.610Z</time>
</trkpt>
<trkpt lat="-13.547913" lon="-71.890814">
<ele>3266.7</ele>
<time>2025-02-05T13:34:29.371Z</time>
</trkpt>
<trkpt lat="-13.54789" lon="-71.890809">
<ele>3266.7</ele>
<time>2025-02-05T13:34:32.610Z</time>
</trkpt>
<trkpt lat="-13.547891" lon="-71.890819">
<ele>3266.7</ele>
<time>2025-02-05T13:34:35.610Z</time>
</trkpt>
<trkpt lat="-13.547892" lon="-71.890821">
<ele>3266.7</ele>
<time>2025-02-05T13:34:38.610Z</time>
</trkpt>
<trkpt lat="-13.54789" lon="-71.890818">
<ele>3267</ele>
<time>2025-02-05T13:34:41.610Z</time>
</trkpt>
<trkpt lat="-13.54789" lon="-71.890817">
<ele>3268.2</ele>
<time>2025-02-05T13:34:44.610Z</time>
</trkpt>
<trkpt lat="-13.547892" lon="-71.890816">
<ele>3268.2</ele>
<time>2025-02-05T13:34:47.610Z</time>
</trkpt>
<trkpt lat="-13.547884" lon="-71.890809">
<ele>3267</ele>
<time>2025-02-05T13:34:50.673Z</time>
</trkpt>
<trkpt lat="-13.547886" lon="-71.89081">
<ele>3267</ele>
<time>2025-02-05T13:34:54.053Z</time>
</trkpt>
<trkpt lat="-13.547901" lon="-71.890814">
<ele>3267</ele>
<time>2025-02-05T13:34:58.610Z</time>
</trkpt>
<trkpt lat="-13.547902" lon="-71.890815">
<ele>3266.5</ele>
<time>2025-02-05T13:35:01.351Z</time>
</trkpt>
<trkpt lat="-13.547904" lon="-71.89081">
<ele>3266.5</ele>
<time>2025-02-05T13:35:04.355Z</time>
</trkpt>
<trkpt lat="-13.547902" lon="-71.8908">
<ele>3266.7</ele>
<time>2025-02-05T13:35:07.095Z</time>
</trkpt>
<trkpt lat="-13.547926" lon="-71.890766">
<ele>3266.7</ele>
<time>2025-02-05T13:35:10.334Z</time>
</trkpt>
<trkpt lat="-13.547926" lon="-71.890796">
<ele>3266</ele>
<time>2025-02-05T13:35:13.610Z</time>
</trkpt>
<trkpt lat="-13.547922" lon="-71.8908">
<ele>3266</ele>
<time>2025-02-05T13:35:16.412Z</time>
</trkpt>
<trkpt lat="-13.54792" lon="-71.890805">
<ele>3266</ele>
<time>2025-02-05T13:35:19.652Z</time>
</trkpt>
<trkpt lat="-13.547922" lon="-71.890814">
<ele>3266</ele>
<time>2025-02-05T13:35:22.610Z</time>
</trkpt>
<trkpt lat="-13.547922" lon="-71.89081">
<ele>3266</ele>
<time>2025-02-05T13:35:25.764Z</time>
</trkpt>
<trkpt lat="-13.547923" lon="-71.890816">
<ele>3266</ele>
<time>2025-02-05T13:35:28.609Z</time>
</trkpt>
<trkpt lat="-13.547916" lon="-71.890813">
<ele>3267</ele>
<time>2025-02-05T13:35:31.372Z</time>
</trkpt>
<trkpt lat="-13.547868" lon="-71.890777">
<ele>3267</ele>
<time>2025-02-05T13:35:34.114Z</time>
</trkpt>
<trkpt lat="-13.547781" lon="-71.890784">
<ele>3267</ele>
<time>2025-02-05T13:35:37.016Z</time>
</trkpt>
<trkpt lat="-13.547778" lon="-71.89075">
<ele>3267</ele>
<time>2025-02-05T13:35:40.294Z</time>
</trkpt>
<trkpt lat="-13.547762" lon="-71.890699">
<ele>3267</ele>
<time>2025-02-05T13:35:43.015Z</time>
</trkpt>
<trkpt lat="-13.547776" lon="-71.890653">
<ele>3267</ele>
<time>2025-02-05T13:35:46.214Z</time>
</trkpt>
<trkpt lat="-13.547785" lon="-71.890636">
<ele>3267</ele>
<time>2025-02-05T13:35:49.214Z</time>
</trkpt>
<trkpt lat="-13.547744" lon="-71.890621">
<ele>3267</ele>
<time>2025-02-05T13:35:52.323Z</time>
</trkpt>
<trkpt lat="-13.547732" lon="-71.89063">
<ele>3267</ele>
<time>2025-02-05T13:35:55.610Z</time>
</trkpt>
<trkpt lat="-13.547731" lon="-71.890638">
<ele>3267</ele>
<time>2025-02-05T13:35:58.609Z</time>
</trkpt>
<trkpt lat="-13.547725" lon="-71.890644">
<ele>3267</ele>
<time>2025-02-05T13:36:01.690Z</time>
</trkpt>
<trkpt lat="-13.547724" lon="-71.890642">
<ele>3267</ele>
<time>2025-02-05T13:36:04.610Z</time>
</trkpt>
<trkpt lat="-13.547718" lon="-71.890634">
<ele>3267</ele>
<time>2025-02-05T13:36:07.682Z</time>
</trkpt>
<trkpt lat="-13.547706" lon="-71.890619">
<ele>3267</ele>
<time>2025-02-05T13:36:10.682Z</time>
</trkpt>
<trkpt lat="-13.547703" lon="-71.890619">
<ele>3267</ele>
<time>2025-02-05T13:36:13.610Z</time>
</trkpt>
<trkpt lat="-13.5477" lon="-71.89062">
<ele>3267</ele>
<time>2025-02-05T13:36:16.704Z</time>
</trkpt>
<trkpt lat="-13.547689" lon="-71.890617">
<ele>3267</ele>
<time>2025-02-05T13:36:19.610Z</time>
</trkpt>
<trkpt lat="-13.547681" lon="-71.890619">
<ele>3267</ele>
<time>2025-02-05T13:36:22.609Z</time>
</trkpt>
<trkpt lat="-13.547671" lon="-71.890618">
<ele>3267</ele>
<time>2025-02-05T13:36:25.610Z</time>
</trkpt>
<trkpt lat="-13.547662" lon="-71.890618">
<ele>3267</ele>
<time>2025-02-05T13:36:28.610Z</time>
</trkpt>
<trkpt lat="-13.54766" lon="-71.890615">
<ele>3267</ele>
<time>2025-02-05T13:36:31.350Z</time>
</trkpt>
<trkpt lat="-13.547657" lon="-71.890614">
<ele>3267</ele>
<time>2025-02-05T13:36:34.610Z</time>
</trkpt>
<trkpt lat="-13.547654" lon="-71.890615">
<ele>3267</ele>
<time>2025-02-05T13:36:37.416Z</time>
</trkpt>
<trkpt lat="-13.547653" lon="-71.890614">
<ele>3267</ele>
<time>2025-02-05T13:36:40.136Z</time>
</trkpt>
<trkpt lat="-13.547646" lon="-71.890612">
<ele>3267</ele>
<time>2025-02-05T13:36:43.610Z</time>
</trkpt>
<trkpt lat="-13.547636" lon="-71.890609">
<ele>3267</ele>
<time>2025-02-05T13:36:46.609Z</time>
</trkpt>
<trkpt lat="-13.547636" lon="-71.890603">
<ele>3267</ele>
<time>2025-02-05T13:36:49.609Z</time>
</trkpt>
<trkpt lat="-13.547613" lon="-71.890595">
<ele>3267</ele>
<time>2025-02-05T13:36:52.609Z</time>
</trkpt>
<trkpt lat="-13.547586" lon="-71.890586">
<ele>3267</ele>
<time>2025-02-05T13:36:55.609Z</time>
</trkpt>
<trkpt lat="-13.547574" lon="-71.890584">
<ele>3267.5</ele>
<time>2025-02-05T13:36:58.590Z</time>
</trkpt>
<trkpt lat="-13.547563" lon="-71.890583">
<ele>3267.5</ele>
<time>2025-02-05T13:37:01.609Z</time>
</trkpt>
<trkpt lat="-13.547542" lon="-71.890583">
<ele>3268.1</ele>
<time>2025-02-05T13:37:04.609Z</time>
</trkpt>
<trkpt lat="-13.547525" lon="-71.890585">
<ele>3268.1</ele>
<time>2025-02-05T13:37:07.609Z</time>
</trkpt>
<trkpt lat="-13.547511" lon="-71.890586">
<ele>3267.9</ele>
<time>2025-02-05T13:37:10.327Z</time>
</trkpt>
<trkpt lat="-13.547478" lon="-71.89058">
<ele>3267.9</ele>
<time>2025-02-05T13:37:13.609Z</time>
</trkpt>
<trkpt lat="-13.547447" lon="-71.890568">
<ele>3268.1</ele>
<time>2025-02-05T13:37:16.609Z</time>
</trkpt>
<trkpt lat="-13.54744" lon="-71.890567">
<ele>3268.2</ele>
<time>2025-02-05T13:37:19.349Z</time>
</trkpt>
<trkpt lat="-13.547408" lon="-71.890555">
<ele>3268.2</ele>
<time>2025-02-05T13:37:22.609Z</time>
</trkpt>
<trkpt lat="-13.547387" lon="-71.890548">
<ele>3268.1</ele>
<time>2025-02-05T13:37:25.609Z</time>
</trkpt>
<trkpt lat="-13.547386" lon="-71.890544">
<ele>3268.1</ele>
<time>2025-02-05T13:37:28.609Z</time>
</trkpt>
<trkpt lat="-13.547383" lon="-71.890547">
<ele>3268.2</ele>
<time>2025-02-05T13:37:31.607Z</time>
</trkpt>
<trkpt lat="-13.547364" lon="-71.890544">
<ele>3268.2</ele>
<time>2025-02-05T13:37:34.609Z</time>
</trkpt>
<trkpt lat="-13.547351" lon="-71.890543">
<ele>3268.2</ele>
<time>2025-02-05T13:37:37.609Z</time>
</trkpt>
<trkpt lat="-13.547364" lon="-71.890539">
<ele>3268.2</ele>
<time>2025-02-05T13:37:40.609Z</time>
</trkpt>
<trkpt lat="-13.547362" lon="-71.890538">
<ele>3268.2</ele>
<time>2025-02-05T13:37:43.610Z</time>
</trkpt>
<trkpt lat="-13.547346" lon="-71.890534">
<ele>3269.2</ele>
<time>2025-02-05T13:37:46.608Z</time>
</trkpt>
<trkpt lat="-13.547346" lon="-71.890534">
<ele>3269.2</ele>
<time>2025-02-05T13:37:49.573Z</time>
</trkpt>
<trkpt lat="-13.547332" lon="-71.890529">
<ele>3269.2</ele>
<time>2025-02-05T13:37:52.608Z</time>
</trkpt>
<trkpt lat="-13.547299" lon="-71.890511">
<ele>3269.2</ele>
<time>2025-02-05T13:37:55.609Z</time>
</trkpt>
<trkpt lat="-13.547275" lon="-71.8905">
<ele>3269.2</ele>
<time>2025-02-05T13:37:58.609Z</time>
</trkpt>
<trkpt lat="-13.547257" lon="-71.89049">
<ele>3269.2</ele>
<time>2025-02-05T13:38:01.371Z</time>
</trkpt>
<trkpt lat="-13.547247" lon="-71.890486">
<ele>3269.2</ele>
<time>2025-02-05T13:38:04.310Z</time>
</trkpt>
<trkpt lat="-13.547241" lon="-71.890481">
<ele>3268.8</ele>
<time>2025-02-05T13:38:07.640Z</time>
</trkpt>
<trkpt lat="-13.547256" lon="-71.890482">
<ele>3268.8</ele>
<time>2025-02-05T13:38:10.609Z</time>
</trkpt>
<trkpt lat="-13.547262" lon="-71.890486">
<ele>3268.8</ele>
<time>2025-02-05T13:38:13.609Z</time>
</trkpt>
<trkpt lat="-13.547263" lon="-71.890486">
<ele>3268.8</ele>
<time>2025-02-05T13:38:16.488Z</time>
</trkpt>
<trkpt lat="-13.547265" lon="-71.890484">
<ele>3268.8</ele>
<time>2025-02-05T13:38:19.276Z</time>
</trkpt>
<trkpt lat="-13.54725" lon="-71.890482">
<ele>3268.8</ele>
<time>2025-02-05T13:38:22.608Z</time>
</trkpt>
<trkpt lat="-13.547239" lon="-71.890482">
<ele>3270.1</ele>
<time>2025-02-05T13:38:25.609Z</time>
</trkpt>
<trkpt lat="-13.547244" lon="-71.890483">
<ele>3269.2</ele>
<time>2025-02-05T13:38:28.609Z</time>
</trkpt>
<trkpt lat="-13.547244" lon="-71.890484">
<ele>3269.2</ele>
<time>2025-02-05T13:38:31.608Z</time>
</trkpt>
<trkpt lat="-13.547237" lon="-71.890481">
<ele>3268.8</ele>
<time>2025-02-05T13:38:34.609Z</time>
</trkpt>
<trkpt lat="-13.547236" lon="-71.89048">
<ele>3269.2</ele>
<time>2025-02-05T13:38:37.428Z</time>
</trkpt>
<trkpt lat="-13.54723" lon="-71.890478">
<ele>3269.2</ele>
<time>2025-02-05T13:38:40.609Z</time>
</trkpt>
<trkpt lat="-13.547242" lon="-71.890492">
<ele>3269.5</ele>
<time>2025-02-05T13:38:43.609Z</time>
</trkpt>
<trkpt lat="-13.547246" lon="-71.890495">
<ele>3269.5</ele>
<time>2025-02-05T13:38:46.609Z</time>
</trkpt>
<trkpt lat="-13.547246" lon="-71.890495">
<ele>3269.5</ele>
<time>2025-02-05T13:38:49.609Z</time>
</trkpt>
<trkpt lat="-13.547246" lon="-71.890495">
<ele>3268.8</ele>
<time>2025-02-05T13:38:52.609Z</time>
</trkpt>
<trkpt lat="-13.547248" lon="-71.890496">
<ele>3268.8</ele>
<time>2025-02-05T13:38:55.609Z</time>
</trkpt>
<trkpt lat="-13.547247" lon="-71.890496">
<ele>3268.2</ele>
<time>2025-02-05T13:38:58.609Z</time>
</trkpt>
<trkpt lat="-13.547247" lon="-71.890495">
<ele>3268.2</ele>
<time>2025-02-05T13:39:01.609Z</time>
</trkpt>
<trkpt lat="-13.547247" lon="-71.890495">
<ele>3268.2</ele>
<time>2025-02-05T13:39:04.609Z</time>
</trkpt>
<trkpt lat="-13.547245" lon="-71.890494">
<ele>3269.2</ele>
<time>2025-02-05T13:39:07.609Z</time>
</trkpt>
<trkpt lat="-13.547243" lon="-71.890492">
<ele>3269.2</ele>
<time>2025-02-05T13:39:10.609Z</time>
</trkpt>
<trkpt lat="-13.547244" lon="-71.890493">
<ele>3269.2</ele>
<time>2025-02-05T13:39:13.609Z</time>
</trkpt>
<trkpt lat="-13.547244" lon="-71.890493">
<ele>3268.2</ele>
<time>2025-02-05T13:39:16.609Z</time>
</trkpt>
<trkpt lat="-13.547229" lon="-71.890482">
<ele>3268.2</ele>
<time>2025-02-05T13:39:19.609Z</time>
</trkpt>
<trkpt lat="-13.547217" lon="-71.890478">
<ele>3269.5</ele>
<time>2025-02-05T13:39:22.609Z</time>
</trkpt>
<trkpt lat="-13.547214" lon="-71.890481">
<ele>3269.5</ele>
<time>2025-02-05T13:39:25.609Z</time>
</trkpt>
<trkpt lat="-13.547202" lon="-71.89048">
<ele>3269.5</ele>
<time>2025-02-05T13:39:28.451Z</time>
</trkpt>
<trkpt lat="-13.547172" lon="-71.890474">
<ele>3268.8</ele>
<time>2025-02-05T13:39:31.470Z</time>
</trkpt>
<trkpt lat="-13.547152" lon="-71.890469">
<ele>3268.8</ele>
<time>2025-02-05T13:39:34.609Z</time>
</trkpt>
<trkpt lat="-13.547149" lon="-71.890468">
<ele>3268.8</ele>
<time>2025-02-05T13:39:37.608Z</time>
</trkpt>
<trkpt lat="-13.547148" lon="-71.890467">
<ele>3268.8</ele>
<time>2025-02-05T13:39:40.609Z</time>
</trkpt>
<trkpt lat="-13.547141" lon="-71.890465">
<ele>3268.8</ele>
<time>2025-02-05T13:39:43.609Z</time>
</trkpt>
<trkpt lat="-13.547139" lon="-71.890464">
<ele>3268.8</ele>
<time>2025-02-05T13:39:46.608Z</time>
</trkpt>
<trkpt lat="-13.547138" lon="-71.890464">
<ele>3268.8</ele>
<time>2025-02-05T13:39:49.367Z</time>
</trkpt>
<trkpt lat="-13.547118" lon="-71.890459">
<ele>3268.8</ele>
<time>2025-02-05T13:39:52.141Z</time>
</trkpt>
<trkpt lat="-13.547081" lon="-71.89046">
<ele>3268.8</ele>
<time>2025-02-05T13:39:55.609Z</time>
</trkpt>
<trkpt lat="-13.547053" lon="-71.890455">
<ele>3268.8</ele>
<time>2025-02-05T13:39:58.609Z</time>
</trkpt>
<trkpt lat="-13.54703" lon="-71.890455">
<ele>3268.8</ele>
<time>2025-02-05T13:40:01.609Z</time>
</trkpt>
<trkpt lat="-13.547013" lon="-71.890444">
<ele>3269.4</ele>
<time>2025-02-05T13:40:04.609Z</time>
</trkpt>
<trkpt lat="-13.546978" lon="-71.89041">
<ele>3270.1</ele>
<time>2025-02-05T13:40:07.609Z</time>
</trkpt>
<trkpt lat="-13.546973" lon="-71.890405">
<ele>3270.1</ele>
<time>2025-02-05T13:40:10.609Z</time>
</trkpt>
<trkpt lat="-13.546969" lon="-71.890401">
<ele>3270.1</ele>
<time>2025-02-05T13:40:13.609Z</time>
</trkpt>
<trkpt lat="-13.546968" lon="-71.890401">
<ele>3270.1</ele>
<time>2025-02-05T13:40:16.609Z</time>
</trkpt>
<trkpt lat="-13.546972" lon="-71.890403">
<ele>3269.5</ele>
<time>2025-02-05T13:40:19.608Z</time>
</trkpt>
<trkpt lat="-13.546972" lon="-71.890403">
<ele>3269.8</ele>
<time>2025-02-05T13:40:22.379Z</time>
</trkpt>
<trkpt lat="-13.546965" lon="-71.890403">
<ele>3269.8</ele>
<time>2025-02-05T13:40:25.609Z</time>
</trkpt>
<trkpt lat="-13.546961" lon="-71.890412">
<ele>3269.5</ele>
<time>2025-02-05T13:40:28.608Z</time>
</trkpt>
<trkpt lat="-13.546958" lon="-71.890419">
<ele>3269.5</ele>
<time>2025-02-05T13:40:31.609Z</time>
</trkpt>
<trkpt lat="-13.54697" lon="-71.890412">
<ele>3269.1</ele>
<time>2025-02-05T13:40:34.609Z</time>
</trkpt>
<trkpt lat="-13.546971" lon="-71.890413">
<ele>3269.4</ele>
<time>2025-02-05T13:40:37.327Z</time>
</trkpt>
<trkpt lat="-13.546971" lon="-71.890415">
<ele>3269.4</ele>
<time>2025-02-05T13:40:40.609Z</time>
</trkpt>
<trkpt lat="-13.546969" lon="-71.890417">
<ele>3270.1</ele>
<time>2025-02-05T13:40:43.609Z</time>
</trkpt>
<trkpt lat="-13.546968" lon="-71.890413">
<ele>3270.1</ele>
<time>2025-02-05T13:40:46.609Z</time>
</trkpt>
<trkpt lat="-13.546955" lon="-71.8904">
<ele>3270.1</ele>
<time>2025-02-05T13:40:49.376Z</time>
</trkpt>
<trkpt lat="-13.546954" lon="-71.890398">
<ele>3269.8</ele>
<time>2025-02-05T13:40:52.273Z</time>
</trkpt>
<trkpt lat="-13.546948" lon="-71.890393">
<ele>3269.8</ele>
<time>2025-02-05T13:40:55.609Z</time>
</trkpt>
<trkpt lat="-13.546949" lon="-71.890392">
<ele>3269.5</ele>
<time>2025-02-05T13:40:58.608Z</time>
</trkpt>
<trkpt lat="-13.546949" lon="-71.890392">
<ele>3269.5</ele>
<time>2025-02-05T13:41:01.609Z</time>
</trkpt>
<trkpt lat="-13.546948" lon="-71.89039">
<ele>3269.5</ele>
<time>2025-02-05T13:41:04.609Z</time>
</trkpt>
<trkpt lat="-13.546949" lon="-71.890389">
<ele>3269.5</ele>
<time>2025-02-05T13:41:07.451Z</time>
</trkpt>
<trkpt lat="-13.546944" lon="-71.890389">
<ele>3269.5</ele>
<time>2025-02-05T13:41:10.608Z</time>
</trkpt>
<trkpt lat="-13.546945" lon="-71.89039">
<ele>3269.5</ele>
<time>2025-02-05T13:41:13.609Z</time>
</trkpt>
<trkpt lat="-13.546943" lon="-71.890389">
<ele>3269.5</ele>
<time>2025-02-05T13:41:16.609Z</time>
</trkpt>
<trkpt lat="-13.546942" lon="-71.890389">
<ele>3269.5</ele>
<time>2025-02-05T13:41:19.609Z</time>
</trkpt>
<trkpt lat="-13.546941" lon="-71.89039">
<ele>3270.1</ele>
<time>2025-02-05T13:41:22.609Z</time>
</trkpt>
<trkpt lat="-13.546917" lon="-71.890382">
<ele>3270.1</ele>
<time>2025-02-05T13:41:25.609Z</time>
</trkpt>
<trkpt lat="-13.546929" lon="-71.89039">
<ele>3269.8</ele>
<time>2025-02-05T13:41:28.687Z</time>
</trkpt>
<trkpt lat="-13.546919" lon="-71.890388">
<ele>3269.8</ele>
<time>2025-02-05T13:41:31.691Z</time>
</trkpt>
<trkpt lat="-13.546913" lon="-71.89038">
<ele>3270.1</ele>
<time>2025-02-05T13:41:34.528Z</time>
</trkpt>
<trkpt lat="-13.546903" lon="-71.89037">
<ele>3270.1</ele>
<time>2025-02-05T13:41:37.685Z</time>
</trkpt>
<trkpt lat="-13.546887" lon="-71.890352">
<ele>3270.1</ele>
<time>2025-02-05T13:41:40.609Z</time>
</trkpt>
<trkpt lat="-13.546859" lon="-71.89034">
<ele>3270.1</ele>
<time>2025-02-05T13:41:43.609Z</time>
</trkpt>
<trkpt lat="-13.546821" lon="-71.890332">
<ele>3270.1</ele>
<time>2025-02-05T13:41:46.432Z</time>
</trkpt>
<trkpt lat="-13.546763" lon="-71.89033">
<ele>3270.6</ele>
<time>2025-02-05T13:41:49.703Z</time>
</trkpt>
<trkpt lat="-13.546768" lon="-71.89033">
<ele>3270.6</ele>
<time>2025-02-05T13:41:52.554Z</time>
</trkpt>
<trkpt lat="-13.546761" lon="-71.890337">
<ele>3270.6</ele>
<time>2025-02-05T13:41:55.700Z</time>
</trkpt>
<trkpt lat="-13.546755" lon="-71.890339">
<ele>3270.6</ele>
<time>2025-02-05T13:41:58.686Z</time>
</trkpt>
<trkpt lat="-13.546756" lon="-71.890329">
<ele>3270.6</ele>
<time>2025-02-05T13:42:01.589Z</time>
</trkpt>
<trkpt lat="-13.546758" lon="-71.890322">
<ele>3270.6</ele>
<time>2025-02-05T13:42:04.691Z</time>
</trkpt>
<trkpt lat="-13.546753" lon="-71.890318">
<ele>3270.6</ele>
<time>2025-02-05T13:42:07.692Z</time>
</trkpt>
<trkpt lat="-13.546736" lon="-71.890311">
<ele>3270.6</ele>
<time>2025-02-05T13:42:10.609Z</time>
</trkpt>
<trkpt lat="-13.546718" lon="-71.890306">
<ele>3270.9</ele>
<time>2025-02-05T13:42:13.681Z</time>
</trkpt>
<trkpt lat="-13.546709" lon="-71.890301">
<ele>3270.9</ele>
<time>2025-02-05T13:42:16.592Z</time>
</trkpt>
<trkpt lat="-13.546689" lon="-71.890297">
<ele>3273.2</ele>
<time>2025-02-05T13:42:19.336Z</time>
</trkpt>
<trkpt lat="-13.546635" lon="-71.890276">
<ele>3273.2</ele>
<time>2025-02-05T13:42:22.608Z</time>
</trkpt>
<trkpt lat="-13.546615" lon="-71.890257">
<ele>3271.8</ele>
<time>2025-02-05T13:42:25.369Z</time>
</trkpt>
<trkpt lat="-13.546607" lon="-71.890252">
<ele>3270.8</ele>
<time>2025-02-05T13:42:28.354Z</time>
</trkpt>
<trkpt lat="-13.546553" lon="-71.890226">
<ele>3270.8</ele>
<time>2025-02-05T13:42:31.608Z</time>
</trkpt>
<trkpt lat="-13.546555" lon="-71.890232">
<ele>3270.8</ele>
<time>2025-02-05T13:42:34.608Z</time>
</trkpt>
<trkpt lat="-13.546564" lon="-71.890227">
<ele>3270.9</ele>
<time>2025-02-05T13:42:37.322Z</time>
</trkpt>
<trkpt lat="-13.546561" lon="-71.890228">
<ele>3270.9</ele>
<time>2025-02-05T13:42:40.608Z</time>
</trkpt>
<trkpt lat="-13.546558" lon="-71.890229">
<ele>3270.9</ele>
<time>2025-02-05T13:42:43.607Z</time>
</trkpt>
<trkpt lat="-13.54656" lon="-71.890229">
<ele>3270.9</ele>
<time>2025-02-05T13:42:46.635Z</time>
</trkpt>
<trkpt lat="-13.546559" lon="-71.89023">
<ele>3270.9</ele>
<time>2025-02-05T13:42:49.634Z</time>
</trkpt>
<trkpt lat="-13.54656" lon="-71.890231">
<ele>3270.9</ele>
<time>2025-02-05T13:42:52.393Z</time>
</trkpt>
<trkpt lat="-13.546561" lon="-71.890242">
<ele>3270.9</ele>
<time>2025-02-05T13:42:55.607Z</time>
</trkpt>
<trkpt lat="-13.546566" lon="-71.890236">
<ele>3270.9</ele>
<time>2025-02-05T13:42:58.608Z</time>
</trkpt>
<trkpt lat="-13.546578" lon="-71.890266">
<ele>3270.9</ele>
<time>2025-02-05T13:43:01.608Z</time>
</trkpt>
<trkpt lat="-13.546579" lon="-71.89027">
<ele>3270.9</ele>
<time>2025-02-05T13:43:04.608Z</time>
</trkpt>
<trkpt lat="-13.54658" lon="-71.890271">
<ele>3271.8</ele>
<time>2025-02-05T13:43:07.608Z</time>
</trkpt>
<trkpt lat="-13.54658" lon="-71.890271">
<ele>3271.8</ele>
<time>2025-02-05T13:43:10.608Z</time>
</trkpt>
<trkpt lat="-13.546576" lon="-71.890263">
<ele>3271.8</ele>
<time>2025-02-05T13:43:13.608Z</time>
</trkpt>
<trkpt lat="-13.546573" lon="-71.890244">
<ele>3270.9</ele>
<time>2025-02-05T13:43:16.680Z</time>
</trkpt>
<trkpt lat="-13.54655" lon="-71.890241">
<ele>3270.9</ele>
<time>2025-02-05T13:43:19.608Z</time>
</trkpt>
<trkpt lat="-13.546566" lon="-71.890246">
<ele>3270.9</ele>
<time>2025-02-05T13:43:22.608Z</time>
</trkpt>
<trkpt lat="-13.546564" lon="-71.890244">
<ele>3273.2</ele>
<time>2025-02-05T13:43:25.693Z</time>
</trkpt>
<trkpt lat="-13.546551" lon="-71.890244">
<ele>3273.2</ele>
<time>2025-02-05T13:43:28.608Z</time>
</trkpt>
<trkpt lat="-13.546538" lon="-71.89024">
<ele>3273.3</ele>
<time>2025-02-05T13:43:31.547Z</time>
</trkpt>
<trkpt lat="-13.546523" lon="-71.890238">
<ele>3273.3</ele>
<time>2025-02-05T13:43:34.682Z</time>
</trkpt>
<trkpt lat="-13.546508" lon="-71.890234">
<ele>3273.3</ele>
<time>2025-02-05T13:43:37.593Z</time>
</trkpt>
<trkpt lat="-13.546489" lon="-71.89023">
<ele>3273.2</ele>
<time>2025-02-05T13:43:40.682Z</time>
</trkpt>
<trkpt lat="-13.546473" lon="-71.890232">
<ele>3273.2</ele>
<time>2025-02-05T13:43:43.688Z</time>
</trkpt>
<trkpt lat="-13.546453" lon="-71.890233">
<ele>3273.5</ele>
<time>2025-02-05T13:43:46.401Z</time>
</trkpt>
<trkpt lat="-13.546429" lon="-71.890208">
<ele>3273.5</ele>
<time>2025-02-05T13:43:49.690Z</time>
</trkpt>
<trkpt lat="-13.546394" lon="-71.890226">
<ele>3273.5</ele>
<time>2025-02-05T13:43:52.608Z</time>
</trkpt>
<trkpt lat="-13.546403" lon="-71.890235">
<ele>3273.5</ele>
<time>2025-02-05T13:43:55.681Z</time>
</trkpt>
<trkpt lat="-13.54641" lon="-71.890232">
<ele>3273.5</ele>
<time>2025-02-05T13:43:58.678Z</time>
</trkpt>
<trkpt lat="-13.546395" lon="-71.890215">
<ele>3273.5</ele>
<time>2025-02-05T13:44:01.608Z</time>
</trkpt>
<trkpt lat="-13.546391" lon="-71.890211">
<ele>3273.5</ele>
<time>2025-02-05T13:44:04.607Z</time>
</trkpt>
<trkpt lat="-13.546383" lon="-71.890207">
<ele>3273.7</ele>
<time>2025-02-05T13:44:07.608Z</time>
</trkpt>
<trkpt lat="-13.54638" lon="-71.890206">
<ele>3273.7</ele>
<time>2025-02-05T13:44:10.608Z</time>
</trkpt>
<trkpt lat="-13.546381" lon="-71.890206">
<ele>3273.7</ele>
<time>2025-02-05T13:44:13.608Z</time>
</trkpt>
<trkpt lat="-13.546375" lon="-71.890203">
<ele>3273.5</ele>
<time>2025-02-05T13:44:16.607Z</time>
</trkpt>
<trkpt lat="-13.546373" lon="-71.890202">
<ele>3273.5</ele>
<time>2025-02-05T13:44:19.608Z</time>
</trkpt>
<trkpt lat="-13.546372" lon="-71.890203">
<ele>3273.5</ele>
<time>2025-02-05T13:44:22.608Z</time>
</trkpt>
<trkpt lat="-13.546372" lon="-71.890202">
<ele>3273.5</ele>
<time>2025-02-05T13:44:25.608Z</time>
</trkpt>
<trkpt lat="-13.546369" lon="-71.890202">
<ele>3273.5</ele>
<time>2025-02-05T13:44:28.608Z</time>
</trkpt>
<trkpt lat="-13.546368" lon="-71.890197">
<ele>3273.5</ele>
<time>2025-02-05T13:44:31.607Z</time>
</trkpt>
<trkpt lat="-13.546374" lon="-71.890192">
<ele>3273.5</ele>
<time>2025-02-05T13:44:34.608Z</time>
</trkpt>
<trkpt lat="-13.546374" lon="-71.890194">
<ele>3273.5</ele>
<time>2025-02-05T13:44:37.608Z</time>
</trkpt>
<trkpt lat="-13.546373" lon="-71.890195">
<ele>3273.2</ele>
<time>2025-02-05T13:44:40.608Z</time>
</trkpt>
<trkpt lat="-13.546373" lon="-71.890195">
<ele>3273.2</ele>
<time>2025-02-05T13:44:43.608Z</time>
</trkpt>
<trkpt lat="-13.546373" lon="-71.890195">
<ele>3273.5</ele>
<time>2025-02-05T13:44:46.608Z</time>
</trkpt>
<trkpt lat="-13.546373" lon="-71.890195">
<ele>3273.5</ele>
<time>2025-02-05T13:44:49.608Z</time>
</trkpt>
<trkpt lat="-13.546373" lon="-71.890195">
<ele>3273.2</ele>
<time>2025-02-05T13:44:52.609Z</time>
</trkpt>
<trkpt lat="-13.546376" lon="-71.890196">
<ele>3273.2</ele>
<time>2025-02-05T13:44:55.607Z</time>
</trkpt>
<trkpt lat="-13.546376" lon="-71.890197">
<ele>3273.5</ele>
<time>2025-02-05T13:44:58.608Z</time>
</trkpt>
<trkpt lat="-13.546376" lon="-71.890197">
<ele>3273.5</ele>
<time>2025-02-05T13:45:01.607Z</time>
</trkpt>
<trkpt lat="-13.546376" lon="-71.890197">
<ele>3273.5</ele>
<time>2025-02-05T13:45:04.608Z</time>
</trkpt>
<trkpt lat="-13.546376" lon="-71.890198">
<ele>3273.5</ele>
<time>2025-02-05T13:45:07.608Z</time>
</trkpt>
<trkpt lat="-13.546376" lon="-71.890198">
<ele>3273.5</ele>
<time>2025-02-05T13:45:10.608Z</time>
</trkpt>
<trkpt lat="-13.546376" lon="-71.890198">
<ele>3273.5</ele>
<time>2025-02-05T13:45:13.608Z</time>
</trkpt>
<trkpt lat="-13.546376" lon="-71.890199">
<ele>3273.5</ele>
<time>2025-02-05T13:45:16.608Z</time>
</trkpt>
<trkpt lat="-13.546376" lon="-71.890199">
<ele>3273.5</ele>
<time>2025-02-05T13:45:19.608Z</time>
</trkpt>
<trkpt lat="-13.546376" lon="-71.890199">
<ele>3273.3</ele>
<time>2025-02-05T13:45:22.608Z</time>
</trkpt>
<trkpt lat="-13.546376" lon="-71.890199">
<ele>3273.3</ele>
<time>2025-02-05T13:45:25.608Z</time>
</trkpt>
<trkpt lat="-13.546377" lon="-71.890199">
<ele>3273.3</ele>
<time>2025-02-05T13:45:28.608Z</time>
</trkpt>
<trkpt lat="-13.546377" lon="-71.8902">
<ele>3273.3</ele>
<time>2025-02-05T13:45:31.607Z</time>
</trkpt>
<trkpt lat="-13.546377" lon="-71.8902">
<ele>3273.3</ele>
<time>2025-02-05T13:45:34.608Z</time>
</trkpt>
<trkpt lat="-13.546377" lon="-71.8902">
<ele>3273.3</ele>
<time>2025-02-05T13:45:37.607Z</time>
</trkpt>
<trkpt lat="-13.546377" lon="-71.8902">
<ele>3273.2</ele>
<time>2025-02-05T13:45:40.608Z</time>
</trkpt>
<trkpt lat="-13.546377" lon="-71.890201">
<ele>3273.2</ele>
<time>2025-02-05T13:45:43.608Z</time>
</trkpt>
<trkpt lat="-13.546377" lon="-71.890201">
<ele>3273.5</ele>
<time>2025-02-05T13:45:46.607Z</time>
</trkpt>
<trkpt lat="-13.546377" lon="-71.890201">
<ele>3273.5</ele>
<time>2025-02-05T13:45:49.608Z</time>
</trkpt>
<trkpt lat="-13.546377" lon="-71.890201">
<ele>3273.5</ele>
<time>2025-02-05T13:45:52.608Z</time>
</trkpt>
<trkpt lat="-13.546377" lon="-71.890201">
<ele>3273.3</ele>
<time>2025-02-05T13:45:55.608Z</time>
</trkpt>
<trkpt lat="-13.546377" lon="-71.890202">
<ele>3273.3</ele>
<time>2025-02-05T13:45:58.608Z</time>
</trkpt>
<trkpt lat="-13.546377" lon="-71.890202">
<ele>3273.5</ele>
<time>2025-02-05T13:46:01.608Z</time>
</trkpt>
<trkpt lat="-13.546372" lon="-71.89021">
<ele>3273.5</ele>
<time>2025-02-05T13:46:04.608Z</time>
</trkpt>
<trkpt lat="-13.546375" lon="-71.890211">
<ele>3273.5</ele>
<time>2025-02-05T13:46:07.608Z</time>
</trkpt>
<trkpt lat="-13.546376" lon="-71.890211">
<ele>3273.5</ele>
<time>2025-02-05T13:46:10.608Z</time>
</trkpt>
<trkpt lat="-13.546376" lon="-71.890211">
<ele>3273.5</ele>
<time>2025-02-05T13:46:13.608Z</time>
</trkpt>
<trkpt lat="-13.546376" lon="-71.890211">
<ele>3273.5</ele>
<time>2025-02-05T13:46:16.608Z</time>
</trkpt>
<trkpt lat="-13.546376" lon="-71.890211">
<ele>3273.5</ele>
<time>2025-02-05T13:46:19.608Z</time>
</trkpt>
<trkpt lat="-13.546376" lon="-71.890212">
<ele>3273.5</ele>
<time>2025-02-05T13:46:22.608Z</time>
</trkpt>
<trkpt lat="-13.546375" lon="-71.89022">
<ele>3273.2</ele>
<time>2025-02-05T13:46:25.607Z</time>
</trkpt>
<trkpt lat="-13.546374" lon="-71.890221">
<ele>3273.2</ele>
<time>2025-02-05T13:46:28.608Z</time>
</trkpt>
<trkpt lat="-13.546374" lon="-71.890221">
<ele>3273.2</ele>
<time>2025-02-05T13:46:31.607Z</time>
</trkpt>
<trkpt lat="-13.546374" lon="-71.890221">
<ele>3273.5</ele>
<time>2025-02-05T13:46:34.608Z</time>
</trkpt>
<trkpt lat="-13.546374" lon="-71.890221">
<ele>3273.5</ele>
<time>2025-02-05T13:46:37.608Z</time>
</trkpt>
<trkpt lat="-13.546374" lon="-71.890222">
<ele>3273.5</ele>
<time>2025-02-05T13:46:40.608Z</time>
</trkpt>
<trkpt lat="-13.546374" lon="-71.890222">
<ele>3273.5</ele>
<time>2025-02-05T13:46:43.607Z</time>
</trkpt>
<trkpt lat="-13.546374" lon="-71.890222">
<ele>3273.2</ele>
<time>2025-02-05T13:46:46.608Z</time>
</trkpt>
<trkpt lat="-13.546374" lon="-71.890222">
<ele>3273.2</ele>
<time>2025-02-05T13:46:49.607Z</time>
</trkpt>
<trkpt lat="-13.546374" lon="-71.890222">
<ele>3273.2</ele>
<time>2025-02-05T13:46:52.608Z</time>
</trkpt>
<trkpt lat="-13.546374" lon="-71.890222">
<ele>3273.2</ele>
<time>2025-02-05T13:46:55.608Z</time>
</trkpt>
<trkpt lat="-13.546374" lon="-71.890222">
<ele>3273.2</ele>
<time>2025-02-05T13:46:58.608Z</time>
</trkpt>
<trkpt lat="-13.546374" lon="-71.890222">
<ele>3273.2</ele>
<time>2025-02-05T13:47:01.608Z</time>
</trkpt>
<trkpt lat="-13.546374" lon="-71.890222">
<ele>3273.5</ele>
<time>2025-02-05T13:47:04.608Z</time>
</trkpt>
<trkpt lat="-13.546374" lon="-71.890222">
<ele>3273.5</ele>
<time>2025-02-05T13:47:07.608Z</time>
</trkpt>
<trkpt lat="-13.546374" lon="-71.890222">
<ele>3273.2</ele>
<time>2025-02-05T13:47:10.608Z</time>
</trkpt>
<trkpt lat="-13.546375" lon="-71.890222">
<ele>3273.2</ele>
<time>2025-02-05T13:47:13.608Z</time>
</trkpt>
<trkpt lat="-13.546377" lon="-71.890221">
<ele>3273.2</ele>
<time>2025-02-05T13:47:16.608Z</time>
</trkpt>
<trkpt lat="-13.546376" lon="-71.89022">
<ele>3270.6</ele>
<time>2025-02-05T13:47:19.607Z</time>
</trkpt>
<trkpt lat="-13.546376" lon="-71.890221">
<ele>3270.6</ele>
<time>2025-02-05T13:47:22.607Z</time>
</trkpt>
<trkpt lat="-13.54638" lon="-71.890221">
<ele>3270.6</ele>
<time>2025-02-05T13:47:25.608Z</time>
</trkpt>
<trkpt lat="-13.54638" lon="-71.890221">
<ele>3270.6</ele>
<time>2025-02-05T13:47:28.608Z</time>
</trkpt>
<trkpt lat="-13.54638" lon="-71.890221">
<ele>3270.8</ele>
<time>2025-02-05T13:47:31.608Z</time>
</trkpt>
<trkpt lat="-13.54638" lon="-71.890221">
<ele>3270.8</ele>
<time>2025-02-05T13:47:34.608Z</time>
</trkpt>
<trkpt lat="-13.546378" lon="-71.890224">
<ele>3270.8</ele>
<time>2025-02-05T13:47:37.608Z</time>
</trkpt>
<trkpt lat="-13.546379" lon="-71.890224">
<ele>3273.2</ele>
<time>2025-02-05T13:47:40.608Z</time>
</trkpt>
<trkpt lat="-13.546379" lon="-71.890224">
<ele>3273.2</ele>
<time>2025-02-05T13:47:43.608Z</time>
</trkpt>
<trkpt lat="-13.546382" lon="-71.890226">
<ele>3273.2</ele>
<time>2025-02-05T13:47:46.608Z</time>
</trkpt>
<trkpt lat="-13.546382" lon="-71.890226">
<ele>3273.2</ele>
<time>2025-02-05T13:47:49.608Z</time>
</trkpt>
<trkpt lat="-13.546383" lon="-71.890227">
<ele>3270.9</ele>
<time>2025-02-05T13:47:52.608Z</time>
</trkpt>
<trkpt lat="-13.546383" lon="-71.890227">
<ele>3273.2</ele>
<time>2025-02-05T13:47:57.608Z</time>
</trkpt>
<trkpt lat="-13.546383" lon="-71.890227">
<ele>3273.2</ele>
<time>2025-02-05T13:48:00.608Z</time>
</trkpt>
<trkpt lat="-13.546384" lon="-71.890227">
<ele>3273.2</ele>
<time>2025-02-05T13:48:03.608Z</time>
</trkpt>
<trkpt lat="-13.546384" lon="-71.890227">
<ele>3273.5</ele>
<time>2025-02-05T13:48:06.606Z</time>
</trkpt>
<trkpt lat="-13.546384" lon="-71.890227">
<ele>3273.5</ele>
<time>2025-02-05T13:48:09.607Z</time>
</trkpt>
<trkpt lat="-13.546384" lon="-71.890227">
<ele>3270.6</ele>
<time>2025-02-05T13:48:12.607Z</time>
</trkpt>
<trkpt lat="-13.546384" lon="-71.890227">
<ele>3270.6</ele>
<time>2025-02-05T13:48:15.607Z</time>
</trkpt>
<trkpt lat="-13.546384" lon="-71.890227">
<ele>3270.6</ele>
<time>2025-02-05T13:48:18.606Z</time>
</trkpt>
<trkpt lat="-13.546385" lon="-71.890227">
<ele>3270.6</ele>
<time>2025-02-05T13:48:21.607Z</time>
</trkpt>
<trkpt lat="-13.546385" lon="-71.890227">
<ele>3270.6</ele>
<time>2025-02-05T13:48:24.607Z</time>
</trkpt>
<trkpt lat="-13.546385" lon="-71.890226">
<ele>3270.6</ele>
<time>2025-02-05T13:48:27.607Z</time>
</trkpt>
<trkpt lat="-13.546385" lon="-71.890227">
<ele>3273.2</ele>
<time>2025-02-05T13:48:30.605Z</time>
</trkpt>
<trkpt lat="-13.546385" lon="-71.890227">
<ele>3273.2</ele>
<time>2025-02-05T13:48:33.607Z</time>
</trkpt>
<trkpt lat="-13.546384" lon="-71.890227">
<ele>3273.3</ele>
<time>2025-02-05T13:48:36.607Z</time>
</trkpt>
<trkpt lat="-13.546385" lon="-71.890228">
<ele>3273.3</ele>
<time>2025-02-05T13:48:39.607Z</time>
</trkpt>
<trkpt lat="-13.546385" lon="-71.890229">
<ele>3273.3</ele>
<time>2025-02-05T13:48:42.607Z</time>
</trkpt>
<trkpt lat="-13.546385" lon="-71.89023">
<ele>3273.5</ele>
<time>2025-02-05T13:48:45.607Z</time>
</trkpt>
<trkpt lat="-13.546385" lon="-71.890231">
<ele>3273.5</ele>
<time>2025-02-05T13:48:48.607Z</time>
</trkpt>
<trkpt lat="-13.546385" lon="-71.890231">
<ele>3273.5</ele>
<time>2025-02-05T13:48:51.607Z</time>
</trkpt>
<trkpt lat="-13.546385" lon="-71.890231">
<ele>3273.5</ele>
<time>2025-02-05T13:48:54.607Z</time>
</trkpt>
<trkpt lat="-13.546385" lon="-71.890231">
<ele>3273.5</ele>
<time>2025-02-05T13:48:57.607Z</time>
</trkpt>
<trkpt lat="-13.546385" lon="-71.890231">
<ele>3273.5</ele>
<time>2025-02-05T13:49:00.607Z</time>
</trkpt>
<trkpt lat="-13.546385" lon="-71.890232">
<ele>3273.5</ele>
<time>2025-02-05T13:49:03.607Z</time>
</trkpt>
<trkpt lat="-13.546385" lon="-71.890232">
<ele>3273.3</ele>
<time>2025-02-05T13:49:06.607Z</time>
</trkpt>
<trkpt lat="-13.546385" lon="-71.890232">
<ele>3273.3</ele>
<time>2025-02-05T13:49:09.607Z</time>
</trkpt>
<trkpt lat="-13.546385" lon="-71.890232">
<ele>3273.3</ele>
<time>2025-02-05T13:49:12.607Z</time>
</trkpt>
<trkpt lat="-13.546385" lon="-71.890233">
<ele>3273.2</ele>
<time>2025-02-05T13:49:15.607Z</time>
</trkpt>
<trkpt lat="-13.546385" lon="-71.890233">
<ele>3273.2</ele>
<time>2025-02-05T13:49:18.607Z</time>
</trkpt>
<trkpt lat="-13.546386" lon="-71.890235">
<ele>3273.5</ele>
<time>2025-02-05T13:49:21.607Z</time>
</trkpt>
<trkpt lat="-13.546387" lon="-71.890237">
<ele>3273.5</ele>
<time>2025-02-05T13:49:24.607Z</time>
</trkpt>
<trkpt lat="-13.546387" lon="-71.890237">
<ele>3273.5</ele>
<time>2025-02-05T13:49:27.607Z</time>
</trkpt>
<trkpt lat="-13.546387" lon="-71.890237">
<ele>3273.2</ele>
<time>2025-02-05T13:49:30.606Z</time>
</trkpt>
<trkpt lat="-13.546387" lon="-71.890238">
<ele>3273.2</ele>
<time>2025-02-05T13:49:33.607Z</time>
</trkpt>
<trkpt lat="-13.546387" lon="-71.890238">
<ele>3273.2</ele>
<time>2025-02-05T13:49:36.606Z</time>
</trkpt>
<trkpt lat="-13.546387" lon="-71.890238">
<ele>3273.2</ele>
<time>2025-02-05T13:49:39.607Z</time>
</trkpt>
<trkpt lat="-13.546387" lon="-71.890238">
<ele>3273.2</ele>
<time>2025-02-05T13:49:42.607Z</time>
</trkpt>
<trkpt lat="-13.546386" lon="-71.890238">
<ele>3273.2</ele>
<time>2025-02-05T13:49:45.606Z</time>
</trkpt>
<trkpt lat="-13.546386" lon="-71.890238">
<ele>3273.2</ele>
<time>2025-02-05T13:49:48.607Z</time>
</trkpt>
<trkpt lat="-13.546386" lon="-71.890238">
<ele>3273.2</ele>
<time>2025-02-05T13:49:51.607Z</time>
</trkpt>
<trkpt lat="-13.546386" lon="-71.890238">
<ele>3270.9</ele>
<time>2025-02-05T13:49:54.607Z</time>
</trkpt>
<trkpt lat="-13.546386" lon="-71.890238">
<ele>3270.9</ele>
<time>2025-02-05T13:49:57.606Z</time>
</trkpt>
<trkpt lat="-13.546386" lon="-71.890238">
<ele>3273.2</ele>
<time>2025-02-05T13:50:00.607Z</time>
</trkpt>
<trkpt lat="-13.546386" lon="-71.890238">
<ele>3273.2</ele>
<time>2025-02-05T13:50:03.607Z</time>
</trkpt>
<trkpt lat="-13.546386" lon="-71.890239">
<ele>3273.2</ele>
<time>2025-02-05T13:50:06.607Z</time>
</trkpt>
<trkpt lat="-13.546386" lon="-71.890239">
<ele>3273.2</ele>
<time>2025-02-05T13:50:09.607Z</time>
</trkpt>
<trkpt lat="-13.546386" lon="-71.890239">
<ele>3273.2</ele>
<time>2025-02-05T13:50:12.607Z</time>
</trkpt>
<trkpt lat="-13.546386" lon="-71.890239">
<ele>3273.2</ele>
<time>2025-02-05T13:50:15.607Z</time>
</trkpt>
<trkpt lat="-13.546386" lon="-71.890239">
<ele>3273.5</ele>
<time>2025-02-05T13:50:18.607Z</time>
</trkpt>
<trkpt lat="-13.546386" lon="-71.890239">
<ele>3273.5</ele>
<time>2025-02-05T13:50:21.607Z</time>
</trkpt>
<trkpt lat="-13.546386" lon="-71.890239">
<ele>3273.5</ele>
<time>2025-02-05T13:50:24.607Z</time>
</trkpt>
<trkpt lat="-13.546386" lon="-71.890239">
<ele>3273.5</ele>
<time>2025-02-05T13:50:27.607Z</time>
</trkpt>
<trkpt lat="-13.546386" lon="-71.890239">
<ele>3273.5</ele>
<time>2025-02-05T13:50:30.607Z</time>
</trkpt>
<trkpt lat="-13.546386" lon="-71.890239">
<ele>3273.5</ele>
<time>2025-02-05T13:50:33.607Z</time>
</trkpt>
<trkpt lat="-13.546386" lon="-71.890239">
<ele>3273.5</ele>
<time>2025-02-05T13:50:36.607Z</time>
</trkpt>
<trkpt lat="-13.546386" lon="-71.890239">
<ele>3273.5</ele>
<time>2025-02-05T13:50:39.606Z</time>
</trkpt>
<trkpt lat="-13.546386" lon="-71.890239">
<ele>3273.5</ele>
<time>2025-02-05T13:50:42.607Z</time>
</trkpt>
<trkpt lat="-13.546386" lon="-71.890239">
<ele>3273.5</ele>
<time>2025-02-05T13:50:45.607Z</time>
</trkpt>
<trkpt lat="-13.546386" lon="-71.890239">
<ele>3273.5</ele>
<time>2025-02-05T13:50:48.607Z</time>
</trkpt>
<trkpt lat="-13.546386" lon="-71.890239">
<ele>3273.5</ele>
<time>2025-02-05T13:50:51.607Z</time>
</trkpt>
<trkpt lat="-13.546386" lon="-71.890239">
<ele>3273.5</ele>
<time>2025-02-05T13:50:54.607Z</time>
</trkpt>
<trkpt lat="-13.546385" lon="-71.890238">
<ele>3273.5</ele>
<time>2025-02-05T13:50:57.607Z</time>
</trkpt>
<trkpt lat="-13.546385" lon="-71.890239">
<ele>3273.5</ele>
<time>2025-02-05T13:51:00.606Z</time>
</trkpt>
<trkpt lat="-13.546385" lon="-71.890239">
<ele>3273.5</ele>
<time>2025-02-05T13:51:03.607Z</time>
</trkpt>
<trkpt lat="-13.546385" lon="-71.89024">
<ele>3273.5</ele>
<time>2025-02-05T13:51:06.606Z</time>
</trkpt>
<trkpt lat="-13.546385" lon="-71.89024">
<ele>3273.5</ele>
<time>2025-02-05T13:51:09.607Z</time>
</trkpt>
<trkpt lat="-13.546385" lon="-71.89024">
<ele>3273.5</ele>
<time>2025-02-05T13:51:12.607Z</time>
</trkpt>
<trkpt lat="-13.546385" lon="-71.89024">
<ele>3273.5</ele>
<time>2025-02-05T13:51:15.607Z</time>
</trkpt>
<trkpt lat="-13.546385" lon="-71.89024">
<ele>3273.5</ele>
<time>2025-02-05T13:51:18.607Z</time>
</trkpt>
<trkpt lat="-13.546385" lon="-71.890241">
<ele>3273.5</ele>
<time>2025-02-05T13:51:21.607Z</time>
</trkpt>
<trkpt lat="-13.546385" lon="-71.890241">
<ele>3273.3</ele>
<time>2025-02-05T13:51:24.607Z</time>
</trkpt>
<trkpt lat="-13.546385" lon="-71.890242">
<ele>3273.3</ele>
<time>2025-02-05T13:51:27.606Z</time>
</trkpt>
<trkpt lat="-13.546385" lon="-71.890242">
<ele>3273.2</ele>
<time>2025-02-05T13:51:30.606Z</time>
</trkpt>
<trkpt lat="-13.546385" lon="-71.890242">
<ele>3273.2</ele>
<time>2025-02-05T13:51:33.606Z</time>
</trkpt>
<trkpt lat="-13.546385" lon="-71.890242">
<ele>3273.2</ele>
<time>2025-02-05T13:51:36.607Z</time>
</trkpt>
<trkpt lat="-13.546386" lon="-71.890243">
<ele>3273.3</ele>
<time>2025-02-05T13:51:39.607Z</time>
</trkpt>
<trkpt lat="-13.546386" lon="-71.890243">
<ele>3273.3</ele>
<time>2025-02-05T13:51:42.607Z</time>
</trkpt>
<trkpt lat="-13.546386" lon="-71.890243">
<ele>3273.3</ele>
<time>2025-02-05T13:51:45.607Z</time>
</trkpt>
<trkpt lat="-13.546386" lon="-71.890243">
<ele>3273.2</ele>
<time>2025-02-05T13:51:48.607Z</time>
</trkpt>
<trkpt lat="-13.546386" lon="-71.890243">
<ele>3273.2</ele>
<time>2025-02-05T13:51:51.607Z</time>
</trkpt>
<trkpt lat="-13.546386" lon="-71.890244">
<ele>3273.2</ele>
<time>2025-02-05T13:51:54.607Z</time>
</trkpt>
<trkpt lat="-13.546386" lon="-71.890244">
<ele>3273.2</ele>
<time>2025-02-05T13:51:57.606Z</time>
</trkpt>
<trkpt lat="-13.546386" lon="-71.890244">
<ele>3273.2</ele>
<time>2025-02-05T13:52:00.607Z</time>
</trkpt>
<trkpt lat="-13.546386" lon="-71.890244">
<ele>3273.5</ele>
<time>2025-02-05T13:52:03.607Z</time>
</trkpt>
<trkpt lat="-13.546386" lon="-71.890244">
<ele>3273.5</ele>
<time>2025-02-05T13:52:06.606Z</time>
</trkpt>
<trkpt lat="-13.546385" lon="-71.890244">
<ele>3273.5</ele>
<time>2025-02-05T13:52:09.606Z</time>
</trkpt>
<trkpt lat="-13.546385" lon="-71.890244">
<ele>3273.5</ele>
<time>2025-02-05T13:52:12.607Z</time>
</trkpt>
<trkpt lat="-13.546385" lon="-71.890244">
<ele>3273.5</ele>
<time>2025-02-05T13:52:15.607Z</time>
</trkpt>
<trkpt lat="-13.546385" lon="-71.890245">
<ele>3273.5</ele>
<time>2025-02-05T13:52:18.607Z</time>
</trkpt>
<trkpt lat="-13.546386" lon="-71.890245">
<ele>3273.5</ele>
<time>2025-02-05T13:52:21.607Z</time>
</trkpt>
<trkpt lat="-13.546386" lon="-71.890245">
<ele>3273.5</ele>
<time>2025-02-05T13:52:24.608Z</time>
</trkpt>
<trkpt lat="-13.546386" lon="-71.890245">
<ele>3273.5</ele>
<time>2025-02-05T13:52:27.607Z</time>
</trkpt>
<trkpt lat="-13.546386" lon="-71.890245">
<ele>3273.5</ele>
<time>2025-02-05T13:52:30.607Z</time>
</trkpt>
<trkpt lat="-13.546386" lon="-71.890245">
<ele>3273.2</ele>
<time>2025-02-05T13:52:33.607Z</time>
</trkpt>
<trkpt lat="-13.546386" lon="-71.890245">
<ele>3273.2</ele>
<time>2025-02-05T13:52:36.607Z</time>
</trkpt>
<trkpt lat="-13.546386" lon="-71.890245">
<ele>3273.2</ele>
<time>2025-02-05T13:52:39.607Z</time>
</trkpt>
<trkpt lat="-13.546386" lon="-71.890246">
<ele>3273.8</ele>
<time>2025-02-05T13:52:42.607Z</time>
</trkpt>
<trkpt lat="-13.546386" lon="-71.890246">
<ele>3273.8</ele>
<time>2025-02-05T13:52:45.606Z</time>
</trkpt>
<trkpt lat="-13.546386" lon="-71.890246">
<ele>3273.5</ele>
<time>2025-02-05T13:52:48.607Z</time>
</trkpt>
<trkpt lat="-13.546386" lon="-71.890246">
<ele>3273.5</ele>
<time>2025-02-05T13:52:51.606Z</time>
</trkpt>
<trkpt lat="-13.546386" lon="-71.890246">
<ele>3273.5</ele>
<time>2025-02-05T13:52:54.606Z</time>
</trkpt>
<trkpt lat="-13.546386" lon="-71.890246">
<ele>3273.5</ele>
<time>2025-02-05T13:52:57.607Z</time>
</trkpt>
<trkpt lat="-13.546386" lon="-71.890246">
<ele>3273.5</ele>
<time>2025-02-05T13:53:00.607Z</time>
</trkpt>
<trkpt lat="-13.546386" lon="-71.890246">
<ele>3273.5</ele>
<time>2025-02-05T13:53:03.607Z</time>
</trkpt>
<trkpt lat="-13.546386" lon="-71.890247">
<ele>3273.5</ele>
<time>2025-02-05T13:53:06.607Z</time>
</trkpt>
<trkpt lat="-13.546386" lon="-71.890247">
<ele>3273.5</ele>
<time>2025-02-05T13:53:09.607Z</time>
</trkpt>
<trkpt lat="-13.546386" lon="-71.890247">
<ele>3273.5</ele>
<time>2025-02-05T13:53:12.607Z</time>
</trkpt>
<trkpt lat="-13.546386" lon="-71.890247">
<ele>3273.5</ele>
<time>2025-02-05T13:53:15.607Z</time>
</trkpt>
<trkpt lat="-13.546386" lon="-71.890247">
<ele>3273.5</ele>
<time>2025-02-05T13:53:18.607Z</time>
</trkpt>
<trkpt lat="-13.546386" lon="-71.890247">
<ele>3273.5</ele>
<time>2025-02-05T13:53:21.607Z</time>
</trkpt>
<trkpt lat="-13.546386" lon="-71.890248">
<ele>3273.5</ele>
<time>2025-02-05T13:53:24.607Z</time>
</trkpt>
<trkpt lat="-13.546386" lon="-71.890248">
<ele>3273.5</ele>
<time>2025-02-05T13:53:27.607Z</time>
</trkpt>
<trkpt lat="-13.546387" lon="-71.890248">
<ele>3273.5</ele>
<time>2025-02-05T13:53:30.607Z</time>
</trkpt>
<trkpt lat="-13.546387" lon="-71.890249">
<ele>3273.5</ele>
<time>2025-02-05T13:53:33.607Z</time>
</trkpt>
<trkpt lat="-13.546387" lon="-71.890249">
<ele>3273.5</ele>
<time>2025-02-05T13:53:36.607Z</time>
</trkpt>
<trkpt lat="-13.546387" lon="-71.890249">
<ele>3273.5</ele>
<time>2025-02-05T13:53:39.607Z</time>
</trkpt>
<trkpt lat="-13.546387" lon="-71.89025">
<ele>3273.5</ele>
<time>2025-02-05T13:53:42.607Z</time>
</trkpt>
<trkpt lat="-13.546387" lon="-71.890249">
<ele>3273.5</ele>
<time>2025-02-05T13:53:45.607Z</time>
</trkpt>
<trkpt lat="-13.546387" lon="-71.890249">
<ele>3273.5</ele>
<time>2025-02-05T13:53:48.607Z</time>
</trkpt>
<trkpt lat="-13.546387" lon="-71.890249">
<ele>3273.5</ele>
<time>2025-02-05T13:53:51.607Z</time>
</trkpt>
<trkpt lat="-13.546387" lon="-71.890249">
<ele>3273.5</ele>
<time>2025-02-05T13:53:54.607Z</time>
</trkpt>
<trkpt lat="-13.546387" lon="-71.890249">
<ele>3273.5</ele>
<time>2025-02-05T13:53:57.607Z</time>
</trkpt>
<trkpt lat="-13.546387" lon="-71.890249">
<ele>3273.5</ele>
<time>2025-02-05T13:54:00.607Z</time>
</trkpt>
<trkpt lat="-13.546387" lon="-71.890249">
<ele>3273.5</ele>
<time>2025-02-05T13:54:03.607Z</time>
</trkpt>
<trkpt lat="-13.546387" lon="-71.890249">
<ele>3273.2</ele>
<time>2025-02-05T13:54:06.607Z</time>
</trkpt>
<trkpt lat="-13.546387" lon="-71.890249">
<ele>3273.2</ele>
<time>2025-02-05T13:54:09.607Z</time>
</trkpt>
<trkpt lat="-13.546387" lon="-71.890249">
<ele>3273.2</ele>
<time>2025-02-05T13:54:12.607Z</time>
</trkpt>
<trkpt lat="-13.546387" lon="-71.890249">
<ele>3273.2</ele>
<time>2025-02-05T13:54:15.607Z</time>
</trkpt>
<trkpt lat="-13.546387" lon="-71.890249">
<ele>3273.2</ele>
<time>2025-02-05T13:54:18.607Z</time>
</trkpt>
<trkpt lat="-13.546387" lon="-71.89025">
<ele>3273.5</ele>
<time>2025-02-05T13:54:21.607Z</time>
</trkpt>
<trkpt lat="-13.546387" lon="-71.89025">
<ele>3273.5</ele>
<time>2025-02-05T13:54:24.607Z</time>
</trkpt>
<trkpt lat="-13.546387" lon="-71.89025">
<ele>3273.5</ele>
<time>2025-02-05T13:54:27.606Z</time>
</trkpt>
<trkpt lat="-13.546387" lon="-71.89025">
<ele>3273.5</ele>
<time>2025-02-05T13:54:30.606Z</time>
</trkpt>
<trkpt lat="-13.546387" lon="-71.89025">
<ele>3273.5</ele>
<time>2025-02-05T13:54:33.606Z</time>
</trkpt>
<trkpt lat="-13.546387" lon="-71.89025">
<ele>3273.5</ele>
<time>2025-02-05T13:54:36.606Z</time>
</trkpt>
<trkpt lat="-13.546387" lon="-71.89025">
<ele>3273.5</ele>
<time>2025-02-05T13:54:39.605Z</time>
</trkpt>
<trkpt lat="-13.546387" lon="-71.89025">
<ele>3273.5</ele>
<time>2025-02-05T13:54:42.606Z</time>
</trkpt>
<trkpt lat="-13.546387" lon="-71.89025">
<ele>3273.5</ele>
<time>2025-02-05T13:54:45.605Z</time>
</trkpt>
<trkpt lat="-13.546387" lon="-71.89025">
<ele>3273.5</ele>
<time>2025-02-05T13:54:48.606Z</time>
</trkpt>
<trkpt lat="-13.546387" lon="-71.89025">
<ele>3271.8</ele>
<time>2025-02-05T13:54:51.605Z</time>
</trkpt>
<trkpt lat="-13.546387" lon="-71.89025">
<ele>3273.5</ele>
<time>2025-02-05T13:54:54.606Z</time>
</trkpt>
<trkpt lat="-13.546388" lon="-71.89025">
<ele>3273.5</ele>
<time>2025-02-05T13:54:57.606Z</time>
</trkpt>
<trkpt lat="-13.546388" lon="-71.890251">
<ele>3273.5</ele>
<time>2025-02-05T13:55:00.605Z</time>
</trkpt>
<trkpt lat="-13.546388" lon="-71.890251">
<ele>3273.5</ele>
<time>2025-02-05T13:55:03.606Z</time>
</trkpt>
<trkpt lat="-13.546388" lon="-71.890251">
<ele>3273.8</ele>
<time>2025-02-05T13:55:06.606Z</time>
</trkpt>
<trkpt lat="-13.546388" lon="-71.890251">
<ele>3273.5</ele>
<time>2025-02-05T13:55:09.606Z</time>
</trkpt>
<trkpt lat="-13.546388" lon="-71.890251">
<ele>3273.5</ele>
<time>2025-02-05T13:55:12.606Z</time>
</trkpt>
<trkpt lat="-13.546388" lon="-71.890251">
<ele>3273.5</ele>
<time>2025-02-05T13:55:15.605Z</time>
</trkpt>
<trkpt lat="-13.546388" lon="-71.890251">
<ele>3273.5</ele>
<time>2025-02-05T13:55:18.605Z</time>
</trkpt>
<trkpt lat="-13.546388" lon="-71.890251">
<ele>3273.5</ele>
<time>2025-02-05T13:55:21.606Z</time>
</trkpt>
<trkpt lat="-13.546388" lon="-71.890251">
<ele>3273.5</ele>
<time>2025-02-05T13:55:24.606Z</time>
</trkpt>
<trkpt lat="-13.546388" lon="-71.890252">
<ele>3273.5</ele>
<time>2025-02-05T13:55:27.606Z</time>
</trkpt>
<trkpt lat="-13.546391" lon="-71.890256">
<ele>3273.5</ele>
<time>2025-02-05T13:55:30.606Z</time>
</trkpt>
<trkpt lat="-13.546396" lon="-71.89025">
<ele>3273.5</ele>
<time>2025-02-05T13:55:33.678Z</time>
</trkpt>
<trkpt lat="-13.546401" lon="-71.890253">
<ele>3273.5</ele>
<time>2025-02-05T13:55:36.606Z</time>
</trkpt>
<trkpt lat="-13.546418" lon="-71.890254">
<ele>3273.5</ele>
<time>2025-02-05T13:55:39.606Z</time>
</trkpt>
<trkpt lat="-13.546463" lon="-71.890255">
<ele>3271.8</ele>
<time>2025-02-05T13:55:42.684Z</time>
</trkpt>
<trkpt lat="-13.546481" lon="-71.890261">
<ele>3271.8</ele>
<time>2025-02-05T13:55:45.606Z</time>
</trkpt>
<trkpt lat="-13.546519" lon="-71.890274">
<ele>3270.8</ele>
<time>2025-02-05T13:55:48.533Z</time>
</trkpt>
<trkpt lat="-13.54655" lon="-71.890273">
<ele>3270.8</ele>
<time>2025-02-05T13:55:51.606Z</time>
</trkpt>
<trkpt lat="-13.546583" lon="-71.890263">
<ele>3270.9</ele>
<time>2025-02-05T13:55:54.606Z</time>
</trkpt>
<trkpt lat="-13.546608" lon="-71.890271">
<ele>3270.8</ele>
<time>2025-02-05T13:55:57.370Z</time>
</trkpt>
<trkpt lat="-13.546639" lon="-71.890271">
<ele>3270.8</ele>
<time>2025-02-05T13:56:00.431Z</time>
</trkpt>
<trkpt lat="-13.546678" lon="-71.89029">
<ele>3270.6</ele>
<time>2025-02-05T13:56:03.154Z</time>
</trkpt>
<trkpt lat="-13.546706" lon="-71.890307">
<ele>3270.6</ele>
<time>2025-02-05T13:56:06.210Z</time>
</trkpt>
<trkpt lat="-13.546731" lon="-71.89033">
<ele>3270.6</ele>
<time>2025-02-05T13:56:09.216Z</time>
</trkpt>
<trkpt lat="-13.546761" lon="-71.890351">
<ele>3270.6</ele>
<time>2025-02-05T13:56:12.396Z</time>
</trkpt>
<trkpt lat="-13.546785" lon="-71.890362">
<ele>3270.1</ele>
<time>2025-02-05T13:56:15.254Z</time>
</trkpt>
<trkpt lat="-13.546818" lon="-71.890378">
<ele>3270.1</ele>
<time>2025-02-05T13:56:18.639Z</time>
</trkpt>
<trkpt lat="-13.546849" lon="-71.890393">
<ele>3270.1</ele>
<time>2025-02-05T13:56:21.687Z</time>
</trkpt>
<trkpt lat="-13.546854" lon="-71.890389">
<ele>3270.1</ele>
<time>2025-02-05T13:56:24.554Z</time>
</trkpt>
<trkpt lat="-13.546898" lon="-71.8904">
<ele>3269.5</ele>
<time>2025-02-05T13:56:27.683Z</time>
</trkpt>
<trkpt lat="-13.546922" lon="-71.8904">
<ele>3269.5</ele>
<time>2025-02-05T13:56:30.674Z</time>
</trkpt>
<trkpt lat="-13.546934" lon="-71.890386">
<ele>3269.4</ele>
<time>2025-02-05T13:56:33.383Z</time>
</trkpt>
<trkpt lat="-13.546937" lon="-71.89038">
<ele>3269.4</ele>
<time>2025-02-05T13:56:36.677Z</time>
</trkpt>
<trkpt lat="-13.546978" lon="-71.890393">
<ele>3269.4</ele>
<time>2025-02-05T13:56:39.606Z</time>
</trkpt>
<trkpt lat="-13.546998" lon="-71.890415">
<ele>3269.2</ele>
<time>2025-02-05T13:56:42.681Z</time>
</trkpt>
<trkpt lat="-13.547019" lon="-71.890424">
<ele>3269.2</ele>
<time>2025-02-05T13:56:45.673Z</time>
</trkpt>
<trkpt lat="-13.547031" lon="-71.890411">
<ele>3269.2</ele>
<time>2025-02-05T13:56:48.606Z</time>
</trkpt>
<trkpt lat="-13.547028" lon="-71.890408">
<ele>3269.8</ele>
<time>2025-02-05T13:56:51.702Z</time>
</trkpt>
<trkpt lat="-13.547029" lon="-71.890404">
<ele>3269.8</ele>
<time>2025-02-05T13:56:54.623Z</time>
</trkpt>
<trkpt lat="-13.54703" lon="-71.890403">
<ele>3269.8</ele>
<time>2025-02-05T13:56:57.434Z</time>
</trkpt>
<trkpt lat="-13.547039" lon="-71.890405">
<ele>3268.8</ele>
<time>2025-02-05T13:57:00.685Z</time>
</trkpt>
<trkpt lat="-13.547091" lon="-71.890389">
<ele>3268.8</ele>
<time>2025-02-05T13:57:03.605Z</time>
</trkpt>
<trkpt lat="-13.547113" lon="-71.890399">
<ele>3268.2</ele>
<time>2025-02-05T13:57:06.696Z</time>
</trkpt>
<trkpt lat="-13.547113" lon="-71.890392">
<ele>3268.2</ele>
<time>2025-02-05T13:57:09.705Z</time>
</trkpt>
<trkpt lat="-13.547127" lon="-71.890391">
<ele>3268.2</ele>
<time>2025-02-05T13:57:12.606Z</time>
</trkpt>
<trkpt lat="-13.547133" lon="-71.890401">
<ele>3268.8</ele>
<time>2025-02-05T13:57:15.606Z</time>
</trkpt>
<trkpt lat="-13.547148" lon="-71.89041">
<ele>3268.2</ele>
<time>2025-02-05T13:57:18.606Z</time>
</trkpt>
<trkpt lat="-13.547151" lon="-71.890413">
<ele>3268.2</ele>
<time>2025-02-05T13:57:21.472Z</time>
</trkpt>
<trkpt lat="-13.54718" lon="-71.890428">
<ele>3268.2</ele>
<time>2025-02-05T13:57:24.288Z</time>
</trkpt>
<trkpt lat="-13.547226" lon="-71.890448">
<ele>3268.2</ele>
<time>2025-02-05T13:57:26.989Z</time>
</trkpt>
<trkpt lat="-13.547255" lon="-71.890478">
<ele>3268.2</ele>
<time>2025-02-05T13:57:29.710Z</time>
</trkpt>
<trkpt lat="-13.547279" lon="-71.890482">
<ele>3268.2</ele>
<time>2025-02-05T13:57:33.126Z</time>
</trkpt>
<trkpt lat="-13.547289" lon="-71.890489">
<ele>3268.2</ele>
<time>2025-02-05T13:57:36.569Z</time>
</trkpt>
<trkpt lat="-13.547303" lon="-71.890505">
<ele>3268.2</ele>
<time>2025-02-05T13:57:39.550Z</time>
</trkpt>
<trkpt lat="-13.547336" lon="-71.890503">
<ele>3268.2</ele>
<time>2025-02-05T13:57:42.606Z</time>
</trkpt>
<trkpt lat="-13.547352" lon="-71.890506">
<ele>3268.2</ele>
<time>2025-02-05T13:57:45.678Z</time>
</trkpt>
<trkpt lat="-13.547366" lon="-71.890505">
<ele>3268.2</ele>
<time>2025-02-05T13:57:48.606Z</time>
</trkpt>
<trkpt lat="-13.547359" lon="-71.890497">
<ele>3268.2</ele>
<time>2025-02-05T13:57:51.673Z</time>
</trkpt>
<trkpt lat="-13.547374" lon="-71.890498">
<ele>3268.2</ele>
<time>2025-02-05T13:57:54.606Z</time>
</trkpt>
<trkpt lat="-13.547383" lon="-71.890502">
<ele>3268.2</ele>
<time>2025-02-05T13:57:57.606Z</time>
</trkpt>
<trkpt lat="-13.547388" lon="-71.890502">
<ele>3268.1</ele>
<time>2025-02-05T13:58:00.677Z</time>
</trkpt>
<trkpt lat="-13.5474" lon="-71.890515">
<ele>3268.1</ele>
<time>2025-02-05T13:58:03.686Z</time>
</trkpt>
<trkpt lat="-13.547407" lon="-71.890528">
<ele>3268.1</ele>
<time>2025-02-05T13:58:06.606Z</time>
</trkpt>
<trkpt lat="-13.54741" lon="-71.890534">
<ele>3267.9</ele>
<time>2025-02-05T13:58:09.683Z</time>
</trkpt>
<trkpt lat="-13.547415" lon="-71.890543">
<ele>3267.9</ele>
<time>2025-02-05T13:58:12.515Z</time>
</trkpt>
<trkpt lat="-13.547418" lon="-71.890544">
<ele>3268.1</ele>
<time>2025-02-05T13:58:15.615Z</time>
</trkpt>
<trkpt lat="-13.54742" lon="-71.890548">
<ele>3268.1</ele>
<time>2025-02-05T13:58:18.614Z</time>
</trkpt>
<trkpt lat="-13.547426" lon="-71.890555">
<ele>3268.1</ele>
<time>2025-02-05T13:58:21.606Z</time>
</trkpt>
<trkpt lat="-13.547427" lon="-71.890553">
<ele>3267.9</ele>
<time>2025-02-05T13:58:24.649Z</time>
</trkpt>
<trkpt lat="-13.547448" lon="-71.890566">
<ele>3267.9</ele>
<time>2025-02-05T13:58:27.606Z</time>
</trkpt>
<trkpt lat="-13.547451" lon="-71.890567">
<ele>3268.1</ele>
<time>2025-02-05T13:58:30.606Z</time>
</trkpt>
<trkpt lat="-13.547452" lon="-71.890568">
<ele>3268.1</ele>
<time>2025-02-05T13:58:33.606Z</time>
</trkpt>
<trkpt lat="-13.547452" lon="-71.890568">
<ele>3267.9</ele>
<time>2025-02-05T13:58:36.606Z</time>
</trkpt>
<trkpt lat="-13.547452" lon="-71.890568">
<ele>3267.9</ele>
<time>2025-02-05T13:58:39.606Z</time>
</trkpt>
<trkpt lat="-13.547452" lon="-71.890568">
<ele>3267.8</ele>
<time>2025-02-05T13:58:42.606Z</time>
</trkpt>
<trkpt lat="-13.547452" lon="-71.890568">
<ele>3267.5</ele>
<time>2025-02-05T13:58:45.606Z</time>
</trkpt>
<trkpt lat="-13.547451" lon="-71.890566">
<ele>3267.5</ele>
<time>2025-02-05T13:58:48.606Z</time>
</trkpt>
<trkpt lat="-13.547451" lon="-71.890566">
<ele>3267.4</ele>
<time>2025-02-05T13:58:52.606Z</time>
</trkpt>
<trkpt lat="-13.547451" lon="-71.890566">
<ele>3267.4</ele>
<time>2025-02-05T13:58:55.606Z</time>
</trkpt>
<trkpt lat="-13.547451" lon="-71.890566">
<ele>3267.4</ele>
<time>2025-02-05T13:58:58.605Z</time>
</trkpt>
<trkpt lat="-13.547451" lon="-71.890566">
<ele>3267.4</ele>
<time>2025-02-05T13:59:01.606Z</time>
</trkpt>
<trkpt lat="-13.547451" lon="-71.890566">
<ele>3267.4</ele>
<time>2025-02-05T13:59:04.606Z</time>
</trkpt>
<trkpt lat="-13.547451" lon="-71.890566">
<ele>3267</ele>
<time>2025-02-05T13:59:07.606Z</time>
</trkpt>
<trkpt lat="-13.547451" lon="-71.890566">
<ele>3267</ele>
<time>2025-02-05T13:59:10.606Z</time>
</trkpt>
<trkpt lat="-13.54745" lon="-71.890566">
<ele>3267</ele>
<time>2025-02-05T13:59:13.606Z</time>
</trkpt>
<trkpt lat="-13.54745" lon="-71.890566">
<ele>3267</ele>
<time>2025-02-05T13:59:16.606Z</time>
</trkpt>
<trkpt lat="-13.54745" lon="-71.890566">
<ele>3267</ele>
<time>2025-02-05T13:59:19.606Z</time>
</trkpt>
<trkpt lat="-13.54745" lon="-71.890566">
<ele>3267.5</ele>
<time>2025-02-05T13:59:22.606Z</time>
</trkpt>
<trkpt lat="-13.54745" lon="-71.890566">
<ele>3267.5</ele>
<time>2025-02-05T13:59:25.606Z</time>
</trkpt>
<trkpt lat="-13.54745" lon="-71.890566">
<ele>3267.5</ele>
<time>2025-02-05T13:59:28.606Z</time>
</trkpt>
<trkpt lat="-13.547452" lon="-71.890565">
<ele>3267.5</ele>
<time>2025-02-05T13:59:31.606Z</time>
</trkpt>
<trkpt lat="-13.54745" lon="-71.890562">
<ele>3267.5</ele>
<time>2025-02-05T13:59:34.606Z</time>
</trkpt>
<trkpt lat="-13.547451" lon="-71.890562">
<ele>3267.4</ele>
<time>2025-02-05T13:59:37.606Z</time>
</trkpt>
<trkpt lat="-13.547451" lon="-71.890562">
<ele>3267.4</ele>
<time>2025-02-05T13:59:40.606Z</time>
</trkpt>
<trkpt lat="-13.547451" lon="-71.890562">
<ele>3267.4</ele>
<time>2025-02-05T13:59:43.606Z</time>
</trkpt>
<trkpt lat="-13.547451" lon="-71.890562">
<ele>3267.4</ele>
<time>2025-02-05T13:59:46.606Z</time>
</trkpt>
<trkpt lat="-13.547449" lon="-71.890564">
<ele>3267.4</ele>
<time>2025-02-05T13:59:49.606Z</time>
</trkpt>
<trkpt lat="-13.547449" lon="-71.890564">
<ele>3267.4</ele>
<time>2025-02-05T13:59:52.606Z</time>
</trkpt>
<trkpt lat="-13.547449" lon="-71.890564">
<ele>3267.9</ele>
<time>2025-02-05T13:59:55.606Z</time>
</trkpt>
<trkpt lat="-13.547449" lon="-71.890564">
<ele>3267.9</ele>
<time>2025-02-05T13:59:58.606Z</time>
</trkpt>
<trkpt lat="-13.547448" lon="-71.890564">
<ele>3267.9</ele>
<time>2025-02-05T14:00:01.606Z</time>
</trkpt>
<trkpt lat="-13.547448" lon="-71.890564">
<ele>3267.9</ele>
<time>2025-02-05T14:00:04.606Z</time>
</trkpt>
<trkpt lat="-13.547448" lon="-71.890565">
<ele>3267.4</ele>
<time>2025-02-05T14:00:07.606Z</time>
</trkpt>
<trkpt lat="-13.547448" lon="-71.890565">
<ele>3267.4</ele>
<time>2025-02-05T14:00:10.605Z</time>
</trkpt>
<trkpt lat="-13.547448" lon="-71.890565">
<ele>3267.9</ele>
<time>2025-02-05T14:00:13.606Z</time>
</trkpt>
<trkpt lat="-13.547448" lon="-71.890565">
<ele>3267.5</ele>
<time>2025-02-05T14:00:16.606Z</time>
</trkpt>
<trkpt lat="-13.547448" lon="-71.890565">
<ele>3267.5</ele>
<time>2025-02-05T14:00:19.606Z</time>
</trkpt>
<trkpt lat="-13.547448" lon="-71.890565">
<ele>3267.9</ele>
<time>2025-02-05T14:00:22.606Z</time>
</trkpt>
<trkpt lat="-13.547448" lon="-71.890565">
<ele>3267.9</ele>
<time>2025-02-05T14:00:25.606Z</time>
</trkpt>
<trkpt lat="-13.547448" lon="-71.890565">
<ele>3267.5</ele>
<time>2025-02-05T14:00:28.606Z</time>
</trkpt>
<trkpt lat="-13.547449" lon="-71.890565">
<ele>3267.9</ele>
<time>2025-02-05T14:00:31.606Z</time>
</trkpt>
<trkpt lat="-13.547451" lon="-71.890566">
<ele>3267.9</ele>
<time>2025-02-05T14:00:34.606Z</time>
</trkpt>
<trkpt lat="-13.547451" lon="-71.890566">
<ele>3267.9</ele>
<time>2025-02-05T14:00:37.606Z</time>
</trkpt>
<trkpt lat="-13.547449" lon="-71.890566">
<ele>3267.9</ele>
<time>2025-02-05T14:00:40.606Z</time>
</trkpt>
<trkpt lat="-13.547449" lon="-71.890566">
<ele>3267.9</ele>
<time>2025-02-05T14:00:43.606Z</time>
</trkpt>
<trkpt lat="-13.547449" lon="-71.890567">
<ele>3267.9</ele>
<time>2025-02-05T14:00:46.606Z</time>
</trkpt>
<trkpt lat="-13.547448" lon="-71.890567">
<ele>3267.4</ele>
<time>2025-02-05T14:00:49.606Z</time>
</trkpt>
<trkpt lat="-13.547448" lon="-71.890567">
<ele>3267.5</ele>
<time>2025-02-05T14:00:52.606Z</time>
</trkpt>
<trkpt lat="-13.547448" lon="-71.890567">
<ele>3267.5</ele>
<time>2025-02-05T14:00:55.606Z</time>
</trkpt>
<trkpt lat="-13.547448" lon="-71.890567">
<ele>3267.5</ele>
<time>2025-02-05T14:00:58.606Z</time>
</trkpt>
<trkpt lat="-13.547448" lon="-71.890567">
<ele>3267.5</ele>
<time>2025-02-05T14:01:01.606Z</time>
</trkpt>
<trkpt lat="-13.547448" lon="-71.890567">
<ele>3267.4</ele>
<time>2025-02-05T14:01:04.606Z</time>
</trkpt>
<trkpt lat="-13.547448" lon="-71.890567">
<ele>3267.4</ele>
<time>2025-02-05T14:01:07.606Z</time>
</trkpt>
<trkpt lat="-13.547448" lon="-71.890567">
<ele>3267.4</ele>
<time>2025-02-05T14:01:10.606Z</time>
</trkpt>
<trkpt lat="-13.547448" lon="-71.890567">
<ele>3267.5</ele>
<time>2025-02-05T14:01:13.606Z</time>
</trkpt>
<trkpt lat="-13.547448" lon="-71.890567">
<ele>3267.5</ele>
<time>2025-02-05T14:01:16.606Z</time>
</trkpt>
<trkpt lat="-13.547448" lon="-71.890567">
<ele>3267.9</ele>
<time>2025-02-05T14:01:19.606Z</time>
</trkpt>
<trkpt lat="-13.547448" lon="-71.890567">
<ele>3267.9</ele>
<time>2025-02-05T14:01:22.606Z</time>
</trkpt>
<trkpt lat="-13.547448" lon="-71.890567">
<ele>3268.1</ele>
<time>2025-02-05T14:01:25.606Z</time>
</trkpt>
<trkpt lat="-13.547448" lon="-71.890567">
<ele>3268.1</ele>
<time>2025-02-05T14:01:28.606Z</time>
</trkpt>
<trkpt lat="-13.547448" lon="-71.890567">
<ele>3268.1</ele>
<time>2025-02-05T14:01:31.606Z</time>
</trkpt>
<trkpt lat="-13.547448" lon="-71.890567">
<ele>3267.5</ele>
<time>2025-02-05T14:01:34.606Z</time>
</trkpt>
<trkpt lat="-13.547448" lon="-71.890567">
<ele>3267.5</ele>
<time>2025-02-05T14:01:37.606Z</time>
</trkpt>
<trkpt lat="-13.547448" lon="-71.890567">
<ele>3268.1</ele>
<time>2025-02-05T14:01:40.606Z</time>
</trkpt>
<trkpt lat="-13.547448" lon="-71.890567">
<ele>3268.1</ele>
<time>2025-02-05T14:01:43.604Z</time>
</trkpt>
<trkpt lat="-13.547448" lon="-71.890567">
<ele>3267.8</ele>
<time>2025-02-05T14:01:46.604Z</time>
</trkpt>
<trkpt lat="-13.547448" lon="-71.890567">
<ele>3267.8</ele>
<time>2025-02-05T14:01:49.605Z</time>
</trkpt>
<trkpt lat="-13.547448" lon="-71.890567">
<ele>3267.5</ele>
<time>2025-02-05T14:01:52.605Z</time>
</trkpt>
<trkpt lat="-13.547448" lon="-71.890567">
<ele>3267.5</ele>
<time>2025-02-05T14:01:55.605Z</time>
</trkpt>
<trkpt lat="-13.547448" lon="-71.890567">
<ele>3267.5</ele>
<time>2025-02-05T14:01:58.605Z</time>
</trkpt>
<trkpt lat="-13.547448" lon="-71.890567">
<ele>3267.9</ele>
<time>2025-02-05T14:02:01.605Z</time>
</trkpt>
<trkpt lat="-13.547448" lon="-71.890567">
<ele>3267.9</ele>
<time>2025-02-05T14:02:04.605Z</time>
</trkpt>
<trkpt lat="-13.547448" lon="-71.890567">
<ele>3267.9</ele>
<time>2025-02-05T14:02:07.605Z</time>
</trkpt>
<trkpt lat="-13.547448" lon="-71.890567">
<ele>3267.9</ele>
<time>2025-02-05T14:02:10.605Z</time>
</trkpt>
<trkpt lat="-13.547448" lon="-71.890567">
<ele>3267.9</ele>
<time>2025-02-05T14:02:13.605Z</time>
</trkpt>
<trkpt lat="-13.547448" lon="-71.890567">
<ele>3267.8</ele>
<time>2025-02-05T14:02:16.605Z</time>
</trkpt>
<trkpt lat="-13.547448" lon="-71.890567">
<ele>3267.8</ele>
<time>2025-02-05T14:02:19.605Z</time>
</trkpt>
<trkpt lat="-13.547448" lon="-71.890567">
<ele>3267.8</ele>
<time>2025-02-05T14:02:22.604Z</time>
</trkpt>
<trkpt lat="-13.547448" lon="-71.890567">
<ele>3268.1</ele>
<time>2025-02-05T14:02:25.605Z</time>
</trkpt>
<trkpt lat="-13.547448" lon="-71.890567">
<ele>3268.1</ele>
<time>2025-02-05T14:02:28.605Z</time>
</trkpt>
<trkpt lat="-13.547448" lon="-71.890567">
<ele>3268.1</ele>
<time>2025-02-05T14:02:31.605Z</time>
</trkpt>
<trkpt lat="-13.547448" lon="-71.890567">
<ele>3267.9</ele>
<time>2025-02-05T14:02:34.605Z</time>
</trkpt>
<trkpt lat="-13.547448" lon="-71.890567">
<ele>3267.9</ele>
<time>2025-02-05T14:02:37.605Z</time>
</trkpt>
<trkpt lat="-13.547448" lon="-71.890567">
<ele>3267.9</ele>
<time>2025-02-05T14:02:40.605Z</time>
</trkpt>
<trkpt lat="-13.547448" lon="-71.890567">
<ele>3267.9</ele>
<time>2025-02-05T14:02:43.605Z</time>
</trkpt>
<trkpt lat="-13.547449" lon="-71.890564">
<ele>3267.5</ele>
<time>2025-02-05T14:02:46.605Z</time>
</trkpt>
<trkpt lat="-13.54745" lon="-71.890563">
<ele>3267.5</ele>
<time>2025-02-05T14:02:49.604Z</time>
</trkpt>
<trkpt lat="-13.54745" lon="-71.890563">
<ele>3267.5</ele>
<time>2025-02-05T14:02:52.605Z</time>
</trkpt>
<trkpt lat="-13.54745" lon="-71.890563">
<ele>3267.4</ele>
<time>2025-02-05T14:02:55.605Z</time>
</trkpt>
<trkpt lat="-13.54745" lon="-71.890563">
<ele>3267.4</ele>
<time>2025-02-05T14:02:58.605Z</time>
</trkpt>
<trkpt lat="-13.547451" lon="-71.890563">
<ele>3267.4</ele>
<time>2025-02-05T14:03:01.605Z</time>
</trkpt>
<trkpt lat="-13.547451" lon="-71.890563">
<ele>3267.4</ele>
<time>2025-02-05T14:03:04.605Z</time>
</trkpt>
<trkpt lat="-13.547451" lon="-71.890563">
<ele>3267.4</ele>
<time>2025-02-05T14:03:07.605Z</time>
</trkpt>
<trkpt lat="-13.547451" lon="-71.890563">
<ele>3267.9</ele>
<time>2025-02-05T14:03:10.605Z</time>
</trkpt>
<trkpt lat="-13.547451" lon="-71.890563">
<ele>3267.9</ele>
<time>2025-02-05T14:03:13.605Z</time>
</trkpt>
<trkpt lat="-13.547451" lon="-71.890563">
<ele>3267.9</ele>
<time>2025-02-05T14:03:16.605Z</time>
</trkpt>
<trkpt lat="-13.547451" lon="-71.890563">
<ele>3267.9</ele>
<time>2025-02-05T14:03:19.605Z</time>
</trkpt>
<trkpt lat="-13.547451" lon="-71.890563">
<ele>3267.9</ele>
<time>2025-02-05T14:03:22.605Z</time>
</trkpt>
<trkpt lat="-13.547451" lon="-71.890563">
<ele>3267.9</ele>
<time>2025-02-05T14:03:25.605Z</time>
</trkpt>
<trkpt lat="-13.547451" lon="-71.890563">
<ele>3267.9</ele>
<time>2025-02-05T14:03:28.605Z</time>
</trkpt>
<trkpt lat="-13.547451" lon="-71.890563">
<ele>3267.9</ele>
<time>2025-02-05T14:03:31.604Z</time>
</trkpt>
<trkpt lat="-13.547451" lon="-71.890563">
<ele>3267.8</ele>
<time>2025-02-05T14:03:34.604Z</time>
</trkpt>
<trkpt lat="-13.547451" lon="-71.890563">
<ele>3267.8</ele>
<time>2025-02-05T14:03:37.605Z</time>
</trkpt>
<trkpt lat="-13.547451" lon="-71.890564">
<ele>3267.8</ele>
<time>2025-02-05T14:03:40.605Z</time>
</trkpt>
<trkpt lat="-13.547451" lon="-71.890564">
<ele>3267.9</ele>
<time>2025-02-05T14:03:43.605Z</time>
</trkpt>
<trkpt lat="-13.547451" lon="-71.890564">
<ele>3267.9</ele>
<time>2025-02-05T14:03:46.605Z</time>
</trkpt>
<trkpt lat="-13.547451" lon="-71.890564">
<ele>3267.8</ele>
<time>2025-02-05T14:03:49.605Z</time>
</trkpt>
<trkpt lat="-13.547451" lon="-71.890564">
<ele>3267.8</ele>
<time>2025-02-05T14:03:52.605Z</time>
</trkpt>
<trkpt lat="-13.547451" lon="-71.890564">
<ele>3267.8</ele>
<time>2025-02-05T14:03:55.604Z</time>
</trkpt>
<trkpt lat="-13.547451" lon="-71.890564">
<ele>3267.5</ele>
<time>2025-02-05T14:03:58.605Z</time>
</trkpt>
<trkpt lat="-13.547451" lon="-71.890564">
<ele>3267.5</ele>
<time>2025-02-05T14:04:01.605Z</time>
</trkpt>
<trkpt lat="-13.547451" lon="-71.890564">
<ele>3267.5</ele>
<time>2025-02-05T14:04:04.605Z</time>
</trkpt>
<trkpt lat="-13.54745" lon="-71.890564">
<ele>3267.9</ele>
<time>2025-02-05T14:04:07.605Z</time>
</trkpt>
<trkpt lat="-13.547449" lon="-71.890563">
<ele>3267.9</ele>
<time>2025-02-05T14:04:10.605Z</time>
</trkpt>
<trkpt lat="-13.547447" lon="-71.890562">
<ele>3267.9</ele>
<time>2025-02-05T14:04:13.605Z</time>
</trkpt>
<trkpt lat="-13.547447" lon="-71.890562">
<ele>3267.9</ele>
<time>2025-02-05T14:04:16.605Z</time>
</trkpt>
<trkpt lat="-13.547447" lon="-71.890562">
<ele>3267.9</ele>
<time>2025-02-05T14:04:19.605Z</time>
</trkpt>
<trkpt lat="-13.547447" lon="-71.890562">
<ele>3267.9</ele>
<time>2025-02-05T14:04:22.605Z</time>
</trkpt>
<trkpt lat="-13.547447" lon="-71.890562">
<ele>3267.9</ele>
<time>2025-02-05T14:04:25.604Z</time>
</trkpt>
<trkpt lat="-13.547447" lon="-71.890562">
<ele>3267.9</ele>
<time>2025-02-05T14:04:28.605Z</time>
</trkpt>
<trkpt lat="-13.547447" lon="-71.890562">
<ele>3267.9</ele>
<time>2025-02-05T14:04:31.605Z</time>
</trkpt>
<trkpt lat="-13.547447" lon="-71.890562">
<ele>3267.9</ele>
<time>2025-02-05T14:04:34.605Z</time>
</trkpt>
<trkpt lat="-13.547447" lon="-71.890562">
<ele>3268.1</ele>
<time>2025-02-05T14:04:37.605Z</time>
</trkpt>
<trkpt lat="-13.547447" lon="-71.890562">
<ele>3268.1</ele>
<time>2025-02-05T14:04:40.605Z</time>
</trkpt>
<trkpt lat="-13.547447" lon="-71.890562">
<ele>3268.1</ele>
<time>2025-02-05T14:04:43.605Z</time>
</trkpt>
<trkpt lat="-13.547447" lon="-71.890562">
<ele>3267.9</ele>
<time>2025-02-05T14:04:46.605Z</time>
</trkpt>
<trkpt lat="-13.547447" lon="-71.890562">
<ele>3267.9</ele>
<time>2025-02-05T14:04:49.604Z</time>
</trkpt>
<trkpt lat="-13.547447" lon="-71.890562">
<ele>3267.9</ele>
<time>2025-02-05T14:04:52.605Z</time>
</trkpt>
<trkpt lat="-13.547447" lon="-71.890562">
<ele>3267.9</ele>
<time>2025-02-05T14:04:55.605Z</time>
</trkpt>
<trkpt lat="-13.547447" lon="-71.890562">
<ele>3267.9</ele>
<time>2025-02-05T14:04:58.604Z</time>
</trkpt>
<trkpt lat="-13.547447" lon="-71.890562">
<ele>3267.9</ele>
<time>2025-02-05T14:05:01.605Z</time>
</trkpt>
<trkpt lat="-13.547447" lon="-71.890562">
<ele>3267.9</ele>
<time>2025-02-05T14:05:04.605Z</time>
</trkpt>
<trkpt lat="-13.547447" lon="-71.890562">
<ele>3267.9</ele>
<time>2025-02-05T14:05:07.604Z</time>
</trkpt>
<trkpt lat="-13.547448" lon="-71.890563">
<ele>3267.9</ele>
<time>2025-02-05T14:05:10.604Z</time>
</trkpt>
<trkpt lat="-13.547448" lon="-71.890563">
<ele>3267.9</ele>
<time>2025-02-05T14:05:13.605Z</time>
</trkpt>
<trkpt lat="-13.547448" lon="-71.890563">
<ele>3267.9</ele>
<time>2025-02-05T14:05:16.605Z</time>
</trkpt>
<trkpt lat="-13.547448" lon="-71.890563">
<ele>3267.4</ele>
<time>2025-02-05T14:05:19.605Z</time>
</trkpt>
<trkpt lat="-13.547448" lon="-71.890563">
<ele>3267.4</ele>
<time>2025-02-05T14:05:22.605Z</time>
</trkpt>
<trkpt lat="-13.547448" lon="-71.890563">
<ele>3267.5</ele>
<time>2025-02-05T14:05:25.605Z</time>
</trkpt>
<trkpt lat="-13.547448" lon="-71.890563">
<ele>3267.5</ele>
<time>2025-02-05T14:05:28.605Z</time>
</trkpt>
<trkpt lat="-13.547448" lon="-71.890563">
<ele>3267.5</ele>
<time>2025-02-05T14:05:31.605Z</time>
</trkpt>
<trkpt lat="-13.547448" lon="-71.890563">
<ele>3267.9</ele>
<time>2025-02-05T14:05:34.605Z</time>
</trkpt>
<trkpt lat="-13.547448" lon="-71.890563">
<ele>3267.9</ele>
<time>2025-02-05T14:05:37.605Z</time>
</trkpt>
<trkpt lat="-13.547448" lon="-71.890563">
<ele>3267.9</ele>
<time>2025-02-05T14:05:40.604Z</time>
</trkpt>
<trkpt lat="-13.547448" lon="-71.890564">
<ele>3267.5</ele>
<time>2025-02-05T14:05:43.605Z</time>
</trkpt>
<trkpt lat="-13.547448" lon="-71.890564">
<ele>3267.5</ele>
<time>2025-02-05T14:05:46.605Z</time>
</trkpt>
<trkpt lat="-13.547448" lon="-71.890564">
<ele>3267.5</ele>
<time>2025-02-05T14:05:49.605Z</time>
</trkpt>
<trkpt lat="-13.547448" lon="-71.890564">
<ele>3267.5</ele>
<time>2025-02-05T14:05:52.605Z</time>
</trkpt>
<trkpt lat="-13.547448" lon="-71.890564">
<ele>3267.5</ele>
<time>2025-02-05T14:05:55.605Z</time>
</trkpt>
<trkpt lat="-13.547448" lon="-71.890564">
<ele>3267.9</ele>
<time>2025-02-05T14:05:58.605Z</time>
</trkpt>
<trkpt lat="-13.547448" lon="-71.890564">
<ele>3267.9</ele>
<time>2025-02-05T14:06:01.605Z</time>
</trkpt>
<trkpt lat="-13.547448" lon="-71.890564">
<ele>3267.9</ele>
<time>2025-02-05T14:06:04.605Z</time>
</trkpt>
<trkpt lat="-13.547448" lon="-71.890564">
<ele>3267</ele>
<time>2025-02-05T14:06:07.605Z</time>
</trkpt>
<trkpt lat="-13.547448" lon="-71.890564">
<ele>3267</ele>
<time>2025-02-05T14:06:10.605Z</time>
</trkpt>
<trkpt lat="-13.547448" lon="-71.890565">
<ele>3267.4</ele>
<time>2025-02-05T14:06:13.605Z</time>
</trkpt>
<trkpt lat="-13.547447" lon="-71.890566">
<ele>3267.4</ele>
<time>2025-02-05T14:06:16.604Z</time>
</trkpt>
<trkpt lat="-13.547447" lon="-71.890566">
<ele>3267.4</ele>
<time>2025-02-05T14:06:19.605Z</time>
</trkpt>
<trkpt lat="-13.547447" lon="-71.890566">
<ele>3267.4</ele>
<time>2025-02-05T14:06:22.605Z</time>
</trkpt>
<trkpt lat="-13.547447" lon="-71.890566">
<ele>3267.4</ele>
<time>2025-02-05T14:06:25.605Z</time>
</trkpt>
<trkpt lat="-13.547447" lon="-71.890566">
<ele>3267.4</ele>
<time>2025-02-05T14:06:28.605Z</time>
</trkpt>
<trkpt lat="-13.547447" lon="-71.890566">
<ele>3267.4</ele>
<time>2025-02-05T14:06:31.605Z</time>
</trkpt>
<trkpt lat="-13.547447" lon="-71.890566">
<ele>3267.4</ele>
<time>2025-02-05T14:06:34.605Z</time>
</trkpt>
<trkpt lat="-13.547447" lon="-71.890566">
<ele>3267.4</ele>
<time>2025-02-05T14:06:37.605Z</time>
</trkpt>
<trkpt lat="-13.547447" lon="-71.890566">
<ele>3267.4</ele>
<time>2025-02-05T14:06:40.605Z</time>
</trkpt>
<trkpt lat="-13.547447" lon="-71.890566">
<ele>3267.4</ele>
<time>2025-02-05T14:06:43.605Z</time>
</trkpt>
<trkpt lat="-13.547447" lon="-71.890566">
<ele>3267.9</ele>
<time>2025-02-05T14:06:46.605Z</time>
</trkpt>
<trkpt lat="-13.547447" lon="-71.890566">
<ele>3267.9</ele>
<time>2025-02-05T14:06:49.605Z</time>
</trkpt>
<trkpt lat="-13.547447" lon="-71.890566">
<ele>3267.9</ele>
<time>2025-02-05T14:06:52.605Z</time>
</trkpt>
<trkpt lat="-13.547447" lon="-71.890566">
<ele>3267.5</ele>
<time>2025-02-05T14:06:55.605Z</time>
</trkpt>
<trkpt lat="-13.547447" lon="-71.890566">
<ele>3267.5</ele>
<time>2025-02-05T14:06:58.605Z</time>
</trkpt>
<trkpt lat="-13.547447" lon="-71.890566">
<ele>3267.4</ele>
<time>2025-02-05T14:07:01.605Z</time>
</trkpt>
<trkpt lat="-13.547446" lon="-71.89057">
<ele>3267.4</ele>
<time>2025-02-05T14:07:04.605Z</time>
</trkpt>
<trkpt lat="-13.547439" lon="-71.890574">
<ele>3267.4</ele>
<time>2025-02-05T14:07:07.605Z</time>
</trkpt>
<trkpt lat="-13.54744" lon="-71.890575">
<ele>3268.2</ele>
<time>2025-02-05T14:07:10.605Z</time>
</trkpt>
<trkpt lat="-13.54744" lon="-71.890575">
<ele>3268.2</ele>
<time>2025-02-05T14:07:13.605Z</time>
</trkpt>
<trkpt lat="-13.54744" lon="-71.890575">
<ele>3267.9</ele>
<time>2025-02-05T14:07:16.605Z</time>
</trkpt>
<trkpt lat="-13.54744" lon="-71.890575">
<ele>3267.9</ele>
<time>2025-02-05T14:07:19.605Z</time>
</trkpt>
<trkpt lat="-13.54744" lon="-71.890575">
<ele>3267.9</ele>
<time>2025-02-05T14:07:22.605Z</time>
</trkpt>
<trkpt lat="-13.54744" lon="-71.890575">
<ele>3267.9</ele>
<time>2025-02-05T14:07:25.605Z</time>
</trkpt>
<trkpt lat="-13.547442" lon="-71.890575">
<ele>3267.9</ele>
<time>2025-02-05T14:07:28.605Z</time>
</trkpt>
<trkpt lat="-13.547443" lon="-71.890575">
<ele>3267.9</ele>
<time>2025-02-05T14:07:31.605Z</time>
</trkpt>
<trkpt lat="-13.547443" lon="-71.890575">
<ele>3267.9</ele>
<time>2025-02-05T14:07:34.605Z</time>
</trkpt>
<trkpt lat="-13.547444" lon="-71.890575">
<ele>3267.9</ele>
<time>2025-02-05T14:07:37.605Z</time>
</trkpt>
<trkpt lat="-13.547444" lon="-71.890575">
<ele>3267.4</ele>
<time>2025-02-05T14:07:40.605Z</time>
</trkpt>
<trkpt lat="-13.547444" lon="-71.890575">
<ele>3267.4</ele>
<time>2025-02-05T14:07:43.605Z</time>
</trkpt>
<trkpt lat="-13.547444" lon="-71.890575">
<ele>3267.4</ele>
<time>2025-02-05T14:07:46.605Z</time>
</trkpt>
<trkpt lat="-13.547444" lon="-71.890575">
<ele>3267.4</ele>
<time>2025-02-05T14:07:49.605Z</time>
</trkpt>
<trkpt lat="-13.547444" lon="-71.890575">
<ele>3267.4</ele>
<time>2025-02-05T14:07:52.605Z</time>
</trkpt>
<trkpt lat="-13.547444" lon="-71.890575">
<ele>3267.4</ele>
<time>2025-02-05T14:07:55.605Z</time>
</trkpt>
<trkpt lat="-13.547444" lon="-71.890575">
<ele>3267.8</ele>
<time>2025-02-05T14:07:58.605Z</time>
</trkpt>
<trkpt lat="-13.547444" lon="-71.890575">
<ele>3267.8</ele>
<time>2025-02-05T14:08:01.605Z</time>
</trkpt>
<trkpt lat="-13.547444" lon="-71.890575">
<ele>3267.9</ele>
<time>2025-02-05T14:08:04.605Z</time>
</trkpt>
<trkpt lat="-13.547444" lon="-71.890575">
<ele>3267.9</ele>
<time>2025-02-05T14:08:07.605Z</time>
</trkpt>
<trkpt lat="-13.547446" lon="-71.890581">
<ele>3267.9</ele>
<time>2025-02-05T14:08:10.605Z</time>
</trkpt>
<trkpt lat="-13.547447" lon="-71.890581">
<ele>3268.1</ele>
<time>2025-02-05T14:08:13.605Z</time>
</trkpt>
<trkpt lat="-13.547442" lon="-71.890581">
<ele>3268.1</ele>
<time>2025-02-05T14:08:16.604Z</time>
</trkpt>
<trkpt lat="-13.54744" lon="-71.890581">
<ele>3268.1</ele>
<time>2025-02-05T14:08:19.605Z</time>
</trkpt>
<trkpt lat="-13.54744" lon="-71.890581">
<ele>3267.9</ele>
<time>2025-02-05T14:08:22.605Z</time>
</trkpt>
<trkpt lat="-13.54744" lon="-71.890581">
<ele>3267.9</ele>
<time>2025-02-05T14:08:25.604Z</time>
</trkpt>
<trkpt lat="-13.54744" lon="-71.890582">
<ele>3267.9</ele>
<time>2025-02-05T14:08:27.605Z</time>
</trkpt>
<trkpt lat="-13.547448" lon="-71.890578">
<ele>3267.9</ele>
<time>2025-02-05T14:08:28.637Z</time>
</trkpt>
<trkpt lat="-13.547448" lon="-71.890578">
<ele>3267.9</ele>
<time>2025-02-05T14:08:29.605Z</time>
</trkpt>
<trkpt lat="-13.547448" lon="-71.890579">
<ele>3267.9</ele>
<time>2025-02-05T14:08:30.604Z</time>
</trkpt>
<trkpt lat="-13.547448" lon="-71.89058">
<ele>3268.2</ele>
<time>2025-02-05T14:08:31.604Z</time>
</trkpt>
<trkpt lat="-13.547448" lon="-71.89058">
<ele>3268.2</ele>
<time>2025-02-05T14:08:32.604Z</time>
</trkpt>
<trkpt lat="-13.547449" lon="-71.890579">
<ele>3268.2</ele>
<time>2025-02-05T14:08:33.604Z</time>
</trkpt>
<trkpt lat="-13.547449" lon="-71.890578">
<ele>3268.2</ele>
<time>2025-02-05T14:08:34.604Z</time>
</trkpt>
<trkpt lat="-13.547448" lon="-71.890578">
<ele>3268.2</ele>
<time>2025-02-05T14:08:35.604Z</time>
</trkpt>
<trkpt lat="-13.547448" lon="-71.890578">
<ele>3267</ele>
<time>2025-02-05T14:08:36.604Z</time>
</trkpt>
<trkpt lat="-13.547448" lon="-71.890578">
<ele>3267</ele>
<time>2025-02-05T14:08:37.604Z</time>
</trkpt>
<trkpt lat="-13.547447" lon="-71.890578">
<ele>3267</ele>
<time>2025-02-05T14:08:38.604Z</time>
</trkpt>
<trkpt lat="-13.547448" lon="-71.890578">
<ele>3267</ele>
<time>2025-02-05T14:08:39.604Z</time>
</trkpt>
<trkpt lat="-13.547448" lon="-71.890578">
<ele>3267</ele>
<time>2025-02-05T14:08:40.604Z</time>
</trkpt>
<trkpt lat="-13.547448" lon="-71.890578">
<ele>3267</ele>
<time>2025-02-05T14:08:41.603Z</time>
</trkpt>
<trkpt lat="-13.547448" lon="-71.890578">
<ele>3267</ele>
<time>2025-02-05T14:08:42.604Z</time>
</trkpt>
<trkpt lat="-13.547448" lon="-71.890578">
<ele>3267</ele>
<time>2025-02-05T14:08:43.604Z</time>
</trkpt>
<trkpt lat="-13.547448" lon="-71.890578">
<ele>3267.9</ele>
<time>2025-02-05T14:08:44.604Z</time>
</trkpt>
<trkpt lat="-13.547448" lon="-71.890578">
<ele>3267.9</ele>
<time>2025-02-05T14:08:45.604Z</time>
</trkpt>
<trkpt lat="-13.547448" lon="-71.890578">
<ele>3267.9</ele>
<time>2025-02-05T14:08:46.604Z</time>
</trkpt>
<trkpt lat="-13.547448" lon="-71.890578">
<ele>3267.9</ele>
<time>2025-02-05T14:08:47.604Z</time>
</trkpt>
<trkpt lat="-13.547448" lon="-71.890578">
<ele>3267.9</ele>
<time>2025-02-05T14:08:48.604Z</time>
</trkpt>
<trkpt lat="-13.547448" lon="-71.890578">
<ele>3267.8</ele>
<time>2025-02-05T14:08:49.604Z</time>
</trkpt>
<trkpt lat="-13.547448" lon="-71.890578">
<ele>3267.8</ele>
<time>2025-02-05T14:08:50.604Z</time>
</trkpt>
<trkpt lat="-13.547448" lon="-71.890578">
<ele>3267.8</ele>
<time>2025-02-05T14:08:51.604Z</time>
</trkpt>
<trkpt lat="-13.547448" lon="-71.890578">
<ele>3267.9</ele>
<time>2025-02-05T14:08:52.604Z</time>
</trkpt>
<trkpt lat="-13.547448" lon="-71.890578">
<ele>3267.9</ele>
<time>2025-02-05T14:08:53.604Z</time>
</trkpt>
<trkpt lat="-13.547448" lon="-71.890578">
<ele>3267.9</ele>
<time>2025-02-05T14:08:54.604Z</time>
</trkpt>
<trkpt lat="-13.547448" lon="-71.890578">
<ele>3267.9</ele>
<time>2025-02-05T14:08:55.604Z</time>
</trkpt>
<trkpt lat="-13.547448" lon="-71.890578">
<ele>3267.9</ele>
<time>2025-02-05T14:08:56.604Z</time>
</trkpt>
<trkpt lat="-13.547448" lon="-71.890578">
<ele>3267.9</ele>
<time>2025-02-05T14:08:57.604Z</time>
</trkpt>
<trkpt lat="-13.547448" lon="-71.890578">
<ele>3267.9</ele>
<time>2025-02-05T14:08:58.604Z</time>
</trkpt>
<trkpt lat="-13.547448" lon="-71.890578">
<ele>3267.9</ele>
<time>2025-02-05T14:08:59.604Z</time>
</trkpt>
<trkpt lat="-13.547448" lon="-71.890578">
<ele>3267.9</ele>
<time>2025-02-05T14:09:00.604Z</time>
</trkpt>
<trkpt lat="-13.547448" lon="-71.890578">
<ele>3267.9</ele>
<time>2025-02-05T14:09:01.604Z</time>
</trkpt>
<trkpt lat="-13.547448" lon="-71.890578">
<ele>3267.9</ele>
<time>2025-02-05T14:09:02.604Z</time>
</trkpt>
<trkpt lat="-13.547448" lon="-71.890578">
<ele>3267.9</ele>
<time>2025-02-05T14:09:03.604Z</time>
</trkpt>
<trkpt lat="-13.547448" lon="-71.890578">
<ele>3267.9</ele>
<time>2025-02-05T14:09:04.603Z</time>
</trkpt>
<trkpt lat="-13.547448" lon="-71.890578">
<ele>3267.9</ele>
<time>2025-02-05T14:09:05.603Z</time>
</trkpt>
<trkpt lat="-13.547448" lon="-71.890578">
<ele>3267.9</ele>
<time>2025-02-05T14:09:06.604Z</time>
</trkpt>
<trkpt lat="-13.547448" lon="-71.890578">
<ele>3267.9</ele>
<time>2025-02-05T14:09:07.604Z</time>
</trkpt>
<trkpt lat="-13.547448" lon="-71.890578">
<ele>3267.9</ele>
<time>2025-02-05T14:09:08.604Z</time>
</trkpt>
<trkpt lat="-13.547448" lon="-71.890578">
<ele>3267.9</ele>
<time>2025-02-05T14:09:09.604Z</time>
</trkpt>
<trkpt lat="-13.547448" lon="-71.890578">
<ele>3267.9</ele>
<time>2025-02-05T14:09:10.604Z</time>
</trkpt>
<trkpt lat="-13.547448" lon="-71.890578">
<ele>3267.9</ele>
<time>2025-02-05T14:09:11.604Z</time>
</trkpt>
<trkpt lat="-13.547448" lon="-71.890578">
<ele>3267.9</ele>
<time>2025-02-05T14:09:12.604Z</time>
</trkpt>
<trkpt lat="-13.547448" lon="-71.890578">
<ele>3267.9</ele>
<time>2025-02-05T14:09:13.604Z</time>
</trkpt>
<trkpt lat="-13.547448" lon="-71.890578">
<ele>3267.9</ele>
<time>2025-02-05T14:09:14.604Z</time>
</trkpt>
<trkpt lat="-13.547448" lon="-71.890578">
<ele>3267.9</ele>
<time>2025-02-05T14:09:15.604Z</time>
</trkpt>
<trkpt lat="-13.547448" lon="-71.890578">
<ele>3267.9</ele>
<time>2025-02-05T14:09:16.604Z</time>
</trkpt>
<trkpt lat="-13.547448" lon="-71.890578">
<ele>3267.9</ele>
<time>2025-02-05T14:09:17.604Z</time>
</trkpt>
<trkpt lat="-13.547448" lon="-71.890576">
<ele>3267.9</ele>
<time>2025-02-05T14:09:18.604Z</time>
</trkpt>
<trkpt lat="-13.547448" lon="-71.890576">
<ele>3267.9</ele>
<time>2025-02-05T14:09:19.604Z</time>
</trkpt>
<trkpt lat="-13.547448" lon="-71.890575">
<ele>3267.9</ele>
<time>2025-02-05T14:09:20.604Z</time>
</trkpt>
<trkpt lat="-13.547447" lon="-71.890574">
<ele>3267.9</ele>
<time>2025-02-05T14:09:21.604Z</time>
</trkpt>
<trkpt lat="-13.547447" lon="-71.890574">
<ele>3267.9</ele>
<time>2025-02-05T14:09:22.604Z</time>
</trkpt>
<trkpt lat="-13.547446" lon="-71.890574">
<ele>3267.9</ele>
<time>2025-02-05T14:09:23.604Z</time>
</trkpt>
<trkpt lat="-13.547445" lon="-71.890573">
<ele>3268.1</ele>
<time>2025-02-05T14:09:24.604Z</time>
</trkpt>
<trkpt lat="-13.547445" lon="-71.890573">
<ele>3268.1</ele>
<time>2025-02-05T14:09:25.603Z</time>
</trkpt>
<trkpt lat="-13.547445" lon="-71.890572">
<ele>3268.1</ele>
<time>2025-02-05T14:09:26.604Z</time>
</trkpt>
<trkpt lat="-13.547445" lon="-71.890572">
<ele>3268.1</ele>
<time>2025-02-05T14:09:27.604Z</time>
</trkpt>
<trkpt lat="-13.547445" lon="-71.890572">
<ele>3268.1</ele>
<time>2025-02-05T14:09:28.604Z</time>
</trkpt>
<trkpt lat="-13.547444" lon="-71.890572">
<ele>3269.8</ele>
<time>2025-02-05T14:09:29.603Z</time>
</trkpt>
<trkpt lat="-13.547444" lon="-71.890572">
<ele>3269.8</ele>
<time>2025-02-05T14:09:30.604Z</time>
</trkpt>
<trkpt lat="-13.547445" lon="-71.890573">
<ele>3269.8</ele>
<time>2025-02-05T14:09:31.604Z</time>
</trkpt>
<trkpt lat="-13.547443" lon="-71.890571">
<ele>3267.9</ele>
<time>2025-02-05T14:09:32.604Z</time>
</trkpt>
<trkpt lat="-13.547442" lon="-71.89057">
<ele>3267.9</ele>
<time>2025-02-05T14:09:33.604Z</time>
</trkpt>
<trkpt lat="-13.547441" lon="-71.89057">
<ele>3267.9</ele>
<time>2025-02-05T14:09:34.604Z</time>
</trkpt>
<trkpt lat="-13.54744" lon="-71.89057">
<ele>3267.9</ele>
<time>2025-02-05T14:09:35.604Z</time>
</trkpt>
<trkpt lat="-13.547438" lon="-71.890571">
<ele>3267.9</ele>
<time>2025-02-05T14:09:36.603Z</time>
</trkpt>
<trkpt lat="-13.547436" lon="-71.890573">
<ele>3267.9</ele>
<time>2025-02-05T14:09:37.604Z</time>
</trkpt>
<trkpt lat="-13.547435" lon="-71.890574">
<ele>3267.9</ele>
<time>2025-02-05T14:09:38.604Z</time>
</trkpt>
<trkpt lat="-13.547435" lon="-71.890575">
<ele>3267.8</ele>
<time>2025-02-05T14:09:39.604Z</time>
</trkpt>
<trkpt lat="-13.547435" lon="-71.890577">
<ele>3267.8</ele>
<time>2025-02-05T14:09:40.604Z</time>
</trkpt>
<trkpt lat="-13.547436" lon="-71.890578">
<ele>3267.8</ele>
<time>2025-02-05T14:09:41.604Z</time>
</trkpt>
<trkpt lat="-13.547436" lon="-71.890579">
<ele>3267.8</ele>
<time>2025-02-05T14:09:42.604Z</time>
</trkpt>
<trkpt lat="-13.547436" lon="-71.89058">
<ele>3267.8</ele>
<time>2025-02-05T14:09:43.604Z</time>
</trkpt>
<trkpt lat="-13.547436" lon="-71.89058">
<ele>3267</ele>
<time>2025-02-05T14:09:44.604Z</time>
</trkpt>
<trkpt lat="-13.547436" lon="-71.89058">
<ele>3267</ele>
<time>2025-02-05T14:09:45.604Z</time>
</trkpt>
<trkpt lat="-13.547436" lon="-71.89058">
<ele>3267</ele>
<time>2025-02-05T14:09:46.604Z</time>
</trkpt>
<trkpt lat="-13.547436" lon="-71.89058">
<ele>3267</ele>
<time>2025-02-05T14:09:47.604Z</time>
</trkpt>
<trkpt lat="-13.547436" lon="-71.89058">
<ele>3267</ele>
<time>2025-02-05T14:09:48.604Z</time>
</trkpt>
<trkpt lat="-13.547436" lon="-71.89058">
<ele>3268.1</ele>
<time>2025-02-05T14:09:49.604Z</time>
</trkpt>
<trkpt lat="-13.547436" lon="-71.89058">
<ele>3268.1</ele>
<time>2025-02-05T14:09:50.604Z</time>
</trkpt>
<trkpt lat="-13.547436" lon="-71.89058">
<ele>3268.1</ele>
<time>2025-02-05T14:09:51.604Z</time>
</trkpt>
<trkpt lat="-13.547436" lon="-71.89058">
<ele>3268.2</ele>
<time>2025-02-05T14:09:52.604Z</time>
</trkpt>
<trkpt lat="-13.547436" lon="-71.89058">
<ele>3268.2</ele>
<time>2025-02-05T14:09:53.604Z</time>
</trkpt>
<trkpt lat="-13.547436" lon="-71.89058">
<ele>3268.2</ele>
<time>2025-02-05T14:09:58.604Z</time>
</trkpt>
<trkpt lat="-13.547436" lon="-71.89058">
<ele>3267.9</ele>
<time>2025-02-05T14:10:00.400Z</time>
</trkpt>
<trkpt lat="-13.547436" lon="-71.89058">
<ele>3267.9</ele>
<time>2025-02-05T14:10:01.605Z</time>
</trkpt>
<trkpt lat="-13.547436" lon="-71.89058">
<ele>3267.9</ele>
<time>2025-02-05T14:10:02.604Z</time>
</trkpt>
<trkpt lat="-13.547436" lon="-71.89058">
<ele>3267.9</ele>
<time>2025-02-05T14:10:03.604Z</time>
</trkpt>
<trkpt lat="-13.547436" lon="-71.890579">
<ele>3267.9</ele>
<time>2025-02-05T14:10:04.604Z</time>
</trkpt>
<trkpt lat="-13.547436" lon="-71.890579">
<ele>3267.9</ele>
<time>2025-02-05T14:10:05.604Z</time>
</trkpt>
<trkpt lat="-13.547436" lon="-71.890579">
<ele>3267.9</ele>
<time>2025-02-05T14:10:06.604Z</time>
</trkpt>
<trkpt lat="-13.547436" lon="-71.89058">
<ele>3267.9</ele>
<time>2025-02-05T14:10:07.603Z</time>
</trkpt>
<trkpt lat="-13.547436" lon="-71.89058">
<ele>3267.9</ele>
<time>2025-02-05T14:10:08.604Z</time>
</trkpt>
<trkpt lat="-13.547436" lon="-71.89058">
<ele>3267.9</ele>
<time>2025-02-05T14:10:09.604Z</time>
</trkpt>
<trkpt lat="-13.547438" lon="-71.890578">
<ele>3267.9</ele>
<time>2025-02-05T14:10:10.604Z</time>
</trkpt>
<trkpt lat="-13.547438" lon="-71.890578">
<ele>3267.9</ele>
<time>2025-02-05T14:10:11.604Z</time>
</trkpt>
<trkpt lat="-13.547439" lon="-71.890578">
<ele>3267.4</ele>
<time>2025-02-05T14:10:12.604Z</time>
</trkpt>
<trkpt lat="-13.547439" lon="-71.890579">
<ele>3267.4</ele>
<time>2025-02-05T14:10:13.604Z</time>
</trkpt>
<trkpt lat="-13.54744" lon="-71.890579">
<ele>3267.4</ele>
<time>2025-02-05T14:10:14.604Z</time>
</trkpt>
<trkpt lat="-13.547441" lon="-71.890579">
<ele>3267.5</ele>
<time>2025-02-05T14:10:15.604Z</time>
</trkpt>
<trkpt lat="-13.547442" lon="-71.890577">
<ele>3267.5</ele>
<time>2025-02-05T14:10:16.604Z</time>
</trkpt>
<trkpt lat="-13.547441" lon="-71.890576">
<ele>3267.5</ele>
<time>2025-02-05T14:10:17.604Z</time>
</trkpt>
<trkpt lat="-13.547441" lon="-71.890577">
<ele>3267.5</ele>
<time>2025-02-05T14:10:18.604Z</time>
</trkpt>
<trkpt lat="-13.547442" lon="-71.890577">
<ele>3267.5</ele>
<time>2025-02-05T14:10:19.604Z</time>
</trkpt>
<trkpt lat="-13.547442" lon="-71.890578">
<ele>3267.5</ele>
<time>2025-02-05T14:10:20.604Z</time>
</trkpt>
<trkpt lat="-13.547442" lon="-71.89058">
<ele>3267.5</ele>
<time>2025-02-05T14:10:21.604Z</time>
</trkpt>
<trkpt lat="-13.547444" lon="-71.89058">
<ele>3267.5</ele>
<time>2025-02-05T14:10:22.604Z</time>
</trkpt>
<trkpt lat="-13.547445" lon="-71.89058">
<ele>3267.9</ele>
<time>2025-02-05T14:10:23.604Z</time>
</trkpt>
<trkpt lat="-13.547448" lon="-71.890582">
<ele>3267.9</ele>
<time>2025-02-05T14:10:28.584Z</time>
</trkpt>
<trkpt lat="-13.547448" lon="-71.890582">
<ele>3267.9</ele>
<time>2025-02-05T14:10:29.604Z</time>
</trkpt>
<trkpt lat="-13.548031" lon="-71.890769">
<ele>3266.7</ele>
<time>2025-02-05T14:41:20.598Z</time>
</trkpt>
<trkpt lat="-13.54803" lon="-71.890763">
<ele>3266.5</ele>
<time>2025-02-05T14:41:21.598Z</time>
</trkpt>
<trkpt lat="-13.54803" lon="-71.890761">
<ele>3266.5</ele>
<time>2025-02-05T14:41:22.598Z</time>
</trkpt>
<trkpt lat="-13.548029" lon="-71.890756">
<ele>3266.5</ele>
<time>2025-02-05T14:41:23.516Z</time>
</trkpt>
<trkpt lat="-13.54803" lon="-71.890748">
<ele>3266.5</ele>
<time>2025-02-05T14:41:24.559Z</time>
</trkpt>
<trkpt lat="-13.54803" lon="-71.890738">
<ele>3266.5</ele>
<time>2025-02-05T14:41:25.613Z</time>
</trkpt>
<trkpt lat="-13.548035" lon="-71.890722">
<ele>3266</ele>
<time>2025-02-05T14:41:26.598Z</time>
</trkpt>
<trkpt lat="-13.548037" lon="-71.890714">
<ele>3266</ele>
<time>2025-02-05T14:41:27.598Z</time>
</trkpt>
<trkpt lat="-13.548041" lon="-71.890704">
<ele>3266</ele>
<time>2025-02-05T14:41:28.598Z</time>
</trkpt>
<trkpt lat="-13.548045" lon="-71.890694">
<ele>3266</ele>
<time>2025-02-05T14:41:29.598Z</time>
</trkpt>
<trkpt lat="-13.548048" lon="-71.890685">
<ele>3266</ele>
<time>2025-02-05T14:41:30.557Z</time>
</trkpt>
<trkpt lat="-13.548054" lon="-71.890674">
<ele>3266</ele>
<time>2025-02-05T14:41:31.598Z</time>
</trkpt>
<trkpt lat="-13.548056" lon="-71.890666">
<ele>3266</ele>
<time>2025-02-05T14:41:32.598Z</time>
</trkpt>
<trkpt lat="-13.548059" lon="-71.890656">
<ele>3266</ele>
<time>2025-02-05T14:41:33.598Z</time>
</trkpt>
<trkpt lat="-13.548062" lon="-71.890645">
<ele>3266</ele>
<time>2025-02-05T14:41:34.598Z</time>
</trkpt>
<trkpt lat="-13.548063" lon="-71.890635">
<ele>3266</ele>
<time>2025-02-05T14:41:35.598Z</time>
</trkpt>
<trkpt lat="-13.548064" lon="-71.890622">
<ele>3266</ele>
<time>2025-02-05T14:41:36.598Z</time>
</trkpt>
<trkpt lat="-13.548066" lon="-71.890613">
<ele>3266</ele>
<time>2025-02-05T14:41:37.597Z</time>
</trkpt>
<trkpt lat="-13.548068" lon="-71.890602">
<ele>3266</ele>
<time>2025-02-05T14:41:38.520Z</time>
</trkpt>
<trkpt lat="-13.548075" lon="-71.890592">
<ele>3266</ele>
<time>2025-02-05T14:41:39.597Z</time>
</trkpt>
<trkpt lat="-13.548082" lon="-71.890583">
<ele>3266</ele>
<time>2025-02-05T14:41:40.598Z</time>
</trkpt>
<trkpt lat="-13.548091" lon="-71.890573">
<ele>3266</ele>
<time>2025-02-05T14:41:41.598Z</time>
</trkpt>
<trkpt lat="-13.548097" lon="-71.890565">
<ele>3266</ele>
<time>2025-02-05T14:41:42.598Z</time>
</trkpt>
<trkpt lat="-13.548103" lon="-71.890555">
<ele>3266</ele>
<time>2025-02-05T14:41:43.621Z</time>
</trkpt>
<trkpt lat="-13.548108" lon="-71.890548">
<ele>3266</ele>
<time>2025-02-05T14:41:44.598Z</time>
</trkpt>
<trkpt lat="-13.548112" lon="-71.890542">
<ele>3266</ele>
<time>2025-02-05T14:41:45.598Z</time>
</trkpt>
<trkpt lat="-13.548113" lon="-71.890533">
<ele>3266.3</ele>
<time>2025-02-05T14:41:46.598Z</time>
</trkpt>
<trkpt lat="-13.548118" lon="-71.890524">
<ele>3266.3</ele>
<time>2025-02-05T14:41:47.500Z</time>
</trkpt>
<trkpt lat="-13.548124" lon="-71.890514">
<ele>3266.3</ele>
<time>2025-02-05T14:41:48.602Z</time>
</trkpt>
<trkpt lat="-13.548129" lon="-71.890507">
<ele>3266.3</ele>
<time>2025-02-05T14:41:49.598Z</time>
</trkpt>
<trkpt lat="-13.548133" lon="-71.890497">
<ele>3266.3</ele>
<time>2025-02-05T14:41:50.521Z</time>
</trkpt>
<trkpt lat="-13.548136" lon="-71.890482">
<ele>3265.4</ele>
<time>2025-02-05T14:41:51.563Z</time>
</trkpt>
<trkpt lat="-13.548138" lon="-71.890476">
<ele>3265.4</ele>
<time>2025-02-05T14:41:52.598Z</time>
</trkpt>
<trkpt lat="-13.548142" lon="-71.890469">
<ele>3265.4</ele>
<time>2025-02-05T14:41:53.598Z</time>
</trkpt>
<trkpt lat="-13.548145" lon="-71.89046">
<ele>3265.4</ele>
<time>2025-02-05T14:41:54.582Z</time>
</trkpt>
<trkpt lat="-13.548148" lon="-71.890452">
<ele>3265.4</ele>
<time>2025-02-05T14:41:55.598Z</time>
</trkpt>
<trkpt lat="-13.548151" lon="-71.890437">
<ele>3265.4</ele>
<time>2025-02-05T14:41:56.598Z</time>
</trkpt>
<trkpt lat="-13.548153" lon="-71.890428">
<ele>3265.4</ele>
<time>2025-02-05T14:41:57.598Z</time>
</trkpt>
<trkpt lat="-13.548156" lon="-71.890418">
<ele>3265.4</ele>
<time>2025-02-05T14:41:58.598Z</time>
</trkpt>
<trkpt lat="-13.548157" lon="-71.890408">
<ele>3265.4</ele>
<time>2025-02-05T14:41:59.598Z</time>
</trkpt>
<trkpt lat="-13.54816" lon="-71.890399">
<ele>3265.4</ele>
<time>2025-02-05T14:42:00.598Z</time>
</trkpt>
<trkpt lat="-13.548164" lon="-71.890379">
<ele>3264.8</ele>
<time>2025-02-05T14:42:01.597Z</time>
</trkpt>
<trkpt lat="-13.548166" lon="-71.890371">
<ele>3264.8</ele>
<time>2025-02-05T14:42:02.598Z</time>
</trkpt>
<trkpt lat="-13.548168" lon="-71.890364">
<ele>3264.8</ele>
<time>2025-02-05T14:42:03.598Z</time>
</trkpt>
<trkpt lat="-13.54817" lon="-71.890356">
<ele>3264.8</ele>
<time>2025-02-05T14:42:04.593Z</time>
</trkpt>
<trkpt lat="-13.548172" lon="-71.890352">
<ele>3264.8</ele>
<time>2025-02-05T14:42:05.598Z</time>
</trkpt>
<trkpt lat="-13.548176" lon="-71.890333">
<ele>3264.5</ele>
<time>2025-02-05T14:42:06.598Z</time>
</trkpt>
<trkpt lat="-13.54818" lon="-71.890329">
<ele>3264.5</ele>
<time>2025-02-05T14:42:07.597Z</time>
</trkpt>
<trkpt lat="-13.548183" lon="-71.890323">
<ele>3264.5</ele>
<time>2025-02-05T14:42:08.598Z</time>
</trkpt>
<trkpt lat="-13.548186" lon="-71.890317">
<ele>3264.5</ele>
<time>2025-02-05T14:42:09.598Z</time>
</trkpt>
<trkpt lat="-13.548189" lon="-71.89031">
<ele>3264.5</ele>
<time>2025-02-05T14:42:10.598Z</time>
</trkpt>
<trkpt lat="-13.548192" lon="-71.890296">
<ele>3264.5</ele>
<time>2025-02-05T14:42:11.598Z</time>
</trkpt>
<trkpt lat="-13.548195" lon="-71.890285">
<ele>3264.5</ele>
<time>2025-02-05T14:42:12.598Z</time>
</trkpt>
<trkpt lat="-13.548199" lon="-71.890276">
<ele>3264.5</ele>
<time>2025-02-05T14:42:13.598Z</time>
</trkpt>
<trkpt lat="-13.548204" lon="-71.890269">
<ele>3264.5</ele>
<time>2025-02-05T14:42:14.598Z</time>
</trkpt>
<trkpt lat="-13.548209" lon="-71.89026">
<ele>3264.5</ele>
<time>2025-02-05T14:42:15.598Z</time>
</trkpt>
<trkpt lat="-13.54821" lon="-71.890247">
<ele>3265.4</ele>
<time>2025-02-05T14:42:16.598Z</time>
</trkpt>
<trkpt lat="-13.548213" lon="-71.890238">
<ele>3265.4</ele>
<time>2025-02-05T14:42:17.598Z</time>
</trkpt>
<trkpt lat="-13.548215" lon="-71.890228">
<ele>3265.4</ele>
<time>2025-02-05T14:42:18.555Z</time>
</trkpt>
<trkpt lat="-13.548216" lon="-71.890219">
<ele>3265.4</ele>
<time>2025-02-05T14:42:19.598Z</time>
</trkpt>
<trkpt lat="-13.548218" lon="-71.89021">
<ele>3265.4</ele>
<time>2025-02-05T14:42:20.598Z</time>
</trkpt>
<trkpt lat="-13.54822" lon="-71.8902">
<ele>3265.4</ele>
<time>2025-02-05T14:42:21.598Z</time>
</trkpt>
<trkpt lat="-13.548221" lon="-71.890187">
<ele>3265.4</ele>
<time>2025-02-05T14:42:22.541Z</time>
</trkpt>
<trkpt lat="-13.548225" lon="-71.890183">
<ele>3265.4</ele>
<time>2025-02-05T14:42:23.556Z</time>
</trkpt>
<trkpt lat="-13.548235" lon="-71.890179">
<ele>3265.4</ele>
<time>2025-02-05T14:42:24.598Z</time>
</trkpt>
<trkpt lat="-13.548237" lon="-71.890178">
<ele>3265.4</ele>
<time>2025-02-05T14:42:24.841Z</time>
</trkpt>
<trkpt lat="-13.548244" lon="-71.890171">
<ele>3265.4</ele>
<time>2025-02-05T14:42:27.974Z</time>
</trkpt>
<trkpt lat="-13.548251" lon="-71.890189">
<ele>3265.4</ele>
<time>2025-02-05T14:42:30.871Z</time>
</trkpt>
<trkpt lat="-13.548263" lon="-71.890168">
<ele>3265.4</ele>
<time>2025-02-05T14:42:33.609Z</time>
</trkpt>
<trkpt lat="-13.548257" lon="-71.89015">
<ele>3264.5</ele>
<time>2025-02-05T14:42:36.386Z</time>
</trkpt>
<trkpt lat="-13.548252" lon="-71.890107">
<ele>3264.5</ele>
<time>2025-02-05T14:42:39.641Z</time>
</trkpt>
<trkpt lat="-13.548292" lon="-71.890072">
<ele>3264.5</ele>
<time>2025-02-05T14:42:42.895Z</time>
</trkpt>
<trkpt lat="-13.548324" lon="-71.890044">
<ele>3264.5</ele>
<time>2025-02-05T14:42:45.747Z</time>
</trkpt>
<trkpt lat="-13.548329" lon="-71.890014">
<ele>3264.5</ele>
<time>2025-02-05T14:42:48.634Z</time>
</trkpt>
<trkpt lat="-13.548349" lon="-71.889987">
<ele>3264.5</ele>
<time>2025-02-05T14:42:51.393Z</time>
</trkpt>
<trkpt lat="-13.54836" lon="-71.889956">
<ele>3264.5</ele>
<time>2025-02-05T14:42:54.190Z</time>
</trkpt>
<trkpt lat="-13.548363" lon="-71.889935">
<ele>3264.5</ele>
<time>2025-02-05T14:42:57.006Z</time>
</trkpt>
<trkpt lat="-13.548367" lon="-71.889915">
<ele>3264.8</ele>
<time>2025-02-05T14:42:59.767Z</time>
</trkpt>
<trkpt lat="-13.548373" lon="-71.889885">
<ele>3264.8</ele>
<time>2025-02-05T14:43:02.947Z</time>
</trkpt>
<trkpt lat="-13.54838" lon="-71.889855">
<ele>3263.9</ele>
<time>2025-02-05T14:43:05.649Z</time>
</trkpt>
<trkpt lat="-13.548382" lon="-71.889822">
<ele>3263.9</ele>
<time>2025-02-05T14:43:08.390Z</time>
</trkpt>
<trkpt lat="-13.548386" lon="-71.889792">
<ele>3263.9</ele>
<time>2025-02-05T14:43:11.130Z</time>
</trkpt>
<trkpt lat="-13.548348" lon="-71.889768">
<ele>3263.9</ele>
<time>2025-02-05T14:43:13.858Z</time>
</trkpt>
<trkpt lat="-13.548346" lon="-71.88974">
<ele>3263.9</ele>
<time>2025-02-05T14:43:16.573Z</time>
</trkpt>
<trkpt lat="-13.548347" lon="-71.889712">
<ele>3263.9</ele>
<time>2025-02-05T14:43:19.294Z</time>
</trkpt>
<trkpt lat="-13.548354" lon="-71.889686">
<ele>3263.9</ele>
<time>2025-02-05T14:43:22.092Z</time>
</trkpt>
<trkpt lat="-13.548369" lon="-71.889654">
<ele>3263.9</ele>
<time>2025-02-05T14:43:25.091Z</time>
</trkpt>
<trkpt lat="-13.54839" lon="-71.889632">
<ele>3263.9</ele>
<time>2025-02-05T14:43:28.598Z</time>
</trkpt>
<trkpt lat="-13.5484" lon="-71.889629">
<ele>3264.9</ele>
<time>2025-02-05T14:43:31.598Z</time>
</trkpt>
<trkpt lat="-13.548401" lon="-71.889632">
<ele>3266.4</ele>
<time>2025-02-05T14:43:34.452Z</time>
</trkpt>
<trkpt lat="-13.548427" lon="-71.889622">
<ele>3266.4</ele>
<time>2025-02-05T14:43:37.154Z</time>
</trkpt>
<trkpt lat="-13.548439" lon="-71.889614">
<ele>3263.9</ele>
<time>2025-02-05T14:43:39.894Z</time>
</trkpt>
<trkpt lat="-13.548446" lon="-71.889601">
<ele>3263.9</ele>
<time>2025-02-05T14:43:43.353Z</time>
</trkpt>
<trkpt lat="-13.548476" lon="-71.889572">
<ele>3263.9</ele>
<time>2025-02-05T14:43:46.227Z</time>
</trkpt>
<trkpt lat="-13.548486" lon="-71.889533">
<ele>3263.9</ele>
<time>2025-02-05T14:43:48.948Z</time>
</trkpt>
<trkpt lat="-13.54849" lon="-71.889506">
<ele>3263.9</ele>
<time>2025-02-05T14:43:51.908Z</time>
</trkpt>
<trkpt lat="-13.548502" lon="-71.889473">
<ele>3263.9</ele>
<time>2025-02-05T14:43:54.707Z</time>
</trkpt>
<trkpt lat="-13.548511" lon="-71.889452">
<ele>3263.9</ele>
<time>2025-02-05T14:43:57.515Z</time>
</trkpt>
<trkpt lat="-13.548529" lon="-71.889426">
<ele>3263.9</ele>
<time>2025-02-05T14:44:00.757Z</time>
</trkpt>
<trkpt lat="-13.548533" lon="-71.8894">
<ele>3263.9</ele>
<time>2025-02-05T14:44:03.809Z</time>
</trkpt>
<trkpt lat="-13.548544" lon="-71.889383">
<ele>3262.8</ele>
<time>2025-02-05T14:44:07.067Z</time>
</trkpt>
<trkpt lat="-13.548547" lon="-71.889382">
<ele>3262.8</ele>
<time>2025-02-05T14:44:10.247Z</time>
</trkpt>
<trkpt lat="-13.548546" lon="-71.889388">
<ele>3262.8</ele>
<time>2025-02-05T14:44:11.183Z</time>
</trkpt>
<trkpt lat="-13.548545" lon="-71.889391">
<ele>3262.8</ele>
<time>2025-02-05T14:44:12.403Z</time>
</trkpt>
<trkpt lat="-13.548546" lon="-71.88939">
<ele>3262.8</ele>
<time>2025-02-05T14:44:13.412Z</time>
</trkpt>
<trkpt lat="-13.548547" lon="-71.889383">
<ele>3262.8</ele>
<time>2025-02-05T14:44:14.598Z</time>
</trkpt>
<trkpt lat="-13.548549" lon="-71.889375">
<ele>3262.8</ele>
<time>2025-02-05T14:44:15.598Z</time>
</trkpt>
<trkpt lat="-13.548552" lon="-71.889363">
<ele>3263.9</ele>
<time>2025-02-05T14:44:16.611Z</time>
</trkpt>
<trkpt lat="-13.548556" lon="-71.889358">
<ele>3263.9</ele>
<time>2025-02-05T14:44:17.598Z</time>
</trkpt>
<trkpt lat="-13.54856" lon="-71.889353">
<ele>3263.9</ele>
<time>2025-02-05T14:44:18.598Z</time>
</trkpt>
<trkpt lat="-13.548562" lon="-71.88935">
<ele>3263.9</ele>
<time>2025-02-05T14:44:19.598Z</time>
</trkpt>
<trkpt lat="-13.548561" lon="-71.889349">
<ele>3263.9</ele>
<time>2025-02-05T14:44:20.598Z</time>
</trkpt>
<trkpt lat="-13.54856" lon="-71.889349">
<ele>3263.9</ele>
<time>2025-02-05T14:44:21.598Z</time>
</trkpt>
<trkpt lat="-13.548559" lon="-71.88935">
<ele>3263.9</ele>
<time>2025-02-05T14:44:22.597Z</time>
</trkpt>
<trkpt lat="-13.54856" lon="-71.889347">
<ele>3263.9</ele>
<time>2025-02-05T14:44:23.598Z</time>
</trkpt>
<trkpt lat="-13.548562" lon="-71.889342">
<ele>3264.9</ele>
<time>2025-02-05T14:44:24.599Z</time>
</trkpt>
<trkpt lat="-13.548566" lon="-71.889333">
<ele>3264.9</ele>
<time>2025-02-05T14:44:25.597Z</time>
</trkpt>
<trkpt lat="-13.548572" lon="-71.889325">
<ele>3264.9</ele>
<time>2025-02-05T14:44:26.623Z</time>
</trkpt>
<trkpt lat="-13.548581" lon="-71.889316">
<ele>3264.9</ele>
<time>2025-02-05T14:44:27.598Z</time>
</trkpt>
<trkpt lat="-13.548588" lon="-71.889306">
<ele>3264.9</ele>
<time>2025-02-05T14:44:28.598Z</time>
</trkpt>
<trkpt lat="-13.548596" lon="-71.889296">
<ele>3264.8</ele>
<time>2025-02-05T14:44:29.598Z</time>
</trkpt>
<trkpt lat="-13.5486" lon="-71.889288">
<ele>3264.8</ele>
<time>2025-02-05T14:44:30.505Z</time>
</trkpt>
<trkpt lat="-13.548605" lon="-71.889278">
<ele>3264.8</ele>
<time>2025-02-05T14:44:31.568Z</time>
</trkpt>
<trkpt lat="-13.548609" lon="-71.889267">
<ele>3264.8</ele>
<time>2025-02-05T14:44:32.598Z</time>
</trkpt>
<trkpt lat="-13.548614" lon="-71.889256">
<ele>3264.8</ele>
<time>2025-02-05T14:44:33.598Z</time>
</trkpt>
<trkpt lat="-13.54862" lon="-71.889244">
<ele>3266.4</ele>
<time>2025-02-05T14:44:34.598Z</time>
</trkpt>
<trkpt lat="-13.548624" lon="-71.889234">
<ele>3266.4</ele>
<time>2025-02-05T14:44:35.598Z</time>
</trkpt>
<trkpt lat="-13.548628" lon="-71.889224">
<ele>3266.4</ele>
<time>2025-02-05T14:44:36.598Z</time>
</trkpt>
<trkpt lat="-13.548634" lon="-71.889215">
<ele>3266.4</ele>
<time>2025-02-05T14:44:37.598Z</time>
</trkpt>
<trkpt lat="-13.54864" lon="-71.889205">
<ele>3266.4</ele>
<time>2025-02-05T14:44:38.595Z</time>
</trkpt>
<trkpt lat="-13.548637" lon="-71.889189">
<ele>3266.6</ele>
<time>2025-02-05T14:44:39.598Z</time>
</trkpt>
<trkpt lat="-13.548639" lon="-71.889181">
<ele>3266.6</ele>
<time>2025-02-05T14:44:40.598Z</time>
</trkpt>
<trkpt lat="-13.548644" lon="-71.889172">
<ele>3266.6</ele>
<time>2025-02-05T14:44:41.598Z</time>
</trkpt>
<trkpt lat="-13.548648" lon="-71.889162">
<ele>3266.6</ele>
<time>2025-02-05T14:44:42.597Z</time>
</trkpt>
<trkpt lat="-13.54865" lon="-71.889153">
<ele>3266.6</ele>
<time>2025-02-05T14:44:43.583Z</time>
</trkpt>
<trkpt lat="-13.548653" lon="-71.889142">
<ele>3266.6</ele>
<time>2025-02-05T14:44:44.588Z</time>
</trkpt>
<trkpt lat="-13.548654" lon="-71.889131">
<ele>3262.8</ele>
<time>2025-02-05T14:44:45.597Z</time>
</trkpt>
<trkpt lat="-13.548657" lon="-71.889119">
<ele>3262.8</ele>
<time>2025-02-05T14:44:46.597Z</time>
</trkpt>
<trkpt lat="-13.548661" lon="-71.889109">
<ele>3262.8</ele>
<time>2025-02-05T14:44:47.597Z</time>
</trkpt>
<trkpt lat="-13.548665" lon="-71.889098">
<ele>3262.8</ele>
<time>2025-02-05T14:44:48.597Z</time>
</trkpt>
<trkpt lat="-13.548669" lon="-71.889084">
<ele>3263.3</ele>
<time>2025-02-05T14:44:49.597Z</time>
</trkpt>
<trkpt lat="-13.548672" lon="-71.889075">
<ele>3263.3</ele>
<time>2025-02-05T14:44:50.550Z</time>
</trkpt>
<trkpt lat="-13.548677" lon="-71.889064">
<ele>3263.3</ele>
<time>2025-02-05T14:44:51.584Z</time>
</trkpt>
<trkpt lat="-13.548682" lon="-71.889054">
<ele>3263.3</ele>
<time>2025-02-05T14:44:52.597Z</time>
</trkpt>
<trkpt lat="-13.548686" lon="-71.889043">
<ele>3263.3</ele>
<time>2025-02-05T14:44:53.597Z</time>
</trkpt>
<trkpt lat="-13.548691" lon="-71.88903">
<ele>3263.3</ele>
<time>2025-02-05T14:44:54.596Z</time>
</trkpt>
<trkpt lat="-13.548696" lon="-71.88902">
<ele>3263.3</ele>
<time>2025-02-05T14:44:55.597Z</time>
</trkpt>
<trkpt lat="-13.548702" lon="-71.88901">
<ele>3263.3</ele>
<time>2025-02-05T14:44:56.597Z</time>
</trkpt>
<trkpt lat="-13.548708" lon="-71.889001">
<ele>3263.3</ele>
<time>2025-02-05T14:44:57.597Z</time>
</trkpt>
<trkpt lat="-13.548713" lon="-71.888992">
<ele>3263.3</ele>
<time>2025-02-05T14:44:58.511Z</time>
</trkpt>
<trkpt lat="-13.54872" lon="-71.888977">
<ele>3263.3</ele>
<time>2025-02-05T14:44:59.566Z</time>
</trkpt>
<trkpt lat="-13.548722" lon="-71.888972">
<ele>3263.3</ele>
<time>2025-02-05T14:45:00.597Z</time>
</trkpt>
<trkpt lat="-13.548725" lon="-71.888964">
<ele>3263.3</ele>
<time>2025-02-05T14:45:01.597Z</time>
</trkpt>
<trkpt lat="-13.548729" lon="-71.888954">
<ele>3263.3</ele>
<time>2025-02-05T14:45:02.596Z</time>
</trkpt>
<trkpt lat="-13.548732" lon="-71.888942">
<ele>3263.3</ele>
<time>2025-02-05T14:45:03.597Z</time>
</trkpt>
<trkpt lat="-13.548736" lon="-71.888928">
<ele>3263.3</ele>
<time>2025-02-05T14:45:04.597Z</time>
</trkpt>
<trkpt lat="-13.548739" lon="-71.888919">
<ele>3263.3</ele>
<time>2025-02-05T14:45:05.597Z</time>
</trkpt>
<trkpt lat="-13.548744" lon="-71.888908">
<ele>3263.3</ele>
<time>2025-02-05T14:45:06.596Z</time>
</trkpt>
<trkpt lat="-13.548748" lon="-71.888897">
<ele>3263.3</ele>
<time>2025-02-05T14:45:07.547Z</time>
</trkpt>
<trkpt lat="-13.548754" lon="-71.888888">
<ele>3263.3</ele>
<time>2025-02-05T14:45:08.591Z</time>
</trkpt>
<trkpt lat="-13.548761" lon="-71.888878">
<ele>3263.3</ele>
<time>2025-02-05T14:45:09.597Z</time>
</trkpt>
<trkpt lat="-13.548764" lon="-71.888871">
<ele>3263.3</ele>
<time>2025-02-05T14:45:10.597Z</time>
</trkpt>
<trkpt lat="-13.548769" lon="-71.88886">
<ele>3263.3</ele>
<time>2025-02-05T14:45:11.596Z</time>
</trkpt>
<trkpt lat="-13.548773" lon="-71.888851">
<ele>3263.3</ele>
<time>2025-02-05T14:45:12.597Z</time>
</trkpt>
<trkpt lat="-13.548778" lon="-71.888841">
<ele>3263.3</ele>
<time>2025-02-05T14:45:13.597Z</time>
</trkpt>
<trkpt lat="-13.548781" lon="-71.888831">
<ele>3263.3</ele>
<time>2025-02-05T14:45:14.597Z</time>
</trkpt>
<trkpt lat="-13.548785" lon="-71.88882">
<ele>3263.3</ele>
<time>2025-02-05T14:45:15.597Z</time>
</trkpt>
<trkpt lat="-13.548789" lon="-71.888809">
<ele>3263.3</ele>
<time>2025-02-05T14:45:16.596Z</time>
</trkpt>
<trkpt lat="-13.548793" lon="-71.888798">
<ele>3263.3</ele>
<time>2025-02-05T14:45:17.529Z</time>
</trkpt>
<trkpt lat="-13.548798" lon="-71.888787">
<ele>3263.3</ele>
<time>2025-02-05T14:45:18.608Z</time>
</trkpt>
<trkpt lat="-13.548804" lon="-71.888775">
<ele>3263.3</ele>
<time>2025-02-05T14:45:19.597Z</time>
</trkpt>
<trkpt lat="-13.548808" lon="-71.888767">
<ele>3263.3</ele>
<time>2025-02-05T14:45:20.597Z</time>
</trkpt>
<trkpt lat="-13.548814" lon="-71.888758">
<ele>3263.3</ele>
<time>2025-02-05T14:45:21.597Z</time>
</trkpt>
<trkpt lat="-13.548818" lon="-71.888748">
<ele>3263.3</ele>
<time>2025-02-05T14:45:22.597Z</time>
</trkpt>
<trkpt lat="-13.548824" lon="-71.88874">
<ele>3263.3</ele>
<time>2025-02-05T14:45:23.597Z</time>
</trkpt>
<trkpt lat="-13.548833" lon="-71.88873">
<ele>3263.3</ele>
<time>2025-02-05T14:45:24.597Z</time>
</trkpt>
<trkpt lat="-13.548838" lon="-71.888724">
<ele>3263.3</ele>
<time>2025-02-05T14:45:25.597Z</time>
</trkpt>
<trkpt lat="-13.548843" lon="-71.888715">
<ele>3263.3</ele>
<time>2025-02-05T14:45:26.597Z</time>
</trkpt>
<trkpt lat="-13.548848" lon="-71.888705">
<ele>3263.3</ele>
<time>2025-02-05T14:45:27.597Z</time>
</trkpt>
<trkpt lat="-13.548853" lon="-71.888696">
<ele>3263.3</ele>
<time>2025-02-05T14:45:28.549Z</time>
</trkpt>
<trkpt lat="-13.548862" lon="-71.888687">
<ele>3263.3</ele>
<time>2025-02-05T14:45:29.597Z</time>
</trkpt>
<trkpt lat="-13.548866" lon="-71.888682">
<ele>3263.3</ele>
<time>2025-02-05T14:45:30.597Z</time>
</trkpt>
<trkpt lat="-13.54887" lon="-71.888674">
<ele>3263.3</ele>
<time>2025-02-05T14:45:31.597Z</time>
</trkpt>
<trkpt lat="-13.548876" lon="-71.888666">
<ele>3263.3</ele>
<time>2025-02-05T14:45:32.597Z</time>
</trkpt>
<trkpt lat="-13.548882" lon="-71.888658">
<ele>3263.3</ele>
<time>2025-02-05T14:45:33.597Z</time>
</trkpt>
<trkpt lat="-13.548888" lon="-71.88865">
<ele>3263.3</ele>
<time>2025-02-05T14:45:34.597Z</time>
</trkpt>
<trkpt lat="-13.548894" lon="-71.888641">
<ele>3263.3</ele>
<time>2025-02-05T14:45:35.610Z</time>
</trkpt>
<trkpt lat="-13.548899" lon="-71.888633">
<ele>3263.3</ele>
<time>2025-02-05T14:45:36.597Z</time>
</trkpt>
<trkpt lat="-13.548903" lon="-71.888625">
<ele>3263.3</ele>
<time>2025-02-05T14:45:37.597Z</time>
</trkpt>
<trkpt lat="-13.548906" lon="-71.888618">
<ele>3263.3</ele>
<time>2025-02-05T14:45:38.597Z</time>
</trkpt>
<trkpt lat="-13.548909" lon="-71.888607">
<ele>3263.3</ele>
<time>2025-02-05T14:45:39.597Z</time>
</trkpt>
<trkpt lat="-13.548914" lon="-71.888599">
<ele>3263.3</ele>
<time>2025-02-05T14:45:40.593Z</time>
</trkpt>
<trkpt lat="-13.54892" lon="-71.888589">
<ele>3263.3</ele>
<time>2025-02-05T14:45:41.589Z</time>
</trkpt>
<trkpt lat="-13.548923" lon="-71.888577">
<ele>3263.3</ele>
<time>2025-02-05T14:45:42.597Z</time>
</trkpt>
<trkpt lat="-13.548926" lon="-71.888565">
<ele>3263.3</ele>
<time>2025-02-05T14:45:43.597Z</time>
</trkpt>
<trkpt lat="-13.548931" lon="-71.888549">
<ele>3259.1</ele>
<time>2025-02-05T14:45:44.596Z</time>
</trkpt>
<trkpt lat="-13.548932" lon="-71.888541">
<ele>3259.1</ele>
<time>2025-02-05T14:45:45.597Z</time>
</trkpt>
<trkpt lat="-13.548935" lon="-71.88853">
<ele>3259.1</ele>
<time>2025-02-05T14:45:46.597Z</time>
</trkpt>
<trkpt lat="-13.548938" lon="-71.888518">
<ele>3259.1</ele>
<time>2025-02-05T14:45:47.597Z</time>
</trkpt>
<trkpt lat="-13.548937" lon="-71.88851">
<ele>3259.1</ele>
<time>2025-02-05T14:45:48.597Z</time>
</trkpt>
<trkpt lat="-13.548937" lon="-71.888497">
<ele>3262</ele>
<time>2025-02-05T14:45:49.552Z</time>
</trkpt>
<trkpt lat="-13.548938" lon="-71.888493">
<ele>3262</ele>
<time>2025-02-05T14:45:50.605Z</time>
</trkpt>
<trkpt lat="-13.548941" lon="-71.888485">
<ele>3262</ele>
<time>2025-02-05T14:45:51.563Z</time>
</trkpt>
<trkpt lat="-13.548947" lon="-71.888477">
<ele>3262</ele>
<time>2025-02-05T14:45:52.597Z</time>
</trkpt>
<trkpt lat="-13.548951" lon="-71.888469">
<ele>3262</ele>
<time>2025-02-05T14:45:53.597Z</time>
</trkpt>
<trkpt lat="-13.548958" lon="-71.888459">
<ele>3262</ele>
<time>2025-02-05T14:45:54.597Z</time>
</trkpt>
<trkpt lat="-13.548963" lon="-71.888453">
<ele>3262</ele>
<time>2025-02-05T14:45:55.597Z</time>
</trkpt>
<trkpt lat="-13.548969" lon="-71.888445">
<ele>3262</ele>
<time>2025-02-05T14:45:56.549Z</time>
</trkpt>
<trkpt lat="-13.548975" lon="-71.888438">
<ele>3262</ele>
<time>2025-02-05T14:45:57.597Z</time>
</trkpt>
<trkpt lat="-13.54898" lon="-71.88843">
<ele>3262</ele>
<time>2025-02-05T14:45:58.597Z</time>
</trkpt>
<trkpt lat="-13.548988" lon="-71.888415">
<ele>3260.6</ele>
<time>2025-02-05T14:45:59.597Z</time>
</trkpt>
<trkpt lat="-13.54899" lon="-71.888408">
<ele>3260.6</ele>
<time>2025-02-05T14:46:00.597Z</time>
</trkpt>
<trkpt lat="-13.548994" lon="-71.888397">
<ele>3260.6</ele>
<time>2025-02-05T14:46:01.597Z</time>
</trkpt>
<trkpt lat="-13.548999" lon="-71.888387">
<ele>3260.6</ele>
<time>2025-02-05T14:46:02.544Z</time>
</trkpt>
<trkpt lat="-13.549004" lon="-71.888377">
<ele>3260.6</ele>
<time>2025-02-05T14:46:03.597Z</time>
</trkpt>
<trkpt lat="-13.549008" lon="-71.88836">
<ele>3260.6</ele>
<time>2025-02-05T14:46:04.596Z</time>
</trkpt>
<trkpt lat="-13.54901" lon="-71.888353">
<ele>3260.6</ele>
<time>2025-02-05T14:46:05.596Z</time>
</trkpt>
<trkpt lat="-13.549013" lon="-71.888342">
<ele>3260.6</ele>
<time>2025-02-05T14:46:06.598Z</time>
</trkpt>
<trkpt lat="-13.549016" lon="-71.888331">
<ele>3260.6</ele>
<time>2025-02-05T14:46:07.525Z</time>
</trkpt>
<trkpt lat="-13.549021" lon="-71.888321">
<ele>3260.6</ele>
<time>2025-02-05T14:46:08.588Z</time>
</trkpt>
<trkpt lat="-13.549028" lon="-71.888308">
<ele>3260.9</ele>
<time>2025-02-05T14:46:09.597Z</time>
</trkpt>
<trkpt lat="-13.549032" lon="-71.8883">
<ele>3260.9</ele>
<time>2025-02-05T14:46:10.597Z</time>
</trkpt>
<trkpt lat="-13.549036" lon="-71.88829">
<ele>3260.9</ele>
<time>2025-02-05T14:46:11.597Z</time>
</trkpt>
<trkpt lat="-13.54904" lon="-71.88828">
<ele>3260.9</ele>
<time>2025-02-05T14:46:12.597Z</time>
</trkpt>
<trkpt lat="-13.549045" lon="-71.88827">
<ele>3260.9</ele>
<time>2025-02-05T14:46:13.597Z</time>
</trkpt>
<trkpt lat="-13.549048" lon="-71.888258">
<ele>3260.6</ele>
<time>2025-02-05T14:46:14.547Z</time>
</trkpt>
<trkpt lat="-13.549052" lon="-71.888251">
<ele>3260.6</ele>
<time>2025-02-05T14:46:15.583Z</time>
</trkpt>
<trkpt lat="-13.549057" lon="-71.888245">
<ele>3260.6</ele>
<time>2025-02-05T14:46:16.597Z</time>
</trkpt>
<trkpt lat="-13.549061" lon="-71.888236">
<ele>3260.6</ele>
<time>2025-02-05T14:46:17.597Z</time>
</trkpt>
<trkpt lat="-13.549065" lon="-71.888226">
<ele>3260.6</ele>
<time>2025-02-05T14:46:18.597Z</time>
</trkpt>
<trkpt lat="-13.549068" lon="-71.888216">
<ele>3261.6</ele>
<time>2025-02-05T14:46:19.597Z</time>
</trkpt>
<trkpt lat="-13.549071" lon="-71.888211">
<ele>3261.6</ele>
<time>2025-02-05T14:46:20.597Z</time>
</trkpt>
<trkpt lat="-13.549075" lon="-71.888204">
<ele>3261.6</ele>
<time>2025-02-05T14:46:21.596Z</time>
</trkpt>
<trkpt lat="-13.549079" lon="-71.888195">
<ele>3261.6</ele>
<time>2025-02-05T14:46:22.511Z</time>
</trkpt>
<trkpt lat="-13.549082" lon="-71.888185">
<ele>3261.6</ele>
<time>2025-02-05T14:46:23.604Z</time>
</trkpt>
<trkpt lat="-13.549085" lon="-71.888174">
<ele>3260.6</ele>
<time>2025-02-05T14:46:24.597Z</time>
</trkpt>
<trkpt lat="-13.549086" lon="-71.888167">
<ele>3260.6</ele>
<time>2025-02-05T14:46:25.597Z</time>
</trkpt>
<trkpt lat="-13.549088" lon="-71.888158">
<ele>3260.6</ele>
<time>2025-02-05T14:46:26.597Z</time>
</trkpt>
<trkpt lat="-13.54909" lon="-71.888148">
<ele>3260.6</ele>
<time>2025-02-05T14:46:27.597Z</time>
</trkpt>
<trkpt lat="-13.549094" lon="-71.888136">
<ele>3260.6</ele>
<time>2025-02-05T14:46:28.587Z</time>
</trkpt>
<trkpt lat="-13.549093" lon="-71.888134">
<ele>3260.6</ele>
<time>2025-02-05T14:46:29.597Z</time>
</trkpt>
<trkpt lat="-13.549093" lon="-71.888131">
<ele>3260.9</ele>
<time>2025-02-05T14:46:30.597Z</time>
</trkpt>
<trkpt lat="-13.549095" lon="-71.888126">
<ele>3260.9</ele>
<time>2025-02-05T14:46:31.597Z</time>
</trkpt>
<trkpt lat="-13.5491" lon="-71.888121">
<ele>3260.9</ele>
<time>2025-02-05T14:46:32.597Z</time>
</trkpt>
<trkpt lat="-13.549103" lon="-71.888113">
<ele>3260.9</ele>
<time>2025-02-05T14:46:33.549Z</time>
</trkpt>
<trkpt lat="-13.549104" lon="-71.888104">
<ele>3260.9</ele>
<time>2025-02-05T14:46:34.597Z</time>
</trkpt>
<trkpt lat="-13.549107" lon="-71.888096">
<ele>3260.9</ele>
<time>2025-02-05T14:46:35.597Z</time>
</trkpt>
<trkpt lat="-13.549113" lon="-71.888088">
<ele>3260.9</ele>
<time>2025-02-05T14:46:36.539Z</time>
</trkpt>
<trkpt lat="-13.549115" lon="-71.888081">
<ele>3260.9</ele>
<time>2025-02-05T14:46:37.597Z</time>
</trkpt>
<trkpt lat="-13.549116" lon="-71.888072">
<ele>3260.9</ele>
<time>2025-02-05T14:46:38.597Z</time>
</trkpt>
<trkpt lat="-13.549116" lon="-71.888062">
<ele>3260.9</ele>
<time>2025-02-05T14:46:39.596Z</time>
</trkpt>
<trkpt lat="-13.549118" lon="-71.888052">
<ele>3260.9</ele>
<time>2025-02-05T14:46:40.597Z</time>
</trkpt>
<trkpt lat="-13.549119" lon="-71.88804">
<ele>3260.9</ele>
<time>2025-02-05T14:46:41.597Z</time>
</trkpt>
<trkpt lat="-13.549121" lon="-71.888028">
<ele>3260.9</ele>
<time>2025-02-05T14:46:42.597Z</time>
</trkpt>
<trkpt lat="-13.549124" lon="-71.888016">
<ele>3260.9</ele>
<time>2025-02-05T14:46:43.610Z</time>
</trkpt>
<trkpt lat="-13.549128" lon="-71.888007">
<ele>3260.9</ele>
<time>2025-02-05T14:46:44.597Z</time>
</trkpt>
<trkpt lat="-13.549133" lon="-71.887997">
<ele>3260.9</ele>
<time>2025-02-05T14:46:45.597Z</time>
</trkpt>
<trkpt lat="-13.549137" lon="-71.887987">
<ele>3260.9</ele>
<time>2025-02-05T14:46:46.597Z</time>
</trkpt>
<trkpt lat="-13.549141" lon="-71.887978">
<ele>3260.9</ele>
<time>2025-02-05T14:46:47.597Z</time>
</trkpt>
<trkpt lat="-13.549146" lon="-71.88797">
<ele>3260.9</ele>
<time>2025-02-05T14:46:48.597Z</time>
</trkpt>
<trkpt lat="-13.549153" lon="-71.887966">
<ele>3260.9</ele>
<time>2025-02-05T14:46:49.597Z</time>
</trkpt>
<trkpt lat="-13.54916" lon="-71.887959">
<ele>3260.9</ele>
<time>2025-02-05T14:46:50.597Z</time>
</trkpt>
<trkpt lat="-13.549166" lon="-71.887949">
<ele>3260.9</ele>
<time>2025-02-05T14:46:51.597Z</time>
</trkpt>
<trkpt lat="-13.549171" lon="-71.887939">
<ele>3260.9</ele>
<time>2025-02-05T14:46:52.508Z</time>
</trkpt>
<trkpt lat="-13.54918" lon="-71.88793">
<ele>3260.9</ele>
<time>2025-02-05T14:46:53.597Z</time>
</trkpt>
<trkpt lat="-13.54919" lon="-71.887917">
<ele>3260.9</ele>
<time>2025-02-05T14:46:54.597Z</time>
</trkpt>
<trkpt lat="-13.549196" lon="-71.887909">
<ele>3260.9</ele>
<time>2025-02-05T14:46:55.530Z</time>
</trkpt>
<trkpt lat="-13.5492" lon="-71.887899">
<ele>3260.9</ele>
<time>2025-02-05T14:46:56.597Z</time>
</trkpt>
<trkpt lat="-13.549199" lon="-71.887888">
<ele>3260.9</ele>
<time>2025-02-05T14:46:57.511Z</time>
</trkpt>
<trkpt lat="-13.549199" lon="-71.887877">
<ele>3260.9</ele>
<time>2025-02-05T14:46:58.613Z</time>
</trkpt>
<trkpt lat="-13.549206" lon="-71.887869">
<ele>3260.9</ele>
<time>2025-02-05T14:46:59.597Z</time>
</trkpt>
<trkpt lat="-13.549215" lon="-71.887861">
<ele>3260.9</ele>
<time>2025-02-05T14:47:00.597Z</time>
</trkpt>
<trkpt lat="-13.54922" lon="-71.88785">
<ele>3260.9</ele>
<time>2025-02-05T14:47:01.597Z</time>
</trkpt>
<trkpt lat="-13.549223" lon="-71.88784">
<ele>3260.9</ele>
<time>2025-02-05T14:47:02.597Z</time>
</trkpt>
<trkpt lat="-13.549224" lon="-71.887826">
<ele>3260.9</ele>
<time>2025-02-05T14:47:03.623Z</time>
</trkpt>
<trkpt lat="-13.549228" lon="-71.887817">
<ele>3260.9</ele>
<time>2025-02-05T14:47:04.597Z</time>
</trkpt>
<trkpt lat="-13.549232" lon="-71.887808">
<ele>3260.9</ele>
<time>2025-02-05T14:47:05.597Z</time>
</trkpt>
<trkpt lat="-13.549233" lon="-71.887797">
<ele>3260.9</ele>
<time>2025-02-05T14:47:06.597Z</time>
</trkpt>
<trkpt lat="-13.549235" lon="-71.887785">
<ele>3260.9</ele>
<time>2025-02-05T14:47:07.596Z</time>
</trkpt>
<trkpt lat="-13.549236" lon="-71.887773">
<ele>3260.9</ele>
<time>2025-02-05T14:47:08.597Z</time>
</trkpt>
<trkpt lat="-13.549237" lon="-71.887762">
<ele>3260.9</ele>
<time>2025-02-05T14:47:09.597Z</time>
</trkpt>
<trkpt lat="-13.549236" lon="-71.887754">
<ele>3262</ele>
<time>2025-02-05T14:47:10.597Z</time>
</trkpt>
<trkpt lat="-13.549239" lon="-71.887745">
<ele>3262</ele>
<time>2025-02-05T14:47:11.546Z</time>
</trkpt>
<trkpt lat="-13.549243" lon="-71.887735">
<ele>3262</ele>
<time>2025-02-05T14:47:12.545Z</time>
</trkpt>
<trkpt lat="-13.549248" lon="-71.887727">
<ele>3262</ele>
<time>2025-02-05T14:47:13.596Z</time>
</trkpt>
<trkpt lat="-13.549254" lon="-71.887716">
<ele>3260.3</ele>
<time>2025-02-05T14:47:14.597Z</time>
</trkpt>
<trkpt lat="-13.549257" lon="-71.887706">
<ele>3260.3</ele>
<time>2025-02-05T14:47:15.611Z</time>
</trkpt>
<trkpt lat="-13.549259" lon="-71.887699">
<ele>3260.3</ele>
<time>2025-02-05T14:47:16.597Z</time>
</trkpt>
<trkpt lat="-13.549262" lon="-71.887689">
<ele>3260.3</ele>
<time>2025-02-05T14:47:17.597Z</time>
</trkpt>
<trkpt lat="-13.549266" lon="-71.887678">
<ele>3260.3</ele>
<time>2025-02-05T14:47:18.596Z</time>
</trkpt>
<trkpt lat="-13.549272" lon="-71.887668">
<ele>3260.3</ele>
<time>2025-02-05T14:47:19.597Z</time>
</trkpt>
<trkpt lat="-13.549278" lon="-71.887659">
<ele>3260.3</ele>
<time>2025-02-05T14:47:20.597Z</time>
</trkpt>
<trkpt lat="-13.549284" lon="-71.887652">
<ele>3260.3</ele>
<time>2025-02-05T14:47:21.597Z</time>
</trkpt>
<trkpt lat="-13.549292" lon="-71.887644">
<ele>3260.3</ele>
<time>2025-02-05T14:47:22.597Z</time>
</trkpt>
<trkpt lat="-13.549298" lon="-71.887644">
<ele>3260.3</ele>
<time>2025-02-05T14:47:23.597Z</time>
</trkpt>
<trkpt lat="-13.549302" lon="-71.887642">
<ele>3260.3</ele>
<time>2025-02-05T14:47:24.596Z</time>
</trkpt>
<trkpt lat="-13.549308" lon="-71.887634">
<ele>3259.6</ele>
<time>2025-02-05T14:47:25.597Z</time>
</trkpt>
<trkpt lat="-13.549314" lon="-71.887625">
<ele>3259.6</ele>
<time>2025-02-05T14:47:26.596Z</time>
</trkpt>
<trkpt lat="-13.549321" lon="-71.887616">
<ele>3259.6</ele>
<time>2025-02-05T14:47:27.604Z</time>
</trkpt>
<trkpt lat="-13.549326" lon="-71.887605">
<ele>3259.6</ele>
<time>2025-02-05T14:47:28.592Z</time>
</trkpt>
<trkpt lat="-13.54933" lon="-71.887595">
<ele>3259.6</ele>
<time>2025-02-05T14:47:29.597Z</time>
</trkpt>
<trkpt lat="-13.549333" lon="-71.887584">
<ele>3259.6</ele>
<time>2025-02-05T14:47:30.597Z</time>
</trkpt>
<trkpt lat="-13.549337" lon="-71.887573">
<ele>3259.6</ele>
<time>2025-02-05T14:47:31.597Z</time>
</trkpt>
<trkpt lat="-13.549341" lon="-71.887562">
<ele>3259.6</ele>
<time>2025-02-05T14:47:32.597Z</time>
</trkpt>
<trkpt lat="-13.549347" lon="-71.887551">
<ele>3259.6</ele>
<time>2025-02-05T14:47:33.597Z</time>
</trkpt>
<trkpt lat="-13.549351" lon="-71.887542">
<ele>3259.6</ele>
<time>2025-02-05T14:47:34.597Z</time>
</trkpt>
<trkpt lat="-13.549355" lon="-71.887535">
<ele>3259.6</ele>
<time>2025-02-05T14:47:35.508Z</time>
</trkpt>
<trkpt lat="-13.549358" lon="-71.887526">
<ele>3259.6</ele>
<time>2025-02-05T14:47:36.563Z</time>
</trkpt>
<trkpt lat="-13.549362" lon="-71.887519">
<ele>3259.6</ele>
<time>2025-02-05T14:47:37.482Z</time>
</trkpt>
<trkpt lat="-13.549365" lon="-71.88751">
<ele>3259.6</ele>
<time>2025-02-05T14:47:38.597Z</time>
</trkpt>
<trkpt lat="-13.54937" lon="-71.8875">
<ele>3259.6</ele>
<time>2025-02-05T14:47:39.597Z</time>
</trkpt>
<trkpt lat="-13.549375" lon="-71.88749">
<ele>3259.6</ele>
<time>2025-02-05T14:47:40.597Z</time>
</trkpt>
<trkpt lat="-13.549381" lon="-71.887482">
<ele>3259.6</ele>
<time>2025-02-05T14:47:41.597Z</time>
</trkpt>
<trkpt lat="-13.549391" lon="-71.887472">
<ele>3260</ele>
<time>2025-02-05T14:47:42.597Z</time>
</trkpt>
<trkpt lat="-13.549396" lon="-71.887463">
<ele>3260</ele>
<time>2025-02-05T14:47:43.597Z</time>
</trkpt>
<trkpt lat="-13.549401" lon="-71.887451">
<ele>3260</ele>
<time>2025-02-05T14:47:44.598Z</time>
</trkpt>
<trkpt lat="-13.549405" lon="-71.887439">
<ele>3260</ele>
<time>2025-02-05T14:47:45.597Z</time>
</trkpt>
<trkpt lat="-13.54941" lon="-71.887426">
<ele>3260</ele>
<time>2025-02-05T14:47:46.597Z</time>
</trkpt>
<trkpt lat="-13.549414" lon="-71.887415">
<ele>3260</ele>
<time>2025-02-05T14:47:47.543Z</time>
</trkpt>
<trkpt lat="-13.549417" lon="-71.887404">
<ele>3260</ele>
<time>2025-02-05T14:47:48.492Z</time>
</trkpt>
<trkpt lat="-13.549421" lon="-71.887392">
<ele>3260</ele>
<time>2025-02-05T14:47:49.547Z</time>
</trkpt>
<trkpt lat="-13.549426" lon="-71.887392">
<ele>3259.4</ele>
<time>2025-02-05T14:47:50.597Z</time>
</trkpt>
<trkpt lat="-13.549429" lon="-71.887384">
<ele>3259.4</ele>
<time>2025-02-05T14:47:51.597Z</time>
</trkpt>
<trkpt lat="-13.549432" lon="-71.887374">
<ele>3259.4</ele>
<time>2025-02-05T14:47:52.597Z</time>
</trkpt>
<trkpt lat="-13.549435" lon="-71.887364">
<ele>3259.4</ele>
<time>2025-02-05T14:47:53.597Z</time>
</trkpt>
<trkpt lat="-13.549438" lon="-71.887353">
<ele>3259.4</ele>
<time>2025-02-05T14:47:54.597Z</time>
</trkpt>
<trkpt lat="-13.549444" lon="-71.887339">
<ele>3258.5</ele>
<time>2025-02-05T14:47:55.597Z</time>
</trkpt>
<trkpt lat="-13.549449" lon="-71.887328">
<ele>3258.5</ele>
<time>2025-02-05T14:47:56.596Z</time>
</trkpt>
<trkpt lat="-13.549454" lon="-71.887316">
<ele>3258.5</ele>
<time>2025-02-05T14:47:57.597Z</time>
</trkpt>
<trkpt lat="-13.549458" lon="-71.887304">
<ele>3258.5</ele>
<time>2025-02-05T14:47:58.597Z</time>
</trkpt>
<trkpt lat="-13.549463" lon="-71.887294">
<ele>3258.5</ele>
<time>2025-02-05T14:47:59.528Z</time>
</trkpt>
<trkpt lat="-13.549467" lon="-71.887279">
<ele>3259.3</ele>
<time>2025-02-05T14:48:00.546Z</time>
</trkpt>
<trkpt lat="-13.549471" lon="-71.88727">
<ele>3259.3</ele>
<time>2025-02-05T14:48:01.597Z</time>
</trkpt>
<trkpt lat="-13.549475" lon="-71.887259">
<ele>3259.3</ele>
<time>2025-02-05T14:48:02.597Z</time>
</trkpt>
<trkpt lat="-13.54948" lon="-71.887249">
<ele>3259.3</ele>
<time>2025-02-05T14:48:03.597Z</time>
</trkpt>
<trkpt lat="-13.549479" lon="-71.887237">
<ele>3259.3</ele>
<time>2025-02-05T14:48:04.597Z</time>
</trkpt>
<trkpt lat="-13.549474" lon="-71.887224">
<ele>3258.9</ele>
<time>2025-02-05T14:48:05.597Z</time>
</trkpt>
<trkpt lat="-13.549475" lon="-71.887215">
<ele>3258.9</ele>
<time>2025-02-05T14:48:06.505Z</time>
</trkpt>
<trkpt lat="-13.549479" lon="-71.887204">
<ele>3258.9</ele>
<time>2025-02-05T14:48:07.587Z</time>
</trkpt>
<trkpt lat="-13.549484" lon="-71.887195">
<ele>3258.9</ele>
<time>2025-02-05T14:48:08.597Z</time>
</trkpt>
<trkpt lat="-13.549488" lon="-71.887184">
<ele>3258.9</ele>
<time>2025-02-05T14:48:09.597Z</time>
</trkpt>
<trkpt lat="-13.549493" lon="-71.887172">
<ele>3260</ele>
<time>2025-02-05T14:48:10.596Z</time>
</trkpt>
<trkpt lat="-13.549496" lon="-71.887164">
<ele>3260</ele>
<time>2025-02-05T14:48:11.597Z</time>
</trkpt>
<trkpt lat="-13.5495" lon="-71.887154">
<ele>3260</ele>
<time>2025-02-05T14:48:12.597Z</time>
</trkpt>
<trkpt lat="-13.549504" lon="-71.887144">
<ele>3260</ele>
<time>2025-02-05T14:48:13.597Z</time>
</trkpt>
<trkpt lat="-13.549507" lon="-71.887138">
<ele>3260</ele>
<time>2025-02-05T14:48:14.597Z</time>
</trkpt>
<trkpt lat="-13.549512" lon="-71.887129">
<ele>3260</ele>
<time>2025-02-05T14:48:15.509Z</time>
</trkpt>
<trkpt lat="-13.549514" lon="-71.887123">
<ele>3260</ele>
<time>2025-02-05T14:48:16.592Z</time>
</trkpt>
<trkpt lat="-13.549515" lon="-71.887116">
<ele>3260</ele>
<time>2025-02-05T14:48:17.597Z</time>
</trkpt>
<trkpt lat="-13.549519" lon="-71.887108">
<ele>3260</ele>
<time>2025-02-05T14:48:18.596Z</time>
</trkpt>
<trkpt lat="-13.549523" lon="-71.887098">
<ele>3260</ele>
<time>2025-02-05T14:48:19.597Z</time>
</trkpt>
<trkpt lat="-13.549528" lon="-71.887086">
<ele>3259.9</ele>
<time>2025-02-05T14:48:20.597Z</time>
</trkpt>
<trkpt lat="-13.54953" lon="-71.887078">
<ele>3259.9</ele>
<time>2025-02-05T14:48:21.597Z</time>
</trkpt>
<trkpt lat="-13.549535" lon="-71.887069">
<ele>3259.9</ele>
<time>2025-02-05T14:48:22.597Z</time>
</trkpt>
<trkpt lat="-13.549538" lon="-71.887059">
<ele>3259.9</ele>
<time>2025-02-05T14:48:23.597Z</time>
</trkpt>
<trkpt lat="-13.549541" lon="-71.88705">
<ele>3259.9</ele>
<time>2025-02-05T14:48:24.597Z</time>
</trkpt>
<trkpt lat="-13.549547" lon="-71.887034">
<ele>3260</ele>
<time>2025-02-05T14:48:25.610Z</time>
</trkpt>
<trkpt lat="-13.549552" lon="-71.887025">
<ele>3260</ele>
<time>2025-02-05T14:48:26.597Z</time>
</trkpt>
<trkpt lat="-13.549558" lon="-71.887014">
<ele>3260</ele>
<time>2025-02-05T14:48:27.597Z</time>
</trkpt>
<trkpt lat="-13.549564" lon="-71.887004">
<ele>3260</ele>
<time>2025-02-05T14:48:28.597Z</time>
</trkpt>
<trkpt lat="-13.549571" lon="-71.886995">
<ele>3260</ele>
<time>2025-02-05T14:48:29.597Z</time>
</trkpt>
<trkpt lat="-13.549582" lon="-71.886981">
<ele>3260</ele>
<time>2025-02-05T14:48:30.552Z</time>
</trkpt>
<trkpt lat="-13.549587" lon="-71.886976">
<ele>3260</ele>
<time>2025-02-05T14:48:31.597Z</time>
</trkpt>
<trkpt lat="-13.549592" lon="-71.886966">
<ele>3260</ele>
<time>2025-02-05T14:48:32.597Z</time>
</trkpt>
<trkpt lat="-13.549596" lon="-71.886956">
<ele>3260</ele>
<time>2025-02-05T14:48:33.597Z</time>
</trkpt>
<trkpt lat="-13.549599" lon="-71.886945">
<ele>3260</ele>
<time>2025-02-05T14:48:34.597Z</time>
</trkpt>
<trkpt lat="-13.549603" lon="-71.886931">
<ele>3260</ele>
<time>2025-02-05T14:48:35.597Z</time>
</trkpt>
<trkpt lat="-13.549606" lon="-71.886921">
<ele>3260</ele>
<time>2025-02-05T14:48:36.549Z</time>
</trkpt>
<trkpt lat="-13.549607" lon="-71.886912">
<ele>3260</ele>
<time>2025-02-05T14:48:37.597Z</time>
</trkpt>
<trkpt lat="-13.54961" lon="-71.8869">
<ele>3260</ele>
<time>2025-02-05T14:48:38.590Z</time>
</trkpt>
<trkpt lat="-13.549611" lon="-71.886892">
<ele>3260</ele>
<time>2025-02-05T14:48:39.597Z</time>
</trkpt>
<trkpt lat="-13.549612" lon="-71.88688">
<ele>3260</ele>
<time>2025-02-05T14:48:40.597Z</time>
</trkpt>
<trkpt lat="-13.549613" lon="-71.886872">
<ele>3260</ele>
<time>2025-02-05T14:48:41.597Z</time>
</trkpt>
<trkpt lat="-13.549613" lon="-71.886861">
<ele>3260</ele>
<time>2025-02-05T14:48:42.597Z</time>
</trkpt>
<trkpt lat="-13.549613" lon="-71.88685">
<ele>3260</ele>
<time>2025-02-05T14:48:43.597Z</time>
</trkpt>
<trkpt lat="-13.549614" lon="-71.88684">
<ele>3260</ele>
<time>2025-02-05T14:48:44.597Z</time>
</trkpt>
<trkpt lat="-13.549616" lon="-71.886828">
<ele>3260</ele>
<time>2025-02-05T14:48:45.597Z</time>
</trkpt>
<trkpt lat="-13.549617" lon="-71.886819">
<ele>3260</ele>
<time>2025-02-05T14:48:46.597Z</time>
</trkpt>
<trkpt lat="-13.549619" lon="-71.886808">
<ele>3260</ele>
<time>2025-02-05T14:48:47.596Z</time>
</trkpt>
<trkpt lat="-13.549622" lon="-71.886798">
<ele>3260</ele>
<time>2025-02-05T14:48:48.596Z</time>
</trkpt>
<trkpt lat="-13.549624" lon="-71.886787">
<ele>3260</ele>
<time>2025-02-05T14:48:49.597Z</time>
</trkpt>
<trkpt lat="-13.549629" lon="-71.886773">
<ele>3260</ele>
<time>2025-02-05T14:48:50.566Z</time>
</trkpt>
<trkpt lat="-13.54963" lon="-71.88677">
<ele>3260</ele>
<time>2025-02-05T14:48:51.597Z</time>
</trkpt>
<trkpt lat="-13.549633" lon="-71.88676">
<ele>3260</ele>
<time>2025-02-05T14:48:52.597Z</time>
</trkpt>
<trkpt lat="-13.549634" lon="-71.88675">
<ele>3260</ele>
<time>2025-02-05T14:48:53.597Z</time>
</trkpt>
<trkpt lat="-13.549636" lon="-71.886739">
<ele>3260</ele>
<time>2025-02-05T14:48:54.597Z</time>
</trkpt>
<trkpt lat="-13.549638" lon="-71.886727">
<ele>3260</ele>
<time>2025-02-05T14:48:55.597Z</time>
</trkpt>
<trkpt lat="-13.54964" lon="-71.886717">
<ele>3260</ele>
<time>2025-02-05T14:48:56.597Z</time>
</trkpt>
<trkpt lat="-13.549642" lon="-71.886705">
<ele>3260</ele>
<time>2025-02-05T14:48:57.597Z</time>
</trkpt>
<trkpt lat="-13.549646" lon="-71.886695">
<ele>3260</ele>
<time>2025-02-05T14:48:58.597Z</time>
</trkpt>
<trkpt lat="-13.54965" lon="-71.886685">
<ele>3260</ele>
<time>2025-02-05T14:48:59.544Z</time>
</trkpt>
<trkpt lat="-13.549655" lon="-71.886676">
<ele>3260</ele>
<time>2025-02-05T14:49:00.568Z</time>
</trkpt>
<trkpt lat="-13.549657" lon="-71.886668">
<ele>3260</ele>
<time>2025-02-05T14:49:01.566Z</time>
</trkpt>
<trkpt lat="-13.54966" lon="-71.886658">
<ele>3260</ele>
<time>2025-02-05T14:49:02.590Z</time>
</trkpt>
<trkpt lat="-13.549663" lon="-71.88665">
<ele>3260</ele>
<time>2025-02-05T14:49:03.597Z</time>
</trkpt>
<trkpt lat="-13.549665" lon="-71.886643">
<ele>3260</ele>
<time>2025-02-05T14:49:04.597Z</time>
</trkpt>
<trkpt lat="-13.549666" lon="-71.886635">
<ele>3260</ele>
<time>2025-02-05T14:49:05.597Z</time>
</trkpt>
<trkpt lat="-13.549669" lon="-71.886628">
<ele>3260</ele>
<time>2025-02-05T14:49:06.597Z</time>
</trkpt>
<trkpt lat="-13.549671" lon="-71.886618">
<ele>3260</ele>
<time>2025-02-05T14:49:07.597Z</time>
</trkpt>
<trkpt lat="-13.549672" lon="-71.886608">
<ele>3260</ele>
<time>2025-02-05T14:49:08.551Z</time>
</trkpt>
<trkpt lat="-13.549675" lon="-71.886598">
<ele>3260</ele>
<time>2025-02-05T14:49:09.605Z</time>
</trkpt>
<trkpt lat="-13.549679" lon="-71.886588">
<ele>3259.9</ele>
<time>2025-02-05T14:49:10.597Z</time>
</trkpt>
<trkpt lat="-13.549684" lon="-71.886576">
<ele>3259.9</ele>
<time>2025-02-05T14:49:11.597Z</time>
</trkpt>
<trkpt lat="-13.549688" lon="-71.886565">
<ele>3259.9</ele>
<time>2025-02-05T14:49:12.597Z</time>
</trkpt>
<trkpt lat="-13.549693" lon="-71.886553">
<ele>3259.9</ele>
<time>2025-02-05T14:49:13.597Z</time>
</trkpt>
<trkpt lat="-13.549697" lon="-71.886542">
<ele>3259.9</ele>
<time>2025-02-05T14:49:14.597Z</time>
</trkpt>
<trkpt lat="-13.549703" lon="-71.886529">
<ele>3259.6</ele>
<time>2025-02-05T14:49:15.597Z</time>
</trkpt>
<trkpt lat="-13.549706" lon="-71.886519">
<ele>3259.6</ele>
<time>2025-02-05T14:49:16.597Z</time>
</trkpt>
<trkpt lat="-13.54971" lon="-71.886508">
<ele>3259.6</ele>
<time>2025-02-05T14:49:17.585Z</time>
</trkpt>
<trkpt lat="-13.549712" lon="-71.886497">
<ele>3259.6</ele>
<time>2025-02-05T14:49:18.597Z</time>
</trkpt>
<trkpt lat="-13.549713" lon="-71.886489">
<ele>3259.6</ele>
<time>2025-02-05T14:49:19.597Z</time>
</trkpt>
<trkpt lat="-13.549715" lon="-71.886481">
<ele>3260.9</ele>
<time>2025-02-05T14:49:20.597Z</time>
</trkpt>
<trkpt lat="-13.549717" lon="-71.886473">
<ele>3260.9</ele>
<time>2025-02-05T14:49:21.596Z</time>
</trkpt>
<trkpt lat="-13.54972" lon="-71.886463">
<ele>3260.9</ele>
<time>2025-02-05T14:49:22.547Z</time>
</trkpt>
<trkpt lat="-13.549724" lon="-71.886456">
<ele>3260.9</ele>
<time>2025-02-05T14:49:23.597Z</time>
</trkpt>
<trkpt lat="-13.549728" lon="-71.886447">
<ele>3260.9</ele>
<time>2025-02-05T14:49:24.597Z</time>
</trkpt>
<trkpt lat="-13.549731" lon="-71.886437">
<ele>3259.8</ele>
<time>2025-02-05T14:49:25.597Z</time>
</trkpt>
<trkpt lat="-13.549733" lon="-71.886428">
<ele>3259.8</ele>
<time>2025-02-05T14:49:26.597Z</time>
</trkpt>
<trkpt lat="-13.549735" lon="-71.886419">
<ele>3259.8</ele>
<time>2025-02-05T14:49:27.512Z</time>
</trkpt>
<trkpt lat="-13.549737" lon="-71.886409">
<ele>3259.8</ele>
<time>2025-02-05T14:49:28.583Z</time>
</trkpt>
<trkpt lat="-13.549741" lon="-71.8864">
<ele>3259.8</ele>
<time>2025-02-05T14:49:29.613Z</time>
</trkpt>
<trkpt lat="-13.549744" lon="-71.886392">
<ele>3259.8</ele>
<time>2025-02-05T14:49:30.597Z</time>
</trkpt>
<trkpt lat="-13.549747" lon="-71.886381">
<ele>3259.8</ele>
<time>2025-02-05T14:49:31.597Z</time>
</trkpt>
<trkpt lat="-13.54975" lon="-71.886371">
<ele>3259.8</ele>
<time>2025-02-05T14:49:32.597Z</time>
</trkpt>
<trkpt lat="-13.549752" lon="-71.886362">
<ele>3259.8</ele>
<time>2025-02-05T14:49:33.603Z</time>
</trkpt>
<trkpt lat="-13.549755" lon="-71.886354">
<ele>3259.8</ele>
<time>2025-02-05T14:49:34.597Z</time>
</trkpt>
<trkpt lat="-13.549758" lon="-71.886344">
<ele>3259.8</ele>
<time>2025-02-05T14:49:35.597Z</time>
</trkpt>
<trkpt lat="-13.549761" lon="-71.886337">
<ele>3259.8</ele>
<time>2025-02-05T14:49:36.597Z</time>
</trkpt>
<trkpt lat="-13.549763" lon="-71.886328">
<ele>3259.8</ele>
<time>2025-02-05T14:49:37.597Z</time>
</trkpt>
<trkpt lat="-13.549764" lon="-71.886319">
<ele>3259.8</ele>
<time>2025-02-05T14:49:38.597Z</time>
</trkpt>
<trkpt lat="-13.549766" lon="-71.886311">
<ele>3259.8</ele>
<time>2025-02-05T14:49:39.597Z</time>
</trkpt>
<trkpt lat="-13.549766" lon="-71.886302">
<ele>3259.8</ele>
<time>2025-02-05T14:49:40.596Z</time>
</trkpt>
<trkpt lat="-13.549768" lon="-71.886295">
<ele>3259.8</ele>
<time>2025-02-05T14:49:41.509Z</time>
</trkpt>
<trkpt lat="-13.549767" lon="-71.886284">
<ele>3259.8</ele>
<time>2025-02-05T14:49:42.610Z</time>
</trkpt>
<trkpt lat="-13.549765" lon="-71.886274">
<ele>3259.8</ele>
<time>2025-02-05T14:49:43.597Z</time>
</trkpt>
<trkpt lat="-13.549764" lon="-71.886262">
<ele>3259.8</ele>
<time>2025-02-05T14:49:44.597Z</time>
</trkpt>
<trkpt lat="-13.549762" lon="-71.886246">
<ele>3259.8</ele>
<time>2025-02-05T14:49:45.596Z</time>
</trkpt>
<trkpt lat="-13.549763" lon="-71.886239">
<ele>3259.8</ele>
<time>2025-02-05T14:49:46.509Z</time>
</trkpt>
<trkpt lat="-13.549764" lon="-71.88623">
<ele>3259.8</ele>
<time>2025-02-05T14:49:47.429Z</time>
</trkpt>
<trkpt lat="-13.549764" lon="-71.886216">
<ele>3259.8</ele>
<time>2025-02-05T14:49:48.569Z</time>
</trkpt>
<trkpt lat="-13.549765" lon="-71.886204">
<ele>3259.8</ele>
<time>2025-02-05T14:49:49.546Z</time>
</trkpt>
<trkpt lat="-13.54977" lon="-71.886194">
<ele>3259.8</ele>
<time>2025-02-05T14:49:50.596Z</time>
</trkpt>
<trkpt lat="-13.549772" lon="-71.886188">
<ele>3259.8</ele>
<time>2025-02-05T14:49:51.597Z</time>
</trkpt>
<trkpt lat="-13.549774" lon="-71.886178">
<ele>3259.8</ele>
<time>2025-02-05T14:49:52.597Z</time>
</trkpt>
<trkpt lat="-13.549778" lon="-71.886169">
<ele>3259.8</ele>
<time>2025-02-05T14:49:53.597Z</time>
</trkpt>
<trkpt lat="-13.549782" lon="-71.886158">
<ele>3259.8</ele>
<time>2025-02-05T14:49:54.597Z</time>
</trkpt>
<trkpt lat="-13.549788" lon="-71.886146">
<ele>3259.8</ele>
<time>2025-02-05T14:49:55.597Z</time>
</trkpt>
<trkpt lat="-13.549792" lon="-71.886136">
<ele>3259.8</ele>
<time>2025-02-05T14:49:56.589Z</time>
</trkpt>
<trkpt lat="-13.549796" lon="-71.886125">
<ele>3259.8</ele>
<time>2025-02-05T14:49:57.597Z</time>
</trkpt>
<trkpt lat="-13.549798" lon="-71.886114">
<ele>3259.8</ele>
<time>2025-02-05T14:49:58.597Z</time>
</trkpt>
<trkpt lat="-13.5498" lon="-71.886103">
<ele>3259.8</ele>
<time>2025-02-05T14:49:59.597Z</time>
</trkpt>
<trkpt lat="-13.549799" lon="-71.886088">
<ele>3259.6</ele>
<time>2025-02-05T14:50:00.597Z</time>
</trkpt>
<trkpt lat="-13.549796" lon="-71.886082">
<ele>3259.6</ele>
<time>2025-02-05T14:50:01.597Z</time>
</trkpt>
<trkpt lat="-13.549793" lon="-71.886076">
<ele>3259.6</ele>
<time>2025-02-05T14:50:02.597Z</time>
</trkpt>
<trkpt lat="-13.549791" lon="-71.886074">
<ele>3259.6</ele>
<time>2025-02-05T14:50:03.596Z</time>
</trkpt>
<trkpt lat="-13.549789" lon="-71.886073">
<ele>3259.6</ele>
<time>2025-02-05T14:50:04.597Z</time>
</trkpt>
<trkpt lat="-13.549782" lon="-71.886075">
<ele>3259.6</ele>
<time>2025-02-05T14:50:05.597Z</time>
</trkpt>
<trkpt lat="-13.549782" lon="-71.886077">
<ele>3259.6</ele>
<time>2025-02-05T14:50:06.597Z</time>
</trkpt>
<trkpt lat="-13.549782" lon="-71.886078">
<ele>3259.6</ele>
<time>2025-02-05T14:50:07.597Z</time>
</trkpt>
<trkpt lat="-13.549782" lon="-71.88608">
<ele>3259.6</ele>
<time>2025-02-05T14:50:08.597Z</time>
</trkpt>
<trkpt lat="-13.549784" lon="-71.886081">
<ele>3259.6</ele>
<time>2025-02-05T14:50:09.597Z</time>
</trkpt>
<trkpt lat="-13.549783" lon="-71.886078">
<ele>3259.6</ele>
<time>2025-02-05T14:50:10.597Z</time>
</trkpt>
<trkpt lat="-13.549782" lon="-71.886074">
<ele>3259.6</ele>
<time>2025-02-05T14:50:11.597Z</time>
</trkpt>
<trkpt lat="-13.549782" lon="-71.886064">
<ele>3259.6</ele>
<time>2025-02-05T14:50:12.597Z</time>
</trkpt>
<trkpt lat="-13.549782" lon="-71.886051">
<ele>3259.6</ele>
<time>2025-02-05T14:50:13.597Z</time>
</trkpt>
<trkpt lat="-13.54978" lon="-71.886036">
<ele>3259.6</ele>
<time>2025-02-05T14:50:14.597Z</time>
</trkpt>
<trkpt lat="-13.549778" lon="-71.886021">
<ele>3259.6</ele>
<time>2025-02-05T14:50:15.596Z</time>
</trkpt>
<trkpt lat="-13.549776" lon="-71.886011">
<ele>3259.6</ele>
<time>2025-02-05T14:50:16.596Z</time>
</trkpt>
<trkpt lat="-13.549776" lon="-71.885999">
<ele>3259.6</ele>
<time>2025-02-05T14:50:17.597Z</time>
</trkpt>
<trkpt lat="-13.549777" lon="-71.885988">
<ele>3259.6</ele>
<time>2025-02-05T14:50:18.596Z</time>
</trkpt>
<trkpt lat="-13.549776" lon="-71.885976">
<ele>3259.6</ele>
<time>2025-02-05T14:50:19.548Z</time>
</trkpt>
<trkpt lat="-13.549771" lon="-71.885958">
<ele>3258.9</ele>
<time>2025-02-05T14:50:20.610Z</time>
</trkpt>
<trkpt lat="-13.549768" lon="-71.88595">
<ele>3258.9</ele>
<time>2025-02-05T14:50:21.510Z</time>
</trkpt>
<trkpt lat="-13.549765" lon="-71.885938">
<ele>3258.9</ele>
<time>2025-02-05T14:50:22.527Z</time>
</trkpt>
<trkpt lat="-13.549764" lon="-71.885925">
<ele>3258.9</ele>
<time>2025-02-05T14:50:23.596Z</time>
</trkpt>
<trkpt lat="-13.549764" lon="-71.885913">
<ele>3258.9</ele>
<time>2025-02-05T14:50:24.596Z</time>
</trkpt>
<trkpt lat="-13.549765" lon="-71.885901">
<ele>3258.9</ele>
<time>2025-02-05T14:50:25.596Z</time>
</trkpt>
<trkpt lat="-13.549773" lon="-71.885883">
<ele>3259.2</ele>
<time>2025-02-05T14:50:26.596Z</time>
</trkpt>
<trkpt lat="-13.549774" lon="-71.88587">
<ele>3259.2</ele>
<time>2025-02-05T14:50:27.596Z</time>
</trkpt>
<trkpt lat="-13.549773" lon="-71.885858">
<ele>3259.2</ele>
<time>2025-02-05T14:50:28.595Z</time>
</trkpt>
<trkpt lat="-13.549772" lon="-71.885846">
<ele>3259.2</ele>
<time>2025-02-05T14:50:29.595Z</time>
</trkpt>
<trkpt lat="-13.549781" lon="-71.885827">
<ele>3259</ele>
<time>2025-02-05T14:50:30.596Z</time>
</trkpt>
<trkpt lat="-13.549783" lon="-71.885819">
<ele>3259</ele>
<time>2025-02-05T14:50:31.596Z</time>
</trkpt>
<trkpt lat="-13.549784" lon="-71.88581">
<ele>3259</ele>
<time>2025-02-05T14:50:32.596Z</time>
</trkpt>
<trkpt lat="-13.549785" lon="-71.8858">
<ele>3259</ele>
<time>2025-02-05T14:50:33.596Z</time>
</trkpt>
<trkpt lat="-13.549784" lon="-71.88579">
<ele>3259</ele>
<time>2025-02-05T14:50:34.533Z</time>
</trkpt>
<trkpt lat="-13.549778" lon="-71.885784">
<ele>3259</ele>
<time>2025-02-05T14:50:35.596Z</time>
</trkpt>
<trkpt lat="-13.549781" lon="-71.885777">
<ele>3259</ele>
<time>2025-02-05T14:50:36.596Z</time>
</trkpt>
<trkpt lat="-13.549783" lon="-71.885773">
<ele>3259</ele>
<time>2025-02-05T14:50:37.596Z</time>
</trkpt>
<trkpt lat="-13.549783" lon="-71.885766">
<ele>3259</ele>
<time>2025-02-05T14:50:38.509Z</time>
</trkpt>
<trkpt lat="-13.549777" lon="-71.885755">
<ele>3259</ele>
<time>2025-02-05T14:50:39.506Z</time>
</trkpt>
<trkpt lat="-13.549778" lon="-71.885743">
<ele>3259.2</ele>
<time>2025-02-05T14:50:40.596Z</time>
</trkpt>
<trkpt lat="-13.549779" lon="-71.885732">
<ele>3259.2</ele>
<time>2025-02-05T14:50:41.595Z</time>
</trkpt>
<trkpt lat="-13.549776" lon="-71.88572">
<ele>3259.2</ele>
<time>2025-02-05T14:50:42.596Z</time>
</trkpt>
<trkpt lat="-13.549771" lon="-71.885709">
<ele>3259.2</ele>
<time>2025-02-05T14:50:43.596Z</time>
</trkpt>
<trkpt lat="-13.549767" lon="-71.885698">
<ele>3259.2</ele>
<time>2025-02-05T14:50:44.596Z</time>
</trkpt>
<trkpt lat="-13.549764" lon="-71.885683">
<ele>3258.9</ele>
<time>2025-02-05T14:50:45.596Z</time>
</trkpt>
<trkpt lat="-13.549761" lon="-71.885676">
<ele>3258.9</ele>
<time>2025-02-05T14:50:46.596Z</time>
</trkpt>
<trkpt lat="-13.549758" lon="-71.885667">
<ele>3258.9</ele>
<time>2025-02-05T14:50:47.596Z</time>
</trkpt>
<trkpt lat="-13.549757" lon="-71.885659">
<ele>3258.9</ele>
<time>2025-02-05T14:50:48.596Z</time>
</trkpt>
<trkpt lat="-13.549755" lon="-71.885651">
<ele>3258.9</ele>
<time>2025-02-05T14:50:49.596Z</time>
</trkpt>
<trkpt lat="-13.549751" lon="-71.885644">
<ele>3258.9</ele>
<time>2025-02-05T14:50:50.596Z</time>
</trkpt>
<trkpt lat="-13.549742" lon="-71.885634">
<ele>3258.9</ele>
<time>2025-02-05T14:50:51.596Z</time>
</trkpt>
<trkpt lat="-13.549739" lon="-71.885627">
<ele>3258.9</ele>
<time>2025-02-05T14:50:52.596Z</time>
</trkpt>
<trkpt lat="-13.549736" lon="-71.885617">
<ele>3258.9</ele>
<time>2025-02-05T14:50:53.596Z</time>
</trkpt>
<trkpt lat="-13.549732" lon="-71.885607">
<ele>3258.9</ele>
<time>2025-02-05T14:50:54.596Z</time>
</trkpt>
<trkpt lat="-13.549728" lon="-71.885597">
<ele>3258.9</ele>
<time>2025-02-05T14:50:55.596Z</time>
</trkpt>
<trkpt lat="-13.549722" lon="-71.885588">
<ele>3258.7</ele>
<time>2025-02-05T14:50:56.596Z</time>
</trkpt>
<trkpt lat="-13.549718" lon="-71.885578">
<ele>3258.7</ele>
<time>2025-02-05T14:50:57.596Z</time>
</trkpt>
<trkpt lat="-13.549716" lon="-71.885566">
<ele>3258.7</ele>
<time>2025-02-05T14:50:58.564Z</time>
</trkpt>
<trkpt lat="-13.549715" lon="-71.885556">
<ele>3258.7</ele>
<time>2025-02-05T14:50:59.569Z</time>
</trkpt>
<trkpt lat="-13.549714" lon="-71.885547">
<ele>3258.7</ele>
<time>2025-02-05T14:51:00.596Z</time>
</trkpt>
<trkpt lat="-13.549714" lon="-71.885536">
<ele>3258.7</ele>
<time>2025-02-05T14:51:01.596Z</time>
</trkpt>
<trkpt lat="-13.549715" lon="-71.885525">
<ele>3258.7</ele>
<time>2025-02-05T14:51:02.596Z</time>
</trkpt>
<trkpt lat="-13.549716" lon="-71.885513">
<ele>3258.7</ele>
<time>2025-02-05T14:51:03.596Z</time>
</trkpt>
<trkpt lat="-13.549719" lon="-71.885502">
<ele>3258.7</ele>
<time>2025-02-05T14:51:04.596Z</time>
</trkpt>
<trkpt lat="-13.549723" lon="-71.88549">
<ele>3258.7</ele>
<time>2025-02-05T14:51:05.596Z</time>
</trkpt>
<trkpt lat="-13.549726" lon="-71.885481">
<ele>3258.7</ele>
<time>2025-02-05T14:51:06.596Z</time>
</trkpt>
<trkpt lat="-13.549729" lon="-71.885469">
<ele>3258.7</ele>
<time>2025-02-05T14:51:07.596Z</time>
</trkpt>
<trkpt lat="-13.54973" lon="-71.885457">
<ele>3258.7</ele>
<time>2025-02-05T14:51:08.596Z</time>
</trkpt>
<trkpt lat="-13.54973" lon="-71.885446">
<ele>3258.7</ele>
<time>2025-02-05T14:51:09.508Z</time>
</trkpt>
<trkpt lat="-13.549732" lon="-71.885435">
<ele>3258.7</ele>
<time>2025-02-05T14:51:10.596Z</time>
</trkpt>
<trkpt lat="-13.549731" lon="-71.885424">
<ele>3258.7</ele>
<time>2025-02-05T14:51:11.596Z</time>
</trkpt>
<trkpt lat="-13.549729" lon="-71.885414">
<ele>3258.7</ele>
<time>2025-02-05T14:51:12.596Z</time>
</trkpt>
<trkpt lat="-13.549727" lon="-71.885404">
<ele>3258.7</ele>
<time>2025-02-05T14:51:13.596Z</time>
</trkpt>
<trkpt lat="-13.549725" lon="-71.885395">
<ele>3258.7</ele>
<time>2025-02-05T14:51:14.596Z</time>
</trkpt>
<trkpt lat="-13.549723" lon="-71.885391">
<ele>3258.7</ele>
<time>2025-02-05T14:51:15.596Z</time>
</trkpt>
<trkpt lat="-13.549719" lon="-71.885389">
<ele>3258.7</ele>
<time>2025-02-05T14:51:16.596Z</time>
</trkpt>
<trkpt lat="-13.549711" lon="-71.885382">
<ele>3258.7</ele>
<time>2025-02-05T14:51:17.596Z</time>
</trkpt>
<trkpt lat="-13.549702" lon="-71.885376">
<ele>3258.7</ele>
<time>2025-02-05T14:51:18.595Z</time>
</trkpt>
<trkpt lat="-13.549693" lon="-71.885373">
<ele>3258.7</ele>
<time>2025-02-05T14:51:19.596Z</time>
</trkpt>
<trkpt lat="-13.549681" lon="-71.885373">
<ele>3258.7</ele>
<time>2025-02-05T14:51:20.595Z</time>
</trkpt>
<trkpt lat="-13.549672" lon="-71.885374">
<ele>3258.7</ele>
<time>2025-02-05T14:51:21.596Z</time>
</trkpt>
<trkpt lat="-13.549662" lon="-71.885374">
<ele>3258.7</ele>
<time>2025-02-05T14:51:22.507Z</time>
</trkpt>
<trkpt lat="-13.549651" lon="-71.885376">
<ele>3258.7</ele>
<time>2025-02-05T14:51:23.596Z</time>
</trkpt>
<trkpt lat="-13.54964" lon="-71.885376">
<ele>3258.7</ele>
<time>2025-02-05T14:51:24.596Z</time>
</trkpt>
<trkpt lat="-13.549633" lon="-71.885377">
<ele>3258.7</ele>
<time>2025-02-05T14:51:25.596Z</time>
</trkpt>
<trkpt lat="-13.549623" lon="-71.885379">
<ele>3261.1</ele>
<time>2025-02-05T14:51:26.596Z</time>
</trkpt>
<trkpt lat="-13.549612" lon="-71.88538">
<ele>3261.1</ele>
<time>2025-02-05T14:51:27.596Z</time>
</trkpt>
<trkpt lat="-13.5496" lon="-71.885382">
<ele>3261.1</ele>
<time>2025-02-05T14:51:28.596Z</time>
</trkpt>
<trkpt lat="-13.549589" lon="-71.885386">
<ele>3261.1</ele>
<time>2025-02-05T14:51:29.596Z</time>
</trkpt>
<trkpt lat="-13.549579" lon="-71.885388">
<ele>3261.1</ele>
<time>2025-02-05T14:51:30.566Z</time>
</trkpt>
<trkpt lat="-13.549567" lon="-71.885388">
<ele>3258.5</ele>
<time>2025-02-05T14:51:31.592Z</time>
</trkpt>
<trkpt lat="-13.549558" lon="-71.885384">
<ele>3258.5</ele>
<time>2025-02-05T14:51:32.596Z</time>
</trkpt>
<trkpt lat="-13.549548" lon="-71.885382">
<ele>3258.5</ele>
<time>2025-02-05T14:51:33.596Z</time>
</trkpt>
<trkpt lat="-13.549538" lon="-71.885381">
<ele>3258.5</ele>
<time>2025-02-05T14:51:34.596Z</time>
</trkpt>
<trkpt lat="-13.549528" lon="-71.885381">
<ele>3258.5</ele>
<time>2025-02-05T14:51:35.511Z</time>
</trkpt>
<trkpt lat="-13.549516" lon="-71.88538">
<ele>3257.9</ele>
<time>2025-02-05T14:51:36.596Z</time>
</trkpt>
<trkpt lat="-13.549505" lon="-71.88538">
<ele>3257.9</ele>
<time>2025-02-05T14:51:37.588Z</time>
</trkpt>
<trkpt lat="-13.549495" lon="-71.885378">
<ele>3257.9</ele>
<time>2025-02-05T14:51:38.596Z</time>
</trkpt>
<trkpt lat="-13.549485" lon="-71.885379">
<ele>3257.9</ele>
<time>2025-02-05T14:51:39.595Z</time>
</trkpt>
<trkpt lat="-13.549476" lon="-71.885386">
<ele>3257.9</ele>
<time>2025-02-05T14:51:40.596Z</time>
</trkpt>
<trkpt lat="-13.549468" lon="-71.885392">
<ele>3257.9</ele>
<time>2025-02-05T14:51:41.607Z</time>
</trkpt>
<trkpt lat="-13.549459" lon="-71.885389">
<ele>3257.9</ele>
<time>2025-02-05T14:51:42.596Z</time>
</trkpt>
<trkpt lat="-13.549449" lon="-71.88538">
<ele>3257.9</ele>
<time>2025-02-05T14:51:43.596Z</time>
</trkpt>
<trkpt lat="-13.549438" lon="-71.885375">
<ele>3257.9</ele>
<time>2025-02-05T14:51:44.596Z</time>
</trkpt>
<trkpt lat="-13.549429" lon="-71.885373">
<ele>3257.9</ele>
<time>2025-02-05T14:51:45.596Z</time>
</trkpt>
<trkpt lat="-13.549421" lon="-71.885379">
<ele>3257.9</ele>
<time>2025-02-05T14:51:46.596Z</time>
</trkpt>
<trkpt lat="-13.549413" lon="-71.885376">
<ele>3257.9</ele>
<time>2025-02-05T14:51:47.596Z</time>
</trkpt>
<trkpt lat="-13.549405" lon="-71.885368">
<ele>3257.9</ele>
<time>2025-02-05T14:51:48.596Z</time>
</trkpt>
<trkpt lat="-13.549398" lon="-71.885359">
<ele>3257.9</ele>
<time>2025-02-05T14:51:49.596Z</time>
</trkpt>
<trkpt lat="-13.549387" lon="-71.885352">
<ele>3257.9</ele>
<time>2025-02-05T14:51:50.596Z</time>
</trkpt>
<trkpt lat="-13.549372" lon="-71.885347">
<ele>3261.1</ele>
<time>2025-02-05T14:51:51.595Z</time>
</trkpt>
<trkpt lat="-13.549362" lon="-71.885344">
<ele>3261.1</ele>
<time>2025-02-05T14:51:52.596Z</time>
</trkpt>
<trkpt lat="-13.549352" lon="-71.885341">
<ele>3261.1</ele>
<time>2025-02-05T14:51:53.572Z</time>
</trkpt>
<trkpt lat="-13.549341" lon="-71.885337">
<ele>3261.1</ele>
<time>2025-02-05T14:51:54.596Z</time>
</trkpt>
<trkpt lat="-13.54933" lon="-71.885334">
<ele>3261.1</ele>
<time>2025-02-05T14:51:55.596Z</time>
</trkpt>
<trkpt lat="-13.54931" lon="-71.885332">
<ele>3261.3</ele>
<time>2025-02-05T14:51:56.596Z</time>
</trkpt>
<trkpt lat="-13.549297" lon="-71.885329">
<ele>3261.3</ele>
<time>2025-02-05T14:51:57.596Z</time>
</trkpt>
<trkpt lat="-13.549286" lon="-71.885327">
<ele>3261.3</ele>
<time>2025-02-05T14:51:58.596Z</time>
</trkpt>
<trkpt lat="-13.549275" lon="-71.885324">
<ele>3261.3</ele>
<time>2025-02-05T14:51:59.596Z</time>
</trkpt>
<trkpt lat="-13.549256" lon="-71.885319">
<ele>3261.1</ele>
<time>2025-02-05T14:52:00.596Z</time>
</trkpt>
<trkpt lat="-13.549246" lon="-71.885316">
<ele>3261.1</ele>
<time>2025-02-05T14:52:01.596Z</time>
</trkpt>
<trkpt lat="-13.549236" lon="-71.885313">
<ele>3261.1</ele>
<time>2025-02-05T14:52:02.596Z</time>
</trkpt>
<trkpt lat="-13.549225" lon="-71.885311">
<ele>3261.1</ele>
<time>2025-02-05T14:52:03.596Z</time>
</trkpt>
<trkpt lat="-13.549214" lon="-71.88531">
<ele>3261.1</ele>
<time>2025-02-05T14:52:04.596Z</time>
</trkpt>
<trkpt lat="-13.549202" lon="-71.885311">
<ele>3261.1</ele>
<time>2025-02-05T14:52:05.549Z</time>
</trkpt>
<trkpt lat="-13.549184" lon="-71.885309">
<ele>3261.1</ele>
<time>2025-02-05T14:52:06.566Z</time>
</trkpt>
<trkpt lat="-13.549175" lon="-71.885311">
<ele>3261.1</ele>
<time>2025-02-05T14:52:07.596Z</time>
</trkpt>
<trkpt lat="-13.549165" lon="-71.885313">
<ele>3261.1</ele>
<time>2025-02-05T14:52:08.595Z</time>
</trkpt>
<trkpt lat="-13.549154" lon="-71.885313">
<ele>3261.1</ele>
<time>2025-02-05T14:52:09.596Z</time>
</trkpt>
<trkpt lat="-13.549145" lon="-71.885314">
<ele>3261.1</ele>
<time>2025-02-05T14:52:10.596Z</time>
</trkpt>
<trkpt lat="-13.549129" lon="-71.88531">
<ele>3261.1</ele>
<time>2025-02-05T14:52:11.596Z</time>
</trkpt>
<trkpt lat="-13.549119" lon="-71.885312">
<ele>3261.1</ele>
<time>2025-02-05T14:52:12.596Z</time>
</trkpt>
<trkpt lat="-13.549109" lon="-71.885315">
<ele>3261.1</ele>
<time>2025-02-05T14:52:13.596Z</time>
</trkpt>
<trkpt lat="-13.549099" lon="-71.88532">
<ele>3261.1</ele>
<time>2025-02-05T14:52:14.596Z</time>
</trkpt>
<trkpt lat="-13.549091" lon="-71.885326">
<ele>3261.1</ele>
<time>2025-02-05T14:52:15.507Z</time>
</trkpt>
<trkpt lat="-13.54908" lon="-71.885334">
<ele>3261.3</ele>
<time>2025-02-05T14:52:16.529Z</time>
</trkpt>
<trkpt lat="-13.549074" lon="-71.885343">
<ele>3261.3</ele>
<time>2025-02-05T14:52:17.584Z</time>
</trkpt>
<trkpt lat="-13.549068" lon="-71.885352">
<ele>3261.3</ele>
<time>2025-02-05T14:52:18.596Z</time>
</trkpt>
<trkpt lat="-13.54906" lon="-71.88536">
<ele>3261.3</ele>
<time>2025-02-05T14:52:19.595Z</time>
</trkpt>
<trkpt lat="-13.549048" lon="-71.885357">
<ele>3261.2</ele>
<time>2025-02-05T14:52:20.596Z</time>
</trkpt>
<trkpt lat="-13.54904" lon="-71.885361">
<ele>3261.2</ele>
<time>2025-02-05T14:52:21.595Z</time>
</trkpt>
<trkpt lat="-13.549031" lon="-71.885367">
<ele>3261.2</ele>
<time>2025-02-05T14:52:22.596Z</time>
</trkpt>
<trkpt lat="-13.549022" lon="-71.885372">
<ele>3261.2</ele>
<time>2025-02-05T14:52:23.596Z</time>
</trkpt>
<trkpt lat="-13.549012" lon="-71.885376">
<ele>3261.2</ele>
<time>2025-02-05T14:52:24.596Z</time>
</trkpt>
<trkpt lat="-13.549001" lon="-71.885379">
<ele>3261.2</ele>
<time>2025-02-05T14:52:25.512Z</time>
</trkpt>
<trkpt lat="-13.548991" lon="-71.885374">
<ele>3261.3</ele>
<time>2025-02-05T14:52:26.448Z</time>
</trkpt>
<trkpt lat="-13.548979" lon="-71.885372">
<ele>3261.3</ele>
<time>2025-02-05T14:52:27.568Z</time>
</trkpt>
<trkpt lat="-13.548969" lon="-71.885374">
<ele>3261.3</ele>
<time>2025-02-05T14:52:28.468Z</time>
</trkpt>
<trkpt lat="-13.548958" lon="-71.885378">
<ele>3261.3</ele>
<time>2025-02-05T14:52:29.485Z</time>
</trkpt>
<trkpt lat="-13.548947" lon="-71.885379">
<ele>3261.3</ele>
<time>2025-02-05T14:52:30.547Z</time>
</trkpt>
<trkpt lat="-13.548938" lon="-71.885374">
<ele>3261.4</ele>
<time>2025-02-05T14:52:31.596Z</time>
</trkpt>
<trkpt lat="-13.54893" lon="-71.885375">
<ele>3261.4</ele>
<time>2025-02-05T14:52:32.595Z</time>
</trkpt>
<trkpt lat="-13.548922" lon="-71.885379">
<ele>3261.4</ele>
<time>2025-02-05T14:52:33.596Z</time>
</trkpt>
<trkpt lat="-13.548913" lon="-71.885381">
<ele>3261.4</ele>
<time>2025-02-05T14:52:34.590Z</time>
</trkpt>
<trkpt lat="-13.548905" lon="-71.885385">
<ele>3261.4</ele>
<time>2025-02-05T14:52:35.610Z</time>
</trkpt>
<trkpt lat="-13.548898" lon="-71.885388">
<ele>3261.4</ele>
<time>2025-02-05T14:52:36.596Z</time>
</trkpt>
<trkpt lat="-13.54889" lon="-71.88539">
<ele>3261.4</ele>
<time>2025-02-05T14:52:37.596Z</time>
</trkpt>
<trkpt lat="-13.54888" lon="-71.885395">
<ele>3261.4</ele>
<time>2025-02-05T14:52:38.595Z</time>
</trkpt>
<trkpt lat="-13.548871" lon="-71.885399">
<ele>3261.4</ele>
<time>2025-02-05T14:52:39.596Z</time>
</trkpt>
<trkpt lat="-13.548859" lon="-71.8854">
<ele>3261.4</ele>
<time>2025-02-05T14:52:40.504Z</time>
</trkpt>
<trkpt lat="-13.548854" lon="-71.885402">
<ele>3261.4</ele>
<time>2025-02-05T14:52:41.423Z</time>
</trkpt>
<trkpt lat="-13.548842" lon="-71.885406">
<ele>3261.4</ele>
<time>2025-02-05T14:52:42.592Z</time>
</trkpt>
<trkpt lat="-13.548831" lon="-71.885408">
<ele>3261.4</ele>
<time>2025-02-05T14:52:43.569Z</time>
</trkpt>
<trkpt lat="-13.548824" lon="-71.885412">
<ele>3261.4</ele>
<time>2025-02-05T14:52:44.596Z</time>
</trkpt>
<trkpt lat="-13.548816" lon="-71.885417">
<ele>3261.4</ele>
<time>2025-02-05T14:52:45.596Z</time>
</trkpt>
<trkpt lat="-13.548809" lon="-71.885411">
<ele>3261.4</ele>
<time>2025-02-05T14:52:46.595Z</time>
</trkpt>
<trkpt lat="-13.548801" lon="-71.885414">
<ele>3261.4</ele>
<time>2025-02-05T14:52:47.596Z</time>
</trkpt>
<trkpt lat="-13.548791" lon="-71.885417">
<ele>3261.4</ele>
<time>2025-02-05T14:52:48.596Z</time>
</trkpt>
<trkpt lat="-13.54878" lon="-71.885421">
<ele>3261.4</ele>
<time>2025-02-05T14:52:49.596Z</time>
</trkpt>
<trkpt lat="-13.54877" lon="-71.885424">
<ele>3261.4</ele>
<time>2025-02-05T14:52:50.595Z</time>
</trkpt>
<trkpt lat="-13.548757" lon="-71.885421">
<ele>3261.4</ele>
<time>2025-02-05T14:52:51.552Z</time>
</trkpt>
<trkpt lat="-13.548752" lon="-71.885422">
<ele>3261.4</ele>
<time>2025-02-05T14:52:52.596Z</time>
</trkpt>
<trkpt lat="-13.548742" lon="-71.885426">
<ele>3261.4</ele>
<time>2025-02-05T14:52:53.596Z</time>
</trkpt>
<trkpt lat="-13.548733" lon="-71.885432">
<ele>3261.4</ele>
<time>2025-02-05T14:52:54.596Z</time>
</trkpt>
<trkpt lat="-13.548723" lon="-71.885438">
<ele>3261.4</ele>
<time>2025-02-05T14:52:55.596Z</time>
</trkpt>
<trkpt lat="-13.548712" lon="-71.885448">
<ele>3261.7</ele>
<time>2025-02-05T14:52:56.596Z</time>
</trkpt>
<trkpt lat="-13.548703" lon="-71.885453">
<ele>3261.7</ele>
<time>2025-02-05T14:52:57.596Z</time>
</trkpt>
<trkpt lat="-13.548693" lon="-71.885457">
<ele>3261.7</ele>
<time>2025-02-05T14:52:58.596Z</time>
</trkpt>
<trkpt lat="-13.548682" lon="-71.88546">
<ele>3261.7</ele>
<time>2025-02-05T14:52:59.596Z</time>
</trkpt>
<trkpt lat="-13.54867" lon="-71.885456">
<ele>3261.4</ele>
<time>2025-02-05T14:53:00.596Z</time>
</trkpt>
<trkpt lat="-13.54866" lon="-71.885458">
<ele>3261.4</ele>
<time>2025-02-05T14:53:01.506Z</time>
</trkpt>
<trkpt lat="-13.548649" lon="-71.885461">
<ele>3261.4</ele>
<time>2025-02-05T14:53:02.513Z</time>
</trkpt>
<trkpt lat="-13.548637" lon="-71.88546">
<ele>3261.4</ele>
<time>2025-02-05T14:53:03.596Z</time>
</trkpt>
<trkpt lat="-13.548626" lon="-71.88546">
<ele>3261.4</ele>
<time>2025-02-05T14:53:04.596Z</time>
</trkpt>
<trkpt lat="-13.548613" lon="-71.885459">
<ele>3261.4</ele>
<time>2025-02-05T14:53:05.568Z</time>
</trkpt>
<trkpt lat="-13.548606" lon="-71.885454">
<ele>3261.9</ele>
<time>2025-02-05T14:53:06.596Z</time>
</trkpt>
<trkpt lat="-13.548596" lon="-71.885456">
<ele>3261.9</ele>
<time>2025-02-05T14:53:07.591Z</time>
</trkpt>
<trkpt lat="-13.548586" lon="-71.885456">
<ele>3261.9</ele>
<time>2025-02-05T14:53:08.596Z</time>
</trkpt>
<trkpt lat="-13.548576" lon="-71.885458">
<ele>3261.9</ele>
<time>2025-02-05T14:53:09.596Z</time>
</trkpt>
<trkpt lat="-13.548565" lon="-71.885458">
<ele>3261.9</ele>
<time>2025-02-05T14:53:10.596Z</time>
</trkpt>
<trkpt lat="-13.548553" lon="-71.885457">
<ele>3261.7</ele>
<time>2025-02-05T14:53:11.596Z</time>
</trkpt>
<trkpt lat="-13.548544" lon="-71.885459">
<ele>3261.7</ele>
<time>2025-02-05T14:53:12.596Z</time>
</trkpt>
<trkpt lat="-13.548535" lon="-71.885462">
<ele>3261.7</ele>
<time>2025-02-05T14:53:13.596Z</time>
</trkpt>
<trkpt lat="-13.548525" lon="-71.885468">
<ele>3261.7</ele>
<time>2025-02-05T14:53:14.596Z</time>
</trkpt>
<trkpt lat="-13.548514" lon="-71.885472">
<ele>3261.7</ele>
<time>2025-02-05T14:53:15.527Z</time>
</trkpt>
<trkpt lat="-13.548498" lon="-71.885466">
<ele>3261.4</ele>
<time>2025-02-05T14:53:16.549Z</time>
</trkpt>
<trkpt lat="-13.548492" lon="-71.885472">
<ele>3261.4</ele>
<time>2025-02-05T14:53:17.596Z</time>
</trkpt>
<trkpt lat="-13.548482" lon="-71.885478">
<ele>3261.4</ele>
<time>2025-02-05T14:53:18.596Z</time>
</trkpt>
<trkpt lat="-13.548473" lon="-71.885486">
<ele>3261.4</ele>
<time>2025-02-05T14:53:19.596Z</time>
</trkpt>
<trkpt lat="-13.548462" lon="-71.885491">
<ele>3261.4</ele>
<time>2025-02-05T14:53:20.595Z</time>
</trkpt>
<trkpt lat="-13.548453" lon="-71.885498">
<ele>3261.4</ele>
<time>2025-02-05T14:53:21.596Z</time>
</trkpt>
<trkpt lat="-13.548443" lon="-71.885506">
<ele>3261.4</ele>
<time>2025-02-05T14:53:22.595Z</time>
</trkpt>
<trkpt lat="-13.548431" lon="-71.885512">
<ele>3261.4</ele>
<time>2025-02-05T14:53:23.596Z</time>
</trkpt>
<trkpt lat="-13.548419" lon="-71.885516">
<ele>3261.4</ele>
<time>2025-02-05T14:53:24.596Z</time>
</trkpt>
<trkpt lat="-13.548408" lon="-71.885519">
<ele>3261.4</ele>
<time>2025-02-05T14:53:25.546Z</time>
</trkpt>
<trkpt lat="-13.5484" lon="-71.885521">
<ele>3261.7</ele>
<time>2025-02-05T14:53:26.591Z</time>
</trkpt>
<trkpt lat="-13.548392" lon="-71.885527">
<ele>3261.7</ele>
<time>2025-02-05T14:53:27.596Z</time>
</trkpt>
<trkpt lat="-13.548382" lon="-71.885534">
<ele>3261.7</ele>
<time>2025-02-05T14:53:28.596Z</time>
</trkpt>
<trkpt lat="-13.548373" lon="-71.88554">
<ele>3261.7</ele>
<time>2025-02-05T14:53:29.595Z</time>
</trkpt>
<trkpt lat="-13.548362" lon="-71.885544">
<ele>3261.7</ele>
<time>2025-02-05T14:53:30.596Z</time>
</trkpt>
<trkpt lat="-13.548352" lon="-71.885545">
<ele>3261.7</ele>
<time>2025-02-05T14:53:31.596Z</time>
</trkpt>
<trkpt lat="-13.54834" lon="-71.885547">
<ele>3261.7</ele>
<time>2025-02-05T14:53:32.596Z</time>
</trkpt>
<trkpt lat="-13.548328" lon="-71.885549">
<ele>3261.7</ele>
<time>2025-02-05T14:53:33.596Z</time>
</trkpt>
<trkpt lat="-13.548316" lon="-71.885552">
<ele>3261.7</ele>
<time>2025-02-05T14:53:34.596Z</time>
</trkpt>
<trkpt lat="-13.548305" lon="-71.885554">
<ele>3261.7</ele>
<time>2025-02-05T14:53:35.596Z</time>
</trkpt>
<trkpt lat="-13.54829" lon="-71.885557">
<ele>3262.5</ele>
<time>2025-02-05T14:53:36.572Z</time>
</trkpt>
<trkpt lat="-13.548283" lon="-71.885555">
<ele>3262.5</ele>
<time>2025-02-05T14:53:37.596Z</time>
</trkpt>
<trkpt lat="-13.548272" lon="-71.885556">
<ele>3262.5</ele>
<time>2025-02-05T14:53:38.596Z</time>
</trkpt>
<trkpt lat="-13.54826" lon="-71.885555">
<ele>3262.5</ele>
<time>2025-02-05T14:53:39.596Z</time>
</trkpt>
<trkpt lat="-13.548246" lon="-71.885555">
<ele>3262.7</ele>
<time>2025-02-05T14:53:40.596Z</time>
</trkpt>
<trkpt lat="-13.548236" lon="-71.885553">
<ele>3262.7</ele>
<time>2025-02-05T14:53:41.596Z</time>
</trkpt>
<trkpt lat="-13.548224" lon="-71.885551">
<ele>3262.7</ele>
<time>2025-02-05T14:53:42.596Z</time>
</trkpt>
<trkpt lat="-13.548213" lon="-71.885549">
<ele>3262.7</ele>
<time>2025-02-05T14:53:43.596Z</time>
</trkpt>
<trkpt lat="-13.548203" lon="-71.885548">
<ele>3262.7</ele>
<time>2025-02-05T14:53:44.596Z</time>
</trkpt>
<trkpt lat="-13.548193" lon="-71.885547">
<ele>3262.7</ele>
<time>2025-02-05T14:53:45.596Z</time>
</trkpt>
<trkpt lat="-13.548183" lon="-71.885548">
<ele>3262.5</ele>
<time>2025-02-05T14:53:46.596Z</time>
</trkpt>
<trkpt lat="-13.548173" lon="-71.885547">
<ele>3262.5</ele>
<time>2025-02-05T14:53:47.596Z</time>
</trkpt>
<trkpt lat="-13.548162" lon="-71.885542">
<ele>3262.5</ele>
<time>2025-02-05T14:53:48.596Z</time>
</trkpt>
<trkpt lat="-13.548151" lon="-71.885538">
<ele>3262.5</ele>
<time>2025-02-05T14:53:49.596Z</time>
</trkpt>
<trkpt lat="-13.54814" lon="-71.885537">
<ele>3262.5</ele>
<time>2025-02-05T14:53:50.564Z</time>
</trkpt>
<trkpt lat="-13.548126" lon="-71.885533">
<ele>3262.5</ele>
<time>2025-02-05T14:53:51.596Z</time>
</trkpt>
<trkpt lat="-13.54812" lon="-71.885532">
<ele>3262.5</ele>
<time>2025-02-05T14:53:52.596Z</time>
</trkpt>
<trkpt lat="-13.548111" lon="-71.885531">
<ele>3262.5</ele>
<time>2025-02-05T14:53:53.507Z</time>
</trkpt>
<trkpt lat="-13.5481" lon="-71.885526">
<ele>3262.5</ele>
<time>2025-02-05T14:53:54.589Z</time>
</trkpt>
<trkpt lat="-13.548093" lon="-71.88552">
<ele>3262.5</ele>
<time>2025-02-05T14:53:55.596Z</time>
</trkpt>
<trkpt lat="-13.548084" lon="-71.885518">
<ele>3262.5</ele>
<time>2025-02-05T14:53:56.596Z</time>
</trkpt>
<trkpt lat="-13.548079" lon="-71.885515">
<ele>3262.5</ele>
<time>2025-02-05T14:53:57.595Z</time>
</trkpt>
<trkpt lat="-13.548072" lon="-71.88551">
<ele>3262.5</ele>
<time>2025-02-05T14:53:58.596Z</time>
</trkpt>
<trkpt lat="-13.548065" lon="-71.885507">
<ele>3262.5</ele>
<time>2025-02-05T14:53:59.596Z</time>
</trkpt>
<trkpt lat="-13.548052" lon="-71.885526">
<ele>3262.4</ele>
<time>2025-02-05T14:54:00.596Z</time>
</trkpt>
<trkpt lat="-13.548045" lon="-71.88553">
<ele>3262.4</ele>
<time>2025-02-05T14:54:01.596Z</time>
</trkpt>
<trkpt lat="-13.548036" lon="-71.885529">
<ele>3262.4</ele>
<time>2025-02-05T14:54:02.571Z</time>
</trkpt>
<trkpt lat="-13.548027" lon="-71.885529">
<ele>3262.4</ele>
<time>2025-02-05T14:54:03.595Z</time>
</trkpt>
<trkpt lat="-13.548018" lon="-71.885527">
<ele>3262.4</ele>
<time>2025-02-05T14:54:04.596Z</time>
</trkpt>
<trkpt lat="-13.548008" lon="-71.885524">
<ele>3262.4</ele>
<time>2025-02-05T14:54:05.550Z</time>
</trkpt>
<trkpt lat="-13.547997" lon="-71.88552">
<ele>3262.4</ele>
<time>2025-02-05T14:54:06.567Z</time>
</trkpt>
<trkpt lat="-13.547993" lon="-71.885516">
<ele>3262.4</ele>
<time>2025-02-05T14:54:07.591Z</time>
</trkpt>
<trkpt lat="-13.547985" lon="-71.885511">
<ele>3262.4</ele>
<time>2025-02-05T14:54:08.596Z</time>
</trkpt>
<trkpt lat="-13.547974" lon="-71.885505">
<ele>3262.4</ele>
<time>2025-02-05T14:54:09.596Z</time>
</trkpt>
<trkpt lat="-13.547964" lon="-71.885501">
<ele>3262.4</ele>
<time>2025-02-05T14:54:10.596Z</time>
</trkpt>
<trkpt lat="-13.547952" lon="-71.885496">
<ele>3262.5</ele>
<time>2025-02-05T14:54:11.596Z</time>
</trkpt>
<trkpt lat="-13.547945" lon="-71.885494">
<ele>3262.5</ele>
<time>2025-02-05T14:54:12.596Z</time>
</trkpt>
<trkpt lat="-13.547935" lon="-71.885492">
<ele>3262.5</ele>
<time>2025-02-05T14:54:13.532Z</time>
</trkpt>
<trkpt lat="-13.547926" lon="-71.885496">
<ele>3262.5</ele>
<time>2025-02-05T14:54:14.596Z</time>
</trkpt>
<trkpt lat="-13.547917" lon="-71.885498">
<ele>3262.5</ele>
<time>2025-02-05T14:54:15.596Z</time>
</trkpt>
<trkpt lat="-13.547911" lon="-71.885506">
<ele>3262.5</ele>
<time>2025-02-05T14:54:16.596Z</time>
</trkpt>
<trkpt lat="-13.547904" lon="-71.885522">
<ele>3262.5</ele>
<time>2025-02-05T14:54:17.596Z</time>
</trkpt>
<trkpt lat="-13.547898" lon="-71.885526">
<ele>3262.5</ele>
<time>2025-02-05T14:54:18.609Z</time>
</trkpt>
<trkpt lat="-13.547891" lon="-71.885528">
<ele>3262.5</ele>
<time>2025-02-05T14:54:19.596Z</time>
</trkpt>
<trkpt lat="-13.547892" lon="-71.885536">
<ele>3262.5</ele>
<time>2025-02-05T14:54:20.596Z</time>
</trkpt>
<trkpt lat="-13.547896" lon="-71.885541">
<ele>3262.5</ele>
<time>2025-02-05T14:54:21.596Z</time>
</trkpt>
<trkpt lat="-13.547898" lon="-71.885545">
<ele>3262.5</ele>
<time>2025-02-05T14:54:22.596Z</time>
</trkpt>
<trkpt lat="-13.547893" lon="-71.885548">
<ele>3262.5</ele>
<time>2025-02-05T14:54:23.526Z</time>
</trkpt>
<trkpt lat="-13.547885" lon="-71.885551">
<ele>3262.5</ele>
<time>2025-02-05T14:54:24.596Z</time>
</trkpt>
<trkpt lat="-13.547877" lon="-71.885554">
<ele>3262.5</ele>
<time>2025-02-05T14:54:25.509Z</time>
</trkpt>
<trkpt lat="-13.547874" lon="-71.885554">
<ele>3262.8</ele>
<time>2025-02-05T14:54:26.435Z</time>
</trkpt>
<trkpt lat="-13.547858" lon="-71.885557">
<ele>3262.8</ele>
<time>2025-02-05T14:54:27.596Z</time>
</trkpt>
<trkpt lat="-13.547851" lon="-71.885558">
<ele>3262.8</ele>
<time>2025-02-05T14:54:28.596Z</time>
</trkpt>
<trkpt lat="-13.547851" lon="-71.885559">
<ele>3262.8</ele>
<time>2025-02-05T14:54:29.596Z</time>
</trkpt>
<trkpt lat="-13.547854" lon="-71.885562">
<ele>3262.8</ele>
<time>2025-02-05T14:54:30.596Z</time>
</trkpt>
<trkpt lat="-13.547847" lon="-71.885566">
<ele>3262.8</ele>
<time>2025-02-05T14:54:31.596Z</time>
</trkpt>
<trkpt lat="-13.547841" lon="-71.885567">
<ele>3262.8</ele>
<time>2025-02-05T14:54:32.596Z</time>
</trkpt>
<trkpt lat="-13.547831" lon="-71.885567">
<ele>3262.8</ele>
<time>2025-02-05T14:54:33.596Z</time>
</trkpt>
<trkpt lat="-13.547819" lon="-71.885567">
<ele>3262.8</ele>
<time>2025-02-05T14:54:34.596Z</time>
</trkpt>
<trkpt lat="-13.547808" lon="-71.885568">
<ele>3262.8</ele>
<time>2025-02-05T14:54:35.595Z</time>
</trkpt>
<trkpt lat="-13.547794" lon="-71.885573">
<ele>3262.5</ele>
<time>2025-02-05T14:54:36.596Z</time>
</trkpt>
<trkpt lat="-13.547787" lon="-71.885574">
<ele>3262.5</ele>
<time>2025-02-05T14:54:37.596Z</time>
</trkpt>
<trkpt lat="-13.547776" lon="-71.885575">
<ele>3262.5</ele>
<time>2025-02-05T14:54:38.596Z</time>
</trkpt>
<trkpt lat="-13.547764" lon="-71.885576">
<ele>3262.5</ele>
<time>2025-02-05T14:54:39.596Z</time>
</trkpt>
<trkpt lat="-13.547747" lon="-71.885575">
<ele>3262.8</ele>
<time>2025-02-05T14:54:40.573Z</time>
</trkpt>
<trkpt lat="-13.547742" lon="-71.885569">
<ele>3262.8</ele>
<time>2025-02-05T14:54:41.595Z</time>
</trkpt>
<trkpt lat="-13.547733" lon="-71.885566">
<ele>3262.8</ele>
<time>2025-02-05T14:54:42.595Z</time>
</trkpt>
<trkpt lat="-13.547723" lon="-71.885565">
<ele>3262.8</ele>
<time>2025-02-05T14:54:43.596Z</time>
</trkpt>
<trkpt lat="-13.547713" lon="-71.885564">
<ele>3262.8</ele>
<time>2025-02-05T14:54:44.596Z</time>
</trkpt>
<trkpt lat="-13.547702" lon="-71.885564">
<ele>3262.8</ele>
<time>2025-02-05T14:54:45.596Z</time>
</trkpt>
<trkpt lat="-13.54769" lon="-71.885563">
<ele>3265.5</ele>
<time>2025-02-05T14:54:46.557Z</time>
</trkpt>
<trkpt lat="-13.547675" lon="-71.885562">
<ele>3265.5</ele>
<time>2025-02-05T14:54:47.607Z</time>
</trkpt>
<trkpt lat="-13.547665" lon="-71.885564">
<ele>3265.5</ele>
<time>2025-02-05T14:54:48.547Z</time>
</trkpt>
<trkpt lat="-13.54766" lon="-71.88557">
<ele>3265.5</ele>
<time>2025-02-05T14:54:49.596Z</time>
</trkpt>
<trkpt lat="-13.547656" lon="-71.885578">
<ele>3265.5</ele>
<time>2025-02-05T14:54:50.547Z</time>
</trkpt>
<trkpt lat="-13.547648" lon="-71.885577">
<ele>3265.5</ele>
<time>2025-02-05T14:54:51.596Z</time>
</trkpt>
<trkpt lat="-13.547637" lon="-71.88557">
<ele>3265.3</ele>
<time>2025-02-05T14:54:52.596Z</time>
</trkpt>
<trkpt lat="-13.547628" lon="-71.885565">
<ele>3265.3</ele>
<time>2025-02-05T14:54:53.596Z</time>
</trkpt>
<trkpt lat="-13.547618" lon="-71.885562">
<ele>3265.3</ele>
<time>2025-02-05T14:54:54.505Z</time>
</trkpt>
<trkpt lat="-13.547608" lon="-71.885557">
<ele>3265.3</ele>
<time>2025-02-05T14:54:55.568Z</time>
</trkpt>
<trkpt lat="-13.547596" lon="-71.885553">
<ele>3265.3</ele>
<time>2025-02-05T14:54:56.612Z</time>
</trkpt>
<trkpt lat="-13.547584" lon="-71.885549">
<ele>3264.6</ele>
<time>2025-02-05T14:54:57.595Z</time>
</trkpt>
<trkpt lat="-13.547572" lon="-71.885546">
<ele>3264.6</ele>
<time>2025-02-05T14:54:58.596Z</time>
</trkpt>
<trkpt lat="-13.54756" lon="-71.885545">
<ele>3264.6</ele>
<time>2025-02-05T14:54:59.596Z</time>
</trkpt>
<trkpt lat="-13.547548" lon="-71.885546">
<ele>3265.5</ele>
<time>2025-02-05T14:55:00.596Z</time>
</trkpt>
<trkpt lat="-13.547536" lon="-71.885548">
<ele>3265.5</ele>
<time>2025-02-05T14:55:01.596Z</time>
</trkpt>
<trkpt lat="-13.547525" lon="-71.885549">
<ele>3265.5</ele>
<time>2025-02-05T14:55:02.596Z</time>
</trkpt>
<trkpt lat="-13.547514" lon="-71.885552">
<ele>3265.5</ele>
<time>2025-02-05T14:55:03.596Z</time>
</trkpt>
<trkpt lat="-13.547504" lon="-71.885555">
<ele>3265.5</ele>
<time>2025-02-05T14:55:04.566Z</time>
</trkpt>
<trkpt lat="-13.547496" lon="-71.885562">
<ele>3265.5</ele>
<time>2025-02-05T14:55:05.466Z</time>
</trkpt>
<trkpt lat="-13.547486" lon="-71.885569">
<ele>3265.5</ele>
<time>2025-02-05T14:55:06.490Z</time>
</trkpt>
<trkpt lat="-13.547476" lon="-71.885575">
<ele>3265.5</ele>
<time>2025-02-05T14:55:07.449Z</time>
</trkpt>
<trkpt lat="-13.547466" lon="-71.885583">
<ele>3265.5</ele>
<time>2025-02-05T14:55:08.466Z</time>
</trkpt>
<trkpt lat="-13.547455" lon="-71.885591">
<ele>3265.5</ele>
<time>2025-02-05T14:55:09.596Z</time>
</trkpt>
<trkpt lat="-13.547444" lon="-71.885598">
<ele>3265.5</ele>
<time>2025-02-05T14:55:10.596Z</time>
</trkpt>
<trkpt lat="-13.547435" lon="-71.885605">
<ele>3265.5</ele>
<time>2025-02-05T14:55:11.596Z</time>
</trkpt>
<trkpt lat="-13.54742" lon="-71.885593">
<ele>3265.5</ele>
<time>2025-02-05T14:55:12.596Z</time>
</trkpt>
<trkpt lat="-13.547413" lon="-71.885599">
<ele>3265.5</ele>
<time>2025-02-05T14:55:13.505Z</time>
</trkpt>
<trkpt lat="-13.547407" lon="-71.885608">
<ele>3265.5</ele>
<time>2025-02-05T14:55:14.425Z</time>
</trkpt>
<trkpt lat="-13.5474" lon="-71.885616">
<ele>3265.5</ele>
<time>2025-02-05T14:55:15.566Z</time>
</trkpt>
<trkpt lat="-13.547394" lon="-71.885622">
<ele>3265.5</ele>
<time>2025-02-05T14:55:16.467Z</time>
</trkpt>
<trkpt lat="-13.547379" lon="-71.885612">
<ele>3265.5</ele>
<time>2025-02-05T14:55:17.595Z</time>
</trkpt>
<trkpt lat="-13.547376" lon="-71.885623">
<ele>3265.5</ele>
<time>2025-02-05T14:55:18.595Z</time>
</trkpt>
<trkpt lat="-13.547374" lon="-71.885636">
<ele>3265.5</ele>
<time>2025-02-05T14:55:19.595Z</time>
</trkpt>
<trkpt lat="-13.547369" lon="-71.885653">
<ele>3265.8</ele>
<time>2025-02-05T14:55:20.595Z</time>
</trkpt>
<trkpt lat="-13.547367" lon="-71.885663">
<ele>3265.8</ele>
<time>2025-02-05T14:55:21.595Z</time>
</trkpt>
<trkpt lat="-13.547366" lon="-71.885677">
<ele>3265.8</ele>
<time>2025-02-05T14:55:22.594Z</time>
</trkpt>
<trkpt lat="-13.547365" lon="-71.885694">
<ele>3265.8</ele>
<time>2025-02-05T14:55:23.595Z</time>
</trkpt>
<trkpt lat="-13.547366" lon="-71.88571">
<ele>3265.8</ele>
<time>2025-02-05T14:55:24.595Z</time>
</trkpt>
<trkpt lat="-13.547367" lon="-71.885725">
<ele>3265.8</ele>
<time>2025-02-05T14:55:25.548Z</time>
</trkpt>
<trkpt lat="-13.547371" lon="-71.88574">
<ele>3265.8</ele>
<time>2025-02-05T14:55:26.565Z</time>
</trkpt>
<trkpt lat="-13.547364" lon="-71.885751">
<ele>3265.8</ele>
<time>2025-02-05T14:55:27.611Z</time>
</trkpt>
<trkpt lat="-13.547369" lon="-71.885764">
<ele>3265.8</ele>
<time>2025-02-05T14:55:28.595Z</time>
</trkpt>
<trkpt lat="-13.547376" lon="-71.885779">
<ele>3265.8</ele>
<time>2025-02-05T14:55:29.595Z</time>
</trkpt>
<trkpt lat="-13.547385" lon="-71.885792">
<ele>3265.8</ele>
<time>2025-02-05T14:55:30.595Z</time>
</trkpt>
<trkpt lat="-13.547394" lon="-71.885805">
<ele>3265.8</ele>
<time>2025-02-05T14:55:31.595Z</time>
</trkpt>
<trkpt lat="-13.547399" lon="-71.885813">
<ele>3265.9</ele>
<time>2025-02-05T14:55:32.595Z</time>
</trkpt>
<trkpt lat="-13.547404" lon="-71.885823">
<ele>3265.9</ele>
<time>2025-02-05T14:55:33.595Z</time>
</trkpt>
<trkpt lat="-13.547406" lon="-71.885835">
<ele>3265.9</ele>
<time>2025-02-05T14:55:34.585Z</time>
</trkpt>
<trkpt lat="-13.547409" lon="-71.885843">
<ele>3265.9</ele>
<time>2025-02-05T14:55:35.595Z</time>
</trkpt>
<trkpt lat="-13.54741" lon="-71.885852">
<ele>3265.9</ele>
<time>2025-02-05T14:55:36.595Z</time>
</trkpt>
<trkpt lat="-13.5474" lon="-71.885858">
<ele>3265.9</ele>
<time>2025-02-05T14:55:37.595Z</time>
</trkpt>
<trkpt lat="-13.547399" lon="-71.885865">
<ele>3265.9</ele>
<time>2025-02-05T14:55:38.595Z</time>
</trkpt>
<trkpt lat="-13.547396" lon="-71.885873">
<ele>3265.9</ele>
<time>2025-02-05T14:55:39.595Z</time>
</trkpt>
<trkpt lat="-13.54738" lon="-71.885879">
<ele>3265.9</ele>
<time>2025-02-05T14:55:40.595Z</time>
</trkpt>
<trkpt lat="-13.547376" lon="-71.885887">
<ele>3265.9</ele>
<time>2025-02-05T14:55:41.594Z</time>
</trkpt>
<trkpt lat="-13.54737" lon="-71.885898">
<ele>3265.9</ele>
<time>2025-02-05T14:55:42.595Z</time>
</trkpt>
<trkpt lat="-13.547366" lon="-71.885909">
<ele>3265.9</ele>
<time>2025-02-05T14:55:43.505Z</time>
</trkpt>
<trkpt lat="-13.547359" lon="-71.885921">
<ele>3265.9</ele>
<time>2025-02-05T14:55:44.595Z</time>
</trkpt>
<trkpt lat="-13.547355" lon="-71.885932">
<ele>3265.9</ele>
<time>2025-02-05T14:55:45.595Z</time>
</trkpt>
<trkpt lat="-13.54735" lon="-71.885944">
<ele>3265.9</ele>
<time>2025-02-05T14:55:46.595Z</time>
</trkpt>
<trkpt lat="-13.547343" lon="-71.885952">
<ele>3266</ele>
<time>2025-02-05T14:55:47.595Z</time>
</trkpt>
<trkpt lat="-13.547341" lon="-71.885962">
<ele>3266</ele>
<time>2025-02-05T14:55:48.595Z</time>
</trkpt>
<trkpt lat="-13.547338" lon="-71.885973">
<ele>3266</ele>
<time>2025-02-05T14:55:49.595Z</time>
</trkpt>
<trkpt lat="-13.547332" lon="-71.885985">
<ele>3266</ele>
<time>2025-02-05T14:55:50.595Z</time>
</trkpt>
<trkpt lat="-13.547324" lon="-71.885996">
<ele>3266</ele>
<time>2025-02-05T14:55:51.595Z</time>
</trkpt>
<trkpt lat="-13.547312" lon="-71.886006">
<ele>3266</ele>
<time>2025-02-05T14:55:52.512Z</time>
</trkpt>
<trkpt lat="-13.547303" lon="-71.886009">
<ele>3266</ele>
<time>2025-02-05T14:55:53.595Z</time>
</trkpt>
<trkpt lat="-13.547296" lon="-71.886008">
<ele>3266</ele>
<time>2025-02-05T14:55:54.594Z</time>
</trkpt>
<trkpt lat="-13.547293" lon="-71.886003">
<ele>3266</ele>
<time>2025-02-05T14:55:55.595Z</time>
</trkpt>
<trkpt lat="-13.547289" lon="-71.886003">
<ele>3266</ele>
<time>2025-02-05T14:55:56.595Z</time>
</trkpt>
<trkpt lat="-13.54728" lon="-71.886008">
<ele>3265.9</ele>
<time>2025-02-05T14:55:57.595Z</time>
</trkpt>
<trkpt lat="-13.547274" lon="-71.886012">
<ele>3265.9</ele>
<time>2025-02-05T14:55:58.528Z</time>
</trkpt>
<trkpt lat="-13.547267" lon="-71.886024">
<ele>3265.9</ele>
<time>2025-02-05T14:55:59.595Z</time>
</trkpt>
<trkpt lat="-13.547263" lon="-71.886034">
<ele>3266</ele>
<time>2025-02-05T14:56:00.595Z</time>
</trkpt>
<trkpt lat="-13.547263" lon="-71.886045">
<ele>3266</ele>
<time>2025-02-05T14:56:01.595Z</time>
</trkpt>
<trkpt lat="-13.547266" lon="-71.886054">
<ele>3266</ele>
<time>2025-02-05T14:56:02.595Z</time>
</trkpt>
<trkpt lat="-13.547268" lon="-71.88606">
<ele>3266</ele>
<time>2025-02-05T14:56:03.595Z</time>
</trkpt>
<trkpt lat="-13.547264" lon="-71.886061">
<ele>3266</ele>
<time>2025-02-05T14:56:04.595Z</time>
</trkpt>
<trkpt lat="-13.547262" lon="-71.886056">
<ele>3266</ele>
<time>2025-02-05T14:56:05.595Z</time>
</trkpt>
<trkpt lat="-13.547262" lon="-71.886052">
<ele>3266</ele>
<time>2025-02-05T14:56:06.595Z</time>
</trkpt>
<trkpt lat="-13.547261" lon="-71.886044">
<ele>3265.9</ele>
<time>2025-02-05T14:56:07.595Z</time>
</trkpt>
<trkpt lat="-13.547261" lon="-71.886044">
<ele>3265.9</ele>
<time>2025-02-05T14:56:08.595Z</time>
</trkpt>
<trkpt lat="-13.547261" lon="-71.886046">
<ele>3265.9</ele>
<time>2025-02-05T14:56:09.594Z</time>
</trkpt>
<trkpt lat="-13.547261" lon="-71.886048">
<ele>3265.9</ele>
<time>2025-02-05T14:56:10.594Z</time>
</trkpt>
<trkpt lat="-13.547259" lon="-71.886054">
<ele>3265.9</ele>
<time>2025-02-05T14:56:11.595Z</time>
</trkpt>
<trkpt lat="-13.547256" lon="-71.886067">
<ele>3266.5</ele>
<time>2025-02-05T14:56:12.595Z</time>
</trkpt>
<trkpt lat="-13.547254" lon="-71.886084">
<ele>3266.5</ele>
<time>2025-02-05T14:56:13.595Z</time>
</trkpt>
<trkpt lat="-13.547253" lon="-71.886102">
<ele>3266.5</ele>
<time>2025-02-05T14:56:14.595Z</time>
</trkpt>
<trkpt lat="-13.547252" lon="-71.886121">
<ele>3266.5</ele>
<time>2025-02-05T14:56:15.595Z</time>
</trkpt>
<trkpt lat="-13.54725" lon="-71.886136">
<ele>3266.5</ele>
<time>2025-02-05T14:56:16.595Z</time>
</trkpt>
<trkpt lat="-13.547248" lon="-71.886151">
<ele>3266.5</ele>
<time>2025-02-05T14:56:17.595Z</time>
</trkpt>
<trkpt lat="-13.547245" lon="-71.886167">
<ele>3266.5</ele>
<time>2025-02-05T14:56:18.595Z</time>
</trkpt>
<trkpt lat="-13.547243" lon="-71.886181">
<ele>3266.5</ele>
<time>2025-02-05T14:56:19.569Z</time>
</trkpt>
<trkpt lat="-13.547235" lon="-71.88621">
<ele>3266.5</ele>
<time>2025-02-05T14:56:20.531Z</time>
</trkpt>
<trkpt lat="-13.547234" lon="-71.886217">
<ele>3266.5</ele>
<time>2025-02-05T14:56:21.595Z</time>
</trkpt>
<trkpt lat="-13.547232" lon="-71.886228">
<ele>3266.5</ele>
<time>2025-02-05T14:56:22.595Z</time>
</trkpt>
<trkpt lat="-13.547227" lon="-71.88624">
<ele>3266.5</ele>
<time>2025-02-05T14:56:23.595Z</time>
</trkpt>
<trkpt lat="-13.547223" lon="-71.886252">
<ele>3266.5</ele>
<time>2025-02-05T14:56:24.595Z</time>
</trkpt>
<trkpt lat="-13.54722" lon="-71.886265">
<ele>3266.5</ele>
<time>2025-02-05T14:56:25.595Z</time>
</trkpt>
<trkpt lat="-13.547216" lon="-71.886276">
<ele>3266.5</ele>
<time>2025-02-05T14:56:26.595Z</time>
</trkpt>
<trkpt lat="-13.547208" lon="-71.886292">
<ele>3266.5</ele>
<time>2025-02-05T14:56:27.595Z</time>
</trkpt>
<trkpt lat="-13.547204" lon="-71.886302">
<ele>3266.5</ele>
<time>2025-02-05T14:56:28.549Z</time>
</trkpt>
<trkpt lat="-13.547196" lon="-71.886311">
<ele>3266.5</ele>
<time>2025-02-05T14:56:29.595Z</time>
</trkpt>
<trkpt lat="-13.547189" lon="-71.886321">
<ele>3266.5</ele>
<time>2025-02-05T14:56:30.595Z</time>
</trkpt>
<trkpt lat="-13.547183" lon="-71.886333">
<ele>3266.5</ele>
<time>2025-02-05T14:56:31.586Z</time>
</trkpt>
<trkpt lat="-13.547171" lon="-71.886352">
<ele>3266.5</ele>
<time>2025-02-05T14:56:32.595Z</time>
</trkpt>
<trkpt lat="-13.54715" lon="-71.886343">
<ele>3266.5</ele>
<time>2025-02-05T14:56:33.595Z</time>
</trkpt>
<trkpt lat="-13.547121" lon="-71.886329">
<ele>3266.5</ele>
<time>2025-02-05T14:56:34.595Z</time>
</trkpt>
<trkpt lat="-13.547104" lon="-71.886334">
<ele>3266.5</ele>
<time>2025-02-05T14:56:35.595Z</time>
</trkpt>
<trkpt lat="-13.547095" lon="-71.886349">
<ele>3266.5</ele>
<time>2025-02-05T14:56:36.595Z</time>
</trkpt>
<trkpt lat="-13.547091" lon="-71.886363">
<ele>3266.5</ele>
<time>2025-02-05T14:56:37.565Z</time>
</trkpt>
<trkpt lat="-13.547096" lon="-71.886374">
<ele>3266.5</ele>
<time>2025-02-05T14:56:38.595Z</time>
</trkpt>
<trkpt lat="-13.547094" lon="-71.886383">
<ele>3266.5</ele>
<time>2025-02-05T14:56:39.529Z</time>
</trkpt>
<trkpt lat="-13.547101" lon="-71.88639">
<ele>3266.4</ele>
<time>2025-02-05T14:56:40.526Z</time>
</trkpt>
<trkpt lat="-13.547107" lon="-71.886401">
<ele>3266.4</ele>
<time>2025-02-05T14:56:41.587Z</time>
</trkpt>
<trkpt lat="-13.547108" lon="-71.886418">
<ele>3266.4</ele>
<time>2025-02-05T14:56:42.594Z</time>
</trkpt>
<trkpt lat="-13.547104" lon="-71.886434">
<ele>3266.4</ele>
<time>2025-02-05T14:56:43.595Z</time>
</trkpt>
<trkpt lat="-13.547101" lon="-71.886451">
<ele>3266.4</ele>
<time>2025-02-05T14:56:44.594Z</time>
</trkpt>
<trkpt lat="-13.547096" lon="-71.886466">
<ele>3266.4</ele>
<time>2025-02-05T14:56:45.595Z</time>
</trkpt>
<trkpt lat="-13.547097" lon="-71.886481">
<ele>3266.5</ele>
<time>2025-02-05T14:56:46.504Z</time>
</trkpt>
<trkpt lat="-13.547097" lon="-71.886493">
<ele>3266.5</ele>
<time>2025-02-05T14:56:47.595Z</time>
</trkpt>
<trkpt lat="-13.547093" lon="-71.886506">
<ele>3266.5</ele>
<time>2025-02-05T14:56:48.595Z</time>
</trkpt>
<trkpt lat="-13.547086" lon="-71.886516">
<ele>3266.5</ele>
<time>2025-02-05T14:56:49.595Z</time>
</trkpt>
<trkpt lat="-13.547082" lon="-71.886527">
<ele>3266.5</ele>
<time>2025-02-05T14:56:50.595Z</time>
</trkpt>
<trkpt lat="-13.547089" lon="-71.886533">
<ele>3266.5</ele>
<time>2025-02-05T14:56:51.544Z</time>
</trkpt>
<trkpt lat="-13.547085" lon="-71.886532">
<ele>3266.5</ele>
<time>2025-02-05T14:56:52.595Z</time>
</trkpt>
<trkpt lat="-13.547079" lon="-71.886538">
<ele>3266.5</ele>
<time>2025-02-05T14:56:53.548Z</time>
</trkpt>
<trkpt lat="-13.547073" lon="-71.886547">
<ele>3266.5</ele>
<time>2025-02-05T14:56:54.595Z</time>
</trkpt>
<trkpt lat="-13.547068" lon="-71.886554">
<ele>3266.5</ele>
<time>2025-02-05T14:56:55.595Z</time>
</trkpt>
<trkpt lat="-13.547064" lon="-71.886561">
<ele>3266.5</ele>
<time>2025-02-05T14:56:56.595Z</time>
</trkpt>
<trkpt lat="-13.547062" lon="-71.88657">
<ele>3266.5</ele>
<time>2025-02-05T14:56:57.595Z</time>
</trkpt>
<trkpt lat="-13.547062" lon="-71.886581">
<ele>3266.5</ele>
<time>2025-02-05T14:56:58.529Z</time>
</trkpt>
<trkpt lat="-13.547065" lon="-71.886594">
<ele>3266.5</ele>
<time>2025-02-05T14:56:59.612Z</time>
</trkpt>
<trkpt lat="-13.547069" lon="-71.886606">
<ele>3266.5</ele>
<time>2025-02-05T14:57:00.595Z</time>
</trkpt>
<trkpt lat="-13.547069" lon="-71.886616">
<ele>3266.5</ele>
<time>2025-02-05T14:57:01.595Z</time>
</trkpt>
<trkpt lat="-13.547069" lon="-71.886627">
<ele>3266.5</ele>
<time>2025-02-05T14:57:02.595Z</time>
</trkpt>
<trkpt lat="-13.547066" lon="-71.886637">
<ele>3266.5</ele>
<time>2025-02-05T14:57:03.594Z</time>
</trkpt>
<trkpt lat="-13.547062" lon="-71.886646">
<ele>3266.5</ele>
<time>2025-02-05T14:57:04.594Z</time>
</trkpt>
<trkpt lat="-13.54706" lon="-71.886655">
<ele>3266.5</ele>
<time>2025-02-05T14:57:05.594Z</time>
</trkpt>
<trkpt lat="-13.54706" lon="-71.886672">
<ele>3266.5</ele>
<time>2025-02-05T14:57:06.595Z</time>
</trkpt>
<trkpt lat="-13.547063" lon="-71.88668">
<ele>3266.5</ele>
<time>2025-02-05T14:57:07.594Z</time>
</trkpt>
<trkpt lat="-13.547065" lon="-71.88669">
<ele>3266.5</ele>
<time>2025-02-05T14:57:08.533Z</time>
</trkpt>
<trkpt lat="-13.547066" lon="-71.8867">
<ele>3266.5</ele>
<time>2025-02-05T14:57:09.529Z</time>
</trkpt>
<trkpt lat="-13.547068" lon="-71.886712">
<ele>3266.5</ele>
<time>2025-02-05T14:57:10.544Z</time>
</trkpt>
<trkpt lat="-13.547071" lon="-71.886733">
<ele>3266.5</ele>
<time>2025-02-05T14:57:11.608Z</time>
</trkpt>
<trkpt lat="-13.547072" lon="-71.886737">
<ele>3266.5</ele>
<time>2025-02-05T14:57:12.595Z</time>
</trkpt>
<trkpt lat="-13.547072" lon="-71.886749">
<ele>3266.5</ele>
<time>2025-02-05T14:57:13.610Z</time>
</trkpt>
<trkpt lat="-13.547074" lon="-71.886758">
<ele>3266.5</ele>
<time>2025-02-05T14:57:14.595Z</time>
</trkpt>
<trkpt lat="-13.547074" lon="-71.886769">
<ele>3266.5</ele>
<time>2025-02-05T14:57:15.595Z</time>
</trkpt>
<trkpt lat="-13.547074" lon="-71.886792">
<ele>3266.5</ele>
<time>2025-02-05T14:57:16.595Z</time>
</trkpt>
<trkpt lat="-13.547075" lon="-71.886801">
<ele>3266.5</ele>
<time>2025-02-05T14:57:17.595Z</time>
</trkpt>
<trkpt lat="-13.547075" lon="-71.886813">
<ele>3266.5</ele>
<time>2025-02-05T14:57:18.595Z</time>
</trkpt>
<trkpt lat="-13.547077" lon="-71.886824">
<ele>3266.5</ele>
<time>2025-02-05T14:57:19.595Z</time>
</trkpt>
<trkpt lat="-13.547077" lon="-71.886838">
<ele>3266.5</ele>
<time>2025-02-05T14:57:20.595Z</time>
</trkpt>
<trkpt lat="-13.547078" lon="-71.886847">
<ele>3266.5</ele>
<time>2025-02-05T14:57:21.595Z</time>
</trkpt>
<trkpt lat="-13.547078" lon="-71.886857">
<ele>3266.5</ele>
<time>2025-02-05T14:57:22.595Z</time>
</trkpt>
<trkpt lat="-13.547076" lon="-71.886867">
<ele>3266.5</ele>
<time>2025-02-05T14:57:23.594Z</time>
</trkpt>
<trkpt lat="-13.547071" lon="-71.886878">
<ele>3266.5</ele>
<time>2025-02-05T14:57:24.594Z</time>
</trkpt>
<trkpt lat="-13.547064" lon="-71.886889">
<ele>3266.5</ele>
<time>2025-02-05T14:57:25.595Z</time>
</trkpt>
<trkpt lat="-13.547044" lon="-71.886901">
<ele>3266.5</ele>
<time>2025-02-05T14:57:26.595Z</time>
</trkpt>
<trkpt lat="-13.547038" lon="-71.886909">
<ele>3266.5</ele>
<time>2025-02-05T14:57:27.595Z</time>
</trkpt>
<trkpt lat="-13.547034" lon="-71.886919">
<ele>3266.5</ele>
<time>2025-02-05T14:57:28.507Z</time>
</trkpt>
<trkpt lat="-13.54702" lon="-71.886928">
<ele>3266.5</ele>
<time>2025-02-05T14:57:29.595Z</time>
</trkpt>
<trkpt lat="-13.547015" lon="-71.886939">
<ele>3266.5</ele>
<time>2025-02-05T14:57:30.568Z</time>
</trkpt>
<trkpt lat="-13.547011" lon="-71.88695">
<ele>3266.5</ele>
<time>2025-02-05T14:57:31.585Z</time>
</trkpt>
<trkpt lat="-13.547012" lon="-71.886954">
<ele>3266.5</ele>
<time>2025-02-05T14:57:32.595Z</time>
</trkpt>
<trkpt lat="-13.547011" lon="-71.886963">
<ele>3266.5</ele>
<time>2025-02-05T14:57:33.595Z</time>
</trkpt>
<trkpt lat="-13.547011" lon="-71.886973">
<ele>3266.5</ele>
<time>2025-02-05T14:57:34.595Z</time>
</trkpt>
<trkpt lat="-13.547012" lon="-71.886982">
<ele>3266.5</ele>
<time>2025-02-05T14:57:35.595Z</time>
</trkpt>
<trkpt lat="-13.547013" lon="-71.886991">
<ele>3266.5</ele>
<time>2025-02-05T14:57:36.595Z</time>
</trkpt>
<trkpt lat="-13.547016" lon="-71.886998">
<ele>3266.6</ele>
<time>2025-02-05T14:57:37.595Z</time>
</trkpt>
<trkpt lat="-13.547016" lon="-71.88701">
<ele>3266.6</ele>
<time>2025-02-05T14:57:38.595Z</time>
</trkpt>
<trkpt lat="-13.547016" lon="-71.88702">
<ele>3266.6</ele>
<time>2025-02-05T14:57:39.595Z</time>
</trkpt>
<trkpt lat="-13.547018" lon="-71.887031">
<ele>3266.6</ele>
<time>2025-02-05T14:57:40.595Z</time>
</trkpt>
<trkpt lat="-13.54702" lon="-71.887039">
<ele>3266.6</ele>
<time>2025-02-05T14:57:41.595Z</time>
</trkpt>
<trkpt lat="-13.547022" lon="-71.88705">
<ele>3266.6</ele>
<time>2025-02-05T14:57:42.595Z</time>
</trkpt>
<trkpt lat="-13.547023" lon="-71.887058">
<ele>3266.6</ele>
<time>2025-02-05T14:57:43.595Z</time>
</trkpt>
<trkpt lat="-13.547024" lon="-71.887067">
<ele>3266.6</ele>
<time>2025-02-05T14:57:44.595Z</time>
</trkpt>
<trkpt lat="-13.547027" lon="-71.887074">
<ele>3266.6</ele>
<time>2025-02-05T14:57:45.595Z</time>
</trkpt>
<trkpt lat="-13.54703" lon="-71.887081">
<ele>3266.6</ele>
<time>2025-02-05T14:57:46.595Z</time>
</trkpt>
<trkpt lat="-13.547031" lon="-71.887085">
<ele>3266.7</ele>
<time>2025-02-05T14:57:47.570Z</time>
</trkpt>
<trkpt lat="-13.547031" lon="-71.887092">
<ele>3266.7</ele>
<time>2025-02-05T14:57:48.526Z</time>
</trkpt>
<trkpt lat="-13.547032" lon="-71.8871">
<ele>3266.7</ele>
<time>2025-02-05T14:57:49.595Z</time>
</trkpt>
<trkpt lat="-13.547034" lon="-71.887106">
<ele>3266.7</ele>
<time>2025-02-05T14:57:50.595Z</time>
</trkpt>
<trkpt lat="-13.547036" lon="-71.887113">
<ele>3266.7</ele>
<time>2025-02-05T14:57:51.571Z</time>
</trkpt>
<trkpt lat="-13.547037" lon="-71.887108">
<ele>3266.6</ele>
<time>2025-02-05T14:57:52.595Z</time>
</trkpt>
<trkpt lat="-13.547037" lon="-71.887105">
<ele>3266.6</ele>
<time>2025-02-05T14:57:53.595Z</time>
</trkpt>
<trkpt lat="-13.547036" lon="-71.887103">
<ele>3266.6</ele>
<time>2025-02-05T14:57:54.595Z</time>
</trkpt>
<trkpt lat="-13.547036" lon="-71.887101">
<ele>3266.6</ele>
<time>2025-02-05T14:57:55.594Z</time>
</trkpt>
<trkpt lat="-13.547035" lon="-71.887099">
<ele>3266.7</ele>
<time>2025-02-05T14:57:58.595Z</time>
</trkpt>
<trkpt lat="-13.547034" lon="-71.887099">
<ele>3266.6</ele>
<time>2025-02-05T14:58:01.801Z</time>
</trkpt>
<trkpt lat="-13.547033" lon="-71.8871">
<ele>3266.6</ele>
<time>2025-02-05T14:58:04.774Z</time>
</trkpt>
<trkpt lat="-13.547031" lon="-71.887101">
<ele>3266.6</ele>
<time>2025-02-05T14:58:09.112Z</time>
</trkpt>
<trkpt lat="-13.547026" lon="-71.887098">
<ele>3266.6</ele>
<time>2025-02-05T14:58:10.525Z</time>
</trkpt>
<trkpt lat="-13.547023" lon="-71.887098">
<ele>3266.6</ele>
<time>2025-02-05T14:58:11.595Z</time>
</trkpt>
<trkpt lat="-13.547019" lon="-71.887101">
<ele>3266.6</ele>
<time>2025-02-05T14:58:12.595Z</time>
</trkpt>
<trkpt lat="-13.547017" lon="-71.88711">
<ele>3266.6</ele>
<time>2025-02-05T14:58:13.595Z</time>
</trkpt>
<trkpt lat="-13.547015" lon="-71.887121">
<ele>3266.6</ele>
<time>2025-02-05T14:58:14.595Z</time>
</trkpt>
<trkpt lat="-13.547013" lon="-71.887128">
<ele>3266.6</ele>
<time>2025-02-05T14:58:15.595Z</time>
</trkpt>
<trkpt lat="-13.547012" lon="-71.887129">
<ele>3266.6</ele>
<time>2025-02-05T14:58:16.595Z</time>
</trkpt>
<trkpt lat="-13.547011" lon="-71.887128">
<ele>3266.6</ele>
<time>2025-02-05T14:58:17.595Z</time>
</trkpt>
<trkpt lat="-13.547012" lon="-71.887128">
<ele>3266.6</ele>
<time>2025-02-05T14:58:18.595Z</time>
</trkpt>
<trkpt lat="-13.547012" lon="-71.887129">
<ele>3266.6</ele>
<time>2025-02-05T14:58:19.595Z</time>
</trkpt>
<trkpt lat="-13.547012" lon="-71.887129">
<ele>3266.6</ele>
<time>2025-02-05T14:58:20.586Z</time>
</trkpt>
<trkpt lat="-13.547012" lon="-71.887132">
<ele>3266.6</ele>
<time>2025-02-05T14:58:21.613Z</time>
</trkpt>
<trkpt lat="-13.547011" lon="-71.887142">
<ele>3266.6</ele>
<time>2025-02-05T14:58:22.595Z</time>
</trkpt>
<trkpt lat="-13.547009" lon="-71.88716">
<ele>3266.8</ele>
<time>2025-02-05T14:58:23.595Z</time>
</trkpt>
<trkpt lat="-13.547008" lon="-71.887175">
<ele>3266.8</ele>
<time>2025-02-05T14:58:24.595Z</time>
</trkpt>
<trkpt lat="-13.547006" lon="-71.887188">
<ele>3266.8</ele>
<time>2025-02-05T14:58:25.588Z</time>
</trkpt>
<trkpt lat="-13.547003" lon="-71.8872">
<ele>3266.8</ele>
<time>2025-02-05T14:58:26.547Z</time>
</trkpt>
<trkpt lat="-13.547003" lon="-71.887213">
<ele>3266.8</ele>
<time>2025-02-05T14:58:27.595Z</time>
</trkpt>
<trkpt lat="-13.547005" lon="-71.887223">
<ele>3266.7</ele>
<time>2025-02-05T14:58:28.595Z</time>
</trkpt>
<trkpt lat="-13.547006" lon="-71.887231">
<ele>3266.7</ele>
<time>2025-02-05T14:58:29.595Z</time>
</trkpt>
<trkpt lat="-13.547007" lon="-71.88724">
<ele>3266.7</ele>
<time>2025-02-05T14:58:30.589Z</time>
</trkpt>
<trkpt lat="-13.547" lon="-71.88725">
<ele>3266.7</ele>
<time>2025-02-05T14:58:31.595Z</time>
</trkpt>
<trkpt lat="-13.54699" lon="-71.88726">
<ele>3266.7</ele>
<time>2025-02-05T14:58:32.595Z</time>
</trkpt>
<trkpt lat="-13.546967" lon="-71.887271">
<ele>3266.9</ele>
<time>2025-02-05T14:58:33.595Z</time>
</trkpt>
<trkpt lat="-13.546963" lon="-71.88728">
<ele>3266.9</ele>
<time>2025-02-05T14:58:34.547Z</time>
</trkpt>
<trkpt lat="-13.546961" lon="-71.887293">
<ele>3266.9</ele>
<time>2025-02-05T14:58:35.595Z</time>
</trkpt>
<trkpt lat="-13.546959" lon="-71.887304">
<ele>3266.9</ele>
<time>2025-02-05T14:58:36.595Z</time>
</trkpt>
<trkpt lat="-13.546956" lon="-71.887317">
<ele>3266.9</ele>
<time>2025-02-05T14:58:37.595Z</time>
</trkpt>
<trkpt lat="-13.546951" lon="-71.887331">
<ele>3268</ele>
<time>2025-02-05T14:58:38.595Z</time>
</trkpt>
<trkpt lat="-13.546946" lon="-71.887343">
<ele>3268</ele>
<time>2025-02-05T14:58:39.595Z</time>
</trkpt>
<trkpt lat="-13.546942" lon="-71.887355">
<ele>3268</ele>
<time>2025-02-05T14:58:40.595Z</time>
</trkpt>
<trkpt lat="-13.546937" lon="-71.887366">
<ele>3268</ele>
<time>2025-02-05T14:58:41.609Z</time>
</trkpt>
<trkpt lat="-13.546932" lon="-71.887377">
<ele>3268</ele>
<time>2025-02-05T14:58:42.586Z</time>
</trkpt>
<trkpt lat="-13.546925" lon="-71.887391">
<ele>3266.9</ele>
<time>2025-02-05T14:58:43.595Z</time>
</trkpt>
<trkpt lat="-13.546921" lon="-71.887402">
<ele>3266.9</ele>
<time>2025-02-05T14:58:44.595Z</time>
</trkpt>
<trkpt lat="-13.546915" lon="-71.887414">
<ele>3266.9</ele>
<time>2025-02-05T14:58:45.595Z</time>
</trkpt>
<trkpt lat="-13.54691" lon="-71.887424">
<ele>3266.9</ele>
<time>2025-02-05T14:58:46.594Z</time>
</trkpt>
<trkpt lat="-13.546906" lon="-71.887435">
<ele>3266.9</ele>
<time>2025-02-05T14:58:47.595Z</time>
</trkpt>
<trkpt lat="-13.546902" lon="-71.887448">
<ele>3269.4</ele>
<time>2025-02-05T14:58:48.595Z</time>
</trkpt>
<trkpt lat="-13.546896" lon="-71.887459">
<ele>3269.4</ele>
<time>2025-02-05T14:58:49.504Z</time>
</trkpt>
<trkpt lat="-13.546891" lon="-71.887471">
<ele>3269.4</ele>
<time>2025-02-05T14:58:50.550Z</time>
</trkpt>
<trkpt lat="-13.546886" lon="-71.887483">
<ele>3269.4</ele>
<time>2025-02-05T14:58:51.584Z</time>
</trkpt>
<trkpt lat="-13.546881" lon="-71.887495">
<ele>3269.4</ele>
<time>2025-02-05T14:58:52.595Z</time>
</trkpt>
<trkpt lat="-13.546874" lon="-71.887511">
<ele>3268.7</ele>
<time>2025-02-05T14:58:53.595Z</time>
</trkpt>
<trkpt lat="-13.546873" lon="-71.887523">
<ele>3268.7</ele>
<time>2025-02-05T14:58:54.595Z</time>
</trkpt>
<trkpt lat="-13.546871" lon="-71.887535">
<ele>3268.7</ele>
<time>2025-02-05T14:58:55.595Z</time>
</trkpt>
<trkpt lat="-13.546868" lon="-71.887547">
<ele>3268.7</ele>
<time>2025-02-05T14:58:56.595Z</time>
</trkpt>
<trkpt lat="-13.546864" lon="-71.887559">
<ele>3268.7</ele>
<time>2025-02-05T14:58:57.595Z</time>
</trkpt>
<trkpt lat="-13.546857" lon="-71.887567">
<ele>3268.7</ele>
<time>2025-02-05T14:58:58.595Z</time>
</trkpt>
<trkpt lat="-13.546853" lon="-71.887579">
<ele>3268.7</ele>
<time>2025-02-05T14:58:59.595Z</time>
</trkpt>
<trkpt lat="-13.54685" lon="-71.887591">
<ele>3268.7</ele>
<time>2025-02-05T14:59:00.522Z</time>
</trkpt>
<trkpt lat="-13.54685" lon="-71.887604">
<ele>3268.7</ele>
<time>2025-02-05T14:59:01.530Z</time>
</trkpt>
<trkpt lat="-13.546849" lon="-71.887618">
<ele>3268.7</ele>
<time>2025-02-05T14:59:02.595Z</time>
</trkpt>
<trkpt lat="-13.546847" lon="-71.88763">
<ele>3268.7</ele>
<time>2025-02-05T14:59:03.595Z</time>
</trkpt>
<trkpt lat="-13.546846" lon="-71.88764">
<ele>3268.7</ele>
<time>2025-02-05T14:59:04.595Z</time>
</trkpt>
<trkpt lat="-13.546846" lon="-71.887652">
<ele>3268.7</ele>
<time>2025-02-05T14:59:05.595Z</time>
</trkpt>
<trkpt lat="-13.546846" lon="-71.887664">
<ele>3268.7</ele>
<time>2025-02-05T14:59:06.594Z</time>
</trkpt>
<trkpt lat="-13.546845" lon="-71.887675">
<ele>3268.7</ele>
<time>2025-02-05T14:59:07.595Z</time>
</trkpt>
<trkpt lat="-13.546845" lon="-71.887681">
<ele>3268</ele>
<time>2025-02-05T14:59:08.595Z</time>
</trkpt>
<trkpt lat="-13.546844" lon="-71.887692">
<ele>3268</ele>
<time>2025-02-05T14:59:09.595Z</time>
</trkpt>
<trkpt lat="-13.546844" lon="-71.887703">
<ele>3268</ele>
<time>2025-02-05T14:59:10.594Z</time>
</trkpt>
<trkpt lat="-13.546844" lon="-71.887714">
<ele>3268</ele>
<time>2025-02-05T14:59:11.595Z</time>
</trkpt>
<trkpt lat="-13.546845" lon="-71.887726">
<ele>3268</ele>
<time>2025-02-05T14:59:12.595Z</time>
</trkpt>
<trkpt lat="-13.546845" lon="-71.887739">
<ele>3265.7</ele>
<time>2025-02-05T14:59:13.595Z</time>
</trkpt>
<trkpt lat="-13.546844" lon="-71.887749">
<ele>3265.8</ele>
<time>2025-02-05T14:59:14.595Z</time>
</trkpt>
<trkpt lat="-13.546841" lon="-71.887758">
<ele>3265.6</ele>
<time>2025-02-05T14:59:15.595Z</time>
</trkpt>
<trkpt lat="-13.546839" lon="-71.887768">
<ele>3265</ele>
<time>2025-02-05T14:59:16.595Z</time>
</trkpt>
<trkpt lat="-13.546842" lon="-71.887774">
<ele>3264.8</ele>
<time>2025-02-05T14:59:17.595Z</time>
</trkpt>
<trkpt lat="-13.546843" lon="-71.887783">
<ele>3269.1</ele>
<time>2025-02-05T14:59:18.595Z</time>
</trkpt>
<trkpt lat="-13.546841" lon="-71.887792">
<ele>3269.1</ele>
<time>2025-02-05T14:59:19.595Z</time>
</trkpt>
<trkpt lat="-13.546837" lon="-71.887802">
<ele>3269.1</ele>
<time>2025-02-05T14:59:20.510Z</time>
</trkpt>
<trkpt lat="-13.546833" lon="-71.887815">
<ele>3269.1</ele>
<time>2025-02-05T14:59:21.613Z</time>
</trkpt>
<trkpt lat="-13.54683" lon="-71.887825">
<ele>3269.1</ele>
<time>2025-02-05T14:59:22.595Z</time>
</trkpt>
<trkpt lat="-13.546822" lon="-71.887837">
<ele>3269.5</ele>
<time>2025-02-05T14:59:23.594Z</time>
</trkpt>
<trkpt lat="-13.546821" lon="-71.887848">
<ele>3269.5</ele>
<time>2025-02-05T14:59:24.595Z</time>
</trkpt>
<trkpt lat="-13.54682" lon="-71.88786">
<ele>3269.5</ele>
<time>2025-02-05T14:59:25.594Z</time>
</trkpt>
<trkpt lat="-13.546818" lon="-71.887872">
<ele>3269.5</ele>
<time>2025-02-05T14:59:26.595Z</time>
</trkpt>
<trkpt lat="-13.546816" lon="-71.887884">
<ele>3269.5</ele>
<time>2025-02-05T14:59:27.595Z</time>
</trkpt>
<trkpt lat="-13.546814" lon="-71.887895">
<ele>3263.2</ele>
<time>2025-02-05T14:59:28.595Z</time>
</trkpt>
<trkpt lat="-13.546811" lon="-71.887907">
<ele>3263.5</ele>
<time>2025-02-05T14:59:29.595Z</time>
</trkpt>
<trkpt lat="-13.546808" lon="-71.887919">
<ele>3263.4</ele>
<time>2025-02-05T14:59:30.595Z</time>
</trkpt>
<trkpt lat="-13.546807" lon="-71.887932">
<ele>3263.4</ele>
<time>2025-02-05T14:59:31.528Z</time>
</trkpt>
<trkpt lat="-13.546808" lon="-71.887944">
<ele>3263.5</ele>
<time>2025-02-05T14:59:32.505Z</time>
</trkpt>
<trkpt lat="-13.546811" lon="-71.88795">
<ele>3269.5</ele>
<time>2025-02-05T14:59:33.551Z</time>
</trkpt>
<trkpt lat="-13.546809" lon="-71.887962">
<ele>3269.5</ele>
<time>2025-02-05T14:59:34.585Z</time>
</trkpt>
<trkpt lat="-13.546806" lon="-71.887974">
<ele>3269.5</ele>
<time>2025-02-05T14:59:35.595Z</time>
</trkpt>
<trkpt lat="-13.546802" lon="-71.887986">
<ele>3269.5</ele>
<time>2025-02-05T14:59:36.595Z</time>
</trkpt>
<trkpt lat="-13.546799" lon="-71.887998">
<ele>3269.5</ele>
<time>2025-02-05T14:59:37.595Z</time>
</trkpt>
<trkpt lat="-13.546794" lon="-71.888006">
<ele>3269.5</ele>
<time>2025-02-05T14:59:38.594Z</time>
</trkpt>
<trkpt lat="-13.546792" lon="-71.888017">
<ele>3269.5</ele>
<time>2025-02-05T14:59:39.595Z</time>
</trkpt>
<trkpt lat="-13.546787" lon="-71.888028">
<ele>3269.5</ele>
<time>2025-02-05T14:59:40.595Z</time>
</trkpt>
<trkpt lat="-13.546782" lon="-71.888038">
<ele>3269.5</ele>
<time>2025-02-05T14:59:41.531Z</time>
</trkpt>
<trkpt lat="-13.546781" lon="-71.888051">
<ele>3269.5</ele>
<time>2025-02-05T14:59:42.528Z</time>
</trkpt>
<trkpt lat="-13.546778" lon="-71.888064">
<ele>3269.5</ele>
<time>2025-02-05T14:59:43.573Z</time>
</trkpt>
<trkpt lat="-13.546778" lon="-71.888073">
<ele>3269.5</ele>
<time>2025-02-05T14:59:44.595Z</time>
</trkpt>
<trkpt lat="-13.546773" lon="-71.888082">
<ele>3269.5</ele>
<time>2025-02-05T14:59:45.595Z</time>
</trkpt>
<trkpt lat="-13.546769" lon="-71.888091">
<ele>3269.5</ele>
<time>2025-02-05T14:59:46.571Z</time>
</trkpt>
<trkpt lat="-13.546767" lon="-71.888103">
<ele>3269.5</ele>
<time>2025-02-05T14:59:47.606Z</time>
</trkpt>
<trkpt lat="-13.546765" lon="-71.888114">
<ele>3273.8</ele>
<time>2025-02-05T14:59:48.595Z</time>
</trkpt>
<trkpt lat="-13.546759" lon="-71.888117">
<ele>3273.8</ele>
<time>2025-02-05T14:59:49.595Z</time>
</trkpt>
<trkpt lat="-13.546754" lon="-71.888124">
<ele>3273.8</ele>
<time>2025-02-05T14:59:50.595Z</time>
</trkpt>
<trkpt lat="-13.546753" lon="-71.888135">
<ele>3273.8</ele>
<time>2025-02-05T14:59:51.595Z</time>
</trkpt>
<trkpt lat="-13.546758" lon="-71.888143">
<ele>3273.8</ele>
<time>2025-02-05T14:59:52.595Z</time>
</trkpt>
<trkpt lat="-13.546758" lon="-71.888154">
<ele>3273.7</ele>
<time>2025-02-05T14:59:53.595Z</time>
</trkpt>
<trkpt lat="-13.546756" lon="-71.888161">
<ele>3273.7</ele>
<time>2025-02-05T14:59:54.594Z</time>
</trkpt>
<trkpt lat="-13.546752" lon="-71.888171">
<ele>3273.7</ele>
<time>2025-02-05T14:59:55.595Z</time>
</trkpt>
<trkpt lat="-13.546749" lon="-71.888182">
<ele>3273.7</ele>
<time>2025-02-05T14:59:56.595Z</time>
</trkpt>
<trkpt lat="-13.546747" lon="-71.888193">
<ele>3273.7</ele>
<time>2025-02-05T14:59:57.595Z</time>
</trkpt>
<trkpt lat="-13.546744" lon="-71.888204">
<ele>3273.7</ele>
<time>2025-02-05T14:59:58.595Z</time>
</trkpt>
<trkpt lat="-13.546741" lon="-71.888215">
<ele>3273.7</ele>
<time>2025-02-05T14:59:59.595Z</time>
</trkpt>
<trkpt lat="-13.546739" lon="-71.888226">
<ele>3273.7</ele>
<time>2025-02-05T15:00:00.595Z</time>
</trkpt>
<trkpt lat="-13.546736" lon="-71.888237">
<ele>3273.7</ele>
<time>2025-02-05T15:00:01.595Z</time>
</trkpt>
<trkpt lat="-13.546733" lon="-71.888247">
<ele>3273.7</ele>
<time>2025-02-05T15:00:02.595Z</time>
</trkpt>
<trkpt lat="-13.54673" lon="-71.88826">
<ele>3273.9</ele>
<time>2025-02-05T15:00:03.595Z</time>
</trkpt>
<trkpt lat="-13.546727" lon="-71.888269">
<ele>3273.9</ele>
<time>2025-02-05T15:00:04.595Z</time>
</trkpt>
<trkpt lat="-13.546725" lon="-71.888282">
<ele>3273.9</ele>
<time>2025-02-05T15:00:05.595Z</time>
</trkpt>
<trkpt lat="-13.546724" lon="-71.888294">
<ele>3273.9</ele>
<time>2025-02-05T15:00:06.595Z</time>
</trkpt>
<trkpt lat="-13.546721" lon="-71.888307">
<ele>3273.9</ele>
<time>2025-02-05T15:00:07.595Z</time>
</trkpt>
<trkpt lat="-13.546719" lon="-71.88832">
<ele>3273.7</ele>
<time>2025-02-05T15:00:08.595Z</time>
</trkpt>
<trkpt lat="-13.546719" lon="-71.888331">
<ele>3273.7</ele>
<time>2025-02-05T15:00:09.527Z</time>
</trkpt>
<trkpt lat="-13.546719" lon="-71.888343">
<ele>3273.7</ele>
<time>2025-02-05T15:00:10.542Z</time>
</trkpt>
<trkpt lat="-13.546717" lon="-71.888356">
<ele>3273.7</ele>
<time>2025-02-05T15:00:11.588Z</time>
</trkpt>
<trkpt lat="-13.546719" lon="-71.888364">
<ele>3273.7</ele>
<time>2025-02-05T15:00:12.594Z</time>
</trkpt>
<trkpt lat="-13.54672" lon="-71.888375">
<ele>3273.9</ele>
<time>2025-02-05T15:00:13.595Z</time>
</trkpt>
<trkpt lat="-13.546716" lon="-71.888384">
<ele>3273.9</ele>
<time>2025-02-05T15:00:14.595Z</time>
</trkpt>
<trkpt lat="-13.546711" lon="-71.888396">
<ele>3273.9</ele>
<time>2025-02-05T15:00:15.595Z</time>
</trkpt>
<trkpt lat="-13.546706" lon="-71.888407">
<ele>3273.9</ele>
<time>2025-02-05T15:00:16.595Z</time>
</trkpt>
<trkpt lat="-13.546702" lon="-71.888418">
<ele>3273.9</ele>
<time>2025-02-05T15:00:17.595Z</time>
</trkpt>
<trkpt lat="-13.546698" lon="-71.888429">
<ele>3273.9</ele>
<time>2025-02-05T15:00:18.595Z</time>
</trkpt>
<trkpt lat="-13.546694" lon="-71.888447">
<ele>3267.2</ele>
<time>2025-02-05T15:00:19.609Z</time>
</trkpt>
<trkpt lat="-13.54669" lon="-71.888454">
<ele>3267.7</ele>
<time>2025-02-05T15:00:20.594Z</time>
</trkpt>
<trkpt lat="-13.546684" lon="-71.888463">
<ele>3267.6</ele>
<time>2025-02-05T15:00:21.595Z</time>
</trkpt>
<trkpt lat="-13.546679" lon="-71.888474">
<ele>3268.1</ele>
<time>2025-02-05T15:00:22.595Z</time>
</trkpt>
<trkpt lat="-13.546673" lon="-71.888486">
<ele>3266.9</ele>
<time>2025-02-05T15:00:23.595Z</time>
</trkpt>
<trkpt lat="-13.546667" lon="-71.888495">
<ele>3266.9</ele>
<time>2025-02-05T15:00:24.595Z</time>
</trkpt>
<trkpt lat="-13.54666" lon="-71.888504">
<ele>3266.9</ele>
<time>2025-02-05T15:00:25.595Z</time>
</trkpt>
<trkpt lat="-13.546654" lon="-71.888515">
<ele>3266.9</ele>
<time>2025-02-05T15:00:26.614Z</time>
</trkpt>
<trkpt lat="-13.546651" lon="-71.888521">
<ele>3266.9</ele>
<time>2025-02-05T15:00:27.595Z</time>
</trkpt>
<trkpt lat="-13.546653" lon="-71.888529">
<ele>3268.4</ele>
<time>2025-02-05T15:00:28.595Z</time>
</trkpt>
<trkpt lat="-13.546653" lon="-71.888538">
<ele>3268.4</ele>
<time>2025-02-05T15:00:29.589Z</time>
</trkpt>
<trkpt lat="-13.546652" lon="-71.88854">
<ele>3268.4</ele>
<time>2025-02-05T15:00:30.595Z</time>
</trkpt>
<trkpt lat="-13.546654" lon="-71.888539">
<ele>3268.4</ele>
<time>2025-02-05T15:00:31.595Z</time>
</trkpt>
<trkpt lat="-13.546656" lon="-71.888534">
<ele>3268.4</ele>
<time>2025-02-05T15:00:32.595Z</time>
</trkpt>
<trkpt lat="-13.546658" lon="-71.88853">
<ele>3266.9</ele>
<time>2025-02-05T15:00:33.595Z</time>
</trkpt>
<trkpt lat="-13.546658" lon="-71.888529">
<ele>3266.9</ele>
<time>2025-02-05T15:00:34.595Z</time>
</trkpt>
<trkpt lat="-13.546659" lon="-71.888528">
<ele>3266.9</ele>
<time>2025-02-05T15:00:35.595Z</time>
</trkpt>
<trkpt lat="-13.546659" lon="-71.888527">
<ele>3266.9</ele>
<time>2025-02-05T15:00:36.595Z</time>
</trkpt>
<trkpt lat="-13.546659" lon="-71.888526">
<ele>3266.9</ele>
<time>2025-02-05T15:00:37.595Z</time>
</trkpt>
<trkpt lat="-13.54666" lon="-71.888526">
<ele>3266.9</ele>
<time>2025-02-05T15:00:38.595Z</time>
</trkpt>
<trkpt lat="-13.54666" lon="-71.888526">
<ele>3266.9</ele>
<time>2025-02-05T15:00:39.595Z</time>
</trkpt>
<trkpt lat="-13.54666" lon="-71.888524">
<ele>3268.2</ele>
<time>2025-02-05T15:00:40.595Z</time>
</trkpt>
<trkpt lat="-13.546661" lon="-71.888524">
<ele>3268.2</ele>
<time>2025-02-05T15:00:41.595Z</time>
</trkpt>
<trkpt lat="-13.546661" lon="-71.888523">
<ele>3268.2</ele>
<time>2025-02-05T15:00:42.595Z</time>
</trkpt>
<trkpt lat="-13.546661" lon="-71.888523">
<ele>3268.2</ele>
<time>2025-02-05T15:00:43.595Z</time>
</trkpt>
<trkpt lat="-13.546662" lon="-71.888522">
<ele>3268.2</ele>
<time>2025-02-05T15:00:44.595Z</time>
</trkpt>
<trkpt lat="-13.546663" lon="-71.888524">
<ele>3268.2</ele>
<time>2025-02-05T15:00:45.595Z</time>
</trkpt>
<trkpt lat="-13.546663" lon="-71.888526">
<ele>3268.2</ele>
<time>2025-02-05T15:00:46.549Z</time>
</trkpt>
<trkpt lat="-13.546664" lon="-71.888537">
<ele>3268.2</ele>
<time>2025-02-05T15:00:47.595Z</time>
</trkpt>
<trkpt lat="-13.546661" lon="-71.88855">
<ele>3268.6</ele>
<time>2025-02-05T15:00:48.595Z</time>
</trkpt>
<trkpt lat="-13.546658" lon="-71.888557">
<ele>3268.6</ele>
<time>2025-02-05T15:00:49.510Z</time>
</trkpt>
<trkpt lat="-13.546659" lon="-71.888572">
<ele>3268.6</ele>
<time>2025-02-05T15:00:50.595Z</time>
</trkpt>
<trkpt lat="-13.546658" lon="-71.888583">
<ele>3268.6</ele>
<time>2025-02-05T15:00:51.550Z</time>
</trkpt>
<trkpt lat="-13.546653" lon="-71.888598">
<ele>3268.6</ele>
<time>2025-02-05T15:00:52.595Z</time>
</trkpt>
<trkpt lat="-13.546647" lon="-71.888612">
<ele>3273</ele>
<time>2025-02-05T15:00:53.595Z</time>
</trkpt>
<trkpt lat="-13.546645" lon="-71.888625">
<ele>3273</ele>
<time>2025-02-05T15:00:54.595Z</time>
</trkpt>
<trkpt lat="-13.546643" lon="-71.888638">
<ele>3273</ele>
<time>2025-02-05T15:00:55.595Z</time>
</trkpt>
<trkpt lat="-13.546639" lon="-71.888651">
<ele>3273</ele>
<time>2025-02-05T15:00:56.594Z</time>
</trkpt>
<trkpt lat="-13.546634" lon="-71.888663">
<ele>3273</ele>
<time>2025-02-05T15:00:57.595Z</time>
</trkpt>
<trkpt lat="-13.546628" lon="-71.888678">
<ele>3268.6</ele>
<time>2025-02-05T15:00:58.595Z</time>
</trkpt>
<trkpt lat="-13.546625" lon="-71.888687">
<ele>3268.6</ele>
<time>2025-02-05T15:00:59.512Z</time>
</trkpt>
<trkpt lat="-13.54662" lon="-71.888698">
<ele>3268.6</ele>
<time>2025-02-05T15:01:00.509Z</time>
</trkpt>
<trkpt lat="-13.546617" lon="-71.88871">
<ele>3268.6</ele>
<time>2025-02-05T15:01:01.542Z</time>
</trkpt>
<trkpt lat="-13.546615" lon="-71.888724">
<ele>3268.6</ele>
<time>2025-02-05T15:01:02.587Z</time>
</trkpt>
<trkpt lat="-13.546624" lon="-71.888736">
<ele>3268.6</ele>
<time>2025-02-05T15:01:03.595Z</time>
</trkpt>
<trkpt lat="-13.546624" lon="-71.888745">
<ele>3268.6</ele>
<time>2025-02-05T15:01:04.594Z</time>
</trkpt>
<trkpt lat="-13.546622" lon="-71.888757">
<ele>3268.6</ele>
<time>2025-02-05T15:01:05.595Z</time>
</trkpt>
<trkpt lat="-13.546619" lon="-71.888768">
<ele>3268.6</ele>
<time>2025-02-05T15:01:06.595Z</time>
</trkpt>
<trkpt lat="-13.546616" lon="-71.88878">
<ele>3268.6</ele>
<time>2025-02-05T15:01:07.595Z</time>
</trkpt>
<trkpt lat="-13.546615" lon="-71.888795">
<ele>3268.6</ele>
<time>2025-02-05T15:01:08.595Z</time>
</trkpt>
<trkpt lat="-13.546612" lon="-71.888802">
<ele>3268.6</ele>
<time>2025-02-05T15:01:09.595Z</time>
</trkpt>
<trkpt lat="-13.546608" lon="-71.888813">
<ele>3268.6</ele>
<time>2025-02-05T15:01:10.595Z</time>
</trkpt>
<trkpt lat="-13.546605" lon="-71.888824">
<ele>3268.6</ele>
<time>2025-02-05T15:01:11.595Z</time>
</trkpt>
<trkpt lat="-13.546601" lon="-71.888836">
<ele>3268.6</ele>
<time>2025-02-05T15:01:12.594Z</time>
</trkpt>
<trkpt lat="-13.546596" lon="-71.888849">
<ele>3273</ele>
<time>2025-02-05T15:01:13.595Z</time>
</trkpt>
<trkpt lat="-13.546592" lon="-71.888859">
<ele>3273</ele>
<time>2025-02-05T15:01:14.595Z</time>
</trkpt>
<trkpt lat="-13.546589" lon="-71.888869">
<ele>3273</ele>
<time>2025-02-05T15:01:15.513Z</time>
</trkpt>
<trkpt lat="-13.546586" lon="-71.888881">
<ele>3273</ele>
<time>2025-02-05T15:01:16.546Z</time>
</trkpt>
<trkpt lat="-13.546587" lon="-71.888892">
<ele>3273</ele>
<time>2025-02-05T15:01:17.595Z</time>
</trkpt>
<trkpt lat="-13.546582" lon="-71.888908">
<ele>3273</ele>
<time>2025-02-05T15:01:18.595Z</time>
</trkpt>
<trkpt lat="-13.54658" lon="-71.888914">
<ele>3273</ele>
<time>2025-02-05T15:01:19.595Z</time>
</trkpt>
<trkpt lat="-13.546584" lon="-71.888922">
<ele>3273</ele>
<time>2025-02-05T15:01:20.595Z</time>
</trkpt>
<trkpt lat="-13.546583" lon="-71.88893">
<ele>3273</ele>
<time>2025-02-05T15:01:21.595Z</time>
</trkpt>
<trkpt lat="-13.546578" lon="-71.888938">
<ele>3273</ele>
<time>2025-02-05T15:01:22.595Z</time>
</trkpt>
<trkpt lat="-13.546569" lon="-71.888949">
<ele>3273.2</ele>
<time>2025-02-05T15:01:23.512Z</time>
</trkpt>
<trkpt lat="-13.546566" lon="-71.888955">
<ele>3273.2</ele>
<time>2025-02-05T15:01:24.546Z</time>
</trkpt>
<trkpt lat="-13.54656" lon="-71.888963">
<ele>3273.2</ele>
<time>2025-02-05T15:01:25.446Z</time>
</trkpt>
<trkpt lat="-13.546556" lon="-71.888974">
<ele>3273.2</ele>
<time>2025-02-05T15:01:26.595Z</time>
</trkpt>
<trkpt lat="-13.546552" lon="-71.888985">
<ele>3273.2</ele>
<time>2025-02-05T15:01:27.595Z</time>
</trkpt>
<trkpt lat="-13.546549" lon="-71.889009">
<ele>3273.7</ele>
<time>2025-02-05T15:01:28.595Z</time>
</trkpt>
<trkpt lat="-13.546551" lon="-71.889019">
<ele>3273.7</ele>
<time>2025-02-05T15:01:29.595Z</time>
</trkpt>
<trkpt lat="-13.546556" lon="-71.88903">
<ele>3273.7</ele>
<time>2025-02-05T15:01:30.524Z</time>
</trkpt>
<trkpt lat="-13.546565" lon="-71.88904">
<ele>3273.7</ele>
<time>2025-02-05T15:01:31.595Z</time>
</trkpt>
<trkpt lat="-13.546567" lon="-71.889049">
<ele>3273.7</ele>
<time>2025-02-05T15:01:32.528Z</time>
</trkpt>
<trkpt lat="-13.546566" lon="-71.889066">
<ele>3273.7</ele>
<time>2025-02-05T15:01:33.595Z</time>
</trkpt>
<trkpt lat="-13.546568" lon="-71.889074">
<ele>3273.7</ele>
<time>2025-02-05T15:01:34.595Z</time>
</trkpt>
<trkpt lat="-13.546571" lon="-71.889082">
<ele>3273.7</ele>
<time>2025-02-05T15:01:35.594Z</time>
</trkpt>
<trkpt lat="-13.546574" lon="-71.889092">
<ele>3273.7</ele>
<time>2025-02-05T15:01:36.595Z</time>
</trkpt>
<trkpt lat="-13.546575" lon="-71.889102">
<ele>3273.7</ele>
<time>2025-02-05T15:01:37.595Z</time>
</trkpt>
<trkpt lat="-13.546565" lon="-71.889129">
<ele>3273.7</ele>
<time>2025-02-05T15:01:38.595Z</time>
</trkpt>
<trkpt lat="-13.546563" lon="-71.889138">
<ele>3273.7</ele>
<time>2025-02-05T15:01:39.595Z</time>
</trkpt>
<trkpt lat="-13.546566" lon="-71.889146">
<ele>3273.7</ele>
<time>2025-02-05T15:01:40.595Z</time>
</trkpt>
<trkpt lat="-13.546566" lon="-71.889152">
<ele>3273.7</ele>
<time>2025-02-05T15:01:41.595Z</time>
</trkpt>
<trkpt lat="-13.546563" lon="-71.889158">
<ele>3273.7</ele>
<time>2025-02-05T15:01:42.594Z</time>
</trkpt>
<trkpt lat="-13.546561" lon="-71.889172">
<ele>3273.2</ele>
<time>2025-02-05T15:01:43.594Z</time>
</trkpt>
<trkpt lat="-13.546558" lon="-71.889178">
<ele>3273.2</ele>
<time>2025-02-05T15:01:44.594Z</time>
</trkpt>
<trkpt lat="-13.546555" lon="-71.889187">
<ele>3273.2</ele>
<time>2025-02-05T15:01:45.594Z</time>
</trkpt>
<trkpt lat="-13.546552" lon="-71.889195">
<ele>3273.2</ele>
<time>2025-02-05T15:01:46.594Z</time>
</trkpt>
<trkpt lat="-13.546548" lon="-71.889202">
<ele>3273.2</ele>
<time>2025-02-05T15:01:47.594Z</time>
</trkpt>
<trkpt lat="-13.546541" lon="-71.88921">
<ele>3273.7</ele>
<time>2025-02-05T15:01:48.594Z</time>
</trkpt>
<trkpt lat="-13.546537" lon="-71.889215">
<ele>3273.7</ele>
<time>2025-02-05T15:01:49.594Z</time>
</trkpt>
<trkpt lat="-13.546532" lon="-71.889222">
<ele>3273.7</ele>
<time>2025-02-05T15:01:50.528Z</time>
</trkpt>
<trkpt lat="-13.546531" lon="-71.889229">
<ele>3273.7</ele>
<time>2025-02-05T15:01:51.594Z</time>
</trkpt>
<trkpt lat="-13.546528" lon="-71.889235">
<ele>3273.7</ele>
<time>2025-02-05T15:01:52.594Z</time>
</trkpt>
<trkpt lat="-13.546522" lon="-71.889241">
<ele>3273.7</ele>
<time>2025-02-05T15:01:53.594Z</time>
</trkpt>
<trkpt lat="-13.54652" lon="-71.889248">
<ele>3273.7</ele>
<time>2025-02-05T15:01:54.594Z</time>
</trkpt>
<trkpt lat="-13.546519" lon="-71.889257">
<ele>3273.7</ele>
<time>2025-02-05T15:01:55.594Z</time>
</trkpt>
<trkpt lat="-13.546516" lon="-71.889267">
<ele>3273.7</ele>
<time>2025-02-05T15:01:56.507Z</time>
</trkpt>
<trkpt lat="-13.546511" lon="-71.889276">
<ele>3273.7</ele>
<time>2025-02-05T15:01:57.612Z</time>
</trkpt>
<trkpt lat="-13.546505" lon="-71.889287">
<ele>3273.7</ele>
<time>2025-02-05T15:01:58.594Z</time>
</trkpt>
<trkpt lat="-13.5465" lon="-71.889295">
<ele>3273.7</ele>
<time>2025-02-05T15:01:59.611Z</time>
</trkpt>
<trkpt lat="-13.546499" lon="-71.889305">
<ele>3273.7</ele>
<time>2025-02-05T15:02:00.594Z</time>
</trkpt>
<trkpt lat="-13.546498" lon="-71.889316">
<ele>3273.7</ele>
<time>2025-02-05T15:02:01.594Z</time>
</trkpt>
<trkpt lat="-13.546496" lon="-71.889327">
<ele>3273.7</ele>
<time>2025-02-05T15:02:02.594Z</time>
</trkpt>
<trkpt lat="-13.546497" lon="-71.889337">
<ele>3273.7</ele>
<time>2025-02-05T15:02:03.594Z</time>
</trkpt>
<trkpt lat="-13.546497" lon="-71.889348">
<ele>3273.7</ele>
<time>2025-02-05T15:02:04.594Z</time>
</trkpt>
<trkpt lat="-13.546496" lon="-71.88936">
<ele>3273.7</ele>
<time>2025-02-05T15:02:05.610Z</time>
</trkpt>
<trkpt lat="-13.5465" lon="-71.889372">
<ele>3273.7</ele>
<time>2025-02-05T15:02:06.594Z</time>
</trkpt>
<trkpt lat="-13.5465" lon="-71.889384">
<ele>3273.7</ele>
<time>2025-02-05T15:02:07.594Z</time>
</trkpt>
<trkpt lat="-13.546498" lon="-71.889398">
<ele>3273.8</ele>
<time>2025-02-05T15:02:08.594Z</time>
</trkpt>
<trkpt lat="-13.546498" lon="-71.889411">
<ele>3273.8</ele>
<time>2025-02-05T15:02:09.594Z</time>
</trkpt>
<trkpt lat="-13.546496" lon="-71.889423">
<ele>3273.8</ele>
<time>2025-02-05T15:02:10.593Z</time>
</trkpt>
<trkpt lat="-13.546493" lon="-71.889434">
<ele>3273.8</ele>
<time>2025-02-05T15:02:11.530Z</time>
</trkpt>
<trkpt lat="-13.54649" lon="-71.889443">
<ele>3273.8</ele>
<time>2025-02-05T15:02:12.594Z</time>
</trkpt>
<trkpt lat="-13.54649" lon="-71.889455">
<ele>3273.7</ele>
<time>2025-02-05T15:02:13.594Z</time>
</trkpt>
<trkpt lat="-13.546489" lon="-71.889462">
<ele>3273.7</ele>
<time>2025-02-05T15:02:14.594Z</time>
</trkpt>
<trkpt lat="-13.546487" lon="-71.889472">
<ele>3273.7</ele>
<time>2025-02-05T15:02:15.594Z</time>
</trkpt>
<trkpt lat="-13.546484" lon="-71.889483">
<ele>3273.7</ele>
<time>2025-02-05T15:02:16.593Z</time>
</trkpt>
<trkpt lat="-13.546479" lon="-71.889493">
<ele>3273.7</ele>
<time>2025-02-05T15:02:17.594Z</time>
</trkpt>
<trkpt lat="-13.546476" lon="-71.8895">
<ele>3273.7</ele>
<time>2025-02-05T15:02:18.594Z</time>
</trkpt>
<trkpt lat="-13.546475" lon="-71.889507">
<ele>3273.7</ele>
<time>2025-02-05T15:02:19.594Z</time>
</trkpt>
<trkpt lat="-13.546474" lon="-71.889517">
<ele>3273.7</ele>
<time>2025-02-05T15:02:20.594Z</time>
</trkpt>
<trkpt lat="-13.546472" lon="-71.889528">
<ele>3273.7</ele>
<time>2025-02-05T15:02:21.594Z</time>
</trkpt>
<trkpt lat="-13.54647" lon="-71.889538">
<ele>3273.7</ele>
<time>2025-02-05T15:02:22.594Z</time>
</trkpt>
<trkpt lat="-13.546466" lon="-71.88955">
<ele>3273.7</ele>
<time>2025-02-05T15:02:23.502Z</time>
</trkpt>
<trkpt lat="-13.546472" lon="-71.889553">
<ele>3273.7</ele>
<time>2025-02-05T15:02:24.594Z</time>
</trkpt>
<trkpt lat="-13.546469" lon="-71.889565">
<ele>3273.7</ele>
<time>2025-02-05T15:02:25.594Z</time>
</trkpt>
<trkpt lat="-13.546469" lon="-71.889577">
<ele>3273.7</ele>
<time>2025-02-05T15:02:26.594Z</time>
</trkpt>
<trkpt lat="-13.546468" lon="-71.88959">
<ele>3273.7</ele>
<time>2025-02-05T15:02:27.587Z</time>
</trkpt>
<trkpt lat="-13.546466" lon="-71.889602">
<ele>3273.8</ele>
<time>2025-02-05T15:02:28.560Z</time>
</trkpt>
<trkpt lat="-13.54647" lon="-71.889607">
<ele>3273.8</ele>
<time>2025-02-05T15:02:29.594Z</time>
</trkpt>
<trkpt lat="-13.546469" lon="-71.889619">
<ele>3273.8</ele>
<time>2025-02-05T15:02:30.594Z</time>
</trkpt>
<trkpt lat="-13.546466" lon="-71.889631">
<ele>3273.8</ele>
<time>2025-02-05T15:02:31.593Z</time>
</trkpt>
<trkpt lat="-13.546462" lon="-71.889642">
<ele>3273.8</ele>
<time>2025-02-05T15:02:32.569Z</time>
</trkpt>
<trkpt lat="-13.546466" lon="-71.889656">
<ele>3274</ele>
<time>2025-02-05T15:02:33.594Z</time>
</trkpt>
<trkpt lat="-13.546467" lon="-71.889664">
<ele>3274</ele>
<time>2025-02-05T15:02:34.594Z</time>
</trkpt>
<trkpt lat="-13.546467" lon="-71.889674">
<ele>3274</ele>
<time>2025-02-05T15:02:35.594Z</time>
</trkpt>
<trkpt lat="-13.546465" lon="-71.889685">
<ele>3274</ele>
<time>2025-02-05T15:02:36.594Z</time>
</trkpt>
<trkpt lat="-13.54646" lon="-71.889695">
<ele>3274</ele>
<time>2025-02-05T15:02:37.594Z</time>
</trkpt>
<trkpt lat="-13.546454" lon="-71.889704">
<ele>3274</ele>
<time>2025-02-05T15:02:38.594Z</time>
</trkpt>
<trkpt lat="-13.546451" lon="-71.889714">
<ele>3274.2</ele>
<time>2025-02-05T15:02:39.594Z</time>
</trkpt>
<trkpt lat="-13.546448" lon="-71.889726">
<ele>3274.2</ele>
<time>2025-02-05T15:02:40.594Z</time>
</trkpt>
<trkpt lat="-13.546444" lon="-71.889737">
<ele>3274.2</ele>
<time>2025-02-05T15:02:41.594Z</time>
</trkpt>
<trkpt lat="-13.54644" lon="-71.889748">
<ele>3274.2</ele>
<time>2025-02-05T15:02:42.594Z</time>
</trkpt>
<trkpt lat="-13.546438" lon="-71.88976">
<ele>3274.2</ele>
<time>2025-02-05T15:02:43.595Z</time>
</trkpt>
<trkpt lat="-13.546433" lon="-71.889765">
<ele>3274</ele>
<time>2025-02-05T15:02:44.594Z</time>
</trkpt>
<trkpt lat="-13.546429" lon="-71.889776">
<ele>3274</ele>
<time>2025-02-05T15:02:45.594Z</time>
</trkpt>
<trkpt lat="-13.546424" lon="-71.889788">
<ele>3274</ele>
<time>2025-02-05T15:02:46.594Z</time>
</trkpt>
<trkpt lat="-13.54642" lon="-71.8898">
<ele>3274</ele>
<time>2025-02-05T15:02:47.594Z</time>
</trkpt>
<trkpt lat="-13.546416" lon="-71.889813">
<ele>3274</ele>
<time>2025-02-05T15:02:48.567Z</time>
</trkpt>
<trkpt lat="-13.546416" lon="-71.889822">
<ele>3274</ele>
<time>2025-02-05T15:02:49.594Z</time>
</trkpt>
<trkpt lat="-13.546415" lon="-71.889833">
<ele>3274</ele>
<time>2025-02-05T15:02:50.594Z</time>
</trkpt>
<trkpt lat="-13.546414" lon="-71.889845">
<ele>3274</ele>
<time>2025-02-05T15:02:51.594Z</time>
</trkpt>
<trkpt lat="-13.546413" lon="-71.889857">
<ele>3274</ele>
<time>2025-02-05T15:02:52.594Z</time>
</trkpt>
<trkpt lat="-13.54641" lon="-71.889869">
<ele>3274</ele>
<time>2025-02-05T15:02:53.594Z</time>
</trkpt>
<trkpt lat="-13.546407" lon="-71.889881">
<ele>3274</ele>
<time>2025-02-05T15:02:54.594Z</time>
</trkpt>
<trkpt lat="-13.546406" lon="-71.889892">
<ele>3274</ele>
<time>2025-02-05T15:02:55.523Z</time>
</trkpt>
<trkpt lat="-13.546406" lon="-71.889904">
<ele>3274</ele>
<time>2025-02-05T15:02:56.549Z</time>
</trkpt>
<trkpt lat="-13.546409" lon="-71.889917">
<ele>3274</ele>
<time>2025-02-05T15:02:57.546Z</time>
</trkpt>
<trkpt lat="-13.546414" lon="-71.889929">
<ele>3274</ele>
<time>2025-02-05T15:02:58.551Z</time>
</trkpt>
<trkpt lat="-13.546412" lon="-71.889936">
<ele>3274</ele>
<time>2025-02-05T15:02:59.566Z</time>
</trkpt>
<trkpt lat="-13.546414" lon="-71.889947">
<ele>3274</ele>
<time>2025-02-05T15:03:00.594Z</time>
</trkpt>
<trkpt lat="-13.546414" lon="-71.889959">
<ele>3274</ele>
<time>2025-02-05T15:03:01.594Z</time>
</trkpt>
<trkpt lat="-13.546416" lon="-71.889972">
<ele>3274</ele>
<time>2025-02-05T15:03:02.593Z</time>
</trkpt>
<trkpt lat="-13.546415" lon="-71.889984">
<ele>3274</ele>
<time>2025-02-05T15:03:03.594Z</time>
</trkpt>
<trkpt lat="-13.546405" lon="-71.889988">
<ele>3273.8</ele>
<time>2025-02-05T15:03:04.594Z</time>
</trkpt>
<trkpt lat="-13.546399" lon="-71.889998">
<ele>3273.8</ele>
<time>2025-02-05T15:03:05.594Z</time>
</trkpt>
<trkpt lat="-13.546391" lon="-71.890008">
<ele>3273.8</ele>
<time>2025-02-05T15:03:06.594Z</time>
</trkpt>
<trkpt lat="-13.546382" lon="-71.890019">
<ele>3273.8</ele>
<time>2025-02-05T15:03:07.594Z</time>
</trkpt>
<trkpt lat="-13.546375" lon="-71.890031">
<ele>3273.8</ele>
<time>2025-02-05T15:03:08.594Z</time>
</trkpt>
<trkpt lat="-13.546364" lon="-71.890034">
<ele>3274</ele>
<time>2025-02-05T15:03:09.530Z</time>
</trkpt>
<trkpt lat="-13.546356" lon="-71.890043">
<ele>3274</ele>
<time>2025-02-05T15:03:10.563Z</time>
</trkpt>
<trkpt lat="-13.54635" lon="-71.890051">
<ele>3274</ele>
<time>2025-02-05T15:03:11.594Z</time>
</trkpt>
<trkpt lat="-13.546346" lon="-71.89006">
<ele>3274</ele>
<time>2025-02-05T15:03:12.593Z</time>
</trkpt>
<trkpt lat="-13.546342" lon="-71.89007">
<ele>3274</ele>
<time>2025-02-05T15:03:13.594Z</time>
</trkpt>
<trkpt lat="-13.546338" lon="-71.890078">
<ele>3273.9</ele>
<time>2025-02-05T15:03:14.594Z</time>
</trkpt>
<trkpt lat="-13.546335" lon="-71.890089">
<ele>3273.9</ele>
<time>2025-02-05T15:03:15.594Z</time>
</trkpt>
<trkpt lat="-13.546332" lon="-71.890099">
<ele>3273.9</ele>
<time>2025-02-05T15:03:16.594Z</time>
</trkpt>
<trkpt lat="-13.546329" lon="-71.890108">
<ele>3273.9</ele>
<time>2025-02-05T15:03:17.594Z</time>
</trkpt>
<trkpt lat="-13.546326" lon="-71.890118">
<ele>3273.9</ele>
<time>2025-02-05T15:03:18.594Z</time>
</trkpt>
<trkpt lat="-13.546326" lon="-71.890131">
<ele>3273.8</ele>
<time>2025-02-05T15:03:19.570Z</time>
</trkpt>
<trkpt lat="-13.546324" lon="-71.890136">
<ele>3273.8</ele>
<time>2025-02-05T15:03:20.594Z</time>
</trkpt>
<trkpt lat="-13.54632" lon="-71.890144">
<ele>3273.8</ele>
<time>2025-02-05T15:03:21.594Z</time>
</trkpt>
<trkpt lat="-13.546316" lon="-71.890149">
<ele>3273.8</ele>
<time>2025-02-05T15:03:22.594Z</time>
</trkpt>
<trkpt lat="-13.54631" lon="-71.890152">
<ele>3273.8</ele>
<time>2025-02-05T15:03:23.594Z</time>
</trkpt>
<trkpt lat="-13.546317" lon="-71.890162">
<ele>3273.8</ele>
<time>2025-02-05T15:03:24.594Z</time>
</trkpt>
<trkpt lat="-13.546318" lon="-71.890166">
<ele>3273.8</ele>
<time>2025-02-05T15:03:25.594Z</time>
</trkpt>
<trkpt lat="-13.546318" lon="-71.890167">
<ele>3273.8</ele>
<time>2025-02-05T15:03:26.594Z</time>
</trkpt>
<trkpt lat="-13.546316" lon="-71.890167">
<ele>3273.8</ele>
<time>2025-02-05T15:03:27.594Z</time>
</trkpt>
<trkpt lat="-13.546316" lon="-71.890173">
<ele>3273.8</ele>
<time>2025-02-05T15:03:28.609Z</time>
</trkpt>
<trkpt lat="-13.546326" lon="-71.890182">
<ele>3273.8</ele>
<time>2025-02-05T15:03:29.594Z</time>
</trkpt>
<trkpt lat="-13.546332" lon="-71.890188">
<ele>3273.8</ele>
<time>2025-02-05T15:03:30.594Z</time>
</trkpt>
<trkpt lat="-13.546339" lon="-71.890196">
<ele>3273.8</ele>
<time>2025-02-05T15:03:31.594Z</time>
</trkpt>
<trkpt lat="-13.546348" lon="-71.890202">
<ele>3273.8</ele>
<time>2025-02-05T15:03:32.594Z</time>
</trkpt>
<trkpt lat="-13.546357" lon="-71.890208">
<ele>3273.8</ele>
<time>2025-02-05T15:03:33.594Z</time>
</trkpt>
<trkpt lat="-13.546377" lon="-71.890211">
<ele>3273.5</ele>
<time>2025-02-05T15:03:34.594Z</time>
</trkpt>
<trkpt lat="-13.546387" lon="-71.890214">
<ele>3273.5</ele>
<time>2025-02-05T15:03:35.594Z</time>
</trkpt>
<trkpt lat="-13.546398" lon="-71.890217">
<ele>3273.5</ele>
<time>2025-02-05T15:03:36.594Z</time>
</trkpt>
<trkpt lat="-13.546408" lon="-71.890221">
<ele>3273.5</ele>
<time>2025-02-05T15:03:37.594Z</time>
</trkpt>
<trkpt lat="-13.546417" lon="-71.890226">
<ele>3273.5</ele>
<time>2025-02-05T15:03:38.594Z</time>
</trkpt>
<trkpt lat="-13.546435" lon="-71.890228">
<ele>3273.2</ele>
<time>2025-02-05T15:03:39.546Z</time>
</trkpt>
<trkpt lat="-13.546441" lon="-71.890231">
<ele>3273.2</ele>
<time>2025-02-05T15:03:40.593Z</time>
</trkpt>
<trkpt lat="-13.546449" lon="-71.890236">
<ele>3273.2</ele>
<time>2025-02-05T15:03:41.567Z</time>
</trkpt>
<trkpt lat="-13.546452" lon="-71.890236">
<ele>3273.2</ele>
<time>2025-02-05T15:03:42.594Z</time>
</trkpt>
<trkpt lat="-13.546456" lon="-71.890235">
<ele>3273.2</ele>
<time>2025-02-05T15:03:43.594Z</time>
</trkpt>
<trkpt lat="-13.546462" lon="-71.890235">
<ele>3271.8</ele>
<time>2025-02-05T15:03:44.594Z</time>
</trkpt>
<trkpt lat="-13.546469" lon="-71.890234">
<ele>3271.8</ele>
<time>2025-02-05T15:03:45.571Z</time>
</trkpt>
<trkpt lat="-13.546473" lon="-71.890233">
<ele>3271.8</ele>
<time>2025-02-05T15:03:46.594Z</time>
</trkpt>
<trkpt lat="-13.546481" lon="-71.890231">
<ele>3271.8</ele>
<time>2025-02-05T15:03:47.594Z</time>
</trkpt>
<trkpt lat="-13.546485" lon="-71.890229">
<ele>3271.8</ele>
<time>2025-02-05T15:03:48.594Z</time>
</trkpt>
<trkpt lat="-13.54649" lon="-71.890226">
<ele>3271.8</ele>
<time>2025-02-05T15:03:49.594Z</time>
</trkpt>
<trkpt lat="-13.548189" lon="-71.891058">
<ele>3265.7</ele>
<time>2025-02-05T15:19:08.508Z</time>
</trkpt>
<trkpt lat="-13.548189" lon="-71.891056">
<ele>3265.7</ele>
<time>2025-02-05T15:19:09.592Z</time>
</trkpt>
<trkpt lat="-13.548189" lon="-71.891059">
<ele>3265.7</ele>
<time>2025-02-05T15:19:10.592Z</time>
</trkpt>
<trkpt lat="-13.548188" lon="-71.891063">
<ele>3265.5</ele>
<time>2025-02-05T15:19:11.592Z</time>
</trkpt>
<trkpt lat="-13.548189" lon="-71.891066">
<ele>3265.5</ele>
<time>2025-02-05T15:19:12.591Z</time>
</trkpt>
<trkpt lat="-13.548191" lon="-71.891073">
<ele>3265.5</ele>
<time>2025-02-05T15:19:13.592Z</time>
</trkpt>
<trkpt lat="-13.548194" lon="-71.891087">
<ele>3265.5</ele>
<time>2025-02-05T15:19:14.592Z</time>
</trkpt>
<trkpt lat="-13.548194" lon="-71.891098">
<ele>3265.5</ele>
<time>2025-02-05T15:19:15.592Z</time>
</trkpt>
<trkpt lat="-13.548194" lon="-71.891102">
<ele>3265.5</ele>
<time>2025-02-05T15:19:15.996Z</time>
</trkpt>
<trkpt lat="-13.548181" lon="-71.891115">
<ele>3266</ele>
<time>2025-02-05T15:19:19.128Z</time>
</trkpt>
<trkpt lat="-13.548158" lon="-71.891138">
<ele>3266</ele>
<time>2025-02-05T15:19:22.434Z</time>
</trkpt>
<trkpt lat="-13.548151" lon="-71.89116">
<ele>3266</ele>
<time>2025-02-05T15:19:25.592Z</time>
</trkpt>
<trkpt lat="-13.548146" lon="-71.891179">
<ele>3265.5</ele>
<time>2025-02-05T15:19:28.592Z</time>
</trkpt>
<trkpt lat="-13.548146" lon="-71.891179">
<ele>3265.5</ele>
<time>2025-02-05T15:19:31.350Z</time>
</trkpt>
<trkpt lat="-13.548136" lon="-71.891176">
<ele>3265.5</ele>
<time>2025-02-05T15:19:34.592Z</time>
</trkpt>
<trkpt lat="-13.548126" lon="-71.891179">
<ele>3265.5</ele>
<time>2025-02-05T15:19:37.581Z</time>
</trkpt>
<trkpt lat="-13.548125" lon="-71.891177">
<ele>3265.5</ele>
<time>2025-02-05T15:19:41.592Z</time>
</trkpt>
<trkpt lat="-13.548125" lon="-71.891176">
<ele>3265.5</ele>
<time>2025-02-05T15:19:44.706Z</time>
</trkpt>
<trkpt lat="-13.54812" lon="-71.891183">
<ele>3265.5</ele>
<time>2025-02-05T15:19:47.592Z</time>
</trkpt>
<trkpt lat="-13.548112" lon="-71.891192">
<ele>3265.5</ele>
<time>2025-02-05T15:19:50.641Z</time>
</trkpt>
<trkpt lat="-13.548116" lon="-71.891196">
<ele>3265.5</ele>
<time>2025-02-05T15:19:53.592Z</time>
</trkpt>
<trkpt lat="-13.548117" lon="-71.891198">
<ele>3265.7</ele>
<time>2025-02-05T15:19:57.070Z</time>
</trkpt>
<trkpt lat="-13.548117" lon="-71.8912">
<ele>3265.7</ele>
<time>2025-02-05T15:20:00.167Z</time>
</trkpt>
<trkpt lat="-13.548131" lon="-71.891218">
<ele>3265.7</ele>
<time>2025-02-05T15:20:04.591Z</time>
</trkpt>
<trkpt lat="-13.548126" lon="-71.891219">
<ele>3265.5</ele>
<time>2025-02-05T15:20:07.591Z</time>
</trkpt>
<trkpt lat="-13.548127" lon="-71.891222">
<ele>3265.5</ele>
<time>2025-02-05T15:20:10.591Z</time>
</trkpt>
<trkpt lat="-13.548129" lon="-71.891224">
<ele>3265.5</ele>
<time>2025-02-05T15:20:13.591Z</time>
</trkpt>
<trkpt lat="-13.548135" lon="-71.891226">
<ele>3265.5</ele>
<time>2025-02-05T15:20:16.591Z</time>
</trkpt>
<trkpt lat="-13.548137" lon="-71.891225">
<ele>3265.5</ele>
<time>2025-02-05T15:20:19.591Z</time>
</trkpt>
<trkpt lat="-13.548139" lon="-71.891224">
<ele>3265.5</ele>
<time>2025-02-05T15:20:22.591Z</time>
</trkpt>
<trkpt lat="-13.54814" lon="-71.891224">
<ele>3265.5</ele>
<time>2025-02-05T15:20:25.591Z</time>
</trkpt>
<trkpt lat="-13.54814" lon="-71.891223">
<ele>3265.5</ele>
<time>2025-02-05T15:20:28.590Z</time>
</trkpt>
<trkpt lat="-13.548143" lon="-71.891222">
<ele>3265.5</ele>
<time>2025-02-05T15:20:31.591Z</time>
</trkpt>
<trkpt lat="-13.548142" lon="-71.891221">
<ele>3265.5</ele>
<time>2025-02-05T15:20:34.591Z</time>
</trkpt>
<trkpt lat="-13.548142" lon="-71.891222">
<ele>3265.5</ele>
<time>2025-02-05T15:20:37.591Z</time>
</trkpt>
<trkpt lat="-13.548128" lon="-71.891239">
<ele>3265.5</ele>
<time>2025-02-05T15:20:40.591Z</time>
</trkpt>
<trkpt lat="-13.548131" lon="-71.891224">
<ele>3265.5</ele>
<time>2025-02-05T15:20:43.312Z</time>
</trkpt>
<trkpt lat="-13.548114" lon="-71.891268">
<ele>3265.5</ele>
<time>2025-02-05T15:20:46.591Z</time>
</trkpt>
<trkpt lat="-13.548107" lon="-71.891288">
<ele>3265.5</ele>
<time>2025-02-05T15:20:49.549Z</time>
</trkpt>
<trkpt lat="-13.548114" lon="-71.891296">
<ele>3265.5</ele>
<time>2025-02-05T15:20:52.591Z</time>
</trkpt>
<trkpt lat="-13.548114" lon="-71.891299">
<ele>3265.5</ele>
<time>2025-02-05T15:20:55.591Z</time>
</trkpt>
<trkpt lat="-13.548114" lon="-71.8913">
<ele>3265.5</ele>
<time>2025-02-05T15:20:58.409Z</time>
</trkpt>
<trkpt lat="-13.548113" lon="-71.891305">
<ele>3265.5</ele>
<time>2025-02-05T15:21:01.266Z</time>
</trkpt>
<trkpt lat="-13.548108" lon="-71.891318">
<ele>3266</ele>
<time>2025-02-05T15:21:04.351Z</time>
</trkpt>
<trkpt lat="-13.548105" lon="-71.891333">
<ele>3265.6</ele>
<time>2025-02-05T15:21:07.153Z</time>
</trkpt>
<trkpt lat="-13.548105" lon="-71.891351">
<ele>3265.6</ele>
<time>2025-02-05T15:21:10.591Z</time>
</trkpt>
<trkpt lat="-13.548102" lon="-71.891354">
<ele>3265.6</ele>
<time>2025-02-05T15:21:13.591Z</time>
</trkpt>
<trkpt lat="-13.5481" lon="-71.891356">
<ele>3265.6</ele>
<time>2025-02-05T15:21:16.591Z</time>
</trkpt>
<trkpt lat="-13.548099" lon="-71.891357">
<ele>3265.6</ele>
<time>2025-02-05T15:21:19.591Z</time>
</trkpt>
<trkpt lat="-13.548096" lon="-71.891362">
<ele>3265.6</ele>
<time>2025-02-05T15:21:22.591Z</time>
</trkpt>
<trkpt lat="-13.548096" lon="-71.891362">
<ele>3265.6</ele>
<time>2025-02-05T15:21:25.591Z</time>
</trkpt>
<trkpt lat="-13.548104" lon="-71.891363">
<ele>3265.6</ele>
<time>2025-02-05T15:21:28.590Z</time>
</trkpt>
<trkpt lat="-13.548104" lon="-71.891377">
<ele>3265.6</ele>
<time>2025-02-05T15:21:31.591Z</time>
</trkpt>
<trkpt lat="-13.548101" lon="-71.891391">
<ele>3265.7</ele>
<time>2025-02-05T15:21:34.591Z</time>
</trkpt>
<trkpt lat="-13.548099" lon="-71.891391">
<ele>3265.7</ele>
<time>2025-02-05T15:21:37.659Z</time>
</trkpt>
<trkpt lat="-13.5481" lon="-71.891391">
<ele>3265.6</ele>
<time>2025-02-05T15:21:40.369Z</time>
</trkpt>
<trkpt lat="-13.548101" lon="-71.891393">
<ele>3265.6</ele>
<time>2025-02-05T15:21:43.741Z</time>
</trkpt>
<trkpt lat="-13.548101" lon="-71.891398">
<ele>3265.6</ele>
<time>2025-02-05T15:21:46.591Z</time>
</trkpt>
<trkpt lat="-13.548101" lon="-71.891398">
<ele>3265.7</ele>
<time>2025-02-05T15:21:52.667Z</time>
</trkpt>
<trkpt lat="-13.5481" lon="-71.891402">
<ele>3265.7</ele>
<time>2025-02-05T15:21:55.568Z</time>
</trkpt>
<trkpt lat="-13.548096" lon="-71.891406">
<ele>3265.7</ele>
<time>2025-02-05T15:21:59.261Z</time>
</trkpt>
<trkpt lat="-13.548088" lon="-71.891415">
<ele>3265.7</ele>
<time>2025-02-05T15:22:03.591Z</time>
</trkpt>
<trkpt lat="-13.548087" lon="-71.891413">
<ele>3265.5</ele>
<time>2025-02-05T15:22:07.591Z</time>
</trkpt>
<trkpt lat="-13.548089" lon="-71.891411">
<ele>3265.5</ele>
<time>2025-02-05T15:22:11.591Z</time>
</trkpt>
<trkpt lat="-13.548095" lon="-71.891408">
<ele>3265.5</ele>
<time>2025-02-05T15:22:15.591Z</time>
</trkpt>
<trkpt lat="-13.548096" lon="-71.891408">
<ele>3265.5</ele>
<time>2025-02-05T15:22:19.591Z</time>
</trkpt>
<trkpt lat="-13.548097" lon="-71.891408">
<ele>3265.5</ele>
<time>2025-02-05T15:22:23.591Z</time>
</trkpt>
<trkpt lat="-13.548096" lon="-71.891408">
<ele>3265.5</ele>
<time>2025-02-05T15:22:27.591Z</time>
</trkpt>
<trkpt lat="-13.548097" lon="-71.891408">
<ele>3265.5</ele>
<time>2025-02-05T15:22:31.591Z</time>
</trkpt>
<trkpt lat="-13.548098" lon="-71.891408">
<ele>3265.5</ele>
<time>2025-02-05T15:22:33.591Z</time>
</trkpt>
<trkpt lat="-13.548098" lon="-71.891408">
<ele>3265.5</ele>
<time>2025-02-05T15:22:34.591Z</time>
</trkpt>
<trkpt lat="-13.548098" lon="-71.891408">
<ele>3265.5</ele>
<time>2025-02-05T15:22:35.591Z</time>
</trkpt>
<trkpt lat="-13.548098" lon="-71.891408">
<ele>3265.5</ele>
<time>2025-02-05T15:22:36.591Z</time>
</trkpt>
<trkpt lat="-13.548098" lon="-71.891408">
<ele>3265.5</ele>
<time>2025-02-05T15:22:37.591Z</time>
</trkpt>
<trkpt lat="-13.548098" lon="-71.891408">
<ele>3265.5</ele>
<time>2025-02-05T15:22:38.591Z</time>
</trkpt>
<trkpt lat="-13.548098" lon="-71.891408">
<ele>3265.5</ele>
<time>2025-02-05T15:22:39.591Z</time>
</trkpt>
<trkpt lat="-13.548098" lon="-71.891408">
<ele>3265.5</ele>
<time>2025-02-05T15:22:40.591Z</time>
</trkpt>
<trkpt lat="-13.548098" lon="-71.891408">
<ele>3265.5</ele>
<time>2025-02-05T15:22:41.591Z</time>
</trkpt>
<trkpt lat="-13.548085" lon="-71.891399">
<ele>3265.5</ele>
<time>2025-02-05T15:22:45.592Z</time>
</trkpt>
<trkpt lat="-13.54808" lon="-71.891402">
<ele>3265.5</ele>
<time>2025-02-05T15:22:48.592Z</time>
</trkpt>
<trkpt lat="-13.548081" lon="-71.891405">
<ele>3265.6</ele>
<time>2025-02-05T15:22:51.592Z</time>
</trkpt>
<trkpt lat="-13.548084" lon="-71.891406">
<ele>3265.6</ele>
<time>2025-02-05T15:22:54.590Z</time>
</trkpt>
<trkpt lat="-13.548084" lon="-71.891405">
<ele>3265.5</ele>
<time>2025-02-05T15:22:57.602Z</time>
</trkpt>
<trkpt lat="-13.548083" lon="-71.891406">
<ele>3265.5</ele>
<time>2025-02-05T15:23:00.592Z</time>
</trkpt>
<trkpt lat="-13.548082" lon="-71.891407">
<ele>3265.7</ele>
<time>2025-02-05T15:23:03.442Z</time>
</trkpt>
<trkpt lat="-13.548074" lon="-71.891404">
<ele>3265.7</ele>
<time>2025-02-05T15:23:06.592Z</time>
</trkpt>
<trkpt lat="-13.54807" lon="-71.8914">
<ele>3265.7</ele>
<time>2025-02-05T15:23:09.592Z</time>
</trkpt>
<trkpt lat="-13.548071" lon="-71.891406">
<ele>3265.7</ele>
<time>2025-02-05T15:23:12.592Z</time>
</trkpt>
<trkpt lat="-13.548075" lon="-71.891422">
<ele>3265.7</ele>
<time>2025-02-05T15:23:15.592Z</time>
</trkpt>
<trkpt lat="-13.548075" lon="-71.891439">
<ele>3265.7</ele>
<time>2025-02-05T15:23:18.592Z</time>
</trkpt>
<trkpt lat="-13.548076" lon="-71.891423">
<ele>3265.5</ele>
<time>2025-02-05T15:23:21.506Z</time>
</trkpt>
<trkpt lat="-13.54807" lon="-71.891454">
<ele>3266</ele>
<time>2025-02-05T15:23:24.284Z</time>
</trkpt>
<trkpt lat="-13.548071" lon="-71.891468">
<ele>3266</ele>
<time>2025-02-05T15:23:27.591Z</time>
</trkpt>
<trkpt lat="-13.548073" lon="-71.891471">
<ele>3265.8</ele>
<time>2025-02-05T15:23:30.591Z</time>
</trkpt>
<trkpt lat="-13.548072" lon="-71.891471">
<ele>3265.5</ele>
<time>2025-02-05T15:23:31.409Z</time>
</trkpt>
<trkpt lat="-13.548069" lon="-71.891471">
<ele>3265.5</ele>
<time>2025-02-05T15:23:32.760Z</time>
</trkpt>
<trkpt lat="-13.548068" lon="-71.89147">
<ele>3265.5</ele>
<time>2025-02-05T15:23:33.591Z</time>
</trkpt>
<trkpt lat="-13.548068" lon="-71.891469">
<ele>3265.5</ele>
<time>2025-02-05T15:23:37.591Z</time>
</trkpt>
<trkpt lat="-13.548062" lon="-71.891466">
<ele>3265.5</ele>
<time>2025-02-05T15:23:42.293Z</time>
</trkpt>
<trkpt lat="-13.548062" lon="-71.891467">
<ele>3265.5</ele>
<time>2025-02-05T15:23:42.590Z</time>
</trkpt>
<trkpt lat="-13.54807" lon="-71.891466">
<ele>3265.5</ele>
<time>2025-02-05T15:23:46.591Z</time>
</trkpt>
<trkpt lat="-13.548074" lon="-71.891472">
<ele>3265.5</ele>
<time>2025-02-05T15:23:50.591Z</time>
</trkpt>
<trkpt lat="-13.548083" lon="-71.891473">
<ele>3265.5</ele>
<time>2025-02-05T15:23:54.591Z</time>
</trkpt>
<trkpt lat="-13.548086" lon="-71.89147">
<ele>3265.7</ele>
<time>2025-02-05T15:23:58.590Z</time>
</trkpt>
<trkpt lat="-13.548082" lon="-71.891468">
<ele>3265.5</ele>
<time>2025-02-05T15:24:02.590Z</time>
</trkpt>
<trkpt lat="-13.548075" lon="-71.891476">
<ele>3265.5</ele>
<time>2025-02-05T15:24:06.590Z</time>
</trkpt>
<trkpt lat="-13.548068" lon="-71.891476">
<ele>3265.5</ele>
<time>2025-02-05T15:24:09.800Z</time>
</trkpt>
<trkpt lat="-13.548052" lon="-71.891482">
<ele>3265.5</ele>
<time>2025-02-05T15:24:12.590Z</time>
</trkpt>
<trkpt lat="-13.548046" lon="-71.89149">
<ele>3265.5</ele>
<time>2025-02-05T15:24:15.642Z</time>
</trkpt>
<trkpt lat="-13.548033" lon="-71.891508">
<ele>3265.5</ele>
<time>2025-02-05T15:24:18.590Z</time>
</trkpt>
<trkpt lat="-13.548028" lon="-71.891526">
<ele>3265.5</ele>
<time>2025-02-05T15:24:21.608Z</time>
</trkpt>
<trkpt lat="-13.548026" lon="-71.891544">
<ele>3265.5</ele>
<time>2025-02-05T15:24:24.590Z</time>
</trkpt>
<trkpt lat="-13.548039" lon="-71.891544">
<ele>3265.5</ele>
<time>2025-02-05T15:24:28.590Z</time>
</trkpt>
<trkpt lat="-13.548041" lon="-71.891543">
<ele>3265.5</ele>
<time>2025-02-05T15:24:31.383Z</time>
</trkpt>
<trkpt lat="-13.548045" lon="-71.891545">
<ele>3265.5</ele>
<time>2025-02-05T15:24:34.590Z</time>
</trkpt>
<trkpt lat="-13.548043" lon="-71.89155">
<ele>3265.6</ele>
<time>2025-02-05T15:24:38.590Z</time>
</trkpt>
<trkpt lat="-13.548044" lon="-71.891551">
<ele>3265.6</ele>
<time>2025-02-05T15:24:41.617Z</time>
</trkpt>
<trkpt lat="-13.548042" lon="-71.891588">
<ele>3265.6</ele>
<time>2025-02-05T15:24:44.590Z</time>
</trkpt>
<trkpt lat="-13.548029" lon="-71.891576">
<ele>3265.7</ele>
<time>2025-02-05T15:24:48.257Z</time>
</trkpt>
<trkpt lat="-13.548033" lon="-71.891599">
<ele>3265.7</ele>
<time>2025-02-05T15:24:51.101Z</time>
</trkpt>
<trkpt lat="-13.548021" lon="-71.891608">
<ele>3265.6</ele>
<time>2025-02-05T15:24:54.590Z</time>
</trkpt>
<trkpt lat="-13.548029" lon="-71.891617">
<ele>3266</ele>
<time>2025-02-05T15:24:57.696Z</time>
</trkpt>
<trkpt lat="-13.548034" lon="-71.891627">
<ele>3266</ele>
<time>2025-02-05T15:25:00.590Z</time>
</trkpt>
<trkpt lat="-13.548029" lon="-71.891629">
<ele>3265.5</ele>
<time>2025-02-05T15:25:04.590Z</time>
</trkpt>
<trkpt lat="-13.548031" lon="-71.891635">
<ele>3265.6</ele>
<time>2025-02-05T15:25:08.590Z</time>
</trkpt>
<trkpt lat="-13.548033" lon="-71.89165">
<ele>3265.6</ele>
<time>2025-02-05T15:25:12.590Z</time>
</trkpt>
<trkpt lat="-13.548033" lon="-71.89165">
<ele>3265.6</ele>
<time>2025-02-05T15:25:16.590Z</time>
</trkpt>
<trkpt lat="-13.548029" lon="-71.891664">
<ele>3265.7</ele>
<time>2025-02-05T15:25:20.590Z</time>
</trkpt>
<trkpt lat="-13.548017" lon="-71.891683">
<ele>3265.6</ele>
<time>2025-02-05T15:25:24.590Z</time>
</trkpt>
<trkpt lat="-13.548016" lon="-71.891683">
<ele>3265.7</ele>
<time>2025-02-05T15:25:28.590Z</time>
</trkpt>
<trkpt lat="-13.548016" lon="-71.891683">
<ele>3265.5</ele>
<time>2025-02-05T15:25:32.590Z</time>
</trkpt>
<trkpt lat="-13.548019" lon="-71.891681">
<ele>3265.5</ele>
<time>2025-02-05T15:25:36.590Z</time>
</trkpt>
<trkpt lat="-13.548017" lon="-71.891682">
<ele>3265.9</ele>
<time>2025-02-05T15:25:40.590Z</time>
</trkpt>
<trkpt lat="-13.548017" lon="-71.891682">
<ele>3265.9</ele>
<time>2025-02-05T15:25:44.590Z</time>
</trkpt>
<trkpt lat="-13.548017" lon="-71.891682">
<ele>3265.9</ele>
<time>2025-02-05T15:25:48.590Z</time>
</trkpt>
<trkpt lat="-13.548017" lon="-71.891682">
<ele>3267.3</ele>
<time>2025-02-05T15:25:52.589Z</time>
</trkpt>
<trkpt lat="-13.548016" lon="-71.891682">
<ele>3267.3</ele>
<time>2025-02-05T15:25:56.590Z</time>
</trkpt>
<trkpt lat="-13.548012" lon="-71.891682">
<ele>3265.6</ele>
<time>2025-02-05T15:26:00.589Z</time>
</trkpt>
<trkpt lat="-13.548008" lon="-71.891682">
<ele>3265.6</ele>
<time>2025-02-05T15:26:04.590Z</time>
</trkpt>
<trkpt lat="-13.548011" lon="-71.891687">
<ele>3265.6</ele>
<time>2025-02-05T15:26:07.398Z</time>
</trkpt>
<trkpt lat="-13.548009" lon="-71.89169">
<ele>3265.5</ele>
<time>2025-02-05T15:26:10.305Z</time>
</trkpt>
<trkpt lat="-13.547998" lon="-71.891707">
<ele>3265.5</ele>
<time>2025-02-05T15:26:13.247Z</time>
</trkpt>
<trkpt lat="-13.547998" lon="-71.891738">
<ele>3265.5</ele>
<time>2025-02-05T15:26:16.590Z</time>
</trkpt>
<trkpt lat="-13.547994" lon="-71.891762">
<ele>3265.7</ele>
<time>2025-02-05T15:26:20.207Z</time>
</trkpt>
<trkpt lat="-13.548002" lon="-71.891754">
<ele>3265.7</ele>
<time>2025-02-05T15:26:24.590Z</time>
</trkpt>
<trkpt lat="-13.548002" lon="-71.891753">
<ele>3265.9</ele>
<time>2025-02-05T15:26:27.589Z</time>
</trkpt>
<trkpt lat="-13.548003" lon="-71.891756">
<ele>3265.9</ele>
<time>2025-02-05T15:26:30.589Z</time>
</trkpt>
<trkpt lat="-13.548005" lon="-71.891756">
<ele>3266.2</ele>
<time>2025-02-05T15:26:34.590Z</time>
</trkpt>
<trkpt lat="-13.548005" lon="-71.891756">
<ele>3265.7</ele>
<time>2025-02-05T15:26:37.596Z</time>
</trkpt>
<trkpt lat="-13.548006" lon="-71.891755">
<ele>3265.7</ele>
<time>2025-02-05T15:26:40.590Z</time>
</trkpt>
<trkpt lat="-13.548007" lon="-71.891757">
<ele>3266.2</ele>
<time>2025-02-05T15:26:44.590Z</time>
</trkpt>
<trkpt lat="-13.548007" lon="-71.891759">
<ele>3266.2</ele>
<time>2025-02-05T15:26:47.661Z</time>
</trkpt>
<trkpt lat="-13.548006" lon="-71.891759">
<ele>3266.1</ele>
<time>2025-02-05T15:26:50.590Z</time>
</trkpt>
<trkpt lat="-13.548005" lon="-71.891759">
<ele>3266.1</ele>
<time>2025-02-05T15:26:54.427Z</time>
</trkpt>
<trkpt lat="-13.548004" lon="-71.891759">
<ele>3265.5</ele>
<time>2025-02-05T15:26:57.835Z</time>
</trkpt>
<trkpt lat="-13.548002" lon="-71.89176">
<ele>3265.5</ele>
<time>2025-02-05T15:27:00.590Z</time>
</trkpt>
<trkpt lat="-13.548002" lon="-71.891761">
<ele>3266.1</ele>
<time>2025-02-05T15:27:04.128Z</time>
</trkpt>
<trkpt lat="-13.547999" lon="-71.891764">
<ele>3266.1</ele>
<time>2025-02-05T15:27:07.369Z</time>
</trkpt>
<trkpt lat="-13.54799" lon="-71.891786">
<ele>3265.7</ele>
<time>2025-02-05T15:27:10.108Z</time>
</trkpt>
<trkpt lat="-13.547983" lon="-71.891819">
<ele>3264.8</ele>
<time>2025-02-05T15:27:13.610Z</time>
</trkpt>
<trkpt lat="-13.547979" lon="-71.891836">
<ele>3265.2</ele>
<time>2025-02-05T15:27:16.590Z</time>
</trkpt>
<trkpt lat="-13.547969" lon="-71.891852">
<ele>3266.1</ele>
<time>2025-02-05T15:27:19.901Z</time>
</trkpt>
<trkpt lat="-13.547968" lon="-71.891862">
<ele>3266.1</ele>
<time>2025-02-05T15:27:22.643Z</time>
</trkpt>
<trkpt lat="-13.547958" lon="-71.891884">
<ele>3265.9</ele>
<time>2025-02-05T15:27:26.421Z</time>
</trkpt>
<trkpt lat="-13.547943" lon="-71.891901">
<ele>3265.7</ele>
<time>2025-02-05T15:27:29.969Z</time>
</trkpt>
<trkpt lat="-13.547934" lon="-71.891926">
<ele>3266.1</ele>
<time>2025-02-05T15:27:34.590Z</time>
</trkpt>
<trkpt lat="-13.54793" lon="-71.891938">
<ele>3266.2</ele>
<time>2025-02-05T15:27:37.982Z</time>
</trkpt>
<trkpt lat="-13.547929" lon="-71.891961">
<ele>3266.2</ele>
<time>2025-02-05T15:27:42.268Z</time>
</trkpt>
<trkpt lat="-13.547929" lon="-71.891965">
<ele>3265.7</ele>
<time>2025-02-05T15:27:45.584Z</time>
</trkpt>
<trkpt lat="-13.547929" lon="-71.89196">
<ele>3265.7</ele>
<time>2025-02-05T15:27:48.590Z</time>
</trkpt>
<trkpt lat="-13.547931" lon="-71.891959">
<ele>3265.7</ele>
<time>2025-02-05T15:27:51.447Z</time>
</trkpt>
<trkpt lat="-13.547933" lon="-71.891959">
<ele>3265.7</ele>
<time>2025-02-05T15:27:54.590Z</time>
</trkpt>
<trkpt lat="-13.547932" lon="-71.891959">
<ele>3265.7</ele>
<time>2025-02-05T15:27:58.118Z</time>
</trkpt>
<trkpt lat="-13.547934" lon="-71.891965">
<ele>3265.7</ele>
<time>2025-02-05T15:28:02.589Z</time>
</trkpt>
<trkpt lat="-13.547935" lon="-71.891967">
<ele>3265.7</ele>
<time>2025-02-05T15:28:05.457Z</time>
</trkpt>
<trkpt lat="-13.547935" lon="-71.891968">
<ele>3265.7</ele>
<time>2025-02-05T15:28:08.589Z</time>
</trkpt>
<trkpt lat="-13.547935" lon="-71.891969">
<ele>3266.4</ele>
<time>2025-02-05T15:28:11.458Z</time>
</trkpt>
<trkpt lat="-13.547934" lon="-71.89197">
<ele>3266.4</ele>
<time>2025-02-05T15:28:14.589Z</time>
</trkpt>
<trkpt lat="-13.547933" lon="-71.891972">
<ele>3265.8</ele>
<time>2025-02-05T15:28:18.128Z</time>
</trkpt>
<trkpt lat="-13.547936" lon="-71.89197">
<ele>3265.8</ele>
<time>2025-02-05T15:28:22.588Z</time>
</trkpt>
<trkpt lat="-13.54794" lon="-71.891968">
<ele>3265.7</ele>
<time>2025-02-05T15:28:26.589Z</time>
</trkpt>
<trkpt lat="-13.547944" lon="-71.891969">
<ele>3265.9</ele>
<time>2025-02-05T15:28:30.589Z</time>
</trkpt>
<trkpt lat="-13.547949" lon="-71.891974">
<ele>3265.8</ele>
<time>2025-02-05T15:28:34.589Z</time>
</trkpt>
<trkpt lat="-13.547938" lon="-71.891975">
<ele>3265.9</ele>
<time>2025-02-05T15:28:38.254Z</time>
</trkpt>
<trkpt lat="-13.547941" lon="-71.891976">
<ele>3265.9</ele>
<time>2025-02-05T15:28:41.451Z</time>
</trkpt>
<trkpt lat="-13.547944" lon="-71.89198">
<ele>3265.7</ele>
<time>2025-02-05T15:28:44.590Z</time>
</trkpt>
<trkpt lat="-13.547942" lon="-71.89198">
<ele>3266.4</ele>
<time>2025-02-05T15:28:48.259Z</time>
</trkpt>
<trkpt lat="-13.547941" lon="-71.891978">
<ele>3264.5</ele>
<time>2025-02-05T15:28:51.365Z</time>
</trkpt>
<trkpt lat="-13.54794" lon="-71.891977">
<ele>3264.5</ele>
<time>2025-02-05T15:28:54.589Z</time>
</trkpt>
<trkpt lat="-13.54794" lon="-71.891977">
<ele>3265.7</ele>
<time>2025-02-05T15:28:58.496Z</time>
</trkpt>
<trkpt lat="-13.547942" lon="-71.891978">
<ele>3265.7</ele>
<time>2025-02-05T15:29:02.589Z</time>
</trkpt>
<trkpt lat="-13.547942" lon="-71.891978">
<ele>3266.2</ele>
<time>2025-02-05T15:29:06.589Z</time>
</trkpt>
<trkpt lat="-13.547943" lon="-71.891978">
<ele>3265.7</ele>
<time>2025-02-05T15:29:10.589Z</time>
</trkpt>
<trkpt lat="-13.547943" lon="-71.891978">
<ele>3265.7</ele>
<time>2025-02-05T15:29:14.589Z</time>
</trkpt>
<trkpt lat="-13.547943" lon="-71.891978">
<ele>3265.8</ele>
<time>2025-02-05T15:29:18.589Z</time>
</trkpt>
<trkpt lat="-13.547943" lon="-71.891978">
<ele>3265.8</ele>
<time>2025-02-05T15:29:22.589Z</time>
</trkpt>
<trkpt lat="-13.547943" lon="-71.891978">
<ele>3268.8</ele>
<time>2025-02-05T15:29:26.589Z</time>
</trkpt>
<trkpt lat="-13.547944" lon="-71.891978">
<ele>3265.8</ele>
<time>2025-02-05T15:29:29.337Z</time>
</trkpt>
<trkpt lat="-13.547943" lon="-71.891977">
<ele>3266.2</ele>
<time>2025-02-05T15:29:32.521Z</time>
</trkpt>
<trkpt lat="-13.547944" lon="-71.891975">
<ele>3266.2</ele>
<time>2025-02-05T15:29:35.979Z</time>
</trkpt>
<trkpt lat="-13.547941" lon="-71.891975">
<ele>3265.8</ele>
<time>2025-02-05T15:29:39.198Z</time>
</trkpt>
<trkpt lat="-13.54794" lon="-71.891973">
<ele>3265.8</ele>
<time>2025-02-05T15:29:42.589Z</time>
</trkpt>
<trkpt lat="-13.547939" lon="-71.891974">
<ele>3266.1</ele>
<time>2025-02-05T15:29:46.589Z</time>
</trkpt>
<trkpt lat="-13.547939" lon="-71.891974">
<ele>3265.8</ele>
<time>2025-02-05T15:29:50.589Z</time>
</trkpt>
<trkpt lat="-13.547938" lon="-71.891974">
<ele>3265.7</ele>
<time>2025-02-05T15:29:53.624Z</time>
</trkpt>
<trkpt lat="-13.547939" lon="-71.891974">
<ele>3265.7</ele>
<time>2025-02-05T15:29:56.407Z</time>
</trkpt>
<trkpt lat="-13.547935" lon="-71.891978">
<ele>3265.7</ele>
<time>2025-02-05T15:29:59.189Z</time>
</trkpt>
<trkpt lat="-13.547931" lon="-71.89199">
<ele>3265.7</ele>
<time>2025-02-05T15:30:02.389Z</time>
</trkpt>
<trkpt lat="-13.547913" lon="-71.892007">
<ele>3265.7</ele>
<time>2025-02-05T15:30:05.741Z</time>
</trkpt>
<trkpt lat="-13.547908" lon="-71.892016">
<ele>3265.7</ele>
<time>2025-02-05T15:30:08.589Z</time>
</trkpt>
<trkpt lat="-13.547906" lon="-71.892032">
<ele>3265.2</ele>
<time>2025-02-05T15:30:11.961Z</time>
</trkpt>
<trkpt lat="-13.5479" lon="-71.892048">
<ele>3265.7</ele>
<time>2025-02-05T15:30:14.710Z</time>
</trkpt>
<trkpt lat="-13.547893" lon="-71.892059">
<ele>3265.7</ele>
<time>2025-02-05T15:30:17.559Z</time>
</trkpt>
<trkpt lat="-13.547894" lon="-71.892067">
<ele>3264.2</ele>
<time>2025-02-05T15:30:20.280Z</time>
</trkpt>
<trkpt lat="-13.547896" lon="-71.892073">
<ele>3264.2</ele>
<time>2025-02-05T15:30:23.538Z</time>
</trkpt>
<trkpt lat="-13.547892" lon="-71.892086">
<ele>3264.5</ele>
<time>2025-02-05T15:30:26.589Z</time>
</trkpt>
<trkpt lat="-13.547894" lon="-71.892096">
<ele>3264.6</ele>
<time>2025-02-05T15:30:29.708Z</time>
</trkpt>
<trkpt lat="-13.547888" lon="-71.89211">
<ele>3264.4</ele>
<time>2025-02-05T15:30:32.589Z</time>
</trkpt>
<trkpt lat="-13.547879" lon="-71.892126">
<ele>3264.7</ele>
<time>2025-02-05T15:30:36.589Z</time>
</trkpt>
<trkpt lat="-13.547884" lon="-71.892118">
<ele>3264.7</ele>
<time>2025-02-05T15:30:40.589Z</time>
</trkpt>
<trkpt lat="-13.547885" lon="-71.892117">
<ele>3266.1</ele>
<time>2025-02-05T15:30:44.001Z</time>
</trkpt>
<trkpt lat="-13.547881" lon="-71.892121">
<ele>3266.1</ele>
<time>2025-02-05T15:30:47.940Z</time>
</trkpt>
<trkpt lat="-13.547884" lon="-71.892118">
<ele>3266.2</ele>
<time>2025-02-05T15:30:52.589Z</time>
</trkpt>
<trkpt lat="-13.547891" lon="-71.892117">
<ele>3266.2</ele>
<time>2025-02-05T15:30:56.589Z</time>
</trkpt>
<trkpt lat="-13.547892" lon="-71.892117">
<ele>3266.2</ele>
<time>2025-02-05T15:31:00.589Z</time>
</trkpt>
<trkpt lat="-13.547889" lon="-71.892115">
<ele>3266.1</ele>
<time>2025-02-05T15:31:04.589Z</time>
</trkpt>
<trkpt lat="-13.547872" lon="-71.892116">
<ele>3266.1</ele>
<time>2025-02-05T15:31:08.589Z</time>
</trkpt>
<trkpt lat="-13.547886" lon="-71.892119">
<ele>3264.9</ele>
<time>2025-02-05T15:31:12.589Z</time>
</trkpt>
<trkpt lat="-13.547888" lon="-71.892119">
<ele>3265.7</ele>
<time>2025-02-05T15:31:16.589Z</time>
</trkpt>
<trkpt lat="-13.54788" lon="-71.89212">
<ele>3265.7</ele>
<time>2025-02-05T15:31:19.308Z</time>
</trkpt>
<trkpt lat="-13.547875" lon="-71.892121">
<ele>3265.7</ele>
<time>2025-02-05T15:31:22.588Z</time>
</trkpt>
<trkpt lat="-13.547875" lon="-71.892122">
<ele>3266.1</ele>
<time>2025-02-05T15:31:26.201Z</time>
</trkpt>
<trkpt lat="-13.547874" lon="-71.892124">
<ele>3265.7</ele>
<time>2025-02-05T15:31:29.315Z</time>
</trkpt>
<trkpt lat="-13.547884" lon="-71.892118">
<ele>3265.7</ele>
<time>2025-02-05T15:31:32.588Z</time>
</trkpt>
<trkpt lat="-13.547884" lon="-71.892118">
<ele>3264.5</ele>
<time>2025-02-05T15:31:36.587Z</time>
</trkpt>
<trkpt lat="-13.547884" lon="-71.892118">
<ele>3265.7</ele>
<time>2025-02-05T15:31:40.588Z</time>
</trkpt>
<trkpt lat="-13.547869" lon="-71.892123">
<ele>3264.2</ele>
<time>2025-02-05T15:31:44.396Z</time>
</trkpt>
<trkpt lat="-13.547884" lon="-71.892123">
<ele>3264.2</ele>
<time>2025-02-05T15:31:48.588Z</time>
</trkpt>
<trkpt lat="-13.547886" lon="-71.892122">
<ele>3265.7</ele>
<time>2025-02-05T15:31:52.588Z</time>
</trkpt>
<trkpt lat="-13.547886" lon="-71.892122">
<ele>3265.8</ele>
<time>2025-02-05T15:31:56.588Z</time>
</trkpt>
<trkpt lat="-13.547877" lon="-71.892122">
<ele>3264.2</ele>
<time>2025-02-05T15:31:59.348Z</time>
</trkpt>
<trkpt lat="-13.547886" lon="-71.89212">
<ele>3264.3</ele>
<time>2025-02-05T15:32:02.587Z</time>
</trkpt>
<trkpt lat="-13.547887" lon="-71.892119">
<ele>3264.3</ele>
<time>2025-02-05T15:32:06.588Z</time>
</trkpt>
<trkpt lat="-13.547887" lon="-71.892119">
<ele>3264.3</ele>
<time>2025-02-05T15:32:10.588Z</time>
</trkpt>
<trkpt lat="-13.547888" lon="-71.892117">
<ele>3264.2</ele>
<time>2025-02-05T15:32:14.588Z</time>
</trkpt>
<trkpt lat="-13.547887" lon="-71.892119">
<ele>3265.8</ele>
<time>2025-02-05T15:32:18.588Z</time>
</trkpt>
<trkpt lat="-13.547866" lon="-71.892127">
<ele>3265.7</ele>
<time>2025-02-05T15:32:21.607Z</time>
</trkpt>
<trkpt lat="-13.547866" lon="-71.892148">
<ele>3265.7</ele>
<time>2025-02-05T15:32:24.588Z</time>
</trkpt>
<trkpt lat="-13.54786" lon="-71.892146">
<ele>3263.9</ele>
<time>2025-02-05T15:32:27.668Z</time>
</trkpt>
<trkpt lat="-13.547851" lon="-71.892142">
<ele>3265.8</ele>
<time>2025-02-05T15:32:30.588Z</time>
</trkpt>
<trkpt lat="-13.547853" lon="-71.892142">
<ele>3265.8</ele>
<time>2025-02-05T15:32:34.588Z</time>
</trkpt>
<trkpt lat="-13.547856" lon="-71.892142">
<ele>3265.7</ele>
<time>2025-02-05T15:32:37.588Z</time>
</trkpt>
<trkpt lat="-13.547858" lon="-71.892146">
<ele>3265.7</ele>
<time>2025-02-05T15:32:40.588Z</time>
</trkpt>
<trkpt lat="-13.547844" lon="-71.892152">
<ele>3265.7</ele>
<time>2025-02-05T15:32:43.587Z</time>
</trkpt>
<trkpt lat="-13.547844" lon="-71.892153">
<ele>3265.7</ele>
<time>2025-02-05T15:32:46.588Z</time>
</trkpt>
<trkpt lat="-13.547865" lon="-71.89215">
<ele>3265.8</ele>
<time>2025-02-05T15:32:49.588Z</time>
</trkpt>
<trkpt lat="-13.547866" lon="-71.89215">
<ele>3265.7</ele>
<time>2025-02-05T15:32:52.588Z</time>
</trkpt>
<trkpt lat="-13.547866" lon="-71.892149">
<ele>3265.7</ele>
<time>2025-02-05T15:32:55.588Z</time>
</trkpt>
<trkpt lat="-13.547865" lon="-71.892149">
<ele>3265.7</ele>
<time>2025-02-05T15:32:58.588Z</time>
</trkpt>
<trkpt lat="-13.547865" lon="-71.892149">
<ele>3265.7</ele>
<time>2025-02-05T15:33:01.588Z</time>
</trkpt>
<trkpt lat="-13.547867" lon="-71.89215">
<ele>3265.7</ele>
<time>2025-02-05T15:33:04.588Z</time>
</trkpt>
<trkpt lat="-13.547867" lon="-71.89215">
<ele>3265.7</ele>
<time>2025-02-05T15:33:07.588Z</time>
</trkpt>
<trkpt lat="-13.547867" lon="-71.89215">
<ele>3265.7</ele>
<time>2025-02-05T15:33:10.588Z</time>
</trkpt>
<trkpt lat="-13.547867" lon="-71.892151">
<ele>3265.7</ele>
<time>2025-02-05T15:33:13.588Z</time>
</trkpt>
<trkpt lat="-13.547867" lon="-71.892151">
<ele>3265.7</ele>
<time>2025-02-05T15:33:16.588Z</time>
</trkpt>
<trkpt lat="-13.547867" lon="-71.892151">
<ele>3265.7</ele>
<time>2025-02-05T15:33:19.588Z</time>
</trkpt>
<trkpt lat="-13.547867" lon="-71.892151">
<ele>3265.7</ele>
<time>2025-02-05T15:33:22.588Z</time>
</trkpt>
<trkpt lat="-13.547867" lon="-71.892151">
<ele>3265.8</ele>
<time>2025-02-05T15:33:25.588Z</time>
</trkpt>
<trkpt lat="-13.547867" lon="-71.892151">
<ele>3263.7</ele>
<time>2025-02-05T15:33:28.588Z</time>
</trkpt>
<trkpt lat="-13.547866" lon="-71.892151">
<ele>3265.6</ele>
<time>2025-02-05T15:33:31.588Z</time>
</trkpt>
<trkpt lat="-13.547866" lon="-71.89215">
<ele>3265.6</ele>
<time>2025-02-05T15:33:34.587Z</time>
</trkpt>
<trkpt lat="-13.547866" lon="-71.892152">
<ele>3265.6</ele>
<time>2025-02-05T15:33:37.588Z</time>
</trkpt>
<trkpt lat="-13.547868" lon="-71.892153">
<ele>3265.6</ele>
<time>2025-02-05T15:33:40.588Z</time>
</trkpt>
<trkpt lat="-13.547867" lon="-71.892152">
<ele>3265.8</ele>
<time>2025-02-05T15:33:43.588Z</time>
</trkpt>
<trkpt lat="-13.547866" lon="-71.892152">
<ele>3265.8</ele>
<time>2025-02-05T15:33:46.588Z</time>
</trkpt>
<trkpt lat="-13.547865" lon="-71.892153">
<ele>3263.9</ele>
<time>2025-02-05T15:33:49.588Z</time>
</trkpt>
<trkpt lat="-13.547866" lon="-71.892154">
<ele>3263.9</ele>
<time>2025-02-05T15:33:52.588Z</time>
</trkpt>
<trkpt lat="-13.54786" lon="-71.892155">
<ele>3263.5</ele>
<time>2025-02-05T15:33:55.588Z</time>
</trkpt>
<trkpt lat="-13.547857" lon="-71.892156">
<ele>3263.3</ele>
<time>2025-02-05T15:33:58.588Z</time>
</trkpt>
<trkpt lat="-13.547865" lon="-71.892157">
<ele>3263.3</ele>
<time>2025-02-05T15:34:01.588Z</time>
</trkpt>
<trkpt lat="-13.54785" lon="-71.892164">
<ele>3263.4</ele>
<time>2025-02-05T15:34:04.588Z</time>
</trkpt>
<trkpt lat="-13.547848" lon="-71.892168">
<ele>3263</ele>
<time>2025-02-05T15:34:07.588Z</time>
</trkpt>
<trkpt lat="-13.547847" lon="-71.892181">
<ele>3263.3</ele>
<time>2025-02-05T15:34:10.588Z</time>
</trkpt>
<trkpt lat="-13.547846" lon="-71.89219">
<ele>3263.3</ele>
<time>2025-02-05T15:34:13.666Z</time>
</trkpt>
<trkpt lat="-13.547848" lon="-71.892185">
<ele>3263.2</ele>
<time>2025-02-05T15:34:16.378Z</time>
</trkpt>
<trkpt lat="-13.547835" lon="-71.89219">
<ele>3262.9</ele>
<time>2025-02-05T15:34:19.648Z</time>
</trkpt>
<trkpt lat="-13.547839" lon="-71.892194">
<ele>3262.9</ele>
<time>2025-02-05T15:34:22.588Z</time>
</trkpt>
<trkpt lat="-13.547826" lon="-71.892202">
<ele>3262.9</ele>
<time>2025-02-05T15:34:25.626Z</time>
</trkpt>
<trkpt lat="-13.547828" lon="-71.892204">
<ele>3262.9</ele>
<time>2025-02-05T15:34:28.615Z</time>
</trkpt>
<trkpt lat="-13.547832" lon="-71.892204">
<ele>3262.9</ele>
<time>2025-02-05T15:34:31.522Z</time>
</trkpt>
<trkpt lat="-13.54783" lon="-71.892208">
<ele>3262.9</ele>
<time>2025-02-05T15:34:34.614Z</time>
</trkpt>
<trkpt lat="-13.547833" lon="-71.892206">
<ele>3262.9</ele>
<time>2025-02-05T15:34:37.623Z</time>
</trkpt>
<trkpt lat="-13.547844" lon="-71.892203">
<ele>3262.9</ele>
<time>2025-02-05T15:34:40.392Z</time>
</trkpt>
<trkpt lat="-13.547839" lon="-71.89221">
<ele>3266.7</ele>
<time>2025-02-05T15:34:45.452Z</time>
</trkpt>
<trkpt lat="-13.547842" lon="-71.892211">
<ele>3266.7</ele>
<time>2025-02-05T15:34:48.587Z</time>
</trkpt>
<trkpt lat="-13.547845" lon="-71.892211">
<ele>3266.7</ele>
<time>2025-02-05T15:34:51.586Z</time>
</trkpt>
<trkpt lat="-13.547862" lon="-71.8922">
<ele>3266.1</ele>
<time>2025-02-05T15:34:54.587Z</time>
</trkpt>
<trkpt lat="-13.547863" lon="-71.8922">
<ele>3266.1</ele>
<time>2025-02-05T15:34:57.587Z</time>
</trkpt>
<trkpt lat="-13.547863" lon="-71.8922">
<ele>3266</ele>
<time>2025-02-05T15:35:00.587Z</time>
</trkpt>
<trkpt lat="-13.547863" lon="-71.8922">
<ele>3263</ele>
<time>2025-02-05T15:35:03.586Z</time>
</trkpt>
<trkpt lat="-13.547863" lon="-71.892215">
<ele>3262.9</ele>
<time>2025-02-05T15:35:06.587Z</time>
</trkpt>
<trkpt lat="-13.547837" lon="-71.892232">
<ele>3266.1</ele>
<time>2025-02-05T15:35:09.309Z</time>
</trkpt>
<trkpt lat="-13.547853" lon="-71.892233">
<ele>3266.1</ele>
<time>2025-02-05T15:35:13.153Z</time>
</trkpt>
<trkpt lat="-13.547822" lon="-71.892253">
<ele>3264</ele>
<time>2025-02-05T15:35:16.630Z</time>
</trkpt>
<trkpt lat="-13.547826" lon="-71.892267">
<ele>3263.9</ele>
<time>2025-02-05T15:35:19.587Z</time>
</trkpt>
<trkpt lat="-13.547826" lon="-71.892284">
<ele>3263.7</ele>
<time>2025-02-05T15:35:22.793Z</time>
</trkpt>
<trkpt lat="-13.54782" lon="-71.892284">
<ele>3263.6</ele>
<time>2025-02-05T15:35:25.558Z</time>
</trkpt>
<trkpt lat="-13.547815" lon="-71.892277">
<ele>3265.7</ele>
<time>2025-02-05T15:35:29.586Z</time>
</trkpt>
<trkpt lat="-13.547817" lon="-71.892274">
<ele>3264.6</ele>
<time>2025-02-05T15:35:33.586Z</time>
</trkpt>
<trkpt lat="-13.547819" lon="-71.892276">
<ele>3264.6</ele>
<time>2025-02-05T15:35:36.848Z</time>
</trkpt>
<trkpt lat="-13.547801" lon="-71.892275">
<ele>3264.6</ele>
<time>2025-02-05T15:35:39.587Z</time>
</trkpt>
<trkpt lat="-13.547793" lon="-71.892274">
<ele>3264.7</ele>
<time>2025-02-05T15:35:43.586Z</time>
</trkpt>
<trkpt lat="-13.547798" lon="-71.892272">
<ele>3264.7</ele>
<time>2025-02-05T15:35:46.974Z</time>
</trkpt>
<trkpt lat="-13.547829" lon="-71.892274">
<ele>3264.6</ele>
<time>2025-02-05T15:35:51.587Z</time>
</trkpt>
<trkpt lat="-13.547829" lon="-71.892274">
<ele>3266.1</ele>
<time>2025-02-05T15:35:55.587Z</time>
</trkpt>
<trkpt lat="-13.547829" lon="-71.892274">
<ele>3264.6</ele>
<time>2025-02-05T15:35:59.587Z</time>
</trkpt>
<trkpt lat="-13.547828" lon="-71.892274">
<ele>3266.1</ele>
<time>2025-02-05T15:36:03.587Z</time>
</trkpt>
<trkpt lat="-13.547828" lon="-71.892274">
<ele>3264.6</ele>
<time>2025-02-05T15:36:07.587Z</time>
</trkpt>
<trkpt lat="-13.547828" lon="-71.892274">
<ele>3264.6</ele>
<time>2025-02-05T15:36:11.587Z</time>
</trkpt>
<trkpt lat="-13.547826" lon="-71.892276">
<ele>3265.8</ele>
<time>2025-02-05T15:36:15.587Z</time>
</trkpt>
<trkpt lat="-13.54781" lon="-71.892277">
<ele>3264.7</ele>
<time>2025-02-05T15:36:18.569Z</time>
</trkpt>
<trkpt lat="-13.547812" lon="-71.892282">
<ele>3264.8</ele>
<time>2025-02-05T15:36:21.587Z</time>
</trkpt>
<trkpt lat="-13.547795" lon="-71.89229">
<ele>3264.9</ele>
<time>2025-02-05T15:36:24.469Z</time>
</trkpt>
<trkpt lat="-13.547799" lon="-71.892307">
<ele>3266.1</ele>
<time>2025-02-05T15:36:27.285Z</time>
</trkpt>
<trkpt lat="-13.547772" lon="-71.89232">
<ele>3266.1</ele>
<time>2025-02-05T15:36:30.288Z</time>
</trkpt>
<trkpt lat="-13.547764" lon="-71.892346">
<ele>3265.5</ele>
<time>2025-02-05T15:36:33.587Z</time>
</trkpt>
<trkpt lat="-13.547775" lon="-71.892365">
<ele>3265.5</ele>
<time>2025-02-05T15:36:36.469Z</time>
</trkpt>
<trkpt lat="-13.547778" lon="-71.892386">
<ele>3265.7</ele>
<time>2025-02-05T15:36:39.587Z</time>
</trkpt>
<trkpt lat="-13.54778" lon="-71.892384">
<ele>3265.3</ele>
<time>2025-02-05T15:36:42.469Z</time>
</trkpt>
<trkpt lat="-13.547776" lon="-71.892385">
<ele>3265</ele>
<time>2025-02-05T15:36:45.367Z</time>
</trkpt>
<trkpt lat="-13.547775" lon="-71.892385">
<ele>3264.9</ele>
<time>2025-02-05T15:36:49.268Z</time>
</trkpt>
<trkpt lat="-13.547776" lon="-71.892384">
<ele>3264.6</ele>
<time>2025-02-05T15:36:52.475Z</time>
</trkpt>
<trkpt lat="-13.547781" lon="-71.892385">
<ele>3264.9</ele>
<time>2025-02-05T15:36:55.586Z</time>
</trkpt>
<trkpt lat="-13.547778" lon="-71.892388">
<ele>3264.8</ele>
<time>2025-02-05T15:36:58.609Z</time>
</trkpt>
<trkpt lat="-13.54778" lon="-71.892391">
<ele>3265.1</ele>
<time>2025-02-05T15:37:01.357Z</time>
</trkpt>
<trkpt lat="-13.54777" lon="-71.892418">
<ele>3265.7</ele>
<time>2025-02-05T15:37:04.673Z</time>
</trkpt>
<trkpt lat="-13.547766" lon="-71.892443">
<ele>3265.6</ele>
<time>2025-02-05T15:37:07.388Z</time>
</trkpt>
<trkpt lat="-13.547763" lon="-71.892466">
<ele>3265.6</ele>
<time>2025-02-05T15:37:10.338Z</time>
</trkpt>
<trkpt lat="-13.547755" lon="-71.892494">
<ele>3265.6</ele>
<time>2025-02-05T15:37:13.470Z</time>
</trkpt>
<trkpt lat="-13.547763" lon="-71.892502">
<ele>3265.6</ele>
<time>2025-02-05T15:37:17.663Z</time>
</trkpt>
<trkpt lat="-13.547756" lon="-71.892496">
<ele>3265.1</ele>
<time>2025-02-05T15:37:20.667Z</time>
</trkpt>
<trkpt lat="-13.547744" lon="-71.892507">
<ele>3264.6</ele>
<time>2025-02-05T15:37:23.587Z</time>
</trkpt>
<trkpt lat="-13.547732" lon="-71.892532">
<ele>3264.5</ele>
<time>2025-02-05T15:37:26.790Z</time>
</trkpt>
<trkpt lat="-13.547718" lon="-71.892543">
<ele>3264.3</ele>
<time>2025-02-05T15:37:29.587Z</time>
</trkpt>
<trkpt lat="-13.547718" lon="-71.892561">
<ele>3264.2</ele>
<time>2025-02-05T15:37:32.730Z</time>
</trkpt>
<trkpt lat="-13.547722" lon="-71.892563">
<ele>3264.2</ele>
<time>2025-02-05T15:37:35.586Z</time>
</trkpt>
<trkpt lat="-13.547725" lon="-71.892555">
<ele>3264.2</ele>
<time>2025-02-05T15:37:39.586Z</time>
</trkpt>
<trkpt lat="-13.547727" lon="-71.892555">
<ele>3264.2</ele>
<time>2025-02-05T15:37:42.737Z</time>
</trkpt>
<trkpt lat="-13.547728" lon="-71.892552">
<ele>3264.2</ele>
<time>2025-02-05T15:37:45.587Z</time>
</trkpt>
<trkpt lat="-13.547731" lon="-71.892549">
<ele>3264.2</ele>
<time>2025-02-05T15:37:49.587Z</time>
</trkpt>
<trkpt lat="-13.547747" lon="-71.892564">
<ele>3264.2</ele>
<time>2025-02-05T15:37:53.587Z</time>
</trkpt>
<trkpt lat="-13.547747" lon="-71.892564">
<ele>3264.2</ele>
<time>2025-02-05T15:37:57.586Z</time>
</trkpt>
<trkpt lat="-13.547736" lon="-71.892551">
<ele>3264.3</ele>
<time>2025-02-05T15:38:00.487Z</time>
</trkpt>
<trkpt lat="-13.547729" lon="-71.892545">
<ele>3264.2</ele>
<time>2025-02-05T15:38:03.346Z</time>
</trkpt>
<trkpt lat="-13.547726" lon="-71.892553">
<ele>3264.3</ele>
<time>2025-02-05T15:38:06.046Z</time>
</trkpt>
<trkpt lat="-13.54772" lon="-71.892556">
<ele>3264.1</ele>
<time>2025-02-05T15:38:09.087Z</time>
</trkpt>
<trkpt lat="-13.547719" lon="-71.892569">
<ele>3264.4</ele>
<time>2025-02-05T15:38:11.807Z</time>
</trkpt>
<trkpt lat="-13.547706" lon="-71.892579">
<ele>3264.4</ele>
<time>2025-02-05T15:38:15.147Z</time>
</trkpt>
<trkpt lat="-13.547707" lon="-71.892609">
<ele>3264.3</ele>
<time>2025-02-05T15:38:17.941Z</time>
</trkpt>
<trkpt lat="-13.547689" lon="-71.89263">
<ele>3264.4</ele>
<time>2025-02-05T15:38:21.127Z</time>
</trkpt>
<trkpt lat="-13.54767" lon="-71.892654">
<ele>3264.3</ele>
<time>2025-02-05T15:38:24.696Z</time>
</trkpt>
<trkpt lat="-13.547671" lon="-71.892673">
<ele>3264.4</ele>
<time>2025-02-05T15:38:27.586Z</time>
</trkpt>
<trkpt lat="-13.547656" lon="-71.892693">
<ele>3264.8</ele>
<time>2025-02-05T15:38:30.468Z</time>
</trkpt>
<trkpt lat="-13.547632" lon="-71.892708">
<ele>3264.9</ele>
<time>2025-02-05T15:38:33.308Z</time>
</trkpt>
<trkpt lat="-13.54763" lon="-71.892722">
<ele>3265.3</ele>
<time>2025-02-05T15:38:36.548Z</time>
</trkpt>
<trkpt lat="-13.547617" lon="-71.89274">
<ele>3265.3</ele>
<time>2025-02-05T15:38:39.586Z</time>
</trkpt>
<trkpt lat="-13.547624" lon="-71.89275">
<ele>3265.2</ele>
<time>2025-02-05T15:38:42.899Z</time>
</trkpt>
<trkpt lat="-13.547641" lon="-71.892753">
<ele>3265.5</ele>
<time>2025-02-05T15:38:47.586Z</time>
</trkpt>
<trkpt lat="-13.547632" lon="-71.892753">
<ele>3265.5</ele>
<time>2025-02-05T15:38:51.367Z</time>
</trkpt>
<trkpt lat="-13.547634" lon="-71.892763">
<ele>3266.2</ele>
<time>2025-02-05T15:38:55.509Z</time>
</trkpt>
<trkpt lat="-13.547634" lon="-71.892786">
<ele>3265.8</ele>
<time>2025-02-05T15:38:58.469Z</time>
</trkpt>
<trkpt lat="-13.547638" lon="-71.8928">
<ele>3265.7</ele>
<time>2025-02-05T15:39:01.586Z</time>
</trkpt>
<trkpt lat="-13.547635" lon="-71.892789">
<ele>3265.7</ele>
<time>2025-02-05T15:39:05.586Z</time>
</trkpt>
<trkpt lat="-13.547632" lon="-71.892782">
<ele>3265.7</ele>
<time>2025-02-05T15:39:09.586Z</time>
</trkpt>
<trkpt lat="-13.547642" lon="-71.89278">
<ele>3265.7</ele>
<time>2025-02-05T15:39:13.113Z</time>
</trkpt>
<trkpt lat="-13.547654" lon="-71.892783">
<ele>3264.6</ele>
<time>2025-02-05T15:39:16.072Z</time>
</trkpt>
<trkpt lat="-13.54764" lon="-71.892777">
<ele>3264.5</ele>
<time>2025-02-05T15:39:19.586Z</time>
</trkpt>
<trkpt lat="-13.547643" lon="-71.892777">
<ele>3264.4</ele>
<time>2025-02-05T15:39:23.269Z</time>
</trkpt>
<trkpt lat="-13.547653" lon="-71.892782">
<ele>3264.4</ele>
<time>2025-02-05T15:39:27.586Z</time>
</trkpt>
<trkpt lat="-13.547645" lon="-71.89278">
<ele>3264.4</ele>
<time>2025-02-05T15:39:31.585Z</time>
</trkpt>
<trkpt lat="-13.547649" lon="-71.892779">
<ele>3264.4</ele>
<time>2025-02-05T15:39:35.586Z</time>
</trkpt>
<trkpt lat="-13.547674" lon="-71.892792">
<ele>3264.4</ele>
<time>2025-02-05T15:39:39.586Z</time>
</trkpt>
<trkpt lat="-13.547675" lon="-71.892793">
<ele>3264.4</ele>
<time>2025-02-05T15:39:43.586Z</time>
</trkpt>
<trkpt lat="-13.547675" lon="-71.892793">
<ele>3264.5</ele>
<time>2025-02-05T15:39:47.586Z</time>
</trkpt>
<trkpt lat="-13.54765" lon="-71.892774">
<ele>3264.9</ele>
<time>2025-02-05T15:39:51.585Z</time>
</trkpt>
<trkpt lat="-13.54764" lon="-71.892768">
<ele>3264.9</ele>
<time>2025-02-05T15:39:55.586Z</time>
</trkpt>
<trkpt lat="-13.547643" lon="-71.89277">
<ele>3264.9</ele>
<time>2025-02-05T15:39:58.352Z</time>
</trkpt>
<trkpt lat="-13.547673" lon="-71.892792">
<ele>3264.8</ele>
<time>2025-02-05T15:40:01.586Z</time>
</trkpt>
<trkpt lat="-13.547624" lon="-71.892766">
<ele>3264.8</ele>
<time>2025-02-05T15:40:04.370Z</time>
</trkpt>
<trkpt lat="-13.547633" lon="-71.892772">
<ele>3264.8</ele>
<time>2025-02-05T15:40:07.586Z</time>
</trkpt>
<trkpt lat="-13.547644" lon="-71.892778">
<ele>3264.8</ele>
<time>2025-02-05T15:40:11.586Z</time>
</trkpt>
<trkpt lat="-13.547672" lon="-71.892791">
<ele>3264.8</ele>
<time>2025-02-05T15:40:15.586Z</time>
</trkpt>
<trkpt lat="-13.547672" lon="-71.892791">
<ele>3264.8</ele>
<time>2025-02-05T15:40:19.585Z</time>
</trkpt>
<trkpt lat="-13.547672" lon="-71.892791">
<ele>3264.7</ele>
<time>2025-02-05T15:40:23.586Z</time>
</trkpt>
<trkpt lat="-13.547672" lon="-71.892791">
<ele>3264.7</ele>
<time>2025-02-05T15:40:27.586Z</time>
</trkpt>
<trkpt lat="-13.547671" lon="-71.892791">
<ele>3264.7</ele>
<time>2025-02-05T15:40:31.586Z</time>
</trkpt>
<trkpt lat="-13.547671" lon="-71.892791">
<ele>3264.7</ele>
<time>2025-02-05T15:40:35.586Z</time>
</trkpt>
<trkpt lat="-13.547671" lon="-71.892791">
<ele>3264.7</ele>
<time>2025-02-05T15:40:39.586Z</time>
</trkpt>
<trkpt lat="-13.54767" lon="-71.892791">
<ele>3264.7</ele>
<time>2025-02-05T15:40:43.586Z</time>
</trkpt>
<trkpt lat="-13.54767" lon="-71.892791">
<ele>3264.7</ele>
<time>2025-02-05T15:40:47.586Z</time>
</trkpt>
<trkpt lat="-13.547672" lon="-71.892789">
<ele>3264.7</ele>
<time>2025-02-05T15:40:51.585Z</time>
</trkpt>
<trkpt lat="-13.547658" lon="-71.892784">
<ele>3264.9</ele>
<time>2025-02-05T15:40:55.586Z</time>
</trkpt>
<trkpt lat="-13.547659" lon="-71.892786">
<ele>3265.2</ele>
<time>2025-02-05T15:40:58.765Z</time>
</trkpt>
<trkpt lat="-13.547646" lon="-71.892776">
<ele>3265.3</ele>
<time>2025-02-05T15:41:01.586Z</time>
</trkpt>
<trkpt lat="-13.547635" lon="-71.892766">
<ele>3265.4</ele>
<time>2025-02-05T15:41:04.547Z</time>
</trkpt>
<trkpt lat="-13.547646" lon="-71.892765">
<ele>3265.7</ele>
<time>2025-02-05T15:41:07.346Z</time>
</trkpt>
<trkpt lat="-13.547658" lon="-71.892764">
<ele>3265.9</ele>
<time>2025-02-05T15:41:11.585Z</time>
</trkpt>
<trkpt lat="-13.547661" lon="-71.892771">
<ele>3265.9</ele>
<time>2025-02-05T15:41:15.584Z</time>
</trkpt>
<trkpt lat="-13.547664" lon="-71.892774">
<ele>3265.9</ele>
<time>2025-02-05T15:41:18.663Z</time>
</trkpt>
<trkpt lat="-13.547668" lon="-71.892774">
<ele>3265.9</ele>
<time>2025-02-05T15:41:21.585Z</time>
</trkpt>
<trkpt lat="-13.547668" lon="-71.892772">
<ele>3266</ele>
<time>2025-02-05T15:41:25.585Z</time>
</trkpt>
<trkpt lat="-13.547667" lon="-71.89277">
<ele>3265.9</ele>
<time>2025-02-05T15:41:28.784Z</time>
</trkpt>
<trkpt lat="-13.547663" lon="-71.892765">
<ele>3266.1</ele>
<time>2025-02-05T15:41:31.585Z</time>
</trkpt>
<trkpt lat="-13.547662" lon="-71.892764">
<ele>3266.1</ele>
<time>2025-02-05T15:41:35.585Z</time>
</trkpt>
<trkpt lat="-13.547663" lon="-71.892764">
<ele>3266.1</ele>
<time>2025-02-05T15:41:38.905Z</time>
</trkpt>
<trkpt lat="-13.547659" lon="-71.892763">
<ele>3265.9</ele>
<time>2025-02-05T15:41:41.931Z</time>
</trkpt>
<trkpt lat="-13.547627" lon="-71.892755">
<ele>3265.6</ele>
<time>2025-02-05T15:41:44.729Z</time>
</trkpt>
<trkpt lat="-13.547606" lon="-71.89275">
<ele>3265.6</ele>
<time>2025-02-05T15:41:47.571Z</time>
</trkpt>
<trkpt lat="-13.547574" lon="-71.892739">
<ele>3265.7</ele>
<time>2025-02-05T15:41:51.609Z</time>
</trkpt>
<trkpt lat="-13.547578" lon="-71.892762">
<ele>3266.1</ele>
<time>2025-02-05T15:41:55.585Z</time>
</trkpt>
<trkpt lat="-13.547583" lon="-71.892764">
<ele>3266</ele>
<time>2025-02-05T15:41:58.802Z</time>
</trkpt>
<trkpt lat="-13.547579" lon="-71.892758">
<ele>3266.3</ele>
<time>2025-02-05T15:42:01.585Z</time>
</trkpt>
<trkpt lat="-13.547576" lon="-71.89275">
<ele>3266.5</ele>
<time>2025-02-05T15:42:05.588Z</time>
</trkpt>
<trkpt lat="-13.547587" lon="-71.892758">
<ele>3266.5</ele>
<time>2025-02-05T15:42:08.369Z</time>
</trkpt>
<trkpt lat="-13.54763" lon="-71.892781">
<ele>3266.9</ele>
<time>2025-02-05T15:42:11.585Z</time>
</trkpt>
<trkpt lat="-13.547634" lon="-71.892783">
<ele>3266.9</ele>
<time>2025-02-05T15:42:14.585Z</time>
</trkpt>
<trkpt lat="-13.547634" lon="-71.892783">
<ele>3266.9</ele>
<time>2025-02-05T15:42:17.585Z</time>
</trkpt>
<trkpt lat="-13.547634" lon="-71.892783">
<ele>3266.9</ele>
<time>2025-02-05T15:42:21.585Z</time>
</trkpt>
<trkpt lat="-13.547634" lon="-71.892783">
<ele>3267</ele>
<time>2025-02-05T15:42:24.585Z</time>
</trkpt>
<trkpt lat="-13.547633" lon="-71.892782">
<ele>3266.6</ele>
<time>2025-02-05T15:42:28.585Z</time>
</trkpt>
<trkpt lat="-13.547632" lon="-71.892782">
<ele>3266.7</ele>
<time>2025-02-05T15:42:32.585Z</time>
</trkpt>
<trkpt lat="-13.547632" lon="-71.892782">
<ele>3266.7</ele>
<time>2025-02-05T15:42:36.584Z</time>
</trkpt>
<trkpt lat="-13.547632" lon="-71.892782">
<ele>3266.7</ele>
<time>2025-02-05T15:42:40.585Z</time>
</trkpt>
<trkpt lat="-13.54763" lon="-71.892785">
<ele>3266.6</ele>
<time>2025-02-05T15:42:44.585Z</time>
</trkpt>
<trkpt lat="-13.547628" lon="-71.892786">
<ele>3266.6</ele>
<time>2025-02-05T15:42:48.585Z</time>
</trkpt>
<trkpt lat="-13.547628" lon="-71.892786">
<ele>3266.6</ele>
<time>2025-02-05T15:42:52.585Z</time>
</trkpt>
<trkpt lat="-13.547628" lon="-71.892786">
<ele>3266.6</ele>
<time>2025-02-05T15:42:56.585Z</time>
</trkpt>
<trkpt lat="-13.547628" lon="-71.892786">
<ele>3266.6</ele>
<time>2025-02-05T15:43:00.585Z</time>
</trkpt>
<trkpt lat="-13.54763" lon="-71.892783">
<ele>3266.5</ele>
<time>2025-02-05T15:43:03.585Z</time>
</trkpt>
<trkpt lat="-13.54763" lon="-71.892783">
<ele>3266.4</ele>
<time>2025-02-05T15:43:07.585Z</time>
</trkpt>
<trkpt lat="-13.54763" lon="-71.892783">
<ele>3266.4</ele>
<time>2025-02-05T15:43:11.585Z</time>
</trkpt>
<trkpt lat="-13.54763" lon="-71.892783">
<ele>3266.4</ele>
<time>2025-02-05T15:43:15.585Z</time>
</trkpt>
<trkpt lat="-13.54763" lon="-71.892783">
<ele>3266.4</ele>
<time>2025-02-05T15:43:19.585Z</time>
</trkpt>
<trkpt lat="-13.54763" lon="-71.892783">
<ele>3266.4</ele>
<time>2025-02-05T15:43:23.585Z</time>
</trkpt>
<trkpt lat="-13.54763" lon="-71.892783">
<ele>3266.4</ele>
<time>2025-02-05T15:43:27.585Z</time>
</trkpt>
<trkpt lat="-13.54763" lon="-71.892783">
<ele>3266.4</ele>
<time>2025-02-05T15:43:30.585Z</time>
</trkpt>
<trkpt lat="-13.54763" lon="-71.892783">
<ele>3266.4</ele>
<time>2025-02-05T15:43:33.585Z</time>
</trkpt>
<trkpt lat="-13.54763" lon="-71.892783">
<ele>3266.4</ele>
<time>2025-02-05T15:43:36.585Z</time>
</trkpt>
<trkpt lat="-13.54763" lon="-71.892783">
<ele>3266.4</ele>
<time>2025-02-05T15:43:39.585Z</time>
</trkpt>
<trkpt lat="-13.54763" lon="-71.892783">
<ele>3266.4</ele>
<time>2025-02-05T15:43:42.585Z</time>
</trkpt>
<trkpt lat="-13.54763" lon="-71.892783">
<ele>3266.4</ele>
<time>2025-02-05T15:43:45.585Z</time>
</trkpt>
<trkpt lat="-13.54763" lon="-71.892783">
<ele>3266.4</ele>
<time>2025-02-05T15:43:48.585Z</time>
</trkpt>
<trkpt lat="-13.54763" lon="-71.892783">
<ele>3266.4</ele>
<time>2025-02-05T15:43:51.585Z</time>
</trkpt>
<trkpt lat="-13.54763" lon="-71.892783">
<ele>3266.4</ele>
<time>2025-02-05T15:43:54.585Z</time>
</trkpt>
<trkpt lat="-13.54763" lon="-71.892783">
<ele>3266.4</ele>
<time>2025-02-05T15:43:57.585Z</time>
</trkpt>
<trkpt lat="-13.54763" lon="-71.892783">
<ele>3266.4</ele>
<time>2025-02-05T15:44:00.585Z</time>
</trkpt>
<trkpt lat="-13.54763" lon="-71.892783">
<ele>3266.4</ele>
<time>2025-02-05T15:44:03.585Z</time>
</trkpt>
<trkpt lat="-13.54763" lon="-71.892783">
<ele>3266.4</ele>
<time>2025-02-05T15:44:06.585Z</time>
</trkpt>
<trkpt lat="-13.54763" lon="-71.892783">
<ele>3266.4</ele>
<time>2025-02-05T15:44:09.584Z</time>
</trkpt>
<trkpt lat="-13.54763" lon="-71.892783">
<ele>3266.4</ele>
<time>2025-02-05T15:44:12.585Z</time>
</trkpt>
<trkpt lat="-13.54763" lon="-71.892784">
<ele>3266.2</ele>
<time>2025-02-05T15:44:15.585Z</time>
</trkpt>
<trkpt lat="-13.547625" lon="-71.892781">
<ele>3266.2</ele>
<time>2025-02-05T15:44:18.585Z</time>
</trkpt>
<trkpt lat="-13.547628" lon="-71.892786">
<ele>3267</ele>
<time>2025-02-05T15:44:21.584Z</time>
</trkpt>
<trkpt lat="-13.547622" lon="-71.892785">
<ele>3267</ele>
<time>2025-02-05T15:44:24.584Z</time>
</trkpt>
<trkpt lat="-13.547623" lon="-71.892784">
<ele>3267</ele>
<time>2025-02-05T15:44:27.584Z</time>
</trkpt>
<trkpt lat="-13.547616" lon="-71.892783">
<ele>3267.2</ele>
<time>2025-02-05T15:44:30.584Z</time>
</trkpt>
<trkpt lat="-13.547613" lon="-71.892784">
<ele>3267.2</ele>
<time>2025-02-05T15:44:33.584Z</time>
</trkpt>
<trkpt lat="-13.547615" lon="-71.892785">
<ele>3267.2</ele>
<time>2025-02-05T15:44:36.584Z</time>
</trkpt>
<trkpt lat="-13.547634" lon="-71.89279">
<ele>3267.2</ele>
<time>2025-02-05T15:44:39.584Z</time>
</trkpt>
<trkpt lat="-13.547635" lon="-71.89279">
<ele>3267.2</ele>
<time>2025-02-05T15:44:42.584Z</time>
</trkpt>
<trkpt lat="-13.547635" lon="-71.89279">
<ele>3267.2</ele>
<time>2025-02-05T15:44:45.584Z</time>
</trkpt>
<trkpt lat="-13.547635" lon="-71.89279">
<ele>3267.2</ele>
<time>2025-02-05T15:44:48.584Z</time>
</trkpt>
<trkpt lat="-13.547635" lon="-71.89279">
<ele>3267.2</ele>
<time>2025-02-05T15:44:51.584Z</time>
</trkpt>
<trkpt lat="-13.547636" lon="-71.89279">
<ele>3267.2</ele>
<time>2025-02-05T15:44:54.584Z</time>
</trkpt>
<trkpt lat="-13.547636" lon="-71.89279">
<ele>3267.2</ele>
<time>2025-02-05T15:44:57.583Z</time>
</trkpt>
<trkpt lat="-13.547636" lon="-71.89279">
<ele>3267.2</ele>
<time>2025-02-05T15:45:00.584Z</time>
</trkpt>
<trkpt lat="-13.547636" lon="-71.89279">
<ele>3267.2</ele>
<time>2025-02-05T15:45:03.584Z</time>
</trkpt>
<trkpt lat="-13.547636" lon="-71.89279">
<ele>3267.2</ele>
<time>2025-02-05T15:45:06.584Z</time>
</trkpt>
<trkpt lat="-13.547636" lon="-71.89279">
<ele>3267.2</ele>
<time>2025-02-05T15:45:09.584Z</time>
</trkpt>
<trkpt lat="-13.547638" lon="-71.892789">
<ele>3267.3</ele>
<time>2025-02-05T15:45:12.584Z</time>
</trkpt>
<trkpt lat="-13.54764" lon="-71.892788">
<ele>3267.6</ele>
<time>2025-02-05T15:45:15.584Z</time>
</trkpt>
<trkpt lat="-13.547638" lon="-71.892788">
<ele>3267.6</ele>
<time>2025-02-05T15:45:18.584Z</time>
</trkpt>
<trkpt lat="-13.547637" lon="-71.892787">
<ele>3267.6</ele>
<time>2025-02-05T15:45:21.584Z</time>
</trkpt>
<trkpt lat="-13.54762" lon="-71.892776">
<ele>3267.2</ele>
<time>2025-02-05T15:45:24.584Z</time>
</trkpt>
<trkpt lat="-13.547622" lon="-71.892778">
<ele>3267.3</ele>
<time>2025-02-05T15:45:27.583Z</time>
</trkpt>
<trkpt lat="-13.547613" lon="-71.892774">
<ele>3267.3</ele>
<time>2025-02-05T15:45:30.584Z</time>
</trkpt>
<trkpt lat="-13.547604" lon="-71.892775">
<ele>3267.3</ele>
<time>2025-02-05T15:45:33.584Z</time>
</trkpt>
<trkpt lat="-13.547642" lon="-71.892787">
<ele>3267.5</ele>
<time>2025-02-05T15:45:36.584Z</time>
</trkpt>
<trkpt lat="-13.54766" lon="-71.892791">
<ele>3267.6</ele>
<time>2025-02-05T15:45:39.584Z</time>
</trkpt>
<trkpt lat="-13.547628" lon="-71.892784">
<ele>3266.6</ele>
<time>2025-02-05T15:45:42.584Z</time>
</trkpt>
<trkpt lat="-13.547639" lon="-71.892794">
<ele>3266.6</ele>
<time>2025-02-05T15:45:45.539Z</time>
</trkpt>
<trkpt lat="-13.547653" lon="-71.892772">
<ele>3265.8</ele>
<time>2025-02-05T15:45:48.584Z</time>
</trkpt>
<trkpt lat="-13.547652" lon="-71.89277">
<ele>3265.7</ele>
<time>2025-02-05T15:45:51.584Z</time>
</trkpt>
<trkpt lat="-13.547639" lon="-71.892769">
<ele>3265.7</ele>
<time>2025-02-05T15:45:54.584Z</time>
</trkpt>
<trkpt lat="-13.547644" lon="-71.89277">
<ele>3265.7</ele>
<time>2025-02-05T15:45:57.584Z</time>
</trkpt>
<trkpt lat="-13.547633" lon="-71.892765">
<ele>3265.7</ele>
<time>2025-02-05T15:46:00.584Z</time>
</trkpt>
<trkpt lat="-13.54762" lon="-71.89276">
<ele>3265.7</ele>
<time>2025-02-05T15:46:03.419Z</time>
</trkpt>
<trkpt lat="-13.54763" lon="-71.89276">
<ele>3265.9</ele>
<time>2025-02-05T15:46:06.584Z</time>
</trkpt>
<trkpt lat="-13.547685" lon="-71.892766">
<ele>3265.9</ele>
<time>2025-02-05T15:46:09.584Z</time>
</trkpt>
<trkpt lat="-13.547688" lon="-71.892766">
<ele>3265.9</ele>
<time>2025-02-05T15:46:12.584Z</time>
</trkpt>
<trkpt lat="-13.547688" lon="-71.892766">
<ele>3265.9</ele>
<time>2025-02-05T15:46:15.584Z</time>
</trkpt>
<trkpt lat="-13.547688" lon="-71.892766">
<ele>3265.9</ele>
<time>2025-02-05T15:46:18.583Z</time>
</trkpt>
<trkpt lat="-13.547687" lon="-71.892769">
<ele>3265.8</ele>
<time>2025-02-05T15:46:21.584Z</time>
</trkpt>
<trkpt lat="-13.54768" lon="-71.892773">
<ele>3266.5</ele>
<time>2025-02-05T15:46:24.584Z</time>
</trkpt>
<trkpt lat="-13.547688" lon="-71.892776">
<ele>3266.3</ele>
<time>2025-02-05T15:46:27.584Z</time>
</trkpt>
<trkpt lat="-13.547684" lon="-71.892776">
<ele>3265.6</ele>
<time>2025-02-05T15:46:30.583Z</time>
</trkpt>
<trkpt lat="-13.547684" lon="-71.892776">
<ele>3265.6</ele>
<time>2025-02-05T15:46:33.584Z</time>
</trkpt>
<trkpt lat="-13.547684" lon="-71.892776">
<ele>3265.6</ele>
<time>2025-02-05T15:46:36.584Z</time>
</trkpt>
<trkpt lat="-13.547684" lon="-71.892776">
<ele>3265.6</ele>
<time>2025-02-05T15:46:39.584Z</time>
</trkpt>
<trkpt lat="-13.547684" lon="-71.892777">
<ele>3265.6</ele>
<time>2025-02-05T15:46:42.584Z</time>
</trkpt>
<trkpt lat="-13.547684" lon="-71.892777">
<ele>3265.6</ele>
<time>2025-02-05T15:46:45.584Z</time>
</trkpt>
<trkpt lat="-13.547687" lon="-71.892777">
<ele>3265.6</ele>
<time>2025-02-05T15:46:48.584Z</time>
</trkpt>
<trkpt lat="-13.547662" lon="-71.892773">
<ele>3265.7</ele>
<time>2025-02-05T15:46:51.584Z</time>
</trkpt>
<trkpt lat="-13.547654" lon="-71.892771">
<ele>3265.7</ele>
<time>2025-02-05T15:46:54.584Z</time>
</trkpt>
<trkpt lat="-13.547652" lon="-71.89277">
<ele>3265.7</ele>
<time>2025-02-05T15:46:57.584Z</time>
</trkpt>
<trkpt lat="-13.547656" lon="-71.892771">
<ele>3265.7</ele>
<time>2025-02-05T15:47:00.584Z</time>
</trkpt>
<trkpt lat="-13.547653" lon="-71.892767">
<ele>3265.7</ele>
<time>2025-02-05T15:47:03.584Z</time>
</trkpt>
<trkpt lat="-13.547655" lon="-71.89277">
<ele>3265.7</ele>
<time>2025-02-05T15:47:06.584Z</time>
</trkpt>
<trkpt lat="-13.547684" lon="-71.892775">
<ele>3265.7</ele>
<time>2025-02-05T15:47:09.583Z</time>
</trkpt>
<trkpt lat="-13.547686" lon="-71.892775">
<ele>3265.7</ele>
<time>2025-02-05T15:47:12.584Z</time>
</trkpt>
<trkpt lat="-13.547686" lon="-71.892775">
<ele>3265.7</ele>
<time>2025-02-05T15:47:15.584Z</time>
</trkpt>
<trkpt lat="-13.547684" lon="-71.892793">
<ele>3265.7</ele>
<time>2025-02-05T15:47:18.584Z</time>
</trkpt>
<trkpt lat="-13.547668" lon="-71.892788">
<ele>3265.8</ele>
<time>2025-02-05T15:47:21.584Z</time>
</trkpt>
<trkpt lat="-13.547662" lon="-71.892806">
<ele>3265.8</ele>
<time>2025-02-05T15:47:24.478Z</time>
</trkpt>
<trkpt lat="-13.54767" lon="-71.892835">
<ele>3266</ele>
<time>2025-02-05T15:47:27.584Z</time>
</trkpt>
<trkpt lat="-13.547643" lon="-71.892841">
<ele>3265.5</ele>
<time>2025-02-05T15:47:30.584Z</time>
</trkpt>
<trkpt lat="-13.547649" lon="-71.892864">
<ele>3265.5</ele>
<time>2025-02-05T15:47:33.386Z</time>
</trkpt>
<trkpt lat="-13.547624" lon="-71.89288">
<ele>3265.2</ele>
<time>2025-02-05T15:47:36.447Z</time>
</trkpt>
<trkpt lat="-13.547613" lon="-71.892893">
<ele>3265.4</ele>
<time>2025-02-05T15:47:39.584Z</time>
</trkpt>
<trkpt lat="-13.547626" lon="-71.892897">
<ele>3265.4</ele>
<time>2025-02-05T15:47:42.584Z</time>
</trkpt>
<trkpt lat="-13.547624" lon="-71.892891">
<ele>3265.4</ele>
<time>2025-02-05T15:47:45.584Z</time>
</trkpt>
<trkpt lat="-13.547624" lon="-71.892891">
<ele>3265.4</ele>
<time>2025-02-05T15:47:48.449Z</time>
</trkpt>
<trkpt lat="-13.547616" lon="-71.892884">
<ele>3265.4</ele>
<time>2025-02-05T15:47:51.584Z</time>
</trkpt>
<trkpt lat="-13.54761" lon="-71.89288">
<ele>3265.4</ele>
<time>2025-02-05T15:47:54.584Z</time>
</trkpt>
<trkpt lat="-13.547619" lon="-71.892883">
<ele>3264.9</ele>
<time>2025-02-05T15:47:57.584Z</time>
</trkpt>
<trkpt lat="-13.547596" lon="-71.892876">
<ele>3265.5</ele>
<time>2025-02-05T15:48:00.584Z</time>
</trkpt>
<trkpt lat="-13.547597" lon="-71.892874">
<ele>3265.5</ele>
<time>2025-02-05T15:48:03.397Z</time>
</trkpt>
<trkpt lat="-13.547596" lon="-71.892868">
<ele>3265.5</ele>
<time>2025-02-05T15:48:06.584Z</time>
</trkpt>
<trkpt lat="-13.547594" lon="-71.892858">
<ele>3265.5</ele>
<time>2025-02-05T15:48:09.584Z</time>
</trkpt>
<trkpt lat="-13.5476" lon="-71.892866">
<ele>3265.5</ele>
<time>2025-02-05T15:48:12.583Z</time>
</trkpt>
<trkpt lat="-13.547599" lon="-71.892861">
<ele>3265.5</ele>
<time>2025-02-05T15:48:15.583Z</time>
</trkpt>
<trkpt lat="-13.547599" lon="-71.892861">
<ele>3265.5</ele>
<time>2025-02-05T15:48:18.460Z</time>
</trkpt>
<trkpt lat="-13.547638" lon="-71.892889">
<ele>3265.5</ele>
<time>2025-02-05T15:48:21.583Z</time>
</trkpt>
<trkpt lat="-13.547641" lon="-71.892892">
<ele>3265.6</ele>
<time>2025-02-05T15:48:24.583Z</time>
</trkpt>
<trkpt lat="-13.547641" lon="-71.892892">
<ele>3265.6</ele>
<time>2025-02-05T15:48:27.583Z</time>
</trkpt>
<trkpt lat="-13.547641" lon="-71.892892">
<ele>3265.6</ele>
<time>2025-02-05T15:48:30.583Z</time>
</trkpt>
<trkpt lat="-13.547641" lon="-71.892892">
<ele>3265.6</ele>
<time>2025-02-05T15:48:33.583Z</time>
</trkpt>
<trkpt lat="-13.547641" lon="-71.892892">
<ele>3265.6</ele>
<time>2025-02-05T15:48:36.583Z</time>
</trkpt>
<trkpt lat="-13.547641" lon="-71.892892">
<ele>3265.6</ele>
<time>2025-02-05T15:48:39.583Z</time>
</trkpt>
<trkpt lat="-13.547641" lon="-71.892892">
<ele>3265.6</ele>
<time>2025-02-05T15:48:42.583Z</time>
</trkpt>
<trkpt lat="-13.547641" lon="-71.892892">
<ele>3265.5</ele>
<time>2025-02-05T15:48:45.583Z</time>
</trkpt>
<trkpt lat="-13.547641" lon="-71.892892">
<ele>3265.5</ele>
<time>2025-02-05T15:48:48.583Z</time>
</trkpt>
<trkpt lat="-13.547641" lon="-71.89289">
<ele>3265.9</ele>
<time>2025-02-05T15:48:51.583Z</time>
</trkpt>
<trkpt lat="-13.547641" lon="-71.89289">
<ele>3265.9</ele>
<time>2025-02-05T15:48:54.583Z</time>
</trkpt>
<trkpt lat="-13.547641" lon="-71.89289">
<ele>3265.9</ele>
<time>2025-02-05T15:48:57.583Z</time>
</trkpt>
<trkpt lat="-13.547641" lon="-71.89289">
<ele>3265.9</ele>
<time>2025-02-05T15:49:00.583Z</time>
</trkpt>
<trkpt lat="-13.547643" lon="-71.892892">
<ele>3265.6</ele>
<time>2025-02-05T15:49:03.583Z</time>
</trkpt>
<trkpt lat="-13.547648" lon="-71.892895">
<ele>3265.4</ele>
<time>2025-02-05T15:49:06.583Z</time>
</trkpt>
<trkpt lat="-13.547643" lon="-71.892889">
<ele>3265.8</ele>
<time>2025-02-05T15:49:09.583Z</time>
</trkpt>
<trkpt lat="-13.547644" lon="-71.892889">
<ele>3265.7</ele>
<time>2025-02-05T15:49:12.583Z</time>
</trkpt>
<trkpt lat="-13.547644" lon="-71.892888">
<ele>3265.7</ele>
<time>2025-02-05T15:49:15.583Z</time>
</trkpt>
<trkpt lat="-13.547633" lon="-71.892878">
<ele>3265.7</ele>
<time>2025-02-05T15:49:18.583Z</time>
</trkpt>
<trkpt lat="-13.547634" lon="-71.892879">
<ele>3265.7</ele>
<time>2025-02-05T15:49:21.583Z</time>
</trkpt>
<trkpt lat="-13.547631" lon="-71.892875">
<ele>3265.7</ele>
<time>2025-02-05T15:49:24.583Z</time>
</trkpt>
<trkpt lat="-13.547634" lon="-71.892876">
<ele>3265.7</ele>
<time>2025-02-05T15:49:27.583Z</time>
</trkpt>
<trkpt lat="-13.547649" lon="-71.89289">
<ele>3265.7</ele>
<time>2025-02-05T15:49:30.583Z</time>
</trkpt>
<trkpt lat="-13.547651" lon="-71.892892">
<ele>3265.7</ele>
<time>2025-02-05T15:49:33.583Z</time>
</trkpt>
<trkpt lat="-13.547651" lon="-71.892892">
<ele>3265.6</ele>
<time>2025-02-05T15:49:36.583Z</time>
</trkpt>
<trkpt lat="-13.547651" lon="-71.892892">
<ele>3265.6</ele>
<time>2025-02-05T15:49:39.583Z</time>
</trkpt>
<trkpt lat="-13.547651" lon="-71.892892">
<ele>3265.6</ele>
<time>2025-02-05T15:49:42.583Z</time>
</trkpt>
<trkpt lat="-13.547651" lon="-71.892892">
<ele>3265.6</ele>
<time>2025-02-05T15:49:45.583Z</time>
</trkpt>
<trkpt lat="-13.547651" lon="-71.892892">
<ele>3265.6</ele>
<time>2025-02-05T15:49:48.583Z</time>
</trkpt>
<trkpt lat="-13.547651" lon="-71.892892">
<ele>3265.6</ele>
<time>2025-02-05T15:49:51.583Z</time>
</trkpt>
<trkpt lat="-13.54765" lon="-71.892892">
<ele>3265.6</ele>
<time>2025-02-05T15:49:54.583Z</time>
</trkpt>
<trkpt lat="-13.54765" lon="-71.892892">
<ele>3265.6</ele>
<time>2025-02-05T15:49:57.583Z</time>
</trkpt>
<trkpt lat="-13.54765" lon="-71.892892">
<ele>3265.6</ele>
<time>2025-02-05T15:50:00.584Z</time>
</trkpt>
<trkpt lat="-13.54765" lon="-71.892892">
<ele>3265.6</ele>
<time>2025-02-05T15:50:03.583Z</time>
</trkpt>
<trkpt lat="-13.54765" lon="-71.892892">
<ele>3265.6</ele>
<time>2025-02-05T15:50:06.583Z</time>
</trkpt>
<trkpt lat="-13.54765" lon="-71.892891">
<ele>3265.8</ele>
<time>2025-02-05T15:50:09.583Z</time>
</trkpt>
<trkpt lat="-13.54765" lon="-71.892891">
<ele>3265.8</ele>
<time>2025-02-05T15:50:12.583Z</time>
</trkpt>
<trkpt lat="-13.54765" lon="-71.892891">
<ele>3265.8</ele>
<time>2025-02-05T15:50:15.582Z</time>
</trkpt>
<trkpt lat="-13.54765" lon="-71.892891">
<ele>3265.8</ele>
<time>2025-02-05T15:50:18.583Z</time>
</trkpt>
<trkpt lat="-13.54765" lon="-71.892891">
<ele>3265.8</ele>
<time>2025-02-05T15:50:21.583Z</time>
</trkpt>
<trkpt lat="-13.547652" lon="-71.892892">
<ele>3265.9</ele>
<time>2025-02-05T15:50:24.583Z</time>
</trkpt>
<trkpt lat="-13.54765" lon="-71.892895">
<ele>3265.8</ele>
<time>2025-02-05T15:50:27.582Z</time>
</trkpt>
<trkpt lat="-13.547639" lon="-71.892883">
<ele>3265.2</ele>
<time>2025-02-05T15:50:30.583Z</time>
</trkpt>
<trkpt lat="-13.547626" lon="-71.892877">
<ele>3265</ele>
<time>2025-02-05T15:50:33.582Z</time>
</trkpt>
<trkpt lat="-13.54763" lon="-71.892886">
<ele>3265.2</ele>
<time>2025-02-05T15:50:36.583Z</time>
</trkpt>
<trkpt lat="-13.547616" lon="-71.892897">
<ele>3265.2</ele>
<time>2025-02-05T15:50:39.386Z</time>
</trkpt>
<trkpt lat="-13.547588" lon="-71.892915">
<ele>3265.1</ele>
<time>2025-02-05T15:50:42.583Z</time>
</trkpt>
<trkpt lat="-13.547592" lon="-71.892944">
<ele>3264.3</ele>
<time>2025-02-05T15:50:45.583Z</time>
</trkpt>
<trkpt lat="-13.547574" lon="-71.892946">
<ele>3264.3</ele>
<time>2025-02-05T15:50:48.498Z</time>
</trkpt>
<trkpt lat="-13.547571" lon="-71.892951">
<ele>3264.9</ele>
<time>2025-02-05T15:50:51.201Z</time>
</trkpt>
<trkpt lat="-13.547536" lon="-71.892955">
<ele>3264.7</ele>
<time>2025-02-05T15:50:54.248Z</time>
</trkpt>
<trkpt lat="-13.547525" lon="-71.892944">
<ele>3264.7</ele>
<time>2025-02-05T15:50:57.583Z</time>
</trkpt>
<trkpt lat="-13.547536" lon="-71.892942">
<ele>3265.3</ele>
<time>2025-02-05T15:51:00.583Z</time>
</trkpt>
<trkpt lat="-13.547544" lon="-71.89294">
<ele>3265.3</ele>
<time>2025-02-05T15:51:03.582Z</time>
</trkpt>
<trkpt lat="-13.54755" lon="-71.89294">
<ele>3265.3</ele>
<time>2025-02-05T15:51:06.583Z</time>
</trkpt>
<trkpt lat="-13.547551" lon="-71.892923">
<ele>3265.3</ele>
<time>2025-02-05T15:51:09.583Z</time>
</trkpt>
<trkpt lat="-13.547556" lon="-71.89291">
<ele>3265.3</ele>
<time>2025-02-05T15:51:12.583Z</time>
</trkpt>
<trkpt lat="-13.547558" lon="-71.892909">
<ele>3265.3</ele>
<time>2025-02-05T15:51:15.582Z</time>
</trkpt>
<trkpt lat="-13.54759" lon="-71.892938">
<ele>3265.3</ele>
<time>2025-02-05T15:51:18.583Z</time>
</trkpt>
<trkpt lat="-13.547594" lon="-71.892941">
<ele>3265.4</ele>
<time>2025-02-05T15:51:21.583Z</time>
</trkpt>
<trkpt lat="-13.547594" lon="-71.892942">
<ele>3265.4</ele>
<time>2025-02-05T15:51:24.582Z</time>
</trkpt>
<trkpt lat="-13.547594" lon="-71.892941">
<ele>3265.4</ele>
<time>2025-02-05T15:51:27.583Z</time>
</trkpt>
<trkpt lat="-13.547595" lon="-71.89294">
<ele>3265.3</ele>
<time>2025-02-05T15:51:30.583Z</time>
</trkpt>
<trkpt lat="-13.54757" lon="-71.892907">
<ele>3265.3</ele>
<time>2025-02-05T15:51:33.583Z</time>
</trkpt>
<trkpt lat="-13.547582" lon="-71.892922">
<ele>3265.3</ele>
<time>2025-02-05T15:51:36.582Z</time>
</trkpt>
<trkpt lat="-13.547582" lon="-71.892921">
<ele>3265.3</ele>
<time>2025-02-05T15:51:39.583Z</time>
</trkpt>
<trkpt lat="-13.547581" lon="-71.892919">
<ele>3265.3</ele>
<time>2025-02-05T15:51:42.586Z</time>
</trkpt>
<trkpt lat="-13.547584" lon="-71.892924">
<ele>3265.3</ele>
<time>2025-02-05T15:51:45.583Z</time>
</trkpt>
<trkpt lat="-13.547578" lon="-71.892913">
<ele>3265.3</ele>
<time>2025-02-05T15:51:48.663Z</time>
</trkpt>
<trkpt lat="-13.547581" lon="-71.892917">
<ele>3265.1</ele>
<time>2025-02-05T15:51:51.582Z</time>
</trkpt>
<trkpt lat="-13.547597" lon="-71.892924">
<ele>3265</ele>
<time>2025-02-05T15:51:54.583Z</time>
</trkpt>
<trkpt lat="-13.547598" lon="-71.892931">
<ele>3264.8</ele>
<time>2025-02-05T15:51:57.583Z</time>
</trkpt>
<trkpt lat="-13.547582" lon="-71.892913">
<ele>3264.8</ele>
<time>2025-02-05T15:52:00.583Z</time>
</trkpt>
<trkpt lat="-13.547578" lon="-71.892906">
<ele>3264.8</ele>
<time>2025-02-05T15:52:03.583Z</time>
</trkpt>
<trkpt lat="-13.54758" lon="-71.892906">
<ele>3264.8</ele>
<time>2025-02-05T15:52:06.582Z</time>
</trkpt>
<trkpt lat="-13.547582" lon="-71.892902">
<ele>3264.8</ele>
<time>2025-02-05T15:52:09.616Z</time>
</trkpt>
<trkpt lat="-13.547597" lon="-71.89293">
<ele>3264.8</ele>
<time>2025-02-05T15:52:12.583Z</time>
</trkpt>
<trkpt lat="-13.547599" lon="-71.892933">
<ele>3264.8</ele>
<time>2025-02-05T15:52:15.583Z</time>
</trkpt>
<trkpt lat="-13.547599" lon="-71.892934">
<ele>3264.8</ele>
<time>2025-02-05T15:52:18.583Z</time>
</trkpt>
<trkpt lat="-13.547599" lon="-71.892934">
<ele>3264.8</ele>
<time>2025-02-05T15:52:21.583Z</time>
</trkpt>
<trkpt lat="-13.547599" lon="-71.892934">
<ele>3264.8</ele>
<time>2025-02-05T15:52:24.583Z</time>
</trkpt>
<trkpt lat="-13.547599" lon="-71.892934">
<ele>3264.8</ele>
<time>2025-02-05T15:52:27.583Z</time>
</trkpt>
<trkpt lat="-13.5476" lon="-71.892934">
<ele>3264.8</ele>
<time>2025-02-05T15:52:30.583Z</time>
</trkpt>
<trkpt lat="-13.5476" lon="-71.892934">
<ele>3264.7</ele>
<time>2025-02-05T15:52:33.583Z</time>
</trkpt>
<trkpt lat="-13.547602" lon="-71.892935">
<ele>3264.4</ele>
<time>2025-02-05T15:52:36.583Z</time>
</trkpt>
<trkpt lat="-13.54761" lon="-71.892938">
<ele>3264.8</ele>
<time>2025-02-05T15:52:39.583Z</time>
</trkpt>
<trkpt lat="-13.547606" lon="-71.892935">
<ele>3265.1</ele>
<time>2025-02-05T15:52:42.582Z</time>
</trkpt>
<trkpt lat="-13.547604" lon="-71.892933">
<ele>3265.1</ele>
<time>2025-02-05T15:52:45.583Z</time>
</trkpt>
<trkpt lat="-13.547597" lon="-71.892925">
<ele>3265</ele>
<time>2025-02-05T15:52:48.583Z</time>
</trkpt>
<trkpt lat="-13.547601" lon="-71.892926">
<ele>3265</ele>
<time>2025-02-05T15:52:51.583Z</time>
</trkpt>
<trkpt lat="-13.547598" lon="-71.892914">
<ele>3265</ele>
<time>2025-02-05T15:52:54.583Z</time>
</trkpt>
<trkpt lat="-13.5476" lon="-71.892917">
<ele>3265</ele>
<time>2025-02-05T15:52:57.582Z</time>
</trkpt>
<trkpt lat="-13.547613" lon="-71.89294">
<ele>3265</ele>
<time>2025-02-05T15:53:00.582Z</time>
</trkpt>
<trkpt lat="-13.547614" lon="-71.892941">
<ele>3265</ele>
<time>2025-02-05T15:53:03.582Z</time>
</trkpt>
<trkpt lat="-13.547614" lon="-71.892941">
<ele>3265</ele>
<time>2025-02-05T15:53:06.582Z</time>
</trkpt>
<trkpt lat="-13.547614" lon="-71.892941">
<ele>3265</ele>
<time>2025-02-05T15:53:09.582Z</time>
</trkpt>
<trkpt lat="-13.547617" lon="-71.892937">
<ele>3265</ele>
<time>2025-02-05T15:53:12.582Z</time>
</trkpt>
<trkpt lat="-13.547617" lon="-71.892938">
<ele>3265.5</ele>
<time>2025-02-05T15:53:15.582Z</time>
</trkpt>
<trkpt lat="-13.547617" lon="-71.89294">
<ele>3265.4</ele>
<time>2025-02-05T15:53:18.581Z</time>
</trkpt>
<trkpt lat="-13.547617" lon="-71.89294">
<ele>3265.4</ele>
<time>2025-02-05T15:53:21.582Z</time>
</trkpt>
<trkpt lat="-13.547617" lon="-71.89294">
<ele>3265.4</ele>
<time>2025-02-05T15:53:24.582Z</time>
</trkpt>
<trkpt lat="-13.547616" lon="-71.89294">
<ele>3265.4</ele>
<time>2025-02-05T15:53:27.582Z</time>
</trkpt>
<trkpt lat="-13.547616" lon="-71.89294">
<ele>3265.4</ele>
<time>2025-02-05T15:53:30.582Z</time>
</trkpt>
<trkpt lat="-13.547616" lon="-71.89294">
<ele>3265.4</ele>
<time>2025-02-05T15:53:33.582Z</time>
</trkpt>
<trkpt lat="-13.547616" lon="-71.89294">
<ele>3265.4</ele>
<time>2025-02-05T15:53:36.581Z</time>
</trkpt>
<trkpt lat="-13.547616" lon="-71.89294">
<ele>3265.4</ele>
<time>2025-02-05T15:53:39.582Z</time>
</trkpt>
<trkpt lat="-13.547616" lon="-71.89294">
<ele>3265.4</ele>
<time>2025-02-05T15:53:42.582Z</time>
</trkpt>
<trkpt lat="-13.547616" lon="-71.89294">
<ele>3265.4</ele>
<time>2025-02-05T15:53:45.582Z</time>
</trkpt>
<trkpt lat="-13.547616" lon="-71.89294">
<ele>3265.4</ele>
<time>2025-02-05T15:53:48.582Z</time>
</trkpt>
<trkpt lat="-13.547614" lon="-71.892935">
<ele>3265.7</ele>
<time>2025-02-05T15:53:51.582Z</time>
</trkpt>
<trkpt lat="-13.547614" lon="-71.892935">
<ele>3265.7</ele>
<time>2025-02-05T15:53:54.582Z</time>
</trkpt>
<trkpt lat="-13.547614" lon="-71.892935">
<ele>3265.7</ele>
<time>2025-02-05T15:53:57.582Z</time>
</trkpt>
<trkpt lat="-13.547615" lon="-71.892939">
<ele>3266</ele>
<time>2025-02-05T15:54:00.582Z</time>
</trkpt>
<trkpt lat="-13.547615" lon="-71.89294">
<ele>3266</ele>
<time>2025-02-05T15:54:03.582Z</time>
</trkpt>
<trkpt lat="-13.547615" lon="-71.89294">
<ele>3266</ele>
<time>2025-02-05T15:54:06.582Z</time>
</trkpt>
<trkpt lat="-13.547616" lon="-71.892938">
<ele>3266</ele>
<time>2025-02-05T15:54:09.582Z</time>
</trkpt>
<trkpt lat="-13.547616" lon="-71.892937">
<ele>3266</ele>
<time>2025-02-05T15:54:12.582Z</time>
</trkpt>
<trkpt lat="-13.547614" lon="-71.892939">
<ele>3265.6</ele>
<time>2025-02-05T15:54:15.582Z</time>
</trkpt>
<trkpt lat="-13.547613" lon="-71.892939">
<ele>3265.6</ele>
<time>2025-02-05T15:54:18.582Z</time>
</trkpt>
<trkpt lat="-13.547613" lon="-71.892939">
<ele>3270.1</ele>
<time>2025-02-05T15:54:21.582Z</time>
</trkpt>
<trkpt lat="-13.547613" lon="-71.892939">
<ele>3270.6</ele>
<time>2025-02-05T15:54:24.582Z</time>
</trkpt>
<trkpt lat="-13.547613" lon="-71.892939">
<ele>3270.6</ele>
<time>2025-02-05T15:54:27.582Z</time>
</trkpt>
<trkpt lat="-13.547613" lon="-71.892939">
<ele>3265.6</ele>
<time>2025-02-05T15:54:30.582Z</time>
</trkpt>
<trkpt lat="-13.547613" lon="-71.892939">
<ele>3265.6</ele>
<time>2025-02-05T15:54:33.582Z</time>
</trkpt>
<trkpt lat="-13.547614" lon="-71.892939">
<ele>3265.6</ele>
<time>2025-02-05T15:54:36.582Z</time>
</trkpt>
<trkpt lat="-13.547612" lon="-71.892941">
<ele>3269.6</ele>
<time>2025-02-05T15:54:39.582Z</time>
</trkpt>
<trkpt lat="-13.54761" lon="-71.892939">
<ele>3269.6</ele>
<time>2025-02-05T15:54:42.582Z</time>
</trkpt>
<trkpt lat="-13.547609" lon="-71.892938">
<ele>3265</ele>
<time>2025-02-05T15:54:45.581Z</time>
</trkpt>
<trkpt lat="-13.547609" lon="-71.892939">
<ele>3265</ele>
<time>2025-02-05T15:54:48.582Z</time>
</trkpt>
<trkpt lat="-13.54761" lon="-71.89294">
<ele>3265.3</ele>
<time>2025-02-05T15:54:51.582Z</time>
</trkpt>
<trkpt lat="-13.547612" lon="-71.892938">
<ele>3265.3</ele>
<time>2025-02-05T15:54:54.581Z</time>
</trkpt>
<trkpt lat="-13.547612" lon="-71.892938">
<ele>3265.3</ele>
<time>2025-02-05T15:54:57.582Z</time>
</trkpt>
<trkpt lat="-13.547612" lon="-71.892938">
<ele>3265.3</ele>
<time>2025-02-05T15:55:00.582Z</time>
</trkpt>
<trkpt lat="-13.547612" lon="-71.892939">
<ele>3265.4</ele>
<time>2025-02-05T15:55:03.581Z</time>
</trkpt>
<trkpt lat="-13.547611" lon="-71.892939">
<ele>3265.4</ele>
<time>2025-02-05T15:55:06.582Z</time>
</trkpt>
<trkpt lat="-13.547611" lon="-71.892939">
<ele>3265.4</ele>
<time>2025-02-05T15:55:09.582Z</time>
</trkpt>
<trkpt lat="-13.547611" lon="-71.892939">
<ele>3265.4</ele>
<time>2025-02-05T15:55:14.582Z</time>
</trkpt>
<trkpt lat="-13.547611" lon="-71.892939">
<ele>3265.4</ele>
<time>2025-02-05T15:55:17.582Z</time>
</trkpt>
<trkpt lat="-13.54761" lon="-71.89294">
<ele>3265.3</ele>
<time>2025-02-05T15:55:20.581Z</time>
</trkpt>
<trkpt lat="-13.547612" lon="-71.89294">
<ele>3265.6</ele>
<time>2025-02-05T15:55:23.582Z</time>
</trkpt>
<trkpt lat="-13.547613" lon="-71.89294">
<ele>3265.6</ele>
<time>2025-02-05T15:55:26.582Z</time>
</trkpt>
<trkpt lat="-13.547613" lon="-71.89294">
<ele>3265.6</ele>
<time>2025-02-05T15:55:29.582Z</time>
</trkpt>
<trkpt lat="-13.547613" lon="-71.89294">
<ele>3265.6</ele>
<time>2025-02-05T15:55:32.582Z</time>
</trkpt>
<trkpt lat="-13.547613" lon="-71.89294">
<ele>3265.6</ele>
<time>2025-02-05T15:55:35.582Z</time>
</trkpt>
<trkpt lat="-13.547613" lon="-71.892939">
<ele>3265.6</ele>
<time>2025-02-05T15:55:38.582Z</time>
</trkpt>
<trkpt lat="-13.547613" lon="-71.892939">
<ele>3265.6</ele>
<time>2025-02-05T15:55:41.581Z</time>
</trkpt>
<trkpt lat="-13.547613" lon="-71.892939">
<ele>3265.6</ele>
<time>2025-02-05T15:55:44.581Z</time>
</trkpt>
<trkpt lat="-13.547613" lon="-71.892939">
<ele>3265.6</ele>
<time>2025-02-05T15:55:47.582Z</time>
</trkpt>
<trkpt lat="-13.547613" lon="-71.892939">
<ele>3265.6</ele>
<time>2025-02-05T15:55:50.582Z</time>
</trkpt>
<trkpt lat="-13.547613" lon="-71.892939">
<ele>3265.6</ele>
<time>2025-02-05T15:55:53.582Z</time>
</trkpt>
<trkpt lat="-13.547613" lon="-71.892939">
<ele>3265.6</ele>
<time>2025-02-05T15:55:56.582Z</time>
</trkpt>
<trkpt lat="-13.547613" lon="-71.892939">
<ele>3265.6</ele>
<time>2025-02-05T15:55:59.581Z</time>
</trkpt>
<trkpt lat="-13.547613" lon="-71.892939">
<ele>3265.6</ele>
<time>2025-02-05T15:56:02.582Z</time>
</trkpt>
<trkpt lat="-13.547613" lon="-71.892939">
<ele>3265.6</ele>
<time>2025-02-05T15:56:05.582Z</time>
</trkpt>
<trkpt lat="-13.547613" lon="-71.892939">
<ele>3265.6</ele>
<time>2025-02-05T15:56:08.582Z</time>
</trkpt>
<trkpt lat="-13.547613" lon="-71.892939">
<ele>3265.6</ele>
<time>2025-02-05T15:56:11.581Z</time>
</trkpt>
<trkpt lat="-13.547613" lon="-71.892939">
<ele>3265.6</ele>
<time>2025-02-05T15:56:14.582Z</time>
</trkpt>
<trkpt lat="-13.547613" lon="-71.892939">
<ele>3265.6</ele>
<time>2025-02-05T15:56:17.582Z</time>
</trkpt>
<trkpt lat="-13.547613" lon="-71.892939">
<ele>3265.6</ele>
<time>2025-02-05T15:56:20.582Z</time>
</trkpt>
<trkpt lat="-13.547613" lon="-71.892939">
<ele>3265.6</ele>
<time>2025-02-05T15:56:23.582Z</time>
</trkpt>
<trkpt lat="-13.547613" lon="-71.892939">
<ele>3265.6</ele>
<time>2025-02-05T15:56:26.582Z</time>
</trkpt>
<trkpt lat="-13.547612" lon="-71.892937">
<ele>3266.1</ele>
<time>2025-02-05T15:56:29.582Z</time>
</trkpt>
<trkpt lat="-13.547611" lon="-71.892937">
<ele>3266.1</ele>
<time>2025-02-05T15:56:32.582Z</time>
</trkpt>
<trkpt lat="-13.547611" lon="-71.892937">
<ele>3266</ele>
<time>2025-02-05T15:56:35.582Z</time>
</trkpt>
<trkpt lat="-13.547611" lon="-71.892937">
<ele>3266.1</ele>
<time>2025-02-05T15:56:38.582Z</time>
</trkpt>
<trkpt lat="-13.547608" lon="-71.89294">
<ele>3269.7</ele>
<time>2025-02-05T15:56:41.582Z</time>
</trkpt>
<trkpt lat="-13.547607" lon="-71.89294">
<ele>3269.7</ele>
<time>2025-02-05T15:56:44.582Z</time>
</trkpt>
<trkpt lat="-13.547607" lon="-71.89294">
<ele>3269.7</ele>
<time>2025-02-05T15:56:47.582Z</time>
</trkpt>
<trkpt lat="-13.547607" lon="-71.89294">
<ele>3265.8</ele>
<time>2025-02-05T15:56:50.582Z</time>
</trkpt>
<trkpt lat="-13.547607" lon="-71.89294">
<ele>3265.8</ele>
<time>2025-02-05T15:56:53.582Z</time>
</trkpt>
<trkpt lat="-13.547607" lon="-71.89294">
<ele>3270.2</ele>
<time>2025-02-05T15:56:56.582Z</time>
</trkpt>
<trkpt lat="-13.547607" lon="-71.89294">
<ele>3270.2</ele>
<time>2025-02-05T15:56:59.582Z</time>
</trkpt>
<trkpt lat="-13.547607" lon="-71.89294">
<ele>3270.2</ele>
<time>2025-02-05T15:57:02.581Z</time>
</trkpt>
<trkpt lat="-13.547607" lon="-71.89294">
<ele>3265.8</ele>
<time>2025-02-05T15:57:05.582Z</time>
</trkpt>
<trkpt lat="-13.547607" lon="-71.89294">
<ele>3265.8</ele>
<time>2025-02-05T15:57:08.582Z</time>
</trkpt>
<trkpt lat="-13.547606" lon="-71.892939">
<ele>3265.8</ele>
<time>2025-02-05T15:57:11.582Z</time>
</trkpt>
<trkpt lat="-13.547607" lon="-71.892937">
<ele>3265.6</ele>
<time>2025-02-05T15:57:14.582Z</time>
</trkpt>
<trkpt lat="-13.547607" lon="-71.892937">
<ele>3266</ele>
<time>2025-02-05T15:57:17.582Z</time>
</trkpt>
<trkpt lat="-13.547606" lon="-71.892937">
<ele>3266</ele>
<time>2025-02-05T15:57:20.582Z</time>
</trkpt>
<trkpt lat="-13.547606" lon="-71.892937">
<ele>3266</ele>
<time>2025-02-05T15:57:23.582Z</time>
</trkpt>
<trkpt lat="-13.547606" lon="-71.892937">
<ele>3266.1</ele>
<time>2025-02-05T15:57:26.581Z</time>
</trkpt>
<trkpt lat="-13.547606" lon="-71.892937">
<ele>3266.1</ele>
<time>2025-02-05T15:57:29.582Z</time>
</trkpt>
<trkpt lat="-13.547606" lon="-71.892937">
<ele>3266.1</ele>
<time>2025-02-05T15:57:32.582Z</time>
</trkpt>
<trkpt lat="-13.547606" lon="-71.892937">
<ele>3266</ele>
<time>2025-02-05T15:57:35.582Z</time>
</trkpt>
<trkpt lat="-13.547606" lon="-71.892936">
<ele>3265.9</ele>
<time>2025-02-05T15:57:38.582Z</time>
</trkpt>
<trkpt lat="-13.547606" lon="-71.892936">
<ele>3265.9</ele>
<time>2025-02-05T15:57:41.582Z</time>
</trkpt>
<trkpt lat="-13.547606" lon="-71.892936">
<ele>3265.9</ele>
<time>2025-02-05T15:57:44.582Z</time>
</trkpt>
<trkpt lat="-13.547606" lon="-71.892935">
<ele>3265.9</ele>
<time>2025-02-05T15:57:47.582Z</time>
</trkpt>
<trkpt lat="-13.547606" lon="-71.892935">
<ele>3265.9</ele>
<time>2025-02-05T15:57:50.582Z</time>
</trkpt>
<trkpt lat="-13.547605" lon="-71.892936">
<ele>3265.7</ele>
<time>2025-02-05T15:57:53.581Z</time>
</trkpt>
<trkpt lat="-13.547605" lon="-71.892936">
<ele>3265.7</ele>
<time>2025-02-05T15:57:56.582Z</time>
</trkpt>
<trkpt lat="-13.547604" lon="-71.892936">
<ele>3265.6</ele>
<time>2025-02-05T15:57:59.582Z</time>
</trkpt>
<trkpt lat="-13.547604" lon="-71.892936">
<ele>3265.7</ele>
<time>2025-02-05T15:58:02.582Z</time>
</trkpt>
<trkpt lat="-13.547604" lon="-71.892936">
<ele>3265.7</ele>
<time>2025-02-05T15:58:05.582Z</time>
</trkpt>
<trkpt lat="-13.547604" lon="-71.892936">
<ele>3265.7</ele>
<time>2025-02-05T15:58:08.582Z</time>
</trkpt>
<trkpt lat="-13.547604" lon="-71.892936">
<ele>3265.7</ele>
<time>2025-02-05T15:58:11.581Z</time>
</trkpt>
<trkpt lat="-13.547605" lon="-71.892937">
<ele>3265.7</ele>
<time>2025-02-05T15:58:14.581Z</time>
</trkpt>
<trkpt lat="-13.547606" lon="-71.892936">
<ele>3265.7</ele>
<time>2025-02-05T15:58:17.581Z</time>
</trkpt>
<trkpt lat="-13.547606" lon="-71.892936">
<ele>3265.7</ele>
<time>2025-02-05T15:58:20.579Z</time>
</trkpt>
<trkpt lat="-13.547605" lon="-71.892936">
<ele>3265.6</ele>
<time>2025-02-05T15:58:23.581Z</time>
</trkpt>
<trkpt lat="-13.547605" lon="-71.892935">
<ele>3265.6</ele>
<time>2025-02-05T15:58:26.580Z</time>
</trkpt>
<trkpt lat="-13.547605" lon="-71.892935">
<ele>3265.7</ele>
<time>2025-02-05T15:58:29.581Z</time>
</trkpt>
<trkpt lat="-13.547603" lon="-71.892936">
<ele>3265.3</ele>
<time>2025-02-05T15:58:32.581Z</time>
</trkpt>
<trkpt lat="-13.5476" lon="-71.892936">
<ele>3265.3</ele>
<time>2025-02-05T15:58:35.580Z</time>
</trkpt>
<trkpt lat="-13.547601" lon="-71.892936">
<ele>3265.2</ele>
<time>2025-02-05T15:58:38.581Z</time>
</trkpt>
<trkpt lat="-13.5476" lon="-71.892937">
<ele>3265.1</ele>
<time>2025-02-05T15:58:41.580Z</time>
</trkpt>
<trkpt lat="-13.547601" lon="-71.892938">
<ele>3265.1</ele>
<time>2025-02-05T15:58:44.581Z</time>
</trkpt>
<trkpt lat="-13.547603" lon="-71.892937">
<ele>3266.8</ele>
<time>2025-02-05T15:58:47.581Z</time>
</trkpt>
<trkpt lat="-13.547603" lon="-71.892937">
<ele>3266.8</ele>
<time>2025-02-05T15:58:50.581Z</time>
</trkpt>
<trkpt lat="-13.547603" lon="-71.892937">
<ele>3265.4</ele>
<time>2025-02-05T15:58:53.581Z</time>
</trkpt>
<trkpt lat="-13.547603" lon="-71.892937">
<ele>3265.4</ele>
<time>2025-02-05T15:58:56.581Z</time>
</trkpt>
<trkpt lat="-13.547604" lon="-71.892937">
<ele>3265.4</ele>
<time>2025-02-05T15:58:59.581Z</time>
</trkpt>
<trkpt lat="-13.547604" lon="-71.892937">
<ele>3265.4</ele>
<time>2025-02-05T15:59:02.581Z</time>
</trkpt>
<trkpt lat="-13.547604" lon="-71.892937">
<ele>3265.4</ele>
<time>2025-02-05T15:59:05.581Z</time>
</trkpt>
<trkpt lat="-13.547604" lon="-71.892937">
<ele>3265.4</ele>
<time>2025-02-05T15:59:08.581Z</time>
</trkpt>
<trkpt lat="-13.547604" lon="-71.892937">
<ele>3265.4</ele>
<time>2025-02-05T15:59:11.581Z</time>
</trkpt>
<trkpt lat="-13.547604" lon="-71.892937">
<ele>3265.5</ele>
<time>2025-02-05T15:59:14.581Z</time>
</trkpt>
<trkpt lat="-13.547604" lon="-71.892937">
<ele>3265.5</ele>
<time>2025-02-05T15:59:17.581Z</time>
</trkpt>
<trkpt lat="-13.547604" lon="-71.892937">
<ele>3265.5</ele>
<time>2025-02-05T15:59:20.581Z</time>
</trkpt>
<trkpt lat="-13.547604" lon="-71.892937">
<ele>3265.5</ele>
<time>2025-02-05T15:59:23.581Z</time>
</trkpt>
<trkpt lat="-13.547603" lon="-71.892936">
<ele>3265.5</ele>
<time>2025-02-05T15:59:26.581Z</time>
</trkpt>
<trkpt lat="-13.547603" lon="-71.892936">
<ele>3265.5</ele>
<time>2025-02-05T15:59:29.581Z</time>
</trkpt>
<trkpt lat="-13.547603" lon="-71.892936">
<ele>3265.5</ele>
<time>2025-02-05T15:59:32.581Z</time>
</trkpt>
<trkpt lat="-13.547601" lon="-71.892938">
<ele>3265.6</ele>
<time>2025-02-05T15:59:35.582Z</time>
</trkpt>
<trkpt lat="-13.5476" lon="-71.892938">
<ele>3265.9</ele>
<time>2025-02-05T15:59:38.581Z</time>
</trkpt>
<trkpt lat="-13.5476" lon="-71.892941">
<ele>3265.9</ele>
<time>2025-02-05T15:59:41.581Z</time>
</trkpt>
<trkpt lat="-13.5476" lon="-71.892942">
<ele>3265.9</ele>
<time>2025-02-05T15:59:44.581Z</time>
</trkpt>
<trkpt lat="-13.5476" lon="-71.892942">
<ele>3265.9</ele>
<time>2025-02-05T15:59:47.580Z</time>
</trkpt>
<trkpt lat="-13.547599" lon="-71.892943">
<ele>3266</ele>
<time>2025-02-05T15:59:50.580Z</time>
</trkpt>
<trkpt lat="-13.547599" lon="-71.892943">
<ele>3266</ele>
<time>2025-02-05T15:59:53.581Z</time>
</trkpt>
<trkpt lat="-13.547599" lon="-71.892943">
<ele>3266</ele>
<time>2025-02-05T15:59:56.581Z</time>
</trkpt>
<trkpt lat="-13.547599" lon="-71.892943">
<ele>3266</ele>
<time>2025-02-05T15:59:59.581Z</time>
</trkpt>
<trkpt lat="-13.547599" lon="-71.892943">
<ele>3266</ele>
<time>2025-02-05T16:00:02.581Z</time>
</trkpt>
<trkpt lat="-13.547599" lon="-71.892943">
<ele>3266</ele>
<time>2025-02-05T16:00:05.581Z</time>
</trkpt>
<trkpt lat="-13.547597" lon="-71.89294">
<ele>3265.8</ele>
<time>2025-02-05T16:00:08.580Z</time>
</trkpt>
<trkpt lat="-13.547601" lon="-71.892941">
<ele>3265.7</ele>
<time>2025-02-05T16:00:11.580Z</time>
</trkpt>
<trkpt lat="-13.547601" lon="-71.89294">
<ele>3266.1</ele>
<time>2025-02-05T16:00:14.581Z</time>
</trkpt>
<trkpt lat="-13.547603" lon="-71.892944">
<ele>3266.8</ele>
<time>2025-02-05T16:00:17.581Z</time>
</trkpt>
<trkpt lat="-13.547603" lon="-71.892946">
<ele>3266.8</ele>
<time>2025-02-05T16:00:20.581Z</time>
</trkpt>
<trkpt lat="-13.547603" lon="-71.892947">
<ele>3266.8</ele>
<time>2025-02-05T16:00:23.581Z</time>
</trkpt>
<trkpt lat="-13.547603" lon="-71.892947">
<ele>3266.8</ele>
<time>2025-02-05T16:00:26.581Z</time>
</trkpt>
<trkpt lat="-13.547603" lon="-71.892947">
<ele>3266.8</ele>
<time>2025-02-05T16:00:29.581Z</time>
</trkpt>
<trkpt lat="-13.547603" lon="-71.892947">
<ele>3266.9</ele>
<time>2025-02-05T16:00:32.581Z</time>
</trkpt>
<trkpt lat="-13.547603" lon="-71.892947">
<ele>3266.9</ele>
<time>2025-02-05T16:00:35.580Z</time>
</trkpt>
<trkpt lat="-13.547603" lon="-71.892947">
<ele>3266.9</ele>
<time>2025-02-05T16:00:38.580Z</time>
</trkpt>
<trkpt lat="-13.547603" lon="-71.892947">
<ele>3266.9</ele>
<time>2025-02-05T16:00:41.581Z</time>
</trkpt>
<trkpt lat="-13.547603" lon="-71.892947">
<ele>3266.9</ele>
<time>2025-02-05T16:00:44.581Z</time>
</trkpt>
<trkpt lat="-13.547603" lon="-71.892947">
<ele>3266.9</ele>
<time>2025-02-05T16:00:47.581Z</time>
</trkpt>
<trkpt lat="-13.547603" lon="-71.892947">
<ele>3266.8</ele>
<time>2025-02-05T16:00:50.581Z</time>
</trkpt>
<trkpt lat="-13.547603" lon="-71.892947">
<ele>3266.8</ele>
<time>2025-02-05T16:00:53.581Z</time>
</trkpt>
<trkpt lat="-13.547604" lon="-71.892947">
<ele>3266.8</ele>
<time>2025-02-05T16:00:56.580Z</time>
</trkpt>
<trkpt lat="-13.547604" lon="-71.892947">
<ele>3266.9</ele>
<time>2025-02-05T16:00:59.581Z</time>
</trkpt>
<trkpt lat="-13.547604" lon="-71.892947">
<ele>3266.9</ele>
<time>2025-02-05T16:01:02.581Z</time>
</trkpt>
<trkpt lat="-13.547604" lon="-71.892947">
<ele>3266.9</ele>
<time>2025-02-05T16:01:05.580Z</time>
</trkpt>
<trkpt lat="-13.547604" lon="-71.892947">
<ele>3266.9</ele>
<time>2025-02-05T16:01:08.580Z</time>
</trkpt>
<trkpt lat="-13.547604" lon="-71.892947">
<ele>3266.9</ele>
<time>2025-02-05T16:01:11.581Z</time>
</trkpt>
<trkpt lat="-13.547602" lon="-71.892947">
<ele>3267</ele>
<time>2025-02-05T16:01:14.581Z</time>
</trkpt>
<trkpt lat="-13.547602" lon="-71.892948">
<ele>3267</ele>
<time>2025-02-05T16:01:17.581Z</time>
</trkpt>
<trkpt lat="-13.547602" lon="-71.892947">
<ele>3267.3</ele>
<time>2025-02-05T16:01:20.581Z</time>
</trkpt>
<trkpt lat="-13.547603" lon="-71.892947">
<ele>3267.3</ele>
<time>2025-02-05T16:01:23.581Z</time>
</trkpt>
<trkpt lat="-13.547603" lon="-71.892947">
<ele>3267.3</ele>
<time>2025-02-05T16:01:26.581Z</time>
</trkpt>
<trkpt lat="-13.547603" lon="-71.892947">
<ele>3267.3</ele>
<time>2025-02-05T16:01:29.581Z</time>
</trkpt>
<trkpt lat="-13.547603" lon="-71.892947">
<ele>3267.8</ele>
<time>2025-02-05T16:01:32.581Z</time>
</trkpt>
<trkpt lat="-13.5476" lon="-71.89295">
<ele>3267.8</ele>
<time>2025-02-05T16:01:35.581Z</time>
</trkpt>
<trkpt lat="-13.547601" lon="-71.892949">
<ele>3267.2</ele>
<time>2025-02-05T16:01:38.581Z</time>
</trkpt>
<trkpt lat="-13.547601" lon="-71.892948">
<ele>3267.2</ele>
<time>2025-02-05T16:01:41.581Z</time>
</trkpt>
<trkpt lat="-13.547599" lon="-71.892947">
<ele>3267.2</ele>
<time>2025-02-05T16:01:44.581Z</time>
</trkpt>
<trkpt lat="-13.547599" lon="-71.892945">
<ele>3267.4</ele>
<time>2025-02-05T16:01:47.581Z</time>
</trkpt>
<trkpt lat="-13.547599" lon="-71.892944">
<ele>3267.4</ele>
<time>2025-02-05T16:01:50.580Z</time>
</trkpt>
<trkpt lat="-13.547599" lon="-71.892944">
<ele>3267.4</ele>
<time>2025-02-05T16:01:53.581Z</time>
</trkpt>
<trkpt lat="-13.547599" lon="-71.892944">
<ele>3267.4</ele>
<time>2025-02-05T16:01:56.581Z</time>
</trkpt>
<trkpt lat="-13.5476" lon="-71.892944">
<ele>3267.8</ele>
<time>2025-02-05T16:01:59.581Z</time>
</trkpt>
<trkpt lat="-13.5476" lon="-71.892942">
<ele>3267.9</ele>
<time>2025-02-05T16:02:02.581Z</time>
</trkpt>
<trkpt lat="-13.5476" lon="-71.892942">
<ele>3267.9</ele>
<time>2025-02-05T16:02:05.581Z</time>
</trkpt>
<trkpt lat="-13.547599" lon="-71.892942">
<ele>3267.9</ele>
<time>2025-02-05T16:02:08.581Z</time>
</trkpt>
<trkpt lat="-13.547599" lon="-71.892941">
<ele>3267.6</ele>
<time>2025-02-05T16:02:11.580Z</time>
</trkpt>
<trkpt lat="-13.547599" lon="-71.892939">
<ele>3267.6</ele>
<time>2025-02-05T16:02:14.581Z</time>
</trkpt>
<trkpt lat="-13.547599" lon="-71.892939">
<ele>3267.6</ele>
<time>2025-02-05T16:02:17.581Z</time>
</trkpt>
<trkpt lat="-13.547599" lon="-71.892939">
<ele>3267.6</ele>
<time>2025-02-05T16:02:20.581Z</time>
</trkpt>
<trkpt lat="-13.5476" lon="-71.89294">
<ele>3267.8</ele>
<time>2025-02-05T16:02:23.581Z</time>
</trkpt>
<trkpt lat="-13.5476" lon="-71.892941">
<ele>3267.6</ele>
<time>2025-02-05T16:02:26.581Z</time>
</trkpt>
<trkpt lat="-13.547598" lon="-71.89294">
<ele>3267.6</ele>
<time>2025-02-05T16:02:29.581Z</time>
</trkpt>
<trkpt lat="-13.547579" lon="-71.89294">
<ele>3268.7</ele>
<time>2025-02-05T16:02:32.581Z</time>
</trkpt>
<trkpt lat="-13.547592" lon="-71.89294">
<ele>3268.7</ele>
<time>2025-02-05T16:02:35.580Z</time>
</trkpt>
<trkpt lat="-13.54758" lon="-71.892939">
<ele>3268.7</ele>
<time>2025-02-05T16:02:38.581Z</time>
</trkpt>
<trkpt lat="-13.547568" lon="-71.892938">
<ele>3268.7</ele>
<time>2025-02-05T16:02:41.581Z</time>
</trkpt>
<trkpt lat="-13.547567" lon="-71.892937">
<ele>3268.7</ele>
<time>2025-02-05T16:02:44.581Z</time>
</trkpt>
<trkpt lat="-13.547554" lon="-71.892939">
<ele>3269.3</ele>
<time>2025-02-05T16:02:47.581Z</time>
</trkpt>
<trkpt lat="-13.547552" lon="-71.892939">
<ele>3269.3</ele>
<time>2025-02-05T16:02:50.357Z</time>
</trkpt>
<trkpt lat="-13.547539" lon="-71.892944">
<ele>3269.9</ele>
<time>2025-02-05T16:02:53.580Z</time>
</trkpt>
<trkpt lat="-13.547532" lon="-71.892946">
<ele>3269.9</ele>
<time>2025-02-05T16:02:56.499Z</time>
</trkpt>
<trkpt lat="-13.547526" lon="-71.892954">
<ele>3267.9</ele>
<time>2025-02-05T16:02:59.581Z</time>
</trkpt>
<trkpt lat="-13.54752" lon="-71.892954">
<ele>3267.9</ele>
<time>2025-02-05T16:03:02.581Z</time>
</trkpt>
<trkpt lat="-13.547517" lon="-71.892952">
<ele>3267.9</ele>
<time>2025-02-05T16:03:05.581Z</time>
</trkpt>
<trkpt lat="-13.547519" lon="-71.892956">
<ele>3267.9</ele>
<time>2025-02-05T16:03:08.581Z</time>
</trkpt>
<trkpt lat="-13.547514" lon="-71.892954">
<ele>3268</ele>
<time>2025-02-05T16:03:11.581Z</time>
</trkpt>
<trkpt lat="-13.547517" lon="-71.89296">
<ele>3268</ele>
<time>2025-02-05T16:03:14.581Z</time>
</trkpt>
<trkpt lat="-13.547518" lon="-71.89296">
<ele>3268</ele>
<time>2025-02-05T16:03:17.581Z</time>
</trkpt>
<trkpt lat="-13.547538" lon="-71.892988">
<ele>3268</ele>
<time>2025-02-05T16:03:20.581Z</time>
</trkpt>
<trkpt lat="-13.547545" lon="-71.892991">
<ele>3267.7</ele>
<time>2025-02-05T16:03:23.581Z</time>
</trkpt>
<trkpt lat="-13.547551" lon="-71.892989">
<ele>3267.5</ele>
<time>2025-02-05T16:03:26.581Z</time>
</trkpt>
<trkpt lat="-13.547551" lon="-71.892989">
<ele>3267.3</ele>
<time>2025-02-05T16:03:29.580Z</time>
</trkpt>
<trkpt lat="-13.547551" lon="-71.892989">
<ele>3267.3</ele>
<time>2025-02-05T16:03:32.581Z</time>
</trkpt>
<trkpt lat="-13.547551" lon="-71.892989">
<ele>3267.3</ele>
<time>2025-02-05T16:03:35.581Z</time>
</trkpt>
<trkpt lat="-13.547551" lon="-71.892989">
<ele>3267.3</ele>
<time>2025-02-05T16:03:38.581Z</time>
</trkpt>
<trkpt lat="-13.547551" lon="-71.892989">
<ele>3267.3</ele>
<time>2025-02-05T16:03:41.581Z</time>
</trkpt>
<trkpt lat="-13.547551" lon="-71.892989">
<ele>3267.3</ele>
<time>2025-02-05T16:03:44.580Z</time>
</trkpt>
<trkpt lat="-13.547551" lon="-71.892989">
<ele>3267.3</ele>
<time>2025-02-05T16:03:47.581Z</time>
</trkpt>
<trkpt lat="-13.547551" lon="-71.892989">
<ele>3267.3</ele>
<time>2025-02-05T16:03:50.581Z</time>
</trkpt>
<trkpt lat="-13.547551" lon="-71.892989">
<ele>3267.3</ele>
<time>2025-02-05T16:03:53.581Z</time>
</trkpt>
<trkpt lat="-13.547551" lon="-71.892988">
<ele>3267.3</ele>
<time>2025-02-05T16:03:56.579Z</time>
</trkpt>
<trkpt lat="-13.547551" lon="-71.892986">
<ele>3267.4</ele>
<time>2025-02-05T16:03:59.580Z</time>
</trkpt>
<trkpt lat="-13.547551" lon="-71.892986">
<ele>3267.4</ele>
<time>2025-02-05T16:04:02.580Z</time>
</trkpt>
<trkpt lat="-13.547551" lon="-71.892986">
<ele>3267.4</ele>
<time>2025-02-05T16:04:05.580Z</time>
</trkpt>
<trkpt lat="-13.547551" lon="-71.892986">
<ele>3267.4</ele>
<time>2025-02-05T16:04:08.580Z</time>
</trkpt>
<trkpt lat="-13.547551" lon="-71.892986">
<ele>3267.4</ele>
<time>2025-02-05T16:04:11.580Z</time>
</trkpt>
<trkpt lat="-13.547551" lon="-71.892986">
<ele>3267.4</ele>
<time>2025-02-05T16:04:14.580Z</time>
</trkpt>
<trkpt lat="-13.547551" lon="-71.892986">
<ele>3267.4</ele>
<time>2025-02-05T16:04:17.580Z</time>
</trkpt>
<trkpt lat="-13.547551" lon="-71.892986">
<ele>3267.4</ele>
<time>2025-02-05T16:04:20.580Z</time>
</trkpt>
<trkpt lat="-13.547551" lon="-71.892986">
<ele>3267.5</ele>
<time>2025-02-05T16:04:23.580Z</time>
</trkpt>
<trkpt lat="-13.547551" lon="-71.892986">
<ele>3267.5</ele>
<time>2025-02-05T16:04:26.580Z</time>
</trkpt>
<trkpt lat="-13.547551" lon="-71.892986">
<ele>3267.5</ele>
<time>2025-02-05T16:04:29.579Z</time>
</trkpt>
<trkpt lat="-13.547551" lon="-71.892986">
<ele>3267.5</ele>
<time>2025-02-05T16:04:32.580Z</time>
</trkpt>
<trkpt lat="-13.547551" lon="-71.892986">
<ele>3267.5</ele>
<time>2025-02-05T16:04:35.580Z</time>
</trkpt>
<trkpt lat="-13.547551" lon="-71.892986">
<ele>3267.5</ele>
<time>2025-02-05T16:04:38.580Z</time>
</trkpt>
<trkpt lat="-13.547551" lon="-71.892986">
<ele>3267.5</ele>
<time>2025-02-05T16:04:41.580Z</time>
</trkpt>
<trkpt lat="-13.547551" lon="-71.892986">
<ele>3267.5</ele>
<time>2025-02-05T16:04:44.580Z</time>
</trkpt>
<trkpt lat="-13.547551" lon="-71.892986">
<ele>3267.5</ele>
<time>2025-02-05T16:04:47.580Z</time>
</trkpt>
<trkpt lat="-13.547551" lon="-71.892986">
<ele>3267.5</ele>
<time>2025-02-05T16:04:50.579Z</time>
</trkpt>
<trkpt lat="-13.547551" lon="-71.892986">
<ele>3267.5</ele>
<time>2025-02-05T16:04:53.580Z</time>
</trkpt>
<trkpt lat="-13.547551" lon="-71.892985">
<ele>3267.5</ele>
<time>2025-02-05T16:04:56.580Z</time>
</trkpt>
<trkpt lat="-13.547551" lon="-71.892985">
<ele>3267.5</ele>
<time>2025-02-05T16:04:59.580Z</time>
</trkpt>
<trkpt lat="-13.547551" lon="-71.892985">
<ele>3267.5</ele>
<time>2025-02-05T16:05:02.580Z</time>
</trkpt>
<trkpt lat="-13.547551" lon="-71.892985">
<ele>3267.5</ele>
<time>2025-02-05T16:05:05.579Z</time>
</trkpt>
<trkpt lat="-13.547551" lon="-71.892985">
<ele>3267.5</ele>
<time>2025-02-05T16:05:08.580Z</time>
</trkpt>
<trkpt lat="-13.547551" lon="-71.892985">
<ele>3267.4</ele>
<time>2025-02-05T16:05:11.580Z</time>
</trkpt>
<trkpt lat="-13.547551" lon="-71.892985">
<ele>3267.4</ele>
<time>2025-02-05T16:05:14.579Z</time>
</trkpt>
<trkpt lat="-13.547551" lon="-71.892985">
<ele>3267.4</ele>
<time>2025-02-05T16:05:17.580Z</time>
</trkpt>
<trkpt lat="-13.547551" lon="-71.892985">
<ele>3267.5</ele>
<time>2025-02-05T16:05:20.580Z</time>
</trkpt>
<trkpt lat="-13.547551" lon="-71.892985">
<ele>3267.5</ele>
<time>2025-02-05T16:05:23.579Z</time>
</trkpt>
<trkpt lat="-13.547551" lon="-71.892985">
<ele>3267.5</ele>
<time>2025-02-05T16:05:26.580Z</time>
</trkpt>
<trkpt lat="-13.547551" lon="-71.892985">
<ele>3267.5</ele>
<time>2025-02-05T16:05:29.580Z</time>
</trkpt>
<trkpt lat="-13.547551" lon="-71.892985">
<ele>3267.5</ele>
<time>2025-02-05T16:05:32.580Z</time>
</trkpt>
<trkpt lat="-13.547551" lon="-71.892985">
<ele>3267.5</ele>
<time>2025-02-05T16:05:35.580Z</time>
</trkpt>
<trkpt lat="-13.547551" lon="-71.892985">
<ele>3267.5</ele>
<time>2025-02-05T16:05:38.580Z</time>
</trkpt>
<trkpt lat="-13.547552" lon="-71.892985">
<ele>3267.5</ele>
<time>2025-02-05T16:05:41.580Z</time>
</trkpt>
<trkpt lat="-13.547552" lon="-71.892985">
<ele>3267.5</ele>
<time>2025-02-05T16:05:44.580Z</time>
</trkpt>
<trkpt lat="-13.547552" lon="-71.892985">
<ele>3267.5</ele>
<time>2025-02-05T16:05:47.579Z</time>
</trkpt>
<trkpt lat="-13.547552" lon="-71.892985">
<ele>3267.5</ele>
<time>2025-02-05T16:05:50.580Z</time>
</trkpt>
<trkpt lat="-13.547554" lon="-71.892984">
<ele>3267</ele>
<time>2025-02-05T16:05:53.580Z</time>
</trkpt>
<trkpt lat="-13.547554" lon="-71.892984">
<ele>3267</ele>
<time>2025-02-05T16:05:56.580Z</time>
</trkpt>
<trkpt lat="-13.547554" lon="-71.892984">
<ele>3267</ele>
<time>2025-02-05T16:05:59.580Z</time>
</trkpt>
<trkpt lat="-13.547554" lon="-71.892984">
<ele>3267</ele>
<time>2025-02-05T16:06:02.580Z</time>
</trkpt>
<trkpt lat="-13.547554" lon="-71.892984">
<ele>3267</ele>
<time>2025-02-05T16:06:05.580Z</time>
</trkpt>
<trkpt lat="-13.547554" lon="-71.892984">
<ele>3267</ele>
<time>2025-02-05T16:06:08.580Z</time>
</trkpt>
<trkpt lat="-13.547554" lon="-71.892984">
<ele>3267</ele>
<time>2025-02-05T16:06:11.580Z</time>
</trkpt>
<trkpt lat="-13.547554" lon="-71.892984">
<ele>3267</ele>
<time>2025-02-05T16:06:14.580Z</time>
</trkpt>
<trkpt lat="-13.547554" lon="-71.892984">
<ele>3267</ele>
<time>2025-02-05T16:06:17.580Z</time>
</trkpt>
<trkpt lat="-13.547554" lon="-71.892984">
<ele>3266.9</ele>
<time>2025-02-05T16:06:20.580Z</time>
</trkpt>
<trkpt lat="-13.547554" lon="-71.892984">
<ele>3266.9</ele>
<time>2025-02-05T16:06:23.580Z</time>
</trkpt>
<trkpt lat="-13.547554" lon="-71.892984">
<ele>3266.9</ele>
<time>2025-02-05T16:06:26.580Z</time>
</trkpt>
<trkpt lat="-13.547554" lon="-71.892984">
<ele>3266.9</ele>
<time>2025-02-05T16:06:29.580Z</time>
</trkpt>
<trkpt lat="-13.547555" lon="-71.892984">
<ele>3266.9</ele>
<time>2025-02-05T16:06:32.579Z</time>
</trkpt>
<trkpt lat="-13.547555" lon="-71.892984">
<ele>3266.9</ele>
<time>2025-02-05T16:06:35.580Z</time>
</trkpt>
<trkpt lat="-13.547555" lon="-71.892984">
<ele>3266.9</ele>
<time>2025-02-05T16:06:38.580Z</time>
</trkpt>
<trkpt lat="-13.547555" lon="-71.892983">
<ele>3266.9</ele>
<time>2025-02-05T16:06:41.580Z</time>
</trkpt>
<trkpt lat="-13.547555" lon="-71.892983">
<ele>3266.9</ele>
<time>2025-02-05T16:06:44.580Z</time>
</trkpt>
<trkpt lat="-13.547555" lon="-71.892983">
<ele>3266.9</ele>
<time>2025-02-05T16:06:47.580Z</time>
</trkpt>
<trkpt lat="-13.547555" lon="-71.892983">
<ele>3266.9</ele>
<time>2025-02-05T16:06:50.580Z</time>
</trkpt>
<trkpt lat="-13.547556" lon="-71.892983">
<ele>3266.9</ele>
<time>2025-02-05T16:06:53.580Z</time>
</trkpt>
<trkpt lat="-13.547556" lon="-71.892983">
<ele>3266.9</ele>
<time>2025-02-05T16:06:56.580Z</time>
</trkpt>
<trkpt lat="-13.547555" lon="-71.892983">
<ele>3266.9</ele>
<time>2025-02-05T16:06:59.580Z</time>
</trkpt>
<trkpt lat="-13.547555" lon="-71.892983">
<ele>3267</ele>
<time>2025-02-05T16:07:02.580Z</time>
</trkpt>
<trkpt lat="-13.547555" lon="-71.892983">
<ele>3267</ele>
<time>2025-02-05T16:07:05.580Z</time>
</trkpt>
<trkpt lat="-13.547556" lon="-71.892983">
<ele>3267</ele>
<time>2025-02-05T16:07:08.580Z</time>
</trkpt>
<trkpt lat="-13.547556" lon="-71.892983">
<ele>3267</ele>
<time>2025-02-05T16:07:11.580Z</time>
</trkpt>
<trkpt lat="-13.547556" lon="-71.892983">
<ele>3267</ele>
<time>2025-02-05T16:07:14.580Z</time>
</trkpt>
<trkpt lat="-13.547556" lon="-71.892982">
<ele>3267</ele>
<time>2025-02-05T16:07:17.579Z</time>
</trkpt>
<trkpt lat="-13.547556" lon="-71.892982">
<ele>3267</ele>
<time>2025-02-05T16:07:20.579Z</time>
</trkpt>
<trkpt lat="-13.547556" lon="-71.892982">
<ele>3267</ele>
<time>2025-02-05T16:07:23.580Z</time>
</trkpt>
<trkpt lat="-13.547556" lon="-71.892982">
<ele>3267</ele>
<time>2025-02-05T16:07:26.580Z</time>
</trkpt>
<trkpt lat="-13.547556" lon="-71.892982">
<ele>3267</ele>
<time>2025-02-05T16:07:29.580Z</time>
</trkpt>
<trkpt lat="-13.547556" lon="-71.892982">
<ele>3267</ele>
<time>2025-02-05T16:07:32.579Z</time>
</trkpt>
<trkpt lat="-13.547556" lon="-71.892982">
<ele>3267</ele>
<time>2025-02-05T16:07:35.580Z</time>
</trkpt>
<trkpt lat="-13.547556" lon="-71.892982">
<ele>3266.9</ele>
<time>2025-02-05T16:07:38.580Z</time>
</trkpt>
<trkpt lat="-13.547556" lon="-71.892982">
<ele>3266.9</ele>
<time>2025-02-05T16:07:41.579Z</time>
</trkpt>
<trkpt lat="-13.547556" lon="-71.892982">
<ele>3266.9</ele>
<time>2025-02-05T16:07:44.579Z</time>
</trkpt>
<trkpt lat="-13.547556" lon="-71.892982">
<ele>3266.9</ele>
<time>2025-02-05T16:07:47.580Z</time>
</trkpt>
<trkpt lat="-13.547556" lon="-71.892982">
<ele>3266.9</ele>
<time>2025-02-05T16:07:50.580Z</time>
</trkpt>
<trkpt lat="-13.547556" lon="-71.892982">
<ele>3266.9</ele>
<time>2025-02-05T16:07:53.580Z</time>
</trkpt>
<trkpt lat="-13.547556" lon="-71.892982">
<ele>3266.9</ele>
<time>2025-02-05T16:07:56.580Z</time>
</trkpt>
<trkpt lat="-13.547556" lon="-71.892982">
<ele>3266.9</ele>
<time>2025-02-05T16:07:59.580Z</time>
</trkpt>
<trkpt lat="-13.547556" lon="-71.892982">
<ele>3266.8</ele>
<time>2025-02-05T16:08:02.579Z</time>
</trkpt>
<trkpt lat="-13.547556" lon="-71.892982">
<ele>3266.8</ele>
<time>2025-02-05T16:08:05.580Z</time>
</trkpt>
<trkpt lat="-13.547556" lon="-71.892982">
<ele>3266.8</ele>
<time>2025-02-05T16:08:08.580Z</time>
</trkpt>
<trkpt lat="-13.547556" lon="-71.892982">
<ele>3266.8</ele>
<time>2025-02-05T16:08:11.580Z</time>
</trkpt>
<trkpt lat="-13.547556" lon="-71.892982">
<ele>3266.8</ele>
<time>2025-02-05T16:08:14.580Z</time>
</trkpt>
<trkpt lat="-13.547556" lon="-71.892982">
<ele>3266.8</ele>
<time>2025-02-05T16:08:17.580Z</time>
</trkpt>
<trkpt lat="-13.547556" lon="-71.892982">
<ele>3266.7</ele>
<time>2025-02-05T16:08:20.580Z</time>
</trkpt>
<trkpt lat="-13.547556" lon="-71.892982">
<ele>3266.7</ele>
<time>2025-02-05T16:08:23.580Z</time>
</trkpt>
<trkpt lat="-13.547556" lon="-71.892982">
<ele>3266.7</ele>
<time>2025-02-05T16:08:26.580Z</time>
</trkpt>
<trkpt lat="-13.547556" lon="-71.892982">
<ele>3266.7</ele>
<time>2025-02-05T16:08:29.580Z</time>
</trkpt>
<trkpt lat="-13.547556" lon="-71.892982">
<ele>3266.7</ele>
<time>2025-02-05T16:08:32.580Z</time>
</trkpt>
<trkpt lat="-13.547556" lon="-71.892981">
<ele>3266.5</ele>
<time>2025-02-05T16:08:35.580Z</time>
</trkpt>
<trkpt lat="-13.547556" lon="-71.892982">
<ele>3266.5</ele>
<time>2025-02-05T16:08:38.580Z</time>
</trkpt>
<trkpt lat="-13.547556" lon="-71.892982">
<ele>3266.5</ele>
<time>2025-02-05T16:08:41.580Z</time>
</trkpt>
<trkpt lat="-13.547556" lon="-71.892982">
<ele>3266.5</ele>
<time>2025-02-05T16:08:44.580Z</time>
</trkpt>
<trkpt lat="-13.547556" lon="-71.892982">
<ele>3266.5</ele>
<time>2025-02-05T16:08:47.580Z</time>
</trkpt>
<trkpt lat="-13.547556" lon="-71.892982">
<ele>3266.5</ele>
<time>2025-02-05T16:08:50.580Z</time>
</trkpt>
<trkpt lat="-13.547556" lon="-71.892982">
<ele>3266.5</ele>
<time>2025-02-05T16:08:53.580Z</time>
</trkpt>
<trkpt lat="-13.547556" lon="-71.892982">
<ele>3266.5</ele>
<time>2025-02-05T16:08:56.580Z</time>
</trkpt>
<trkpt lat="-13.547556" lon="-71.892982">
<ele>3266.5</ele>
<time>2025-02-05T16:08:59.579Z</time>
</trkpt>
<trkpt lat="-13.547556" lon="-71.892982">
<ele>3266.5</ele>
<time>2025-02-05T16:09:02.579Z</time>
</trkpt>
<trkpt lat="-13.547556" lon="-71.892982">
<ele>3266.5</ele>
<time>2025-02-05T16:09:05.580Z</time>
</trkpt>
<trkpt lat="-13.547556" lon="-71.892982">
<ele>3266.5</ele>
<time>2025-02-05T16:09:08.579Z</time>
</trkpt>
<trkpt lat="-13.547556" lon="-71.892982">
<ele>3266.5</ele>
<time>2025-02-05T16:09:11.579Z</time>
</trkpt>
<trkpt lat="-13.547556" lon="-71.892982">
<ele>3266.5</ele>
<time>2025-02-05T16:09:14.579Z</time>
</trkpt>
<trkpt lat="-13.547556" lon="-71.892982">
<ele>3266.5</ele>
<time>2025-02-05T16:09:17.579Z</time>
</trkpt>
<trkpt lat="-13.547556" lon="-71.892982">
<ele>3266.5</ele>
<time>2025-02-05T16:09:20.579Z</time>
</trkpt>
<trkpt lat="-13.547556" lon="-71.892982">
<ele>3266.5</ele>
<time>2025-02-05T16:09:23.578Z</time>
</trkpt>
<trkpt lat="-13.547556" lon="-71.892982">
<ele>3266.6</ele>
<time>2025-02-05T16:09:26.579Z</time>
</trkpt>
<trkpt lat="-13.547556" lon="-71.892982">
<ele>3266.6</ele>
<time>2025-02-05T16:09:29.579Z</time>
</trkpt>
<trkpt lat="-13.547556" lon="-71.892982">
<ele>3266.6</ele>
<time>2025-02-05T16:09:32.579Z</time>
</trkpt>
<trkpt lat="-13.547556" lon="-71.892982">
<ele>3266.6</ele>
<time>2025-02-05T16:09:35.579Z</time>
</trkpt>
<trkpt lat="-13.547556" lon="-71.892982">
<ele>3266.6</ele>
<time>2025-02-05T16:09:38.579Z</time>
</trkpt>
<trkpt lat="-13.547556" lon="-71.892982">
<ele>3266.6</ele>
<time>2025-02-05T16:09:41.579Z</time>
</trkpt>
<trkpt lat="-13.547556" lon="-71.892982">
<ele>3266.6</ele>
<time>2025-02-05T16:09:44.579Z</time>
</trkpt>
<trkpt lat="-13.547556" lon="-71.892982">
<ele>3266.6</ele>
<time>2025-02-05T16:09:47.579Z</time>
</trkpt>
<trkpt lat="-13.547556" lon="-71.892982">
<ele>3266.6</ele>
<time>2025-02-05T16:09:50.579Z</time>
</trkpt>
<trkpt lat="-13.547556" lon="-71.892982">
<ele>3266.6</ele>
<time>2025-02-05T16:09:53.579Z</time>
</trkpt>
<trkpt lat="-13.547556" lon="-71.892982">
<ele>3266.6</ele>
<time>2025-02-05T16:09:56.578Z</time>
</trkpt>
<trkpt lat="-13.547556" lon="-71.892982">
<ele>3266.6</ele>
<time>2025-02-05T16:09:59.579Z</time>
</trkpt>
<trkpt lat="-13.547556" lon="-71.892982">
<ele>3266.6</ele>
<time>2025-02-05T16:10:02.578Z</time>
</trkpt>
<trkpt lat="-13.547556" lon="-71.892982">
<ele>3266.6</ele>
<time>2025-02-05T16:10:05.579Z</time>
</trkpt>
<trkpt lat="-13.547556" lon="-71.892982">
<ele>3266.6</ele>
<time>2025-02-05T16:10:08.579Z</time>
</trkpt>
<trkpt lat="-13.547556" lon="-71.892982">
<ele>3266.6</ele>
<time>2025-02-05T16:10:11.579Z</time>
</trkpt>
<trkpt lat="-13.547556" lon="-71.892982">
<ele>3266.6</ele>
<time>2025-02-05T16:10:14.579Z</time>
</trkpt>
<trkpt lat="-13.547556" lon="-71.892982">
<ele>3266.6</ele>
<time>2025-02-05T16:10:17.579Z</time>
</trkpt>
<trkpt lat="-13.547556" lon="-71.892982">
<ele>3266.6</ele>
<time>2025-02-05T16:10:20.578Z</time>
</trkpt>
<trkpt lat="-13.547556" lon="-71.892982">
<ele>3266.6</ele>
<time>2025-02-05T16:10:23.579Z</time>
</trkpt>
<trkpt lat="-13.547556" lon="-71.892982">
<ele>3266.6</ele>
<time>2025-02-05T16:10:26.579Z</time>
</trkpt>
<trkpt lat="-13.547556" lon="-71.892982">
<ele>3266.7</ele>
<time>2025-02-05T16:10:29.579Z</time>
</trkpt>
<trkpt lat="-13.547556" lon="-71.892982">
<ele>3266.7</ele>
<time>2025-02-05T16:10:32.579Z</time>
</trkpt>
<trkpt lat="-13.547556" lon="-71.892982">
<ele>3266.7</ele>
<time>2025-02-05T16:10:35.578Z</time>
</trkpt>
<trkpt lat="-13.547555" lon="-71.892982">
<ele>3266.7</ele>
<time>2025-02-05T16:10:38.579Z</time>
</trkpt>
<trkpt lat="-13.547555" lon="-71.892982">
<ele>3266.7</ele>
<time>2025-02-05T16:10:41.578Z</time>
</trkpt>
<trkpt lat="-13.547555" lon="-71.892982">
<ele>3266.7</ele>
<time>2025-02-05T16:10:44.579Z</time>
</trkpt>
<trkpt lat="-13.547555" lon="-71.892982">
<ele>3266.7</ele>
<time>2025-02-05T16:10:47.579Z</time>
</trkpt>
<trkpt lat="-13.547555" lon="-71.892982">
<ele>3266.6</ele>
<time>2025-02-05T16:10:50.579Z</time>
</trkpt>
<trkpt lat="-13.547553" lon="-71.892986">
<ele>3266.7</ele>
<time>2025-02-05T16:10:53.579Z</time>
</trkpt>
<trkpt lat="-13.547556" lon="-71.892969">
<ele>3266.1</ele>
<time>2025-02-05T16:10:56.579Z</time>
</trkpt>
<trkpt lat="-13.547556" lon="-71.892961">
<ele>3266.1</ele>
<time>2025-02-05T16:10:59.579Z</time>
</trkpt>
<trkpt lat="-13.547555" lon="-71.892961">
<ele>3264.7</ele>
<time>2025-02-05T16:11:02.579Z</time>
</trkpt>
<trkpt lat="-13.547555" lon="-71.892961">
<ele>3264.7</ele>
<time>2025-02-05T16:11:05.579Z</time>
</trkpt>
<trkpt lat="-13.547555" lon="-71.892961">
<ele>3264.7</ele>
<time>2025-02-05T16:11:08.579Z</time>
</trkpt>
<trkpt lat="-13.547556" lon="-71.892961">
<ele>3264.7</ele>
<time>2025-02-05T16:11:11.579Z</time>
</trkpt>
<trkpt lat="-13.547556" lon="-71.892961">
<ele>3264.7</ele>
<time>2025-02-05T16:11:14.579Z</time>
</trkpt>
<trkpt lat="-13.547555" lon="-71.892961">
<ele>3264.7</ele>
<time>2025-02-05T16:11:17.579Z</time>
</trkpt>
<trkpt lat="-13.547555" lon="-71.892961">
<ele>3264.7</ele>
<time>2025-02-05T16:11:20.579Z</time>
</trkpt>
<trkpt lat="-13.547555" lon="-71.892962">
<ele>3264.7</ele>
<time>2025-02-05T16:11:23.579Z</time>
</trkpt>
<trkpt lat="-13.547555" lon="-71.892962">
<ele>3264.7</ele>
<time>2025-02-05T16:11:26.579Z</time>
</trkpt>
<trkpt lat="-13.547555" lon="-71.89296">
<ele>3265.1</ele>
<time>2025-02-05T16:11:29.579Z</time>
</trkpt>
<trkpt lat="-13.547555" lon="-71.892959">
<ele>3267</ele>
<time>2025-02-05T16:11:32.579Z</time>
</trkpt>
<trkpt lat="-13.547555" lon="-71.892959">
<ele>3267</ele>
<time>2025-02-05T16:11:35.579Z</time>
</trkpt>
<trkpt lat="-13.547555" lon="-71.892959">
<ele>3265.2</ele>
<time>2025-02-05T16:11:38.579Z</time>
</trkpt>
<trkpt lat="-13.547555" lon="-71.89296">
<ele>3265.2</ele>
<time>2025-02-05T16:11:41.579Z</time>
</trkpt>
<trkpt lat="-13.547555" lon="-71.89296">
<ele>3265.2</ele>
<time>2025-02-05T16:11:44.579Z</time>
</trkpt>
<trkpt lat="-13.547556" lon="-71.89296">
<ele>3265.2</ele>
<time>2025-02-05T16:11:47.579Z</time>
</trkpt>
<trkpt lat="-13.547556" lon="-71.89296">
<ele>3265.2</ele>
<time>2025-02-05T16:11:50.578Z</time>
</trkpt>
<trkpt lat="-13.547556" lon="-71.89296">
<ele>3265.2</ele>
<time>2025-02-05T16:11:53.579Z</time>
</trkpt>
<trkpt lat="-13.547556" lon="-71.89296">
<ele>3265.3</ele>
<time>2025-02-05T16:11:56.579Z</time>
</trkpt>
<trkpt lat="-13.547556" lon="-71.89296">
<ele>3265.3</ele>
<time>2025-02-05T16:11:59.579Z</time>
</trkpt>
<trkpt lat="-13.547556" lon="-71.89296">
<ele>3265.3</ele>
<time>2025-02-05T16:12:02.579Z</time>
</trkpt>
<trkpt lat="-13.547556" lon="-71.89296">
<ele>3265.3</ele>
<time>2025-02-05T16:12:05.579Z</time>
</trkpt>
<trkpt lat="-13.547556" lon="-71.89296">
<ele>3265.3</ele>
<time>2025-02-05T16:12:08.579Z</time>
</trkpt>
<trkpt lat="-13.547556" lon="-71.89296">
<ele>3266.7</ele>
<time>2025-02-05T16:12:11.578Z</time>
</trkpt>
<trkpt lat="-13.547556" lon="-71.89296">
<ele>3266.7</ele>
<time>2025-02-05T16:12:14.579Z</time>
</trkpt>
<trkpt lat="-13.547556" lon="-71.89296">
<ele>3265.4</ele>
<time>2025-02-05T16:12:17.579Z</time>
</trkpt>
<trkpt lat="-13.547556" lon="-71.89296">
<ele>3265.3</ele>
<time>2025-02-05T16:12:20.578Z</time>
</trkpt>
<trkpt lat="-13.547556" lon="-71.89296">
<ele>3265.3</ele>
<time>2025-02-05T16:12:23.579Z</time>
</trkpt>
<trkpt lat="-13.547556" lon="-71.892961">
<ele>3265.3</ele>
<time>2025-02-05T16:12:26.579Z</time>
</trkpt>
<trkpt lat="-13.547556" lon="-71.892961">
<ele>3265.3</ele>
<time>2025-02-05T16:12:29.579Z</time>
</trkpt>
<trkpt lat="-13.547547" lon="-71.89296">
<ele>3265.3</ele>
<time>2025-02-05T16:12:32.579Z</time>
</trkpt>
<trkpt lat="-13.547543" lon="-71.892958">
<ele>3265.3</ele>
<time>2025-02-05T16:12:35.579Z</time>
</trkpt>
<trkpt lat="-13.547543" lon="-71.892958">
<ele>3265.3</ele>
<time>2025-02-05T16:12:38.579Z</time>
</trkpt>
<trkpt lat="-13.547538" lon="-71.892953">
<ele>3265.3</ele>
<time>2025-02-05T16:12:41.422Z</time>
</trkpt>
<trkpt lat="-13.547538" lon="-71.89295">
<ele>3265.4</ele>
<time>2025-02-05T16:12:44.579Z</time>
</trkpt>
<trkpt lat="-13.547555" lon="-71.892961">
<ele>3265.4</ele>
<time>2025-02-05T16:12:47.579Z</time>
</trkpt>
<trkpt lat="-13.547556" lon="-71.892961">
<ele>3265.4</ele>
<time>2025-02-05T16:12:50.579Z</time>
</trkpt>
<trkpt lat="-13.547556" lon="-71.892961">
<ele>3265.3</ele>
<time>2025-02-05T16:12:53.579Z</time>
</trkpt>
<trkpt lat="-13.547556" lon="-71.892962">
<ele>3265.3</ele>
<time>2025-02-05T16:12:56.579Z</time>
</trkpt>
<trkpt lat="-13.547556" lon="-71.892962">
<ele>3265.3</ele>
<time>2025-02-05T16:12:59.579Z</time>
</trkpt>
<trkpt lat="-13.547556" lon="-71.892962">
<ele>3265.3</ele>
<time>2025-02-05T16:13:02.579Z</time>
</trkpt>
<trkpt lat="-13.547556" lon="-71.892962">
<ele>3265.3</ele>
<time>2025-02-05T16:13:05.579Z</time>
</trkpt>
<trkpt lat="-13.547556" lon="-71.892962">
<ele>3265.3</ele>
<time>2025-02-05T16:13:08.579Z</time>
</trkpt>
<trkpt lat="-13.547556" lon="-71.892962">
<ele>3265.3</ele>
<time>2025-02-05T16:13:11.579Z</time>
</trkpt>
<trkpt lat="-13.547556" lon="-71.892962">
<ele>3265.2</ele>
<time>2025-02-05T16:13:14.579Z</time>
</trkpt>
<trkpt lat="-13.547556" lon="-71.892962">
<ele>3265.2</ele>
<time>2025-02-05T16:13:17.579Z</time>
</trkpt>
<trkpt lat="-13.547556" lon="-71.892962">
<ele>3265.2</ele>
<time>2025-02-05T16:13:20.579Z</time>
</trkpt>
<trkpt lat="-13.547556" lon="-71.892963">
<ele>3265.2</ele>
<time>2025-02-05T16:13:23.579Z</time>
</trkpt>
<trkpt lat="-13.547556" lon="-71.892963">
<ele>3265.2</ele>
<time>2025-02-05T16:13:26.577Z</time>
</trkpt>
<trkpt lat="-13.547556" lon="-71.892963">
<ele>3265.2</ele>
<time>2025-02-05T16:13:29.579Z</time>
</trkpt>
<trkpt lat="-13.547555" lon="-71.892963">
<ele>3265.3</ele>
<time>2025-02-05T16:13:32.579Z</time>
</trkpt>
<trkpt lat="-13.547555" lon="-71.892963">
<ele>3265.3</ele>
<time>2025-02-05T16:13:35.579Z</time>
</trkpt>
<trkpt lat="-13.547555" lon="-71.892963">
<ele>3265.3</ele>
<time>2025-02-05T16:13:38.579Z</time>
</trkpt>
<trkpt lat="-13.547555" lon="-71.892963">
<ele>3265.3</ele>
<time>2025-02-05T16:13:41.579Z</time>
</trkpt>
<trkpt lat="-13.547555" lon="-71.892964">
<ele>3265.3</ele>
<time>2025-02-05T16:13:44.579Z</time>
</trkpt>
<trkpt lat="-13.547555" lon="-71.892964">
<ele>3265.2</ele>
<time>2025-02-05T16:13:47.579Z</time>
</trkpt>
<trkpt lat="-13.547555" lon="-71.892964">
<ele>3265.2</ele>
<time>2025-02-05T16:13:50.579Z</time>
</trkpt>
<trkpt lat="-13.547555" lon="-71.892964">
<ele>3265.2</ele>
<time>2025-02-05T16:13:53.579Z</time>
</trkpt>
<trkpt lat="-13.547556" lon="-71.892964">
<ele>3265.2</ele>
<time>2025-02-05T16:13:56.579Z</time>
</trkpt>
<trkpt lat="-13.547556" lon="-71.892964">
<ele>3265.2</ele>
<time>2025-02-05T16:13:59.579Z</time>
</trkpt>
<trkpt lat="-13.547556" lon="-71.892964">
<ele>3265.2</ele>
<time>2025-02-05T16:14:02.579Z</time>
</trkpt>
<trkpt lat="-13.547556" lon="-71.892964">
<ele>3265.2</ele>
<time>2025-02-05T16:14:05.579Z</time>
</trkpt>
<trkpt lat="-13.547556" lon="-71.892964">
<ele>3265.2</ele>
<time>2025-02-05T16:14:08.579Z</time>
</trkpt>
<trkpt lat="-13.547556" lon="-71.892964">
<ele>3265.2</ele>
<time>2025-02-05T16:14:11.579Z</time>
</trkpt>
<trkpt lat="-13.547556" lon="-71.892964">
<ele>3265.2</ele>
<time>2025-02-05T16:14:14.579Z</time>
</trkpt>
<trkpt lat="-13.547556" lon="-71.892964">
<ele>3265.2</ele>
<time>2025-02-05T16:14:17.579Z</time>
</trkpt>
<trkpt lat="-13.547556" lon="-71.892964">
<ele>3265.2</ele>
<time>2025-02-05T16:14:20.579Z</time>
</trkpt>
<trkpt lat="-13.547556" lon="-71.892964">
<ele>3265.2</ele>
<time>2025-02-05T16:14:23.579Z</time>
</trkpt>
<trkpt lat="-13.547556" lon="-71.892964">
<ele>3265.2</ele>
<time>2025-02-05T16:14:26.578Z</time>
</trkpt>
<trkpt lat="-13.547556" lon="-71.892964">
<ele>3265.2</ele>
<time>2025-02-05T16:14:29.578Z</time>
</trkpt>
<trkpt lat="-13.547556" lon="-71.892964">
<ele>3265.2</ele>
<time>2025-02-05T16:14:32.578Z</time>
</trkpt>
<trkpt lat="-13.547556" lon="-71.892964">
<ele>3265.2</ele>
<time>2025-02-05T16:14:35.578Z</time>
</trkpt>
<trkpt lat="-13.547556" lon="-71.892964">
<ele>3265.2</ele>
<time>2025-02-05T16:14:38.578Z</time>
</trkpt>
<trkpt lat="-13.547556" lon="-71.892964">
<ele>3265.1</ele>
<time>2025-02-05T16:14:41.578Z</time>
</trkpt>
<trkpt lat="-13.547556" lon="-71.892965">
<ele>3265.1</ele>
<time>2025-02-05T16:14:44.578Z</time>
</trkpt>
<trkpt lat="-13.547556" lon="-71.892965">
<ele>3265.1</ele>
<time>2025-02-05T16:14:47.577Z</time>
</trkpt>
<trkpt lat="-13.547556" lon="-71.892965">
<ele>3265.2</ele>
<time>2025-02-05T16:14:50.578Z</time>
</trkpt>
<trkpt lat="-13.547556" lon="-71.892965">
<ele>3265.2</ele>
<time>2025-02-05T16:14:53.578Z</time>
</trkpt>
<trkpt lat="-13.547556" lon="-71.892965">
<ele>3265.2</ele>
<time>2025-02-05T16:14:56.578Z</time>
</trkpt>
<trkpt lat="-13.547556" lon="-71.892965">
<ele>3265.2</ele>
<time>2025-02-05T16:14:59.578Z</time>
</trkpt>
<trkpt lat="-13.547556" lon="-71.892965">
<ele>3265.1</ele>
<time>2025-02-05T16:15:02.578Z</time>
</trkpt>
<trkpt lat="-13.547556" lon="-71.892965">
<ele>3265.1</ele>
<time>2025-02-05T16:15:05.577Z</time>
</trkpt>
<trkpt lat="-13.547556" lon="-71.892966">
<ele>3265.1</ele>
<time>2025-02-05T16:15:08.578Z</time>
</trkpt>
<trkpt lat="-13.547556" lon="-71.892966">
<ele>3265.1</ele>
<time>2025-02-05T16:15:11.578Z</time>
</trkpt>
<trkpt lat="-13.547556" lon="-71.892966">
<ele>3265</ele>
<time>2025-02-05T16:15:14.578Z</time>
</trkpt>
<trkpt lat="-13.547556" lon="-71.892966">
<ele>3265</ele>
<time>2025-02-05T16:15:17.578Z</time>
</trkpt>
<trkpt lat="-13.547556" lon="-71.892966">
<ele>3265</ele>
<time>2025-02-05T16:15:20.578Z</time>
</trkpt>
<trkpt lat="-13.547556" lon="-71.892966">
<ele>3265.1</ele>
<time>2025-02-05T16:15:23.578Z</time>
</trkpt>
<trkpt lat="-13.547556" lon="-71.892966">
<ele>3265.1</ele>
<time>2025-02-05T16:15:26.578Z</time>
</trkpt>
<trkpt lat="-13.547556" lon="-71.892966">
<ele>3265.1</ele>
<time>2025-02-05T16:15:29.578Z</time>
</trkpt>
<trkpt lat="-13.547556" lon="-71.892966">
<ele>3265.1</ele>
<time>2025-02-05T16:15:32.578Z</time>
</trkpt>
<trkpt lat="-13.547551" lon="-71.892965">
<ele>3265.7</ele>
<time>2025-02-05T16:15:35.578Z</time>
</trkpt>
<trkpt lat="-13.547555" lon="-71.892968">
<ele>3266.3</ele>
<time>2025-02-05T16:15:38.578Z</time>
</trkpt>
<trkpt lat="-13.54755" lon="-71.892965">
<ele>3266.3</ele>
<time>2025-02-05T16:15:41.578Z</time>
</trkpt>
<trkpt lat="-13.547552" lon="-71.892968">
<ele>3266.3</ele>
<time>2025-02-05T16:15:44.498Z</time>
</trkpt>
<trkpt lat="-13.54755" lon="-71.892966">
<ele>3266.3</ele>
<time>2025-02-05T16:15:47.578Z</time>
</trkpt>
<trkpt lat="-13.547545" lon="-71.892961">
<ele>3266.3</ele>
<time>2025-02-05T16:15:50.578Z</time>
</trkpt>
<trkpt lat="-13.547544" lon="-71.892959">
<ele>3266.3</ele>
<time>2025-02-05T16:15:53.600Z</time>
</trkpt>
<trkpt lat="-13.547541" lon="-71.892958">
<ele>3266.3</ele>
<time>2025-02-05T16:15:56.335Z</time>
</trkpt>
<trkpt lat="-13.547545" lon="-71.892962">
<ele>3266.4</ele>
<time>2025-02-05T16:15:59.578Z</time>
</trkpt>
<trkpt lat="-13.54754" lon="-71.892962">
<ele>3266.4</ele>
<time>2025-02-05T16:16:02.578Z</time>
</trkpt>
<trkpt lat="-13.547536" lon="-71.89296">
<ele>3266.4</ele>
<time>2025-02-05T16:16:05.578Z</time>
</trkpt>
<trkpt lat="-13.54754" lon="-71.892961">
<ele>3266.4</ele>
<time>2025-02-05T16:16:08.578Z</time>
</trkpt>
<trkpt lat="-13.547538" lon="-71.892958">
<ele>3266.4</ele>
<time>2025-02-05T16:16:11.578Z</time>
</trkpt>
<trkpt lat="-13.547533" lon="-71.892958">
<ele>3266.4</ele>
<time>2025-02-05T16:16:14.578Z</time>
</trkpt>
<trkpt lat="-13.547561" lon="-71.892975">
<ele>3266.4</ele>
<time>2025-02-05T16:16:17.578Z</time>
</trkpt>
<trkpt lat="-13.547563" lon="-71.892976">
<ele>3266.4</ele>
<time>2025-02-05T16:16:20.578Z</time>
</trkpt>
<trkpt lat="-13.547563" lon="-71.892976">
<ele>3266.4</ele>
<time>2025-02-05T16:16:23.578Z</time>
</trkpt>
<trkpt lat="-13.547563" lon="-71.892976">
<ele>3266.4</ele>
<time>2025-02-05T16:16:26.578Z</time>
</trkpt>
<trkpt lat="-13.547563" lon="-71.892976">
<ele>3266.4</ele>
<time>2025-02-05T16:16:29.578Z</time>
</trkpt>
<trkpt lat="-13.547563" lon="-71.892976">
<ele>3266.4</ele>
<time>2025-02-05T16:16:32.578Z</time>
</trkpt>
<trkpt lat="-13.547563" lon="-71.892976">
<ele>3266.4</ele>
<time>2025-02-05T16:16:35.578Z</time>
</trkpt>
<trkpt lat="-13.547563" lon="-71.892976">
<ele>3266.4</ele>
<time>2025-02-05T16:16:38.578Z</time>
</trkpt>
<trkpt lat="-13.547563" lon="-71.892976">
<ele>3266.4</ele>
<time>2025-02-05T16:16:41.578Z</time>
</trkpt>
<trkpt lat="-13.547563" lon="-71.892976">
<ele>3266.4</ele>
<time>2025-02-05T16:16:44.578Z</time>
</trkpt>
<trkpt lat="-13.547563" lon="-71.892976">
<ele>3266.4</ele>
<time>2025-02-05T16:16:47.578Z</time>
</trkpt>
<trkpt lat="-13.547563" lon="-71.892976">
<ele>3266.4</ele>
<time>2025-02-05T16:16:50.578Z</time>
</trkpt>
<trkpt lat="-13.547563" lon="-71.892976">
<ele>3266.4</ele>
<time>2025-02-05T16:16:53.578Z</time>
</trkpt>
<trkpt lat="-13.547563" lon="-71.892976">
<ele>3266.4</ele>
<time>2025-02-05T16:16:56.578Z</time>
</trkpt>
<trkpt lat="-13.547563" lon="-71.892976">
<ele>3266.4</ele>
<time>2025-02-05T16:16:59.578Z</time>
</trkpt>
<trkpt lat="-13.547563" lon="-71.892976">
<ele>3266.4</ele>
<time>2025-02-05T16:17:02.578Z</time>
</trkpt>
<trkpt lat="-13.547563" lon="-71.892976">
<ele>3266.5</ele>
<time>2025-02-05T16:17:05.578Z</time>
</trkpt>
<trkpt lat="-13.547563" lon="-71.892976">
<ele>3266.5</ele>
<time>2025-02-05T16:17:08.578Z</time>
</trkpt>
<trkpt lat="-13.547563" lon="-71.892976">
<ele>3266.5</ele>
<time>2025-02-05T16:17:11.578Z</time>
</trkpt>
<trkpt lat="-13.547563" lon="-71.892976">
<ele>3266.5</ele>
<time>2025-02-05T16:17:14.578Z</time>
</trkpt>
<trkpt lat="-13.547563" lon="-71.892976">
<ele>3266.5</ele>
<time>2025-02-05T16:17:17.577Z</time>
</trkpt>
<trkpt lat="-13.547563" lon="-71.892976">
<ele>3266.5</ele>
<time>2025-02-05T16:17:20.578Z</time>
</trkpt>
<trkpt lat="-13.547563" lon="-71.892976">
<ele>3266.5</ele>
<time>2025-02-05T16:17:23.578Z</time>
</trkpt>
<trkpt lat="-13.547563" lon="-71.892976">
<ele>3266.5</ele>
<time>2025-02-05T16:17:26.578Z</time>
</trkpt>
<trkpt lat="-13.547563" lon="-71.892976">
<ele>3266.5</ele>
<time>2025-02-05T16:17:29.578Z</time>
</trkpt>
<trkpt lat="-13.547563" lon="-71.892976">
<ele>3266.5</ele>
<time>2025-02-05T16:17:32.578Z</time>
</trkpt>
<trkpt lat="-13.547563" lon="-71.892976">
<ele>3266.5</ele>
<time>2025-02-05T16:17:35.578Z</time>
</trkpt>
<trkpt lat="-13.547563" lon="-71.892976">
<ele>3266.5</ele>
<time>2025-02-05T16:17:38.578Z</time>
</trkpt>
<trkpt lat="-13.547563" lon="-71.892976">
<ele>3266.5</ele>
<time>2025-02-05T16:17:41.577Z</time>
</trkpt>
<trkpt lat="-13.547563" lon="-71.892976">
<ele>3266.5</ele>
<time>2025-02-05T16:17:44.578Z</time>
</trkpt>
<trkpt lat="-13.547563" lon="-71.892976">
<ele>3266.5</ele>
<time>2025-02-05T16:17:47.578Z</time>
</trkpt>
<trkpt lat="-13.547563" lon="-71.892976">
<ele>3266.5</ele>
<time>2025-02-05T16:17:50.578Z</time>
</trkpt>
<trkpt lat="-13.547563" lon="-71.892976">
<ele>3266.5</ele>
<time>2025-02-05T16:17:53.577Z</time>
</trkpt>
<trkpt lat="-13.547563" lon="-71.892976">
<ele>3266.5</ele>
<time>2025-02-05T16:17:56.578Z</time>
</trkpt>
<trkpt lat="-13.547563" lon="-71.892976">
<ele>3266.5</ele>
<time>2025-02-05T16:17:59.578Z</time>
</trkpt>
<trkpt lat="-13.547563" lon="-71.892976">
<ele>3266.5</ele>
<time>2025-02-05T16:18:02.578Z</time>
</trkpt>
<trkpt lat="-13.547563" lon="-71.892976">
<ele>3266.5</ele>
<time>2025-02-05T16:18:05.578Z</time>
</trkpt>
<trkpt lat="-13.547563" lon="-71.892976">
<ele>3266.5</ele>
<time>2025-02-05T16:18:08.578Z</time>
</trkpt>
<trkpt lat="-13.547563" lon="-71.892976">
<ele>3266.5</ele>
<time>2025-02-05T16:18:11.577Z</time>
</trkpt>
<trkpt lat="-13.547563" lon="-71.892976">
<ele>3266.6</ele>
<time>2025-02-05T16:18:14.578Z</time>
</trkpt>
<trkpt lat="-13.547563" lon="-71.892976">
<ele>3266.6</ele>
<time>2025-02-05T16:18:17.578Z</time>
</trkpt>
<trkpt lat="-13.547562" lon="-71.892976">
<ele>3266.6</ele>
<time>2025-02-05T16:18:20.577Z</time>
</trkpt>
<trkpt lat="-13.547562" lon="-71.892976">
<ele>3266.6</ele>
<time>2025-02-05T16:18:23.578Z</time>
</trkpt>
<trkpt lat="-13.547562" lon="-71.892976">
<ele>3266.6</ele>
<time>2025-02-05T16:18:26.578Z</time>
</trkpt>
<trkpt lat="-13.547562" lon="-71.892976">
<ele>3266.6</ele>
<time>2025-02-05T16:18:29.578Z</time>
</trkpt>
<trkpt lat="-13.547562" lon="-71.892976">
<ele>3266.6</ele>
<time>2025-02-05T16:18:32.578Z</time>
</trkpt>
<trkpt lat="-13.547562" lon="-71.892976">
<ele>3266.6</ele>
<time>2025-02-05T16:18:35.578Z</time>
</trkpt>
<trkpt lat="-13.547562" lon="-71.892976">
<ele>3266.6</ele>
<time>2025-02-05T16:18:38.577Z</time>
</trkpt>
<trkpt lat="-13.547562" lon="-71.892976">
<ele>3266.6</ele>
<time>2025-02-05T16:18:41.578Z</time>
</trkpt>
<trkpt lat="-13.547562" lon="-71.892976">
<ele>3266.6</ele>
<time>2025-02-05T16:18:44.578Z</time>
</trkpt>
<trkpt lat="-13.547562" lon="-71.892976">
<ele>3266.6</ele>
<time>2025-02-05T16:18:47.578Z</time>
</trkpt>
<trkpt lat="-13.547562" lon="-71.892976">
<ele>3266.6</ele>
<time>2025-02-05T16:18:50.578Z</time>
</trkpt>
<trkpt lat="-13.547562" lon="-71.892976">
<ele>3266.6</ele>
<time>2025-02-05T16:18:53.577Z</time>
</trkpt>
<trkpt lat="-13.547562" lon="-71.892976">
<ele>3266.7</ele>
<time>2025-02-05T16:18:56.578Z</time>
</trkpt>
<trkpt lat="-13.547562" lon="-71.892976">
<ele>3266.7</ele>
<time>2025-02-05T16:18:59.578Z</time>
</trkpt>
<trkpt lat="-13.547562" lon="-71.892976">
<ele>3266.7</ele>
<time>2025-02-05T16:19:02.579Z</time>
</trkpt>
<trkpt lat="-13.547562" lon="-71.892976">
<ele>3266.7</ele>
<time>2025-02-05T16:19:05.577Z</time>
</trkpt>
<trkpt lat="-13.547562" lon="-71.892976">
<ele>3266.7</ele>
<time>2025-02-05T16:19:08.577Z</time>
</trkpt>
<trkpt lat="-13.547562" lon="-71.892976">
<ele>3266.7</ele>
<time>2025-02-05T16:19:11.577Z</time>
</trkpt>
<trkpt lat="-13.547562" lon="-71.892976">
<ele>3266.7</ele>
<time>2025-02-05T16:19:14.576Z</time>
</trkpt>
<trkpt lat="-13.547542" lon="-71.892969">
<ele>3266.7</ele>
<time>2025-02-05T16:19:17.577Z</time>
</trkpt>
<trkpt lat="-13.547546" lon="-71.892972">
<ele>3267.4</ele>
<time>2025-02-05T16:19:20.577Z</time>
</trkpt>
<trkpt lat="-13.54754" lon="-71.89297">
<ele>3267.4</ele>
<time>2025-02-05T16:19:23.577Z</time>
</trkpt>
<trkpt lat="-13.54756" lon="-71.892976">
<ele>3267.3</ele>
<time>2025-02-05T16:19:26.577Z</time>
</trkpt>
<trkpt lat="-13.547561" lon="-71.892977">
<ele>3267.3</ele>
<time>2025-02-05T16:19:29.577Z</time>
</trkpt>
<trkpt lat="-13.547561" lon="-71.892977">
<ele>3267.3</ele>
<time>2025-02-05T16:19:32.577Z</time>
</trkpt>
<trkpt lat="-13.547561" lon="-71.892977">
<ele>3267.3</ele>
<time>2025-02-05T16:19:35.577Z</time>
</trkpt>
<trkpt lat="-13.547561" lon="-71.892977">
<ele>3267.3</ele>
<time>2025-02-05T16:19:38.577Z</time>
</trkpt>
<trkpt lat="-13.547562" lon="-71.892977">
<ele>3267.3</ele>
<time>2025-02-05T16:19:41.577Z</time>
</trkpt>
<trkpt lat="-13.547562" lon="-71.892977">
<ele>3267.3</ele>
<time>2025-02-05T16:19:44.577Z</time>
</trkpt>
<trkpt lat="-13.547562" lon="-71.892977">
<ele>3267.3</ele>
<time>2025-02-05T16:19:47.577Z</time>
</trkpt>
<trkpt lat="-13.547562" lon="-71.892977">
<ele>3267.3</ele>
<time>2025-02-05T16:19:50.577Z</time>
</trkpt>
<trkpt lat="-13.547562" lon="-71.892978">
<ele>3267.3</ele>
<time>2025-02-05T16:19:53.577Z</time>
</trkpt>
<trkpt lat="-13.547562" lon="-71.892978">
<ele>3267.3</ele>
<time>2025-02-05T16:19:56.577Z</time>
</trkpt>
<trkpt lat="-13.547562" lon="-71.892978">
<ele>3267.3</ele>
<time>2025-02-05T16:19:59.577Z</time>
</trkpt>
<trkpt lat="-13.547562" lon="-71.892978">
<ele>3267.3</ele>
<time>2025-02-05T16:20:02.577Z</time>
</trkpt>
<trkpt lat="-13.547562" lon="-71.892978">
<ele>3267.3</ele>
<time>2025-02-05T16:20:05.577Z</time>
</trkpt>
<trkpt lat="-13.547562" lon="-71.892978">
<ele>3267.3</ele>
<time>2025-02-05T16:20:08.577Z</time>
</trkpt>
<trkpt lat="-13.547562" lon="-71.892978">
<ele>3267.3</ele>
<time>2025-02-05T16:20:11.577Z</time>
</trkpt>
<trkpt lat="-13.547562" lon="-71.892978">
<ele>3267.3</ele>
<time>2025-02-05T16:20:14.577Z</time>
</trkpt>
<trkpt lat="-13.547562" lon="-71.892978">
<ele>3267.4</ele>
<time>2025-02-05T16:20:17.577Z</time>
</trkpt>
<trkpt lat="-13.547562" lon="-71.892978">
<ele>3267.4</ele>
<time>2025-02-05T16:20:20.577Z</time>
</trkpt>
<trkpt lat="-13.547562" lon="-71.892978">
<ele>3267.4</ele>
<time>2025-02-05T16:20:23.577Z</time>
</trkpt>
<trkpt lat="-13.547562" lon="-71.892978">
<ele>3267.4</ele>
<time>2025-02-05T16:20:26.577Z</time>
</trkpt>
<trkpt lat="-13.547562" lon="-71.892978">
<ele>3267.4</ele>
<time>2025-02-05T16:20:29.577Z</time>
</trkpt>
<trkpt lat="-13.547563" lon="-71.892978">
<ele>3267.4</ele>
<time>2025-02-05T16:20:32.577Z</time>
</trkpt>
<trkpt lat="-13.547563" lon="-71.892978">
<ele>3267.4</ele>
<time>2025-02-05T16:20:35.577Z</time>
</trkpt>
<trkpt lat="-13.547562" lon="-71.892978">
<ele>3267.4</ele>
<time>2025-02-05T16:20:38.577Z</time>
</trkpt>
<trkpt lat="-13.547563" lon="-71.892978">
<ele>3267.4</ele>
<time>2025-02-05T16:20:41.577Z</time>
</trkpt>
<trkpt lat="-13.547563" lon="-71.892978">
<ele>3267.3</ele>
<time>2025-02-05T16:20:44.576Z</time>
</trkpt>
<trkpt lat="-13.547563" lon="-71.892978">
<ele>3267.3</ele>
<time>2025-02-05T16:20:47.577Z</time>
</trkpt>
<trkpt lat="-13.547563" lon="-71.892978">
<ele>3267.3</ele>
<time>2025-02-05T16:20:50.577Z</time>
</trkpt>
<trkpt lat="-13.547563" lon="-71.892979">
<ele>3267.3</ele>
<time>2025-02-05T16:20:53.577Z</time>
</trkpt>
<trkpt lat="-13.547563" lon="-71.892979">
<ele>3267.3</ele>
<time>2025-02-05T16:20:56.576Z</time>
</trkpt>
<trkpt lat="-13.547563" lon="-71.892979">
<ele>3267.3</ele>
<time>2025-02-05T16:20:59.577Z</time>
</trkpt>
<trkpt lat="-13.547563" lon="-71.892979">
<ele>3267.3</ele>
<time>2025-02-05T16:21:02.577Z</time>
</trkpt>
<trkpt lat="-13.547563" lon="-71.892979">
<ele>3267.3</ele>
<time>2025-02-05T16:21:05.577Z</time>
</trkpt>
<trkpt lat="-13.547563" lon="-71.892979">
<ele>3267.3</ele>
<time>2025-02-05T16:21:08.577Z</time>
</trkpt>
<trkpt lat="-13.547563" lon="-71.892979">
<ele>3267.3</ele>
<time>2025-02-05T16:21:11.577Z</time>
</trkpt>
<trkpt lat="-13.547563" lon="-71.892979">
<ele>3267.3</ele>
<time>2025-02-05T16:21:14.577Z</time>
</trkpt>
<trkpt lat="-13.547563" lon="-71.892979">
<ele>3267.3</ele>
<time>2025-02-05T16:21:17.576Z</time>
</trkpt>
<trkpt lat="-13.547563" lon="-71.892979">
<ele>3267.3</ele>
<time>2025-02-05T16:21:20.577Z</time>
</trkpt>
<trkpt lat="-13.547563" lon="-71.892979">
<ele>3267.3</ele>
<time>2025-02-05T16:21:23.577Z</time>
</trkpt>
<trkpt lat="-13.547563" lon="-71.892979">
<ele>3267.3</ele>
<time>2025-02-05T16:21:26.577Z</time>
</trkpt>
<trkpt lat="-13.547563" lon="-71.892979">
<ele>3267.3</ele>
<time>2025-02-05T16:21:29.577Z</time>
</trkpt>
<trkpt lat="-13.547563" lon="-71.892979">
<ele>3267.2</ele>
<time>2025-02-05T16:21:32.577Z</time>
</trkpt>
<trkpt lat="-13.547563" lon="-71.892979">
<ele>3267.2</ele>
<time>2025-02-05T16:21:35.577Z</time>
</trkpt>
<trkpt lat="-13.547563" lon="-71.892979">
<ele>3267.2</ele>
<time>2025-02-05T16:21:38.576Z</time>
</trkpt>
<trkpt lat="-13.547563" lon="-71.892979">
<ele>3267.2</ele>
<time>2025-02-05T16:21:41.577Z</time>
</trkpt>
<trkpt lat="-13.547563" lon="-71.892979">
<ele>3267.2</ele>
<time>2025-02-05T16:21:44.577Z</time>
</trkpt>
<trkpt lat="-13.547563" lon="-71.892979">
<ele>3267.2</ele>
<time>2025-02-05T16:21:47.577Z</time>
</trkpt>
<trkpt lat="-13.547563" lon="-71.892979">
<ele>3267.2</ele>
<time>2025-02-05T16:21:50.577Z</time>
</trkpt>
<trkpt lat="-13.547563" lon="-71.89298">
<ele>3267.2</ele>
<time>2025-02-05T16:21:53.577Z</time>
</trkpt>
<trkpt lat="-13.547563" lon="-71.89298">
<ele>3267.3</ele>
<time>2025-02-05T16:21:56.577Z</time>
</trkpt>
<trkpt lat="-13.547563" lon="-71.89298">
<ele>3267.3</ele>
<time>2025-02-05T16:21:59.577Z</time>
</trkpt>
<trkpt lat="-13.547563" lon="-71.89298">
<ele>3267.3</ele>
<time>2025-02-05T16:22:02.577Z</time>
</trkpt>
<trkpt lat="-13.547563" lon="-71.89298">
<ele>3267.3</ele>
<time>2025-02-05T16:22:05.577Z</time>
</trkpt>
<trkpt lat="-13.547563" lon="-71.89298">
<ele>3267.3</ele>
<time>2025-02-05T16:22:08.577Z</time>
</trkpt>
<trkpt lat="-13.547563" lon="-71.89298">
<ele>3267.3</ele>
<time>2025-02-05T16:22:11.577Z</time>
</trkpt>
<trkpt lat="-13.547563" lon="-71.89298">
<ele>3267.3</ele>
<time>2025-02-05T16:22:14.577Z</time>
</trkpt>
<trkpt lat="-13.547563" lon="-71.89298">
<ele>3267.3</ele>
<time>2025-02-05T16:22:17.577Z</time>
</trkpt>
<trkpt lat="-13.547563" lon="-71.89298">
<ele>3267.3</ele>
<time>2025-02-05T16:22:20.577Z</time>
</trkpt>
<trkpt lat="-13.547563" lon="-71.89298">
<ele>3267.3</ele>
<time>2025-02-05T16:22:23.577Z</time>
</trkpt>
<trkpt lat="-13.547563" lon="-71.89298">
<ele>3267.3</ele>
<time>2025-02-05T16:22:26.576Z</time>
</trkpt>
<trkpt lat="-13.547563" lon="-71.89298">
<ele>3267.3</ele>
<time>2025-02-05T16:22:29.577Z</time>
</trkpt>
<trkpt lat="-13.547563" lon="-71.89298">
<ele>3267.3</ele>
<time>2025-02-05T16:22:32.576Z</time>
</trkpt>
<trkpt lat="-13.547565" lon="-71.892979">
<ele>3267.2</ele>
<time>2025-02-05T16:22:35.577Z</time>
</trkpt>
<trkpt lat="-13.547566" lon="-71.892981">
<ele>3266.9</ele>
<time>2025-02-05T16:22:38.577Z</time>
</trkpt>
<trkpt lat="-13.547565" lon="-71.892981">
<ele>3266.9</ele>
<time>2025-02-05T16:22:41.324Z</time>
</trkpt>
<trkpt lat="-13.547564" lon="-71.892975">
<ele>3266.6</ele>
<time>2025-02-05T16:22:44.576Z</time>
</trkpt>
<trkpt lat="-13.547559" lon="-71.892971">
<ele>3266.6</ele>
<time>2025-02-05T16:22:47.577Z</time>
</trkpt>
<trkpt lat="-13.547561" lon="-71.892973">
<ele>3266.6</ele>
<time>2025-02-05T16:22:50.577Z</time>
</trkpt>
<trkpt lat="-13.547553" lon="-71.892969">
<ele>3266.6</ele>
<time>2025-02-05T16:22:53.577Z</time>
</trkpt>
<trkpt lat="-13.547553" lon="-71.892968">
<ele>3266.6</ele>
<time>2025-02-05T16:22:56.388Z</time>
</trkpt>
<trkpt lat="-13.547543" lon="-71.89297">
<ele>3266.5</ele>
<time>2025-02-05T16:22:59.238Z</time>
</trkpt>
<trkpt lat="-13.547539" lon="-71.892967">
<ele>3265.7</ele>
<time>2025-02-05T16:23:02.216Z</time>
</trkpt>
<trkpt lat="-13.547549" lon="-71.892967">
<ele>3265.5</ele>
<time>2025-02-05T16:23:04.939Z</time>
</trkpt>
<trkpt lat="-13.547543" lon="-71.892964">
<ele>3265.4</ele>
<time>2025-02-05T16:23:07.807Z</time>
</trkpt>
<trkpt lat="-13.547551" lon="-71.892963">
<ele>3265.6</ele>
<time>2025-02-05T16:23:10.803Z</time>
</trkpt>
<trkpt lat="-13.547546" lon="-71.892926">
<ele>3266</ele>
<time>2025-02-05T16:23:13.956Z</time>
</trkpt>
<trkpt lat="-13.547552" lon="-71.892938">
<ele>3266.2</ele>
<time>2025-02-05T16:23:17.005Z</time>
</trkpt>
<trkpt lat="-13.547562" lon="-71.892937">
<ele>3265.7</ele>
<time>2025-02-05T16:23:20.097Z</time>
</trkpt>
<trkpt lat="-13.547565" lon="-71.892934">
<ele>3265.6</ele>
<time>2025-02-05T16:23:23.577Z</time>
</trkpt>
<trkpt lat="-13.547566" lon="-71.892935">
<ele>3265.6</ele>
<time>2025-02-05T16:23:26.514Z</time>
</trkpt>
<trkpt lat="-13.547567" lon="-71.892943">
<ele>3265.6</ele>
<time>2025-02-05T16:23:29.577Z</time>
</trkpt>
<trkpt lat="-13.547568" lon="-71.892939">
<ele>3265.2</ele>
<time>2025-02-05T16:23:32.576Z</time>
</trkpt>
<trkpt lat="-13.54757" lon="-71.892938">
<ele>3265.2</ele>
<time>2025-02-05T16:23:35.576Z</time>
</trkpt>
<trkpt lat="-13.547573" lon="-71.892936">
<ele>3265.2</ele>
<time>2025-02-05T16:23:38.576Z</time>
</trkpt>
<trkpt lat="-13.547575" lon="-71.892935">
<ele>3265.1</ele>
<time>2025-02-05T16:23:41.576Z</time>
</trkpt>
<trkpt lat="-13.547568" lon="-71.892941">
<ele>3265.1</ele>
<time>2025-02-05T16:23:44.576Z</time>
</trkpt>
<trkpt lat="-13.547558" lon="-71.892956">
<ele>3265.1</ele>
<time>2025-02-05T16:23:47.576Z</time>
</trkpt>
<trkpt lat="-13.547573" lon="-71.892955">
<ele>3265.2</ele>
<time>2025-02-05T16:23:50.576Z</time>
</trkpt>
<trkpt lat="-13.54757" lon="-71.892949">
<ele>3264.9</ele>
<time>2025-02-05T16:23:53.576Z</time>
</trkpt>
<trkpt lat="-13.547568" lon="-71.892951">
<ele>3264.9</ele>
<time>2025-02-05T16:23:56.524Z</time>
</trkpt>
<trkpt lat="-13.547562" lon="-71.892962">
<ele>3264.5</ele>
<time>2025-02-05T16:23:59.403Z</time>
</trkpt>
<trkpt lat="-13.547565" lon="-71.89297">
<ele>3264.8</ele>
<time>2025-02-05T16:24:02.576Z</time>
</trkpt>
<trkpt lat="-13.547571" lon="-71.892974">
<ele>3264.8</ele>
<time>2025-02-05T16:24:05.576Z</time>
</trkpt>
<trkpt lat="-13.547566" lon="-71.892973">
<ele>3264.8</ele>
<time>2025-02-05T16:24:08.496Z</time>
</trkpt>
<trkpt lat="-13.547568" lon="-71.892983">
<ele>3265</ele>
<time>2025-02-05T16:24:11.507Z</time>
</trkpt>
<trkpt lat="-13.54756" lon="-71.892988">
<ele>3265.1</ele>
<time>2025-02-05T16:24:14.380Z</time>
</trkpt>
<trkpt lat="-13.547543" lon="-71.893007">
<ele>3265.2</ele>
<time>2025-02-05T16:24:17.377Z</time>
</trkpt>
<trkpt lat="-13.547544" lon="-71.893042">
<ele>3264.9</ele>
<time>2025-02-05T16:24:20.576Z</time>
</trkpt>
<trkpt lat="-13.547537" lon="-71.893045">
<ele>3264.9</ele>
<time>2025-02-05T16:24:23.376Z</time>
</trkpt>
<trkpt lat="-13.547545" lon="-71.893053">
<ele>3264.9</ele>
<time>2025-02-05T16:24:26.461Z</time>
</trkpt>
<trkpt lat="-13.547539" lon="-71.893071">
<ele>3264.2</ele>
<time>2025-02-05T16:24:29.576Z</time>
</trkpt>
<trkpt lat="-13.547526" lon="-71.89309">
<ele>3264.2</ele>
<time>2025-02-05T16:24:32.576Z</time>
</trkpt>
<trkpt lat="-13.54753" lon="-71.893108">
<ele>3264.3</ele>
<time>2025-02-05T16:24:35.576Z</time>
</trkpt>
<trkpt lat="-13.547516" lon="-71.893131">
<ele>3264.2</ele>
<time>2025-02-05T16:24:38.576Z</time>
</trkpt>
<trkpt lat="-13.547516" lon="-71.893149">
<ele>3264.2</ele>
<time>2025-02-05T16:24:41.576Z</time>
</trkpt>
<trkpt lat="-13.547516" lon="-71.893135">
<ele>3264.2</ele>
<time>2025-02-05T16:24:44.580Z</time>
</trkpt>
<trkpt lat="-13.547509" lon="-71.893153">
<ele>3264.6</ele>
<time>2025-02-05T16:24:47.559Z</time>
</trkpt>
<trkpt lat="-13.547501" lon="-71.893175">
<ele>3264.5</ele>
<time>2025-02-05T16:24:50.357Z</time>
</trkpt>
<trkpt lat="-13.547502" lon="-71.893185">
<ele>3264.4</ele>
<time>2025-02-05T16:24:53.576Z</time>
</trkpt>
<trkpt lat="-13.547495" lon="-71.8932">
<ele>3264.4</ele>
<time>2025-02-05T16:24:56.557Z</time>
</trkpt>
<trkpt lat="-13.547503" lon="-71.893228">
<ele>3264.3</ele>
<time>2025-02-05T16:24:59.575Z</time>
</trkpt>
<trkpt lat="-13.547492" lon="-71.893229">
<ele>3264.1</ele>
<time>2025-02-05T16:25:02.576Z</time>
</trkpt>
<trkpt lat="-13.547495" lon="-71.893248">
<ele>3264.3</ele>
<time>2025-02-05T16:25:05.576Z</time>
</trkpt>
<trkpt lat="-13.54749" lon="-71.893246">
<ele>3264.8</ele>
<time>2025-02-05T16:25:08.576Z</time>
</trkpt>
<trkpt lat="-13.547486" lon="-71.893252">
<ele>3264.8</ele>
<time>2025-02-05T16:25:11.360Z</time>
</trkpt>
<trkpt lat="-13.547475" lon="-71.893262">
<ele>3265</ele>
<time>2025-02-05T16:25:14.576Z</time>
</trkpt>
<trkpt lat="-13.547472" lon="-71.893267">
<ele>3265.6</ele>
<time>2025-02-05T16:25:17.576Z</time>
</trkpt>
<trkpt lat="-13.547478" lon="-71.893273">
<ele>3265.2</ele>
<time>2025-02-05T16:25:20.576Z</time>
</trkpt>
<trkpt lat="-13.547473" lon="-71.89327">
<ele>3265.4</ele>
<time>2025-02-05T16:25:23.576Z</time>
</trkpt>
<trkpt lat="-13.547473" lon="-71.893295">
<ele>3265.3</ele>
<time>2025-02-05T16:25:26.576Z</time>
</trkpt>
<trkpt lat="-13.54746" lon="-71.893288">
<ele>3265.3</ele>
<time>2025-02-05T16:25:29.585Z</time>
</trkpt>
<trkpt lat="-13.547465" lon="-71.893305">
<ele>3266</ele>
<time>2025-02-05T16:25:32.576Z</time>
</trkpt>
<trkpt lat="-13.547463" lon="-71.893325">
<ele>3266</ele>
<time>2025-02-05T16:25:35.582Z</time>
</trkpt>
<trkpt lat="-13.547459" lon="-71.893352">
<ele>3265</ele>
<time>2025-02-05T16:25:38.322Z</time>
</trkpt>
<trkpt lat="-13.547464" lon="-71.893388">
<ele>3265.2</ele>
<time>2025-02-05T16:25:41.361Z</time>
</trkpt>
<trkpt lat="-13.547473" lon="-71.893414">
<ele>3264.7</ele>
<time>2025-02-05T16:25:44.576Z</time>
</trkpt>
<trkpt lat="-13.547476" lon="-71.893421">
<ele>3266.1</ele>
<time>2025-02-05T16:25:47.576Z</time>
</trkpt>
<trkpt lat="-13.547473" lon="-71.893428">
<ele>3266.1</ele>
<time>2025-02-05T16:25:50.280Z</time>
</trkpt>
<trkpt lat="-13.547481" lon="-71.893437">
<ele>3265.3</ele>
<time>2025-02-05T16:25:53.576Z</time>
</trkpt>
<trkpt lat="-13.547485" lon="-71.893438">
<ele>3265.3</ele>
<time>2025-02-05T16:25:56.576Z</time>
</trkpt>
<trkpt lat="-13.547488" lon="-71.893442">
<ele>3265.3</ele>
<time>2025-02-05T16:25:59.576Z</time>
</trkpt>
<trkpt lat="-13.547486" lon="-71.89344">
<ele>3266.1</ele>
<time>2025-02-05T16:26:02.576Z</time>
</trkpt>
<trkpt lat="-13.547486" lon="-71.893444">
<ele>3266.1</ele>
<time>2025-02-05T16:26:05.576Z</time>
</trkpt>
<trkpt lat="-13.547483" lon="-71.893431">
<ele>3265.3</ele>
<time>2025-02-05T16:26:08.576Z</time>
</trkpt>
<trkpt lat="-13.547496" lon="-71.893451">
<ele>3265.2</ele>
<time>2025-02-05T16:26:11.576Z</time>
</trkpt>
<trkpt lat="-13.547484" lon="-71.893433">
<ele>3266.1</ele>
<time>2025-02-05T16:26:14.465Z</time>
</trkpt>
<trkpt lat="-13.547479" lon="-71.893442">
<ele>3265.4</ele>
<time>2025-02-05T16:26:17.357Z</time>
</trkpt>
<trkpt lat="-13.547475" lon="-71.893463">
<ele>3265.5</ele>
<time>2025-02-05T16:26:20.576Z</time>
</trkpt>
<trkpt lat="-13.54747" lon="-71.893468">
<ele>3265.7</ele>
<time>2025-02-05T16:26:23.576Z</time>
</trkpt>
<trkpt lat="-13.547467" lon="-71.893471">
<ele>3265.7</ele>
<time>2025-02-05T16:26:26.459Z</time>
</trkpt>
<trkpt lat="-13.54746" lon="-71.893486">
<ele>3266.8</ele>
<time>2025-02-05T16:26:29.401Z</time>
</trkpt>
<trkpt lat="-13.547448" lon="-71.893504">
<ele>3266.8</ele>
<time>2025-02-05T16:26:32.609Z</time>
</trkpt>
<trkpt lat="-13.547442" lon="-71.893521">
<ele>3266.8</ele>
<time>2025-02-05T16:26:35.657Z</time>
</trkpt>
<trkpt lat="-13.547444" lon="-71.893533">
<ele>3266.8</ele>
<time>2025-02-05T16:26:38.576Z</time>
</trkpt>
<trkpt lat="-13.547442" lon="-71.893545">
<ele>3267.5</ele>
<time>2025-02-05T16:26:41.642Z</time>
</trkpt>
<trkpt lat="-13.547447" lon="-71.893568">
<ele>3267.5</ele>
<time>2025-02-05T16:26:44.672Z</time>
</trkpt>
<trkpt lat="-13.547448" lon="-71.893582">
<ele>3266.1</ele>
<time>2025-02-05T16:26:47.506Z</time>
</trkpt>
<trkpt lat="-13.547447" lon="-71.893584">
<ele>3266.1</ele>
<time>2025-02-05T16:26:50.656Z</time>
</trkpt>
<trkpt lat="-13.547447" lon="-71.893596">
<ele>3266.1</ele>
<time>2025-02-05T16:26:53.576Z</time>
</trkpt>
<trkpt lat="-13.54745" lon="-71.8936">
<ele>3269.7</ele>
<time>2025-02-05T16:26:56.576Z</time>
</trkpt>
<trkpt lat="-13.547453" lon="-71.89362">
<ele>3269.7</ele>
<time>2025-02-05T16:26:59.576Z</time>
</trkpt>
<trkpt lat="-13.547452" lon="-71.893629">
<ele>3270.7</ele>
<time>2025-02-05T16:27:02.576Z</time>
</trkpt>
<trkpt lat="-13.547451" lon="-71.893632">
<ele>3270.6</ele>
<time>2025-02-05T16:27:05.576Z</time>
</trkpt>
<trkpt lat="-13.547451" lon="-71.893633">
<ele>3270.6</ele>
<time>2025-02-05T16:27:08.576Z</time>
</trkpt>
<trkpt lat="-13.547452" lon="-71.893635">
<ele>3270.6</ele>
<time>2025-02-05T16:27:11.576Z</time>
</trkpt>
<trkpt lat="-13.547458" lon="-71.89364">
<ele>3270.6</ele>
<time>2025-02-05T16:27:14.576Z</time>
</trkpt>
<trkpt lat="-13.547459" lon="-71.893642">
<ele>3270.6</ele>
<time>2025-02-05T16:27:17.576Z</time>
</trkpt>
<trkpt lat="-13.547454" lon="-71.893648">
<ele>3269.7</ele>
<time>2025-02-05T16:27:20.576Z</time>
</trkpt>
<trkpt lat="-13.547447" lon="-71.89364">
<ele>3269.7</ele>
<time>2025-02-05T16:27:23.576Z</time>
</trkpt>
<trkpt lat="-13.547444" lon="-71.893647">
<ele>3266.9</ele>
<time>2025-02-05T16:27:26.576Z</time>
</trkpt>
<trkpt lat="-13.547444" lon="-71.893653">
<ele>3266.9</ele>
<time>2025-02-05T16:27:29.575Z</time>
</trkpt>
<trkpt lat="-13.547443" lon="-71.893668">
<ele>3266.8</ele>
<time>2025-02-05T16:27:32.575Z</time>
</trkpt>
<trkpt lat="-13.547443" lon="-71.893675">
<ele>3266.8</ele>
<time>2025-02-05T16:27:35.394Z</time>
</trkpt>
<trkpt lat="-13.547442" lon="-71.893684">
<ele>3266.8</ele>
<time>2025-02-05T16:27:38.576Z</time>
</trkpt>
<trkpt lat="-13.547444" lon="-71.893686">
<ele>3266.9</ele>
<time>2025-02-05T16:27:41.576Z</time>
</trkpt>
<trkpt lat="-13.547446" lon="-71.893688">
<ele>3266.9</ele>
<time>2025-02-05T16:27:44.575Z</time>
</trkpt>
<trkpt lat="-13.547448" lon="-71.89369">
<ele>3266.1</ele>
<time>2025-02-05T16:27:47.576Z</time>
</trkpt>
<trkpt lat="-13.547448" lon="-71.89369">
<ele>3266.9</ele>
<time>2025-02-05T16:27:50.456Z</time>
</trkpt>
<trkpt lat="-13.547449" lon="-71.893695">
<ele>3266.9</ele>
<time>2025-02-05T16:27:53.576Z</time>
</trkpt>
<trkpt lat="-13.547444" lon="-71.893703">
<ele>3266.8</ele>
<time>2025-02-05T16:27:56.576Z</time>
</trkpt>
<trkpt lat="-13.547444" lon="-71.893704">
<ele>3266.8</ele>
<time>2025-02-05T16:27:59.576Z</time>
</trkpt>
<trkpt lat="-13.547441" lon="-71.89371">
<ele>3266.8</ele>
<time>2025-02-05T16:28:02.576Z</time>
</trkpt>
<trkpt lat="-13.547441" lon="-71.893706">
<ele>3266.8</ele>
<time>2025-02-05T16:28:05.576Z</time>
</trkpt>
<trkpt lat="-13.547441" lon="-71.893707">
<ele>3266.8</ele>
<time>2025-02-05T16:28:08.576Z</time>
</trkpt>
<trkpt lat="-13.547436" lon="-71.893716">
<ele>3265.6</ele>
<time>2025-02-05T16:28:11.575Z</time>
</trkpt>
<trkpt lat="-13.547438" lon="-71.893708">
<ele>3265.6</ele>
<time>2025-02-05T16:28:14.537Z</time>
</trkpt>
<trkpt lat="-13.547435" lon="-71.893714">
<ele>3266.8</ele>
<time>2025-02-05T16:28:17.604Z</time>
</trkpt>
<trkpt lat="-13.547417" lon="-71.893739">
<ele>3266.8</ele>
<time>2025-02-05T16:28:20.576Z</time>
</trkpt>
<trkpt lat="-13.547403" lon="-71.893757">
<ele>3266.9</ele>
<time>2025-02-05T16:28:23.576Z</time>
</trkpt>
<trkpt lat="-13.547411" lon="-71.893751">
<ele>3269.7</ele>
<time>2025-02-05T16:28:26.575Z</time>
</trkpt>
<trkpt lat="-13.547411" lon="-71.893753">
<ele>3269.7</ele>
<time>2025-02-05T16:28:29.575Z</time>
</trkpt>
<trkpt lat="-13.547411" lon="-71.893756">
<ele>3269.9</ele>
<time>2025-02-05T16:28:32.575Z</time>
</trkpt>
<trkpt lat="-13.547411" lon="-71.893756">
<ele>3269.9</ele>
<time>2025-02-05T16:28:35.526Z</time>
</trkpt>
<trkpt lat="-13.547412" lon="-71.893758">
<ele>3269.9</ele>
<time>2025-02-05T16:28:38.481Z</time>
</trkpt>
<trkpt lat="-13.54741" lon="-71.89376">
<ele>3269.7</ele>
<time>2025-02-05T16:28:41.183Z</time>
</trkpt>
<trkpt lat="-13.547399" lon="-71.893783">
<ele>3269.7</ele>
<time>2025-02-05T16:28:43.980Z</time>
</trkpt>
<trkpt lat="-13.547396" lon="-71.893798">
<ele>3266.8</ele>
<time>2025-02-05T16:28:47.143Z</time>
</trkpt>
<trkpt lat="-13.547393" lon="-71.893802">
<ele>3266.8</ele>
<time>2025-02-05T16:28:50.588Z</time>
</trkpt>
<trkpt lat="-13.547392" lon="-71.893803">
<ele>3269.9</ele>
<time>2025-02-05T16:28:53.577Z</time>
</trkpt>
<trkpt lat="-13.547393" lon="-71.893805">
<ele>3269.9</ele>
<time>2025-02-05T16:28:56.575Z</time>
</trkpt>
<trkpt lat="-13.547391" lon="-71.893806">
<ele>3269.9</ele>
<time>2025-02-05T16:28:59.575Z</time>
</trkpt>
<trkpt lat="-13.547394" lon="-71.893809">
<ele>3269.9</ele>
<time>2025-02-05T16:29:02.575Z</time>
</trkpt>
<trkpt lat="-13.547395" lon="-71.89381">
<ele>3269.9</ele>
<time>2025-02-05T16:29:05.575Z</time>
</trkpt>
<trkpt lat="-13.547397" lon="-71.893812">
<ele>3269.9</ele>
<time>2025-02-05T16:29:08.575Z</time>
</trkpt>
<trkpt lat="-13.547397" lon="-71.893812">
<ele>3269.9</ele>
<time>2025-02-05T16:29:11.575Z</time>
</trkpt>
<trkpt lat="-13.547397" lon="-71.893812">
<ele>3269.9</ele>
<time>2025-02-05T16:29:14.575Z</time>
</trkpt>
<trkpt lat="-13.547396" lon="-71.893813">
<ele>3267.3</ele>
<time>2025-02-05T16:29:17.575Z</time>
</trkpt>
<trkpt lat="-13.547396" lon="-71.893817">
<ele>3267.3</ele>
<time>2025-02-05T16:29:20.575Z</time>
</trkpt>
<trkpt lat="-13.547396" lon="-71.893818">
<ele>3268</ele>
<time>2025-02-05T16:29:23.575Z</time>
</trkpt>
<trkpt lat="-13.5474" lon="-71.893828">
<ele>3269.7</ele>
<time>2025-02-05T16:29:26.574Z</time>
</trkpt>
<trkpt lat="-13.547393" lon="-71.893822">
<ele>3269.7</ele>
<time>2025-02-05T16:29:29.575Z</time>
</trkpt>
<trkpt lat="-13.547394" lon="-71.893831">
<ele>3269.7</ele>
<time>2025-02-05T16:29:32.575Z</time>
</trkpt>
<trkpt lat="-13.547395" lon="-71.893834">
<ele>3269.7</ele>
<time>2025-02-05T16:29:35.575Z</time>
</trkpt>
<trkpt lat="-13.547395" lon="-71.893836">
<ele>3266.8</ele>
<time>2025-02-05T16:29:38.575Z</time>
</trkpt>
<trkpt lat="-13.547397" lon="-71.893836">
<ele>3266.9</ele>
<time>2025-02-05T16:29:41.575Z</time>
</trkpt>
<trkpt lat="-13.547398" lon="-71.893836">
<ele>3266.9</ele>
<time>2025-02-05T16:29:44.575Z</time>
</trkpt>
<trkpt lat="-13.5474" lon="-71.893835">
<ele>3268.7</ele>
<time>2025-02-05T16:29:47.575Z</time>
</trkpt>
<trkpt lat="-13.5474" lon="-71.893836">
<ele>3268.7</ele>
<time>2025-02-05T16:29:50.578Z</time>
</trkpt>
<trkpt lat="-13.547402" lon="-71.893838">
<ele>3266.8</ele>
<time>2025-02-05T16:29:53.395Z</time>
</trkpt>
<trkpt lat="-13.547404" lon="-71.893848">
<ele>3269.7</ele>
<time>2025-02-05T16:29:56.575Z</time>
</trkpt>
<trkpt lat="-13.547407" lon="-71.893858">
<ele>3269.7</ele>
<time>2025-02-05T16:29:59.575Z</time>
</trkpt>
<trkpt lat="-13.547408" lon="-71.893861">
<ele>3267.5</ele>
<time>2025-02-05T16:30:02.364Z</time>
</trkpt>
<trkpt lat="-13.547409" lon="-71.893878">
<ele>3267.5</ele>
<time>2025-02-05T16:30:05.420Z</time>
</trkpt>
<trkpt lat="-13.547409" lon="-71.89389">
<ele>3269.7</ele>
<time>2025-02-05T16:30:08.574Z</time>
</trkpt>
<trkpt lat="-13.547408" lon="-71.893905">
<ele>3266.9</ele>
<time>2025-02-05T16:30:11.575Z</time>
</trkpt>
<trkpt lat="-13.547409" lon="-71.893914">
<ele>3266.9</ele>
<time>2025-02-05T16:30:14.575Z</time>
</trkpt>
<trkpt lat="-13.547401" lon="-71.89393">
<ele>3266.8</ele>
<time>2025-02-05T16:30:17.575Z</time>
</trkpt>
<trkpt lat="-13.5474" lon="-71.893934">
<ele>3266.8</ele>
<time>2025-02-05T16:30:20.575Z</time>
</trkpt>
<trkpt lat="-13.547402" lon="-71.893929">
<ele>3267</ele>
<time>2025-02-05T16:30:23.575Z</time>
</trkpt>
<trkpt lat="-13.547403" lon="-71.893929">
<ele>3266.9</ele>
<time>2025-02-05T16:30:26.575Z</time>
</trkpt>
<trkpt lat="-13.547402" lon="-71.893927">
<ele>3266.9</ele>
<time>2025-02-05T16:30:29.575Z</time>
</trkpt>
<trkpt lat="-13.547404" lon="-71.893928">
<ele>3267.3</ele>
<time>2025-02-05T16:30:32.575Z</time>
</trkpt>
<trkpt lat="-13.5474" lon="-71.893926">
<ele>3267.3</ele>
<time>2025-02-05T16:30:35.575Z</time>
</trkpt>
<trkpt lat="-13.547396" lon="-71.893924">
<ele>3267.5</ele>
<time>2025-02-05T16:30:38.575Z</time>
</trkpt>
<trkpt lat="-13.547392" lon="-71.893929">
<ele>3267.5</ele>
<time>2025-02-05T16:30:41.575Z</time>
</trkpt>
<trkpt lat="-13.547386" lon="-71.893942">
<ele>3267.5</ele>
<time>2025-02-05T16:30:44.575Z</time>
</trkpt>
<trkpt lat="-13.547387" lon="-71.893943">
<ele>3268</ele>
<time>2025-02-05T16:30:47.575Z</time>
</trkpt>
<trkpt lat="-13.547373" lon="-71.893968">
<ele>3268</ele>
<time>2025-02-05T16:30:50.575Z</time>
</trkpt>
<trkpt lat="-13.547361" lon="-71.893989">
<ele>3267.3</ele>
<time>2025-02-05T16:30:53.575Z</time>
</trkpt>
<trkpt lat="-13.547346" lon="-71.894011">
<ele>3268</ele>
<time>2025-02-05T16:30:56.457Z</time>
</trkpt>
<trkpt lat="-13.547343" lon="-71.894021">
<ele>3268</ele>
<time>2025-02-05T16:30:59.575Z</time>
</trkpt>
<trkpt lat="-13.547342" lon="-71.89403">
<ele>3270.6</ele>
<time>2025-02-05T16:31:02.574Z</time>
</trkpt>
<trkpt lat="-13.547344" lon="-71.894045">
<ele>3270.6</ele>
<time>2025-02-05T16:31:05.575Z</time>
</trkpt>
<trkpt lat="-13.547343" lon="-71.894061">
<ele>3269.9</ele>
<time>2025-02-05T16:31:08.575Z</time>
</trkpt>
<trkpt lat="-13.547339" lon="-71.894085">
<ele>3270.1</ele>
<time>2025-02-05T16:31:11.574Z</time>
</trkpt>
<trkpt lat="-13.547331" lon="-71.894105">
<ele>3270.1</ele>
<time>2025-02-05T16:31:14.517Z</time>
</trkpt>
<trkpt lat="-13.547332" lon="-71.894123">
<ele>3270.1</ele>
<time>2025-02-05T16:31:17.575Z</time>
</trkpt>
<trkpt lat="-13.547327" lon="-71.894141">
<ele>3270.1</ele>
<time>2025-02-05T16:31:20.575Z</time>
</trkpt>
<trkpt lat="-13.547325" lon="-71.894153">
<ele>3271</ele>
<time>2025-02-05T16:31:23.575Z</time>
</trkpt>
<trkpt lat="-13.547326" lon="-71.894151">
<ele>3268.9</ele>
<time>2025-02-05T16:31:26.575Z</time>
</trkpt>
<trkpt lat="-13.547327" lon="-71.89415">
<ele>3268.9</ele>
<time>2025-02-05T16:31:29.575Z</time>
</trkpt>
<trkpt lat="-13.54733" lon="-71.894148">
<ele>3282.9</ele>
<time>2025-02-05T16:31:32.575Z</time>
</trkpt>
<trkpt lat="-13.547328" lon="-71.894151">
<ele>3282.9</ele>
<time>2025-02-05T16:31:35.575Z</time>
</trkpt>
<trkpt lat="-13.547327" lon="-71.894154">
<ele>3269.7</ele>
<time>2025-02-05T16:31:38.575Z</time>
</trkpt>
<trkpt lat="-13.547328" lon="-71.894162">
<ele>3267.5</ele>
<time>2025-02-05T16:31:41.575Z</time>
</trkpt>
<trkpt lat="-13.547332" lon="-71.89416">
<ele>3267.5</ele>
<time>2025-02-05T16:31:44.575Z</time>
</trkpt>
<trkpt lat="-13.547331" lon="-71.894167">
<ele>3270.9</ele>
<time>2025-02-05T16:31:47.575Z</time>
</trkpt>
<trkpt lat="-13.547332" lon="-71.894171">
<ele>3270.9</ele>
<time>2025-02-05T16:31:50.575Z</time>
</trkpt>
<trkpt lat="-13.547332" lon="-71.894173">
<ele>3270.8</ele>
<time>2025-02-05T16:31:53.575Z</time>
</trkpt>
<trkpt lat="-13.54733" lon="-71.894172">
<ele>3271</ele>
<time>2025-02-05T16:31:56.613Z</time>
</trkpt>
<trkpt lat="-13.547332" lon="-71.894173">
<ele>3271</ele>
<time>2025-02-05T16:31:59.622Z</time>
</trkpt>
<trkpt lat="-13.547333" lon="-71.894178">
<ele>3271</ele>
<time>2025-02-05T16:32:02.575Z</time>
</trkpt>
<trkpt lat="-13.547334" lon="-71.894175">
<ele>3270.9</ele>
<time>2025-02-05T16:32:05.647Z</time>
</trkpt>
<trkpt lat="-13.547335" lon="-71.894175">
<ele>3270.9</ele>
<time>2025-02-05T16:32:08.628Z</time>
</trkpt>
<trkpt lat="-13.547337" lon="-71.894174">
<ele>3270.9</ele>
<time>2025-02-05T16:32:11.574Z</time>
</trkpt>
<trkpt lat="-13.547337" lon="-71.894175">
<ele>3271.3</ele>
<time>2025-02-05T16:32:14.609Z</time>
</trkpt>
<trkpt lat="-13.547338" lon="-71.894176">
<ele>3271.3</ele>
<time>2025-02-05T16:32:17.437Z</time>
</trkpt>
<trkpt lat="-13.547337" lon="-71.894176">
<ele>3271</ele>
<time>2025-02-05T16:32:20.574Z</time>
</trkpt>
<trkpt lat="-13.547336" lon="-71.894176">
<ele>3271</ele>
<time>2025-02-05T16:32:23.575Z</time>
</trkpt>
<trkpt lat="-13.547336" lon="-71.894178">
<ele>3270.9</ele>
<time>2025-02-05T16:32:26.574Z</time>
</trkpt>
<trkpt lat="-13.547337" lon="-71.894178">
<ele>3270.9</ele>
<time>2025-02-05T16:32:29.575Z</time>
</trkpt>
<trkpt lat="-13.547337" lon="-71.894177">
<ele>3270.8</ele>
<time>2025-02-05T16:32:32.575Z</time>
</trkpt>
<trkpt lat="-13.547338" lon="-71.894177">
<ele>3270.8</ele>
<time>2025-02-05T16:32:35.575Z</time>
</trkpt>
<trkpt lat="-13.547338" lon="-71.894177">
<ele>3270.8</ele>
<time>2025-02-05T16:32:38.575Z</time>
</trkpt>
<trkpt lat="-13.547338" lon="-71.894177">
<ele>3270.9</ele>
<time>2025-02-05T16:32:41.575Z</time>
</trkpt>
<trkpt lat="-13.547338" lon="-71.894177">
<ele>3270.9</ele>
<time>2025-02-05T16:32:44.575Z</time>
</trkpt>
<trkpt lat="-13.547338" lon="-71.894177">
<ele>3270.9</ele>
<time>2025-02-05T16:32:47.575Z</time>
</trkpt>
<trkpt lat="-13.547338" lon="-71.894177">
<ele>3270.8</ele>
<time>2025-02-05T16:32:50.575Z</time>
</trkpt>
<trkpt lat="-13.547338" lon="-71.894177">
<ele>3270.8</ele>
<time>2025-02-05T16:32:53.575Z</time>
</trkpt>
<trkpt lat="-13.547337" lon="-71.894177">
<ele>3270.8</ele>
<time>2025-02-05T16:32:56.575Z</time>
</trkpt>
<trkpt lat="-13.547338" lon="-71.894177">
<ele>3270.8</ele>
<time>2025-02-05T16:32:59.575Z</time>
</trkpt>
<trkpt lat="-13.547337" lon="-71.894178">
<ele>3270.8</ele>
<time>2025-02-05T16:33:02.575Z</time>
</trkpt>
<trkpt lat="-13.547337" lon="-71.894178">
<ele>3271.3</ele>
<time>2025-02-05T16:33:05.575Z</time>
</trkpt>
<trkpt lat="-13.547337" lon="-71.894178">
<ele>3271.3</ele>
<time>2025-02-05T16:33:08.575Z</time>
</trkpt>
<trkpt lat="-13.547336" lon="-71.894178">
<ele>3271.3</ele>
<time>2025-02-05T16:33:11.575Z</time>
</trkpt>
<trkpt lat="-13.547336" lon="-71.894178">
<ele>3270.9</ele>
<time>2025-02-05T16:33:14.575Z</time>
</trkpt>
<trkpt lat="-13.547331" lon="-71.894159">
<ele>3270.9</ele>
<time>2025-02-05T16:33:17.575Z</time>
</trkpt>
<trkpt lat="-13.54733" lon="-71.894157">
<ele>3270.9</ele>
<time>2025-02-05T16:33:20.574Z</time>
</trkpt>
<trkpt lat="-13.54733" lon="-71.894159">
<ele>3270.9</ele>
<time>2025-02-05T16:33:23.575Z</time>
</trkpt>
<trkpt lat="-13.54733" lon="-71.894159">
<ele>3270.9</ele>
<time>2025-02-05T16:33:26.575Z</time>
</trkpt>
<trkpt lat="-13.547333" lon="-71.89416">
<ele>3272.7</ele>
<time>2025-02-05T16:33:29.575Z</time>
</trkpt>
<trkpt lat="-13.547333" lon="-71.894161">
<ele>3272.7</ele>
<time>2025-02-05T16:33:32.575Z</time>
</trkpt>
<trkpt lat="-13.547333" lon="-71.894161">
<ele>3272.7</ele>
<time>2025-02-05T16:33:35.575Z</time>
</trkpt>
<trkpt lat="-13.547333" lon="-71.894161">
<ele>3270.8</ele>
<time>2025-02-05T16:33:38.573Z</time>
</trkpt>
<trkpt lat="-13.547333" lon="-71.894161">
<ele>3270.8</ele>
<time>2025-02-05T16:33:41.575Z</time>
</trkpt>
<trkpt lat="-13.547333" lon="-71.894161">
<ele>3270.8</ele>
<time>2025-02-05T16:33:44.575Z</time>
</trkpt>
<trkpt lat="-13.547333" lon="-71.894161">
<ele>3270.9</ele>
<time>2025-02-05T16:33:47.575Z</time>
</trkpt>
<trkpt lat="-13.547333" lon="-71.894161">
<ele>3270.9</ele>
<time>2025-02-05T16:33:50.575Z</time>
</trkpt>
<trkpt lat="-13.547333" lon="-71.894161">
<ele>3270.9</ele>
<time>2025-02-05T16:33:53.575Z</time>
</trkpt>
<trkpt lat="-13.547334" lon="-71.894161">
<ele>3270.8</ele>
<time>2025-02-05T16:33:56.575Z</time>
</trkpt>
<trkpt lat="-13.547334" lon="-71.894161">
<ele>3270.8</ele>
<time>2025-02-05T16:33:59.575Z</time>
</trkpt>
<trkpt lat="-13.547333" lon="-71.894161">
<ele>3270.8</ele>
<time>2025-02-05T16:34:02.573Z</time>
</trkpt>
<trkpt lat="-13.547333" lon="-71.894161">
<ele>3270.8</ele>
<time>2025-02-05T16:34:05.574Z</time>
</trkpt>
<trkpt lat="-13.547333" lon="-71.894163">
<ele>3270.8</ele>
<time>2025-02-05T16:34:08.574Z</time>
</trkpt>
<trkpt lat="-13.547332" lon="-71.894165">
<ele>3271</ele>
<time>2025-02-05T16:34:11.574Z</time>
</trkpt>
<trkpt lat="-13.547332" lon="-71.894166">
<ele>3271</ele>
<time>2025-02-05T16:34:14.574Z</time>
</trkpt>
<trkpt lat="-13.547332" lon="-71.894166">
<ele>3271</ele>
<time>2025-02-05T16:34:17.574Z</time>
</trkpt>
<trkpt lat="-13.547333" lon="-71.894164">
<ele>3270.9</ele>
<time>2025-02-05T16:34:20.541Z</time>
</trkpt>
<trkpt lat="-13.547328" lon="-71.894167">
<ele>3270.9</ele>
<time>2025-02-05T16:34:23.574Z</time>
</trkpt>
<trkpt lat="-13.547326" lon="-71.89417">
<ele>3270.8</ele>
<time>2025-02-05T16:34:26.574Z</time>
</trkpt>
<trkpt lat="-13.547314" lon="-71.894179">
<ele>3272.4</ele>
<time>2025-02-05T16:34:29.574Z</time>
</trkpt>
<trkpt lat="-13.547315" lon="-71.89418">
<ele>3272.4</ele>
<time>2025-02-05T16:34:32.580Z</time>
</trkpt>
<trkpt lat="-13.547307" lon="-71.894184">
<ele>3272.4</ele>
<time>2025-02-05T16:34:33.954Z</time>
</trkpt>
<trkpt lat="-13.547312" lon="-71.894176">
<ele>3270.9</ele>
<time>2025-02-05T16:34:35.574Z</time>
</trkpt>
<trkpt lat="-13.547313" lon="-71.894176">
<ele>3270.9</ele>
<time>2025-02-05T16:34:36.574Z</time>
</trkpt>
<trkpt lat="-13.547313" lon="-71.894176">
<ele>3270.9</ele>
<time>2025-02-05T16:34:37.574Z</time>
</trkpt>
<trkpt lat="-13.547314" lon="-71.894176">
<ele>3270.9</ele>
<time>2025-02-05T16:34:38.573Z</time>
</trkpt>
<trkpt lat="-13.547315" lon="-71.894176">
<ele>3270.9</ele>
<time>2025-02-05T16:34:39.574Z</time>
</trkpt>
<trkpt lat="-13.547316" lon="-71.894178">
<ele>3270.9</ele>
<time>2025-02-05T16:34:40.574Z</time>
</trkpt>
<trkpt lat="-13.547317" lon="-71.89418">
<ele>3270.9</ele>
<time>2025-02-05T16:34:41.574Z</time>
</trkpt>
<trkpt lat="-13.547319" lon="-71.894187">
<ele>3270.9</ele>
<time>2025-02-05T16:34:42.574Z</time>
</trkpt>
<trkpt lat="-13.54732" lon="-71.894193">
<ele>3270.9</ele>
<time>2025-02-05T16:34:43.574Z</time>
</trkpt>
<trkpt lat="-13.547321" lon="-71.894201">
<ele>3270.9</ele>
<time>2025-02-05T16:34:44.574Z</time>
</trkpt>
<trkpt lat="-13.547322" lon="-71.894211">
<ele>3270.9</ele>
<time>2025-02-05T16:34:45.574Z</time>
</trkpt>
<trkpt lat="-13.547324" lon="-71.89422">
<ele>3270.9</ele>
<time>2025-02-05T16:34:46.574Z</time>
</trkpt>
<trkpt lat="-13.547326" lon="-71.894233">
<ele>3271</ele>
<time>2025-02-05T16:34:47.574Z</time>
</trkpt>
<trkpt lat="-13.547327" lon="-71.894239">
<ele>3271</ele>
<time>2025-02-05T16:34:48.574Z</time>
</trkpt>
<trkpt lat="-13.547326" lon="-71.894247">
<ele>3271</ele>
<time>2025-02-05T16:34:49.574Z</time>
</trkpt>
<trkpt lat="-13.547322" lon="-71.894254">
<ele>3271</ele>
<time>2025-02-05T16:34:50.597Z</time>
</trkpt>
<trkpt lat="-13.547319" lon="-71.894258">
<ele>3271</ele>
<time>2025-02-05T16:34:51.574Z</time>
</trkpt>
<trkpt lat="-13.547318" lon="-71.89426">
<ele>3271</ele>
<time>2025-02-05T16:34:52.573Z</time>
</trkpt>
<trkpt lat="-13.547318" lon="-71.894263">
<ele>3270.9</ele>
<time>2025-02-05T16:34:53.574Z</time>
</trkpt>
<trkpt lat="-13.547319" lon="-71.894269">
<ele>3270.9</ele>
<time>2025-02-05T16:34:54.574Z</time>
</trkpt>
<trkpt lat="-13.54732" lon="-71.894276">
<ele>3270.9</ele>
<time>2025-02-05T16:34:55.573Z</time>
</trkpt>
<trkpt lat="-13.547322" lon="-71.894282">
<ele>3270.9</ele>
<time>2025-02-05T16:34:56.574Z</time>
</trkpt>
<trkpt lat="-13.547324" lon="-71.894291">
<ele>3270.9</ele>
<time>2025-02-05T16:34:57.574Z</time>
</trkpt>
<trkpt lat="-13.547327" lon="-71.894298">
<ele>3270.9</ele>
<time>2025-02-05T16:34:58.574Z</time>
</trkpt>
<trkpt lat="-13.547331" lon="-71.894304">
<ele>3270.9</ele>
<time>2025-02-05T16:34:59.574Z</time>
</trkpt>
<trkpt lat="-13.547333" lon="-71.89431">
<ele>3270.9</ele>
<time>2025-02-05T16:35:00.476Z</time>
</trkpt>
<trkpt lat="-13.547334" lon="-71.894317">
<ele>3270.9</ele>
<time>2025-02-05T16:35:01.574Z</time>
</trkpt>
<trkpt lat="-13.547337" lon="-71.894326">
<ele>3270.8</ele>
<time>2025-02-05T16:35:02.574Z</time>
</trkpt>
<trkpt lat="-13.547338" lon="-71.89433">
<ele>3270.8</ele>
<time>2025-02-05T16:35:03.574Z</time>
</trkpt>
<trkpt lat="-13.547341" lon="-71.894334">
<ele>3270.8</ele>
<time>2025-02-05T16:35:04.574Z</time>
</trkpt>
<trkpt lat="-13.547341" lon="-71.894336">
<ele>3270.8</ele>
<time>2025-02-05T16:35:05.574Z</time>
</trkpt>
<trkpt lat="-13.547341" lon="-71.894338">
<ele>3270.8</ele>
<time>2025-02-05T16:35:06.574Z</time>
</trkpt>
<trkpt lat="-13.547343" lon="-71.894346">
<ele>3270.9</ele>
<time>2025-02-05T16:35:07.594Z</time>
</trkpt>
<trkpt lat="-13.547332" lon="-71.894348">
<ele>3270.9</ele>
<time>2025-02-05T16:35:08.573Z</time>
</trkpt>
<trkpt lat="-13.547326" lon="-71.894355">
<ele>3270.9</ele>
<time>2025-02-05T16:35:09.559Z</time>
</trkpt>
<trkpt lat="-13.547317" lon="-71.894361">
<ele>3270.9</ele>
<time>2025-02-05T16:35:10.574Z</time>
</trkpt>
<trkpt lat="-13.54731" lon="-71.894369">
<ele>3270.9</ele>
<time>2025-02-05T16:35:11.574Z</time>
</trkpt>
<trkpt lat="-13.547297" lon="-71.894378">
<ele>3271</ele>
<time>2025-02-05T16:35:12.573Z</time>
</trkpt>
<trkpt lat="-13.547293" lon="-71.894382">
<ele>3271</ele>
<time>2025-02-05T16:35:13.556Z</time>
</trkpt>
<trkpt lat="-13.547287" lon="-71.894386">
<ele>3271</ele>
<time>2025-02-05T16:35:14.574Z</time>
</trkpt>
<trkpt lat="-13.547284" lon="-71.89439">
<ele>3271</ele>
<time>2025-02-05T16:35:15.574Z</time>
</trkpt>
<trkpt lat="-13.547282" lon="-71.894395">
<ele>3271</ele>
<time>2025-02-05T16:35:16.573Z</time>
</trkpt>
<trkpt lat="-13.547282" lon="-71.894396">
<ele>3271.8</ele>
<time>2025-02-05T16:35:17.478Z</time>
</trkpt>
<trkpt lat="-13.547281" lon="-71.894402">
<ele>3271.8</ele>
<time>2025-02-05T16:35:18.393Z</time>
</trkpt>
<trkpt lat="-13.547279" lon="-71.894406">
<ele>3271.8</ele>
<time>2025-02-05T16:35:19.574Z</time>
</trkpt>
<trkpt lat="-13.547277" lon="-71.894411">
<ele>3271.8</ele>
<time>2025-02-05T16:35:20.574Z</time>
</trkpt>
<trkpt lat="-13.547275" lon="-71.894416">
<ele>3271.8</ele>
<time>2025-02-05T16:35:21.574Z</time>
</trkpt>
<trkpt lat="-13.547275" lon="-71.894417">
<ele>3270.8</ele>
<time>2025-02-05T16:35:22.481Z</time>
</trkpt>
<trkpt lat="-13.547272" lon="-71.894426">
<ele>3270.8</ele>
<time>2025-02-05T16:35:23.574Z</time>
</trkpt>
<trkpt lat="-13.547271" lon="-71.89443">
<ele>3270.8</ele>
<time>2025-02-05T16:35:24.574Z</time>
</trkpt>
<trkpt lat="-13.547269" lon="-71.894436">
<ele>3270.8</ele>
<time>2025-02-05T16:35:25.574Z</time>
</trkpt>
<trkpt lat="-13.547268" lon="-71.894442">
<ele>3270.8</ele>
<time>2025-02-05T16:35:26.573Z</time>
</trkpt>
<trkpt lat="-13.54727" lon="-71.894449">
<ele>3270.8</ele>
<time>2025-02-05T16:35:27.494Z</time>
</trkpt>
<trkpt lat="-13.54727" lon="-71.894454">
<ele>3270.8</ele>
<time>2025-02-05T16:35:28.574Z</time>
</trkpt>
<trkpt lat="-13.54727" lon="-71.894461">
<ele>3270.8</ele>
<time>2025-02-05T16:35:29.574Z</time>
</trkpt>
<trkpt lat="-13.54727" lon="-71.894468">
<ele>3270.8</ele>
<time>2025-02-05T16:35:30.574Z</time>
</trkpt>
<trkpt lat="-13.547268" lon="-71.894474">
<ele>3270.8</ele>
<time>2025-02-05T16:35:31.557Z</time>
</trkpt>
<trkpt lat="-13.547267" lon="-71.894473">
<ele>3270.8</ele>
<time>2025-02-05T16:35:32.481Z</time>
</trkpt>
<trkpt lat="-13.547263" lon="-71.894472">
<ele>3270.8</ele>
<time>2025-02-05T16:35:33.574Z</time>
</trkpt>
<trkpt lat="-13.547264" lon="-71.89447">
<ele>3270.8</ele>
<time>2025-02-05T16:35:34.574Z</time>
</trkpt>
<trkpt lat="-13.547264" lon="-71.894468">
<ele>3270.8</ele>
<time>2025-02-05T16:35:35.574Z</time>
</trkpt>
<trkpt lat="-13.547265" lon="-71.894467">
<ele>3270.8</ele>
<time>2025-02-05T16:35:36.573Z</time>
</trkpt>
<trkpt lat="-13.547265" lon="-71.894466">
<ele>3270.7</ele>
<time>2025-02-05T16:35:37.574Z</time>
</trkpt>
<trkpt lat="-13.547265" lon="-71.894465">
<ele>3270.7</ele>
<time>2025-02-05T16:35:38.574Z</time>
</trkpt>
<trkpt lat="-13.547265" lon="-71.894464">
<ele>3270.7</ele>
<time>2025-02-05T16:35:39.574Z</time>
</trkpt>
<trkpt lat="-13.547265" lon="-71.894464">
<ele>3270.7</ele>
<time>2025-02-05T16:35:40.574Z</time>
</trkpt>
<trkpt lat="-13.547265" lon="-71.894464">
<ele>3270.7</ele>
<time>2025-02-05T16:35:41.574Z</time>
</trkpt>
<trkpt lat="-13.547265" lon="-71.894464">
<ele>3270.8</ele>
<time>2025-02-05T16:35:42.481Z</time>
</trkpt>
<trkpt lat="-13.547265" lon="-71.894464">
<ele>3270.8</ele>
<time>2025-02-05T16:35:43.574Z</time>
</trkpt>
<trkpt lat="-13.547265" lon="-71.894464">
<ele>3270.8</ele>
<time>2025-02-05T16:35:44.574Z</time>
</trkpt>
<trkpt lat="-13.547264" lon="-71.894464">
<ele>3270.8</ele>
<time>2025-02-05T16:35:45.574Z</time>
</trkpt>
<trkpt lat="-13.547264" lon="-71.894464">
<ele>3270.8</ele>
<time>2025-02-05T16:35:46.574Z</time>
</trkpt>
<trkpt lat="-13.547265" lon="-71.894463">
<ele>3270.8</ele>
<time>2025-02-05T16:35:47.574Z</time>
</trkpt>
<trkpt lat="-13.547265" lon="-71.894463">
<ele>3270.8</ele>
<time>2025-02-05T16:35:48.574Z</time>
</trkpt>
<trkpt lat="-13.547264" lon="-71.894464">
<ele>3270.8</ele>
<time>2025-02-05T16:35:49.574Z</time>
</trkpt>
<trkpt lat="-13.547265" lon="-71.894464">
<ele>3270.8</ele>
<time>2025-02-05T16:35:50.574Z</time>
</trkpt>
<trkpt lat="-13.547266" lon="-71.894466">
<ele>3270.8</ele>
<time>2025-02-05T16:35:51.573Z</time>
</trkpt>
<trkpt lat="-13.547267" lon="-71.894469">
<ele>3270.8</ele>
<time>2025-02-05T16:35:52.574Z</time>
</trkpt>
<trkpt lat="-13.547269" lon="-71.894473">
<ele>3270.7</ele>
<time>2025-02-05T16:35:53.574Z</time>
</trkpt>
<trkpt lat="-13.54727" lon="-71.894476">
<ele>3270.7</ele>
<time>2025-02-05T16:35:54.533Z</time>
</trkpt>
<trkpt lat="-13.547274" lon="-71.894486">
<ele>3270.7</ele>
<time>2025-02-05T16:35:55.574Z</time>
</trkpt>
<trkpt lat="-13.547277" lon="-71.894494">
<ele>3270.7</ele>
<time>2025-02-05T16:35:56.574Z</time>
</trkpt>
<trkpt lat="-13.547277" lon="-71.894502">
<ele>3270.7</ele>
<time>2025-02-05T16:35:57.574Z</time>
</trkpt>
<trkpt lat="-13.547276" lon="-71.894511">
<ele>3270.7</ele>
<time>2025-02-05T16:35:58.574Z</time>
</trkpt>
<trkpt lat="-13.547271" lon="-71.894519">
<ele>3270.7</ele>
<time>2025-02-05T16:35:59.574Z</time>
</trkpt>
<trkpt lat="-13.547262" lon="-71.894524">
<ele>3270.7</ele>
<time>2025-02-05T16:36:00.574Z</time>
</trkpt>
<trkpt lat="-13.547251" lon="-71.894525">
<ele>3270.7</ele>
<time>2025-02-05T16:36:01.574Z</time>
</trkpt>
<trkpt lat="-13.54724" lon="-71.894523">
<ele>3270.7</ele>
<time>2025-02-05T16:36:02.574Z</time>
</trkpt>
<trkpt lat="-13.547229" lon="-71.894519">
<ele>3270.2</ele>
<time>2025-02-05T16:36:03.557Z</time>
</trkpt>
<trkpt lat="-13.547225" lon="-71.894519">
<ele>3270.2</ele>
<time>2025-02-05T16:36:04.574Z</time>
</trkpt>
<trkpt lat="-13.547222" lon="-71.89452">
<ele>3270.2</ele>
<time>2025-02-05T16:36:05.574Z</time>
</trkpt>
<trkpt lat="-13.547221" lon="-71.894522">
<ele>3270.2</ele>
<time>2025-02-05T16:36:06.574Z</time>
</trkpt>
<trkpt lat="-13.547221" lon="-71.894526">
<ele>3270.7</ele>
<time>2025-02-05T16:36:07.574Z</time>
</trkpt>
<trkpt lat="-13.547221" lon="-71.894531">
<ele>3270.7</ele>
<time>2025-02-05T16:36:08.574Z</time>
</trkpt>
<trkpt lat="-13.547222" lon="-71.894537">
<ele>3270.7</ele>
<time>2025-02-05T16:36:09.478Z</time>
</trkpt>
<trkpt lat="-13.547224" lon="-71.894546">
<ele>3270.7</ele>
<time>2025-02-05T16:36:10.574Z</time>
</trkpt>
<trkpt lat="-13.547225" lon="-71.894554">
<ele>3270.7</ele>
<time>2025-02-05T16:36:11.574Z</time>
</trkpt>
<trkpt lat="-13.547227" lon="-71.894563">
<ele>3270.7</ele>
<time>2025-02-05T16:36:12.557Z</time>
</trkpt>
<trkpt lat="-13.547228" lon="-71.894569">
<ele>3270.7</ele>
<time>2025-02-05T16:36:13.574Z</time>
</trkpt>
<trkpt lat="-13.547227" lon="-71.894576">
<ele>3270.7</ele>
<time>2025-02-05T16:36:14.574Z</time>
</trkpt>
<trkpt lat="-13.547226" lon="-71.894582">
<ele>3270.7</ele>
<time>2025-02-05T16:36:15.573Z</time>
</trkpt>
<trkpt lat="-13.547224" lon="-71.894589">
<ele>3270.7</ele>
<time>2025-02-05T16:36:16.574Z</time>
</trkpt>
<trkpt lat="-13.547223" lon="-71.894596">
<ele>3270.7</ele>
<time>2025-02-05T16:36:17.574Z</time>
</trkpt>
<trkpt lat="-13.547221" lon="-71.894605">
<ele>3270.9</ele>
<time>2025-02-05T16:36:18.574Z</time>
</trkpt>
<trkpt lat="-13.54722" lon="-71.894612">
<ele>3270.9</ele>
<time>2025-02-05T16:36:19.595Z</time>
</trkpt>
<trkpt lat="-13.54722" lon="-71.894618">
<ele>3270.9</ele>
<time>2025-02-05T16:36:20.574Z</time>
</trkpt>
<trkpt lat="-13.547218" lon="-71.894625">
<ele>3270.9</ele>
<time>2025-02-05T16:36:21.574Z</time>
</trkpt>
<trkpt lat="-13.547216" lon="-71.894633">
<ele>3270.9</ele>
<time>2025-02-05T16:36:22.574Z</time>
</trkpt>
<trkpt lat="-13.547214" lon="-71.89464">
<ele>3270.9</ele>
<time>2025-02-05T16:36:23.574Z</time>
</trkpt>
<trkpt lat="-13.547211" lon="-71.894648">
<ele>3270.9</ele>
<time>2025-02-05T16:36:24.574Z</time>
</trkpt>
<trkpt lat="-13.547207" lon="-71.894656">
<ele>3270.9</ele>
<time>2025-02-05T16:36:25.574Z</time>
</trkpt>
<trkpt lat="-13.547202" lon="-71.894663">
<ele>3270.9</ele>
<time>2025-02-05T16:36:26.535Z</time>
</trkpt>
<trkpt lat="-13.547198" lon="-71.894665">
<ele>3270.7</ele>
<time>2025-02-05T16:36:27.574Z</time>
</trkpt>
<trkpt lat="-13.547194" lon="-71.894664">
<ele>3270.7</ele>
<time>2025-02-05T16:36:28.573Z</time>
</trkpt>
<trkpt lat="-13.547199" lon="-71.894659">
<ele>3270.7</ele>
<time>2025-02-05T16:36:33.574Z</time>
</trkpt>
<trkpt lat="-13.547202" lon="-71.89466">
<ele>3271</ele>
<time>2025-02-05T16:36:36.574Z</time>
</trkpt>
<trkpt lat="-13.547203" lon="-71.89466">
<ele>3271</ele>
<time>2025-02-05T16:36:40.019Z</time>
</trkpt>
<trkpt lat="-13.547203" lon="-71.894659">
<ele>3270.7</ele>
<time>2025-02-05T16:36:43.037Z</time>
</trkpt>
<trkpt lat="-13.547205" lon="-71.89466">
<ele>3270.7</ele>
<time>2025-02-05T16:36:46.419Z</time>
</trkpt>
<trkpt lat="-13.547206" lon="-71.894664">
<ele>3270.7</ele>
<time>2025-02-05T16:36:49.381Z</time>
</trkpt>
<trkpt lat="-13.547207" lon="-71.894694">
<ele>3270.7</ele>
<time>2025-02-05T16:36:52.574Z</time>
</trkpt>
<trkpt lat="-13.547195" lon="-71.894729">
<ele>3270.7</ele>
<time>2025-02-05T16:36:55.784Z</time>
</trkpt>
<trkpt lat="-13.547184" lon="-71.894751">
<ele>3270.7</ele>
<time>2025-02-05T16:36:58.574Z</time>
</trkpt>
<trkpt lat="-13.547178" lon="-71.894767">
<ele>3270.7</ele>
<time>2025-02-05T16:37:01.540Z</time>
</trkpt>
<trkpt lat="-13.547177" lon="-71.894782">
<ele>3270.7</ele>
<time>2025-02-05T16:37:04.574Z</time>
</trkpt>
<trkpt lat="-13.547174" lon="-71.894786">
<ele>3270.7</ele>
<time>2025-02-05T16:37:07.312Z</time>
</trkpt>
<trkpt lat="-13.547172" lon="-71.894781">
<ele>3270.7</ele>
<time>2025-02-05T16:37:10.574Z</time>
</trkpt>
<trkpt lat="-13.547172" lon="-71.894777">
<ele>3269.6</ele>
<time>2025-02-05T16:37:14.574Z</time>
</trkpt>
<trkpt lat="-13.547171" lon="-71.894778">
<ele>3270.7</ele>
<time>2025-02-05T16:37:17.898Z</time>
</trkpt>
<trkpt lat="-13.54717" lon="-71.894777">
<ele>3270.7</ele>
<time>2025-02-05T16:37:22.574Z</time>
</trkpt>
<trkpt lat="-13.54718" lon="-71.894778">
<ele>3270.7</ele>
<time>2025-02-05T16:37:26.573Z</time>
</trkpt>
<trkpt lat="-13.54718" lon="-71.894778">
<ele>3270.7</ele>
<time>2025-02-05T16:37:30.574Z</time>
</trkpt>
<trkpt lat="-13.54718" lon="-71.894778">
<ele>3270.7</ele>
<time>2025-02-05T16:37:34.574Z</time>
</trkpt>
<trkpt lat="-13.54718" lon="-71.894778">
<ele>3270.7</ele>
<time>2025-02-05T16:37:38.574Z</time>
</trkpt>
<trkpt lat="-13.54718" lon="-71.894778">
<ele>3270.7</ele>
<time>2025-02-05T16:37:42.574Z</time>
</trkpt>
<trkpt lat="-13.54718" lon="-71.894778">
<ele>3270.5</ele>
<time>2025-02-05T16:37:46.574Z</time>
</trkpt>
<trkpt lat="-13.547179" lon="-71.894778">
<ele>3270.7</ele>
<time>2025-02-05T16:37:50.574Z</time>
</trkpt>
<trkpt lat="-13.547181" lon="-71.894779">
<ele>3270.2</ele>
<time>2025-02-05T16:37:54.573Z</time>
</trkpt>
<trkpt lat="-13.547181" lon="-71.894787">
<ele>3270.7</ele>
<time>2025-02-05T16:37:58.574Z</time>
</trkpt>
<trkpt lat="-13.547177" lon="-71.894787">
<ele>3270.7</ele>
<time>2025-02-05T16:38:01.443Z</time>
</trkpt>
<trkpt lat="-13.547175" lon="-71.894798">
<ele>3270.7</ele>
<time>2025-02-05T16:38:02.805Z</time>
</trkpt>
<trkpt lat="-13.547172" lon="-71.894805">
<ele>3270.7</ele>
<time>2025-02-05T16:38:04.554Z</time>
</trkpt>
<trkpt lat="-13.54717" lon="-71.894809">
<ele>3270.7</ele>
<time>2025-02-05T16:38:05.575Z</time>
</trkpt>
<trkpt lat="-13.547164" lon="-71.894813">
<ele>3270.7</ele>
<time>2025-02-05T16:38:06.575Z</time>
</trkpt>
<trkpt lat="-13.54716" lon="-71.89482">
<ele>3270.7</ele>
<time>2025-02-05T16:38:07.575Z</time>
</trkpt>
<trkpt lat="-13.547149" lon="-71.894839">
<ele>3270.9</ele>
<time>2025-02-05T16:38:08.575Z</time>
</trkpt>
<trkpt lat="-13.547146" lon="-71.894845">
<ele>3270.9</ele>
<time>2025-02-05T16:38:09.574Z</time>
</trkpt>
<trkpt lat="-13.547143" lon="-71.894852">
<ele>3270.9</ele>
<time>2025-02-05T16:38:10.548Z</time>
</trkpt>
<trkpt lat="-13.547142" lon="-71.89486">
<ele>3270.9</ele>
<time>2025-02-05T16:38:11.449Z</time>
</trkpt>
<trkpt lat="-13.547138" lon="-71.894867">
<ele>3270.9</ele>
<time>2025-02-05T16:38:12.574Z</time>
</trkpt>
<trkpt lat="-13.547134" lon="-71.894875">
<ele>3270.9</ele>
<time>2025-02-05T16:38:13.575Z</time>
</trkpt>
<trkpt lat="-13.54713" lon="-71.894882">
<ele>3270.9</ele>
<time>2025-02-05T16:38:14.575Z</time>
</trkpt>
<trkpt lat="-13.547128" lon="-71.894889">
<ele>3270.9</ele>
<time>2025-02-05T16:38:15.575Z</time>
</trkpt>
<trkpt lat="-13.547126" lon="-71.894897">
<ele>3270.9</ele>
<time>2025-02-05T16:38:16.575Z</time>
</trkpt>
<trkpt lat="-13.547124" lon="-71.894902">
<ele>3270.9</ele>
<time>2025-02-05T16:38:17.575Z</time>
</trkpt>
<trkpt lat="-13.547121" lon="-71.894907">
<ele>3270.9</ele>
<time>2025-02-05T16:38:18.520Z</time>
</trkpt>
<trkpt lat="-13.547118" lon="-71.894912">
<ele>3270.9</ele>
<time>2025-02-05T16:38:19.546Z</time>
</trkpt>
<trkpt lat="-13.547115" lon="-71.894916">
<ele>3270.9</ele>
<time>2025-02-05T16:38:20.575Z</time>
</trkpt>
<trkpt lat="-13.547112" lon="-71.894924">
<ele>3270.7</ele>
<time>2025-02-05T16:38:21.574Z</time>
</trkpt>
<trkpt lat="-13.547111" lon="-71.894929">
<ele>3270.7</ele>
<time>2025-02-05T16:38:22.575Z</time>
</trkpt>
<trkpt lat="-13.547111" lon="-71.894934">
<ele>3270.7</ele>
<time>2025-02-05T16:38:23.575Z</time>
</trkpt>
<trkpt lat="-13.547107" lon="-71.894936">
<ele>3270.7</ele>
<time>2025-02-05T16:38:24.575Z</time>
</trkpt>
<trkpt lat="-13.547103" lon="-71.894938">
<ele>3270.7</ele>
<time>2025-02-05T16:38:25.486Z</time>
</trkpt>
<trkpt lat="-13.547101" lon="-71.894946">
<ele>3270.7</ele>
<time>2025-02-05T16:38:26.501Z</time>
</trkpt>
<trkpt lat="-13.547102" lon="-71.894953">
<ele>3270.7</ele>
<time>2025-02-05T16:38:27.528Z</time>
</trkpt>
<trkpt lat="-13.547105" lon="-71.894962">
<ele>3270.7</ele>
<time>2025-02-05T16:38:28.575Z</time>
</trkpt>
<trkpt lat="-13.547107" lon="-71.89497">
<ele>3270.7</ele>
<time>2025-02-05T16:38:29.521Z</time>
</trkpt>
<trkpt lat="-13.547107" lon="-71.894977">
<ele>3270.7</ele>
<time>2025-02-05T16:38:30.575Z</time>
</trkpt>
<trkpt lat="-13.547106" lon="-71.894986">
<ele>3270.7</ele>
<time>2025-02-05T16:38:31.575Z</time>
</trkpt>
<trkpt lat="-13.547104" lon="-71.89499">
<ele>3270.7</ele>
<time>2025-02-05T16:38:32.575Z</time>
</trkpt>
<trkpt lat="-13.547102" lon="-71.894997">
<ele>3270.7</ele>
<time>2025-02-05T16:38:33.548Z</time>
</trkpt>
<trkpt lat="-13.547099" lon="-71.895003">
<ele>3270.7</ele>
<time>2025-02-05T16:38:34.574Z</time>
</trkpt>
<trkpt lat="-13.547096" lon="-71.89501">
<ele>3270.7</ele>
<time>2025-02-05T16:38:35.574Z</time>
</trkpt>
<trkpt lat="-13.547092" lon="-71.89502">
<ele>3270.7</ele>
<time>2025-02-05T16:38:36.574Z</time>
</trkpt>
<trkpt lat="-13.547091" lon="-71.895026">
<ele>3270.7</ele>
<time>2025-02-05T16:38:37.574Z</time>
</trkpt>
<trkpt lat="-13.54709" lon="-71.895033">
<ele>3270.7</ele>
<time>2025-02-05T16:38:38.573Z</time>
</trkpt>
<trkpt lat="-13.547088" lon="-71.895039">
<ele>3270.7</ele>
<time>2025-02-05T16:38:39.574Z</time>
</trkpt>
<trkpt lat="-13.547085" lon="-71.895044">
<ele>3270.7</ele>
<time>2025-02-05T16:38:40.574Z</time>
</trkpt>
<trkpt lat="-13.547082" lon="-71.895052">
<ele>3270.7</ele>
<time>2025-02-05T16:38:41.574Z</time>
</trkpt>
<trkpt lat="-13.547082" lon="-71.895057">
<ele>3270.7</ele>
<time>2025-02-05T16:38:42.574Z</time>
</trkpt>
<trkpt lat="-13.54708" lon="-71.895062">
<ele>3270.7</ele>
<time>2025-02-05T16:38:43.574Z</time>
</trkpt>
<trkpt lat="-13.547078" lon="-71.895067">
<ele>3270.7</ele>
<time>2025-02-05T16:38:44.574Z</time>
</trkpt>
<trkpt lat="-13.547075" lon="-71.895074">
<ele>3270.7</ele>
<time>2025-02-05T16:38:45.483Z</time>
</trkpt>
<trkpt lat="-13.547067" lon="-71.895081">
<ele>3270.7</ele>
<time>2025-02-05T16:38:46.574Z</time>
</trkpt>
<trkpt lat="-13.547063" lon="-71.895085">
<ele>3270.7</ele>
<time>2025-02-05T16:38:47.574Z</time>
</trkpt>
<trkpt lat="-13.547057" lon="-71.895089">
<ele>3270.7</ele>
<time>2025-02-05T16:38:48.574Z</time>
</trkpt>
<trkpt lat="-13.547051" lon="-71.895091">
<ele>3270.7</ele>
<time>2025-02-05T16:38:49.574Z</time>
</trkpt>
<trkpt lat="-13.547046" lon="-71.895094">
<ele>3270.7</ele>
<time>2025-02-05T16:38:50.561Z</time>
</trkpt>
<trkpt lat="-13.547041" lon="-71.895094">
<ele>3271.3</ele>
<time>2025-02-05T16:38:51.574Z</time>
</trkpt>
<trkpt lat="-13.547037" lon="-71.895094">
<ele>3271.3</ele>
<time>2025-02-05T16:38:52.574Z</time>
</trkpt>
<trkpt lat="-13.547033" lon="-71.895094">
<ele>3271.3</ele>
<time>2025-02-05T16:38:53.574Z</time>
</trkpt>
<trkpt lat="-13.547026" lon="-71.895094">
<ele>3271.3</ele>
<time>2025-02-05T16:38:54.574Z</time>
</trkpt>
<trkpt lat="-13.547016" lon="-71.895095">
<ele>3271.3</ele>
<time>2025-02-05T16:38:55.574Z</time>
</trkpt>
<trkpt lat="-13.547008" lon="-71.895103">
<ele>3270.7</ele>
<time>2025-02-05T16:38:56.574Z</time>
</trkpt>
<trkpt lat="-13.547007" lon="-71.895108">
<ele>3270.7</ele>
<time>2025-02-05T16:38:57.574Z</time>
</trkpt>
<trkpt lat="-13.547006" lon="-71.895113">
<ele>3270.7</ele>
<time>2025-02-05T16:38:58.574Z</time>
</trkpt>
<trkpt lat="-13.547006" lon="-71.895117">
<ele>3270.7</ele>
<time>2025-02-05T16:38:59.574Z</time>
</trkpt>
<trkpt lat="-13.547007" lon="-71.895123">
<ele>3270.7</ele>
<time>2025-02-05T16:39:00.584Z</time>
</trkpt>
<trkpt lat="-13.547013" lon="-71.895132">
<ele>3270.5</ele>
<time>2025-02-05T16:39:01.574Z</time>
</trkpt>
<trkpt lat="-13.547016" lon="-71.895138">
<ele>3270.5</ele>
<time>2025-02-05T16:39:02.574Z</time>
</trkpt>
<trkpt lat="-13.547018" lon="-71.895146">
<ele>3270.5</ele>
<time>2025-02-05T16:39:03.574Z</time>
</trkpt>
<trkpt lat="-13.54702" lon="-71.895154">
<ele>3270.5</ele>
<time>2025-02-05T16:39:04.574Z</time>
</trkpt>
<trkpt lat="-13.547019" lon="-71.89516">
<ele>3270.5</ele>
<time>2025-02-05T16:39:05.574Z</time>
</trkpt>
<trkpt lat="-13.547016" lon="-71.89517">
<ele>3270.7</ele>
<time>2025-02-05T16:39:06.574Z</time>
</trkpt>
<trkpt lat="-13.547013" lon="-71.895175">
<ele>3270.7</ele>
<time>2025-02-05T16:39:07.574Z</time>
</trkpt>
<trkpt lat="-13.547008" lon="-71.895181">
<ele>3270.7</ele>
<time>2025-02-05T16:39:08.574Z</time>
</trkpt>
<trkpt lat="-13.547001" lon="-71.895186">
<ele>3270.7</ele>
<time>2025-02-05T16:39:09.574Z</time>
</trkpt>
<trkpt lat="-13.546994" lon="-71.89519">
<ele>3270.7</ele>
<time>2025-02-05T16:39:10.574Z</time>
</trkpt>
<trkpt lat="-13.546986" lon="-71.895198">
<ele>3270.9</ele>
<time>2025-02-05T16:39:11.574Z</time>
</trkpt>
<trkpt lat="-13.546982" lon="-71.895202">
<ele>3270.9</ele>
<time>2025-02-05T16:39:12.574Z</time>
</trkpt>
<trkpt lat="-13.546975" lon="-71.895208">
<ele>3270.9</ele>
<time>2025-02-05T16:39:13.574Z</time>
</trkpt>
<trkpt lat="-13.546967" lon="-71.895214">
<ele>3270.9</ele>
<time>2025-02-05T16:39:14.574Z</time>
</trkpt>
<trkpt lat="-13.54696" lon="-71.895221">
<ele>3270.9</ele>
<time>2025-02-05T16:39:15.574Z</time>
</trkpt>
<trkpt lat="-13.54695" lon="-71.895226">
<ele>3270.8</ele>
<time>2025-02-05T16:39:16.574Z</time>
</trkpt>
<trkpt lat="-13.546945" lon="-71.895228">
<ele>3270.8</ele>
<time>2025-02-05T16:39:17.587Z</time>
</trkpt>
<trkpt lat="-13.546941" lon="-71.895234">
<ele>3270.8</ele>
<time>2025-02-05T16:39:18.621Z</time>
</trkpt>
<trkpt lat="-13.546943" lon="-71.895238">
<ele>3270.8</ele>
<time>2025-02-05T16:39:19.574Z</time>
</trkpt>
<trkpt lat="-13.546935" lon="-71.895237">
<ele>3270.8</ele>
<time>2025-02-05T16:39:22.574Z</time>
</trkpt>
<trkpt lat="-13.546936" lon="-71.895229">
<ele>3270.7</ele>
<time>2025-02-05T16:39:26.575Z</time>
</trkpt>
<trkpt lat="-13.546933" lon="-71.89523">
<ele>3270.7</ele>
<time>2025-02-05T16:39:29.488Z</time>
</trkpt>
<trkpt lat="-13.546931" lon="-71.895233">
<ele>3270.7</ele>
<time>2025-02-05T16:39:32.574Z</time>
</trkpt>
<trkpt lat="-13.546926" lon="-71.895233">
<ele>3270.8</ele>
<time>2025-02-05T16:39:36.574Z</time>
</trkpt>
<trkpt lat="-13.546924" lon="-71.895228">
<ele>3270.8</ele>
<time>2025-02-05T16:39:40.574Z</time>
</trkpt>
<trkpt lat="-13.546923" lon="-71.895227">
<ele>3270.7</ele>
<time>2025-02-05T16:39:44.056Z</time>
</trkpt>
<trkpt lat="-13.546923" lon="-71.895227">
<ele>3270.2</ele>
<time>2025-02-05T16:39:47.276Z</time>
</trkpt>
<trkpt lat="-13.546922" lon="-71.895228">
<ele>3270.2</ele>
<time>2025-02-05T16:39:50.574Z</time>
</trkpt>
<trkpt lat="-13.546926" lon="-71.895227">
<ele>3270.7</ele>
<time>2025-02-05T16:39:54.574Z</time>
</trkpt>
<trkpt lat="-13.546927" lon="-71.895227">
<ele>3270.7</ele>
<time>2025-02-05T16:39:58.574Z</time>
</trkpt>
<trkpt lat="-13.546927" lon="-71.895226">
<ele>3270.5</ele>
<time>2025-02-05T16:40:02.573Z</time>
</trkpt>
<trkpt lat="-13.546927" lon="-71.895226">
<ele>3270.7</ele>
<time>2025-02-05T16:40:04.574Z</time>
</trkpt>
<trkpt lat="-13.546926" lon="-71.895226">
<ele>3270.7</ele>
<time>2025-02-05T16:40:05.574Z</time>
</trkpt>
<trkpt lat="-13.546926" lon="-71.895226">
<ele>3270.7</ele>
<time>2025-02-05T16:40:06.573Z</time>
</trkpt>
<trkpt lat="-13.546926" lon="-71.895226">
<ele>3270.7</ele>
<time>2025-02-05T16:40:07.574Z</time>
</trkpt>
<trkpt lat="-13.546926" lon="-71.895226">
<ele>3270.7</ele>
<time>2025-02-05T16:40:08.574Z</time>
</trkpt>
<trkpt lat="-13.546926" lon="-71.895226">
<ele>3270.7</ele>
<time>2025-02-05T16:40:09.574Z</time>
</trkpt>
<trkpt lat="-13.546926" lon="-71.895226">
<ele>3270.7</ele>
<time>2025-02-05T16:40:10.574Z</time>
</trkpt>
<trkpt lat="-13.546926" lon="-71.895226">
<ele>3270.7</ele>
<time>2025-02-05T16:40:11.574Z</time>
</trkpt>
<trkpt lat="-13.546926" lon="-71.895226">
<ele>3270.7</ele>
<time>2025-02-05T16:40:12.574Z</time>
</trkpt>
<trkpt lat="-13.546926" lon="-71.895226">
<ele>3270.7</ele>
<time>2025-02-05T16:40:13.574Z</time>
</trkpt>
<trkpt lat="-13.546926" lon="-71.895226">
<ele>3270.7</ele>
<time>2025-02-05T16:40:14.574Z</time>
</trkpt>
<trkpt lat="-13.546926" lon="-71.895226">
<ele>3270.7</ele>
<time>2025-02-05T16:40:15.573Z</time>
</trkpt>
<trkpt lat="-13.546926" lon="-71.895226">
<ele>3270.7</ele>
<time>2025-02-05T16:40:16.574Z</time>
</trkpt>
<trkpt lat="-13.546926" lon="-71.895226">
<ele>3270.7</ele>
<time>2025-02-05T16:40:17.574Z</time>
</trkpt>
<trkpt lat="-13.546926" lon="-71.895226">
<ele>3270.7</ele>
<time>2025-02-05T16:40:18.574Z</time>
</trkpt>
<trkpt lat="-13.546926" lon="-71.895226">
<ele>3270.7</ele>
<time>2025-02-05T16:40:19.574Z</time>
</trkpt>
<trkpt lat="-13.546926" lon="-71.895226">
<ele>3270.7</ele>
<time>2025-02-05T16:40:20.574Z</time>
</trkpt>
<trkpt lat="-13.546926" lon="-71.895226">
<ele>3270.7</ele>
<time>2025-02-05T16:40:21.574Z</time>
</trkpt>
<trkpt lat="-13.546926" lon="-71.895226">
<ele>3270.7</ele>
<time>2025-02-05T16:40:22.574Z</time>
</trkpt>
<trkpt lat="-13.546926" lon="-71.895226">
<ele>3270.7</ele>
<time>2025-02-05T16:40:23.574Z</time>
</trkpt>
<trkpt lat="-13.546926" lon="-71.895226">
<ele>3270.7</ele>
<time>2025-02-05T16:40:24.574Z</time>
</trkpt>
<trkpt lat="-13.546926" lon="-71.895226">
<ele>3270.7</ele>
<time>2025-02-05T16:40:25.574Z</time>
</trkpt>
<trkpt lat="-13.546926" lon="-71.895226">
<ele>3270.7</ele>
<time>2025-02-05T16:40:26.574Z</time>
</trkpt>
<trkpt lat="-13.546926" lon="-71.895226">
<ele>3270.7</ele>
<time>2025-02-05T16:40:27.574Z</time>
</trkpt>
<trkpt lat="-13.546926" lon="-71.895226">
<ele>3270.7</ele>
<time>2025-02-05T16:40:28.573Z</time>
</trkpt>
<trkpt lat="-13.546926" lon="-71.895226">
<ele>3270.7</ele>
<time>2025-02-05T16:40:29.574Z</time>
</trkpt>
<trkpt lat="-13.546926" lon="-71.895226">
<ele>3270.7</ele>
<time>2025-02-05T16:40:30.574Z</time>
</trkpt>
<trkpt lat="-13.546926" lon="-71.895226">
<ele>3270.7</ele>
<time>2025-02-05T16:40:31.574Z</time>
</trkpt>
<trkpt lat="-13.546926" lon="-71.895226">
<ele>3270.7</ele>
<time>2025-02-05T16:40:32.574Z</time>
</trkpt>
<trkpt lat="-13.546926" lon="-71.895226">
<ele>3270.7</ele>
<time>2025-02-05T16:40:33.574Z</time>
</trkpt>
<trkpt lat="-13.546926" lon="-71.895226">
<ele>3270.7</ele>
<time>2025-02-05T16:40:34.574Z</time>
</trkpt>
<trkpt lat="-13.546926" lon="-71.895226">
<ele>3270.7</ele>
<time>2025-02-05T16:40:35.574Z</time>
</trkpt>
<trkpt lat="-13.546927" lon="-71.895229">
<ele>3270.7</ele>
<time>2025-02-05T16:40:36.574Z</time>
</trkpt>
<trkpt lat="-13.546929" lon="-71.895232">
<ele>3270.5</ele>
<time>2025-02-05T16:40:37.573Z</time>
</trkpt>
<trkpt lat="-13.546931" lon="-71.89523">
<ele>3270.5</ele>
<time>2025-02-05T16:40:38.572Z</time>
</trkpt>
<trkpt lat="-13.546931" lon="-71.895229">
<ele>3270.5</ele>
<time>2025-02-05T16:40:39.574Z</time>
</trkpt>
<trkpt lat="-13.546931" lon="-71.895227">
<ele>3270.5</ele>
<time>2025-02-05T16:40:40.574Z</time>
</trkpt>
<trkpt lat="-13.546931" lon="-71.895227">
<ele>3270.5</ele>
<time>2025-02-05T16:40:41.574Z</time>
</trkpt>
<trkpt lat="-13.546931" lon="-71.895228">
<ele>3270.7</ele>
<time>2025-02-05T16:40:42.574Z</time>
</trkpt>
<trkpt lat="-13.546934" lon="-71.895231">
<ele>3270.7</ele>
<time>2025-02-05T16:40:43.574Z</time>
</trkpt>
<trkpt lat="-13.546935" lon="-71.895232">
<ele>3270.7</ele>
<time>2025-02-05T16:40:44.574Z</time>
</trkpt>
<trkpt lat="-13.546934" lon="-71.89523">
<ele>3270.7</ele>
<time>2025-02-05T16:40:45.574Z</time>
</trkpt>
<trkpt lat="-13.546935" lon="-71.89523">
<ele>3270.7</ele>
<time>2025-02-05T16:40:46.574Z</time>
</trkpt>
<trkpt lat="-13.546935" lon="-71.895229">
<ele>3270.7</ele>
<time>2025-02-05T16:40:47.574Z</time>
</trkpt>
<trkpt lat="-13.546935" lon="-71.89523">
<ele>3270.7</ele>
<time>2025-02-05T16:40:48.574Z</time>
</trkpt>
<trkpt lat="-13.546935" lon="-71.89523">
<ele>3270.7</ele>
<time>2025-02-05T16:40:49.574Z</time>
</trkpt>
<trkpt lat="-13.546936" lon="-71.89523">
<ele>3270.7</ele>
<time>2025-02-05T16:40:50.574Z</time>
</trkpt>
<trkpt lat="-13.546936" lon="-71.89523">
<ele>3270.7</ele>
<time>2025-02-05T16:40:51.574Z</time>
</trkpt>
<trkpt lat="-13.546936" lon="-71.895229">
<ele>3270.7</ele>
<time>2025-02-05T16:40:52.574Z</time>
</trkpt>
<trkpt lat="-13.546936" lon="-71.895229">
<ele>3270.7</ele>
<time>2025-02-05T16:40:53.574Z</time>
</trkpt>
<trkpt lat="-13.546935" lon="-71.895229">
<ele>3270.7</ele>
<time>2025-02-05T16:40:54.574Z</time>
</trkpt>
<trkpt lat="-13.546935" lon="-71.895228">
<ele>3270.7</ele>
<time>2025-02-05T16:40:55.574Z</time>
</trkpt>
<trkpt lat="-13.546935" lon="-71.895228">
<ele>3270.7</ele>
<time>2025-02-05T16:40:56.574Z</time>
</trkpt>
<trkpt lat="-13.546932" lon="-71.895228">
<ele>3270.5</ele>
<time>2025-02-05T16:40:59.486Z</time>
</trkpt>
<trkpt lat="-13.54693" lon="-71.895225">
<ele>3270.5</ele>
<time>2025-02-05T16:41:02.369Z</time>
</trkpt>
<trkpt lat="-13.546931" lon="-71.895223">
<ele>3270.7</ele>
<time>2025-02-05T16:41:06.574Z</time>
</trkpt>
<trkpt lat="-13.546931" lon="-71.895222">
<ele>3270.7</ele>
<time>2025-02-05T16:41:09.574Z</time>
</trkpt>
<trkpt lat="-13.546931" lon="-71.895221">
<ele>3270.7</ele>
<time>2025-02-05T16:41:12.573Z</time>
</trkpt>
<trkpt lat="-13.546929" lon="-71.895221">
<ele>3270.7</ele>
<time>2025-02-05T16:41:15.574Z</time>
</trkpt>
<trkpt lat="-13.546928" lon="-71.895221">
<ele>3270.7</ele>
<time>2025-02-05T16:41:18.574Z</time>
</trkpt>
<trkpt lat="-13.546929" lon="-71.895222">
<ele>3270.7</ele>
<time>2025-02-05T16:41:21.574Z</time>
</trkpt>
<trkpt lat="-13.54693" lon="-71.895225">
<ele>3270.7</ele>
<time>2025-02-05T16:41:24.574Z</time>
</trkpt>
<trkpt lat="-13.546931" lon="-71.895224">
<ele>3271.3</ele>
<time>2025-02-05T16:41:27.613Z</time>
</trkpt>
<trkpt lat="-13.546932" lon="-71.895223">
<ele>3271.3</ele>
<time>2025-02-05T16:41:30.574Z</time>
</trkpt>
<trkpt lat="-13.546932" lon="-71.895224">
<ele>3270.8</ele>
<time>2025-02-05T16:41:33.611Z</time>
</trkpt>
<trkpt lat="-13.546931" lon="-71.895231">
<ele>3270.8</ele>
<time>2025-02-05T16:41:36.574Z</time>
</trkpt>
<trkpt lat="-13.54693" lon="-71.895233">
<ele>3270.8</ele>
<time>2025-02-05T16:41:39.574Z</time>
</trkpt>
<trkpt lat="-13.54693" lon="-71.895235">
<ele>3270.8</ele>
<time>2025-02-05T16:41:42.554Z</time>
</trkpt>
<trkpt lat="-13.546924" lon="-71.89525">
<ele>3270.8</ele>
<time>2025-02-05T16:41:45.574Z</time>
</trkpt>
<trkpt lat="-13.546924" lon="-71.895274">
<ele>3270.8</ele>
<time>2025-02-05T16:41:48.591Z</time>
</trkpt>
<trkpt lat="-13.546911" lon="-71.895305">
<ele>3270.8</ele>
<time>2025-02-05T16:41:51.574Z</time>
</trkpt>
<trkpt lat="-13.546891" lon="-71.895321">
<ele>3270.7</ele>
<time>2025-02-05T16:41:54.574Z</time>
</trkpt>
<trkpt lat="-13.546882" lon="-71.895337">
<ele>3270.8</ele>
<time>2025-02-05T16:41:57.346Z</time>
</trkpt>
<trkpt lat="-13.546868" lon="-71.895356">
<ele>3270.8</ele>
<time>2025-02-05T16:42:00.374Z</time>
</trkpt>
<trkpt lat="-13.546863" lon="-71.895367">
<ele>3270.8</ele>
<time>2025-02-05T16:42:01.906Z</time>
</trkpt>
<trkpt lat="-13.546859" lon="-71.89537">
<ele>3270.8</ele>
<time>2025-02-05T16:42:03.354Z</time>
</trkpt>
<trkpt lat="-13.546862" lon="-71.895367">
<ele>3270.8</ele>
<time>2025-02-05T16:42:04.398Z</time>
</trkpt>
<trkpt lat="-13.546868" lon="-71.895375">
<ele>3270.8</ele>
<time>2025-02-05T16:42:05.573Z</time>
</trkpt>
<trkpt lat="-13.54687" lon="-71.895379">
<ele>3270.8</ele>
<time>2025-02-05T16:42:06.572Z</time>
</trkpt>
<trkpt lat="-13.54687" lon="-71.895387">
<ele>3270.8</ele>
<time>2025-02-05T16:42:07.572Z</time>
</trkpt>
</trkseg>
</trk>
</gpx>
